{
	"credit": "Made with Blockbench",
	"textures": {
		"particle": "item/diamond_x/4-5",
		"texture": "item/diamond_x/4-5"
	},
	"elements": [
		{
			"name": "Voxels",
			"from": [-9, 7, 7.5],
			"to": [9, 7.5, 8.5],
			"faces": {
				"north": {"uv": [9, 14.75, 0, 15], "texture": "#texture"},
				"east": {"uv": [0.5, 6.75, 0, 7], "texture": "#texture"},
				"south": {"uv": [0, 14.5, 9, 14.75], "texture": "#texture"},
				"west": {"uv": [1.5, 7, 2, 7.25], "texture": "#texture"},
				"up": {"uv": [0, 15.5, 9, 15], "texture": "#texture"},
				"down": {"uv": [0, 15.5, 9, 16], "texture": "#texture"}
			}
		},
		{
			"name": "Voxels",
			"from": [-9, 7.5, 7.5],
			"to": [4, 8, 8.5],
			"faces": {
				"north": {"uv": [15.5, 14.75, 9, 15], "texture": "#texture"},
				"east": {"uv": [1.5, 6.75, 1, 7], "texture": "#texture"},
				"south": {"uv": [9, 14.5, 15.5, 14.75], "texture": "#texture"},
				"west": {"uv": [0.5, 6.75, 1, 7], "texture": "#texture"},
				"up": {"uv": [9, 15.5, 15.5, 15], "texture": "#texture"},
				"down": {"uv": [9, 15.5, 15.5, 16], "texture": "#texture"}
			}
		},
		{
			"name": "Voxels",
			"from": [-8.5, 6.5, 7.5],
			"to": [-7.5, 7, 8.5],
			"faces": {
				"north": {"uv": [2, 6.75, 1.5, 7], "texture": "#texture"},
				"east": {"uv": [1.5, 6.5, 1, 6.75], "texture": "#texture"},
				"south": {"uv": [0, 6.5, 0.5, 6.75], "texture": "#texture"},
				"west": {"uv": [0.5, 6.5, 1, 6.75], "texture": "#texture"},
				"up": {"uv": [0, 8.25, 0.5, 7.75], "texture": "#texture"},
				"down": {"uv": [1, 7.75, 1.5, 8.25], "texture": "#texture"}
			}
		},
		{
			"name": "Voxels",
			"from": [-8.5, 7, 7],
			"to": [-7.5, 8, 7.5],
			"faces": {
				"north": {"uv": [16, 15, 15.5, 15.5], "texture": "#texture"},
				"east": {"uv": [0.25, 5.75, 0, 6.25], "texture": "#texture"},
				"south": {"uv": [0.5, 7.75, 1, 8.25], "texture": "#texture"},
				"west": {"uv": [2, 7.75, 2.25, 8.25], "texture": "#texture"},
				"up": {"uv": [0, 6.5, 0.5, 6.25], "texture": "#texture"},
				"down": {"uv": [1.5, 6.5, 2, 6.75], "texture": "#texture"}
			}
		},
		{
			"name": "Voxels",
			"from": [-8.5, 7, 8.5],
			"to": [-7.5, 8, 9],
			"faces": {
				"north": {"uv": [16, 15.5, 15.5, 16], "texture": "#texture"},
				"east": {"uv": [0.75, 5.75, 0.5, 6.25], "texture": "#texture"},
				"south": {"uv": [1.5, 7.75, 2, 8.25], "texture": "#texture"},
				"west": {"uv": [0.25, 5.75, 0.5, 6.25], "texture": "#texture"},
				"up": {"uv": [1, 6.5, 1.5, 6.25], "texture": "#texture"},
				"down": {"uv": [0.5, 6.25, 1, 6.5], "texture": "#texture"}
			}
		},
		{
			"name": "Voxels",
			"from": [-8.5, 8, 7.5],
			"to": [-7.5, 8.5, 8.5],
			"faces": {
				"north": {"uv": [2, 6.25, 1.5, 6.5], "texture": "#texture"},
				"east": {"uv": [15.25, 13.75, 14.75, 14], "texture": "#texture"},
				"south": {"uv": [15.5, 14.75, 16, 15], "texture": "#texture"},
				"west": {"uv": [15.5, 14.5, 16, 14.75], "texture": "#texture"},
				"up": {"uv": [0.5, 7.75, 1, 7.25], "texture": "#texture"},
				"down": {"uv": [0, 7.25, 0.5, 7.75], "texture": "#texture"}
			}
		},
		{
			"name": "Voxels",
			"from": [3.5, 7, 7],
			"to": [9, 7.5, 7.5],
			"faces": {
				"north": {"uv": [8.25, 14, 5.5, 14.25], "texture": "#texture"},
				"east": {"uv": [0.25, 5.25, 0, 5.5], "texture": "#texture"},
				"south": {"uv": [0, 14.25, 2.75, 14.5], "texture": "#texture"},
				"west": {"uv": [15.75, 14, 16, 14.25], "texture": "#texture"},
				"up": {"uv": [2.75, 14.25, 5.5, 14], "texture": "#texture"},
				"down": {"uv": [5.5, 14.25, 8.25, 14.5], "texture": "#texture"}
			}
		},
		{
			"name": "Voxels",
			"from": [3.5, 7, 8.5],
			"to": [9, 7.5, 9],
			"faces": {
				"north": {"uv": [13.75, 14.25, 11, 14.5], "texture": "#texture"},
				"east": {"uv": [1, 5.5, 0.75, 5.75], "texture": "#texture"},
				"south": {"uv": [0, 14, 2.75, 14.25], "texture": "#texture"},
				"west": {"uv": [2, 5.5, 2.25, 5.75], "texture": "#texture"},
				"up": {"uv": [8.25, 14.5, 11, 14.25], "texture": "#texture"},
				"down": {"uv": [2.75, 14.25, 5.5, 14.5], "texture": "#texture"}
			}
		},
		{
			"name": "Voxels",
			"from": [3.5, 7.5, 7],
			"to": [4.5, 8, 7.5],
			"faces": {
				"north": {"uv": [2.25, 8.5, 1.75, 8.75], "texture": "#texture"},
				"east": {"uv": [0.5, 5.5, 0.25, 5.75], "texture": "#texture"},
				"south": {"uv": [1.75, 9.75, 2.25, 10], "texture": "#texture"},
				"west": {"uv": [0.5, 5.5, 0.75, 5.75], "texture": "#texture"},
				"up": {"uv": [1.75, 10.25, 2.25, 10], "texture": "#texture"},
				"down": {"uv": [15.25, 13.75, 15.75, 14], "texture": "#texture"}
			}
		},
		{
			"name": "Voxels",
			"from": [3.5, 7.5, 8.5],
			"to": [4.5, 8, 9],
			"faces": {
				"north": {"uv": [2.25, 9, 1.75, 9.25], "texture": "#texture"},
				"east": {"uv": [1.75, 6, 1.5, 6.25], "texture": "#texture"},
				"south": {"uv": [1.75, 8.75, 2.25, 9], "texture": "#texture"},
				"west": {"uv": [0, 5.5, 0.25, 5.75], "texture": "#texture"},
				"up": {"uv": [1.75, 9.5, 2.25, 9.25], "texture": "#texture"},
				"down": {"uv": [1.75, 9.5, 2.25, 9.75], "texture": "#texture"}
			}
		},
		{
			"name": "Voxels",
			"from": [4, 7, 6.5],
			"to": [9, 7.5, 7],
			"faces": {
				"north": {"uv": [5, 13.75, 2.5, 14], "texture": "#texture"},
				"east": {"uv": [1.25, 6, 1, 6.25], "texture": "#texture"},
				"south": {"uv": [10, 13.75, 12.5, 14], "texture": "#texture"},
				"west": {"uv": [1, 5.75, 1.25, 6], "texture": "#texture"},
				"up": {"uv": [0, 14, 2.5, 13.75], "texture": "#texture"},
				"down": {"uv": [8.25, 14, 10.75, 14.25], "texture": "#texture"}
			}
		},
		{
			"name": "Voxels",
			"from": [4, 7, 9],
			"to": [9, 7.5, 9.5],
			"faces": {
				"north": {"uv": [10, 13.75, 7.5, 14], "texture": "#texture"},
				"east": {"uv": [1, 5.75, 0.75, 6], "texture": "#texture"},
				"south": {"uv": [5, 13.75, 7.5, 14], "texture": "#texture"},
				"west": {"uv": [15.75, 13.75, 16, 14], "texture": "#texture"},
				"up": {"uv": [13.25, 14.25, 15.75, 14], "texture": "#texture"},
				"down": {"uv": [10.75, 14, 13.25, 14.25], "texture": "#texture"}
			}
		},
		{
			"name": "Voxels",
			"from": [4, 7.5, 6.5],
			"to": [5, 8, 7],
			"faces": {
				"north": {"uv": [1.5, 7.25, 1, 7.5], "texture": "#texture"},
				"east": {"uv": [1, 6, 0.75, 6.25], "texture": "#texture"},
				"south": {"uv": [1.5, 7.5, 2, 7.75], "texture": "#texture"},
				"west": {"uv": [2, 10.75, 2.25, 11], "texture": "#texture"},
				"up": {"uv": [1, 7.75, 1.5, 7.5], "texture": "#texture"},
				"down": {"uv": [1.75, 8.25, 2.25, 8.5], "texture": "#texture"}
			}
		},
		{
			"name": "Voxels",
			"from": [4, 7.5, 9],
			"to": [5, 8, 9.5],
			"faces": {
				"north": {"uv": [1, 7, 0.5, 7.25], "texture": "#texture"},
				"east": {"uv": [2.25, 6, 2, 6.25], "texture": "#texture"},
				"south": {"uv": [1, 7, 1.5, 7.25], "texture": "#texture"},
				"west": {"uv": [1.75, 6, 2, 6.25], "texture": "#texture"},
				"up": {"uv": [0, 7.25, 0.5, 7], "texture": "#texture"},
				"down": {"uv": [1.5, 7.25, 2, 7.5], "texture": "#texture"}
			}
		},
		{
			"name": "Voxels",
			"from": [4.5, 7, 6],
			"to": [9, 7.5, 6.5],
			"faces": {
				"north": {"uv": [2.25, 13.25, 0, 13.5], "texture": "#texture"},
				"east": {"uv": [2, 5.5, 1.75, 5.75], "texture": "#texture"},
				"south": {"uv": [12.5, 13.75, 14.75, 14], "texture": "#texture"},
				"west": {"uv": [1.5, 5.5, 1.75, 5.75], "texture": "#texture"},
				"up": {"uv": [0, 13.75, 2.25, 13.5], "texture": "#texture"},
				"down": {"uv": [0, 13, 2.25, 13.25], "texture": "#texture"}
			}
		},
		{
			"name": "Voxels",
			"from": [4.5, 7, 9.5],
			"to": [9, 7.5, 10],
			"faces": {
				"north": {"uv": [2.25, 12.75, 0, 13], "texture": "#texture"},
				"east": {"uv": [2.25, 11.75, 2, 12], "texture": "#texture"},
				"south": {"uv": [0, 12.25, 2.25, 12.5], "texture": "#texture"},
				"west": {"uv": [2, 12, 2.25, 12.25], "texture": "#texture"},
				"up": {"uv": [0, 12.75, 2.25, 12.5], "texture": "#texture"},
				"down": {"uv": [13.75, 14.25, 16, 14.5], "texture": "#texture"}
			}
		},
		{
			"name": "Voxels",
			"from": [4.5, 7.5, 6],
			"to": [5, 8, 6.5],
			"faces": {
				"north": {"uv": [2.25, 11, 2, 11.25], "texture": "#texture"},
				"east": {"uv": [2.25, 10.25, 2, 10.5], "texture": "#texture"},
				"south": {"uv": [1.5, 5.75, 1.75, 6], "texture": "#texture"},
				"west": {"uv": [2, 10.5, 2.25, 10.75], "texture": "#texture"},
				"up": {"uv": [2, 11.5, 2.25, 11.25], "texture": "#texture"},
				"down": {"uv": [2, 11.5, 2.25, 11.75], "texture": "#texture"}
			}
		},
		{
			"name": "Voxels",
			"from": [4.5, 7.5, 9.5],
			"to": [5, 8, 10],
			"faces": {
				"north": {"uv": [2.25, 7, 2, 7.25], "texture": "#texture"},
				"east": {"uv": [2.25, 6.25, 2, 6.5], "texture": "#texture"},
				"south": {"uv": [2, 6.75, 2.25, 7], "texture": "#texture"},
				"west": {"uv": [2, 6.5, 2.25, 6.75], "texture": "#texture"},
				"up": {"uv": [2, 7.5, 2.25, 7.25], "texture": "#texture"},
				"down": {"uv": [2, 7.5, 2.25, 7.75], "texture": "#texture"}
			}
		},
		{
			"name": "Voxels",
			"from": [5, 7, 5.5],
			"to": [9, 7.5, 6],
			"faces": {
				"north": {"uv": [2, 11.25, 0, 11.5], "texture": "#texture"},
				"east": {"uv": [1.5, 5.75, 1.25, 6], "texture": "#texture"},
				"south": {"uv": [0, 11, 2, 11.25], "texture": "#texture"},
				"west": {"uv": [1.25, 6, 1.5, 6.25], "texture": "#texture"},
				"up": {"uv": [0, 11.75, 2, 11.5], "texture": "#texture"},
				"down": {"uv": [0, 11.75, 2, 12], "texture": "#texture"}
			}
		},
		{
			"name": "Voxels",
			"from": [5, 7, 10],
			"to": [9, 7.5, 10.5],
			"faces": {
				"north": {"uv": [2, 10.5, 0, 10.75], "texture": "#texture"},
				"east": {"uv": [2.25, 5.75, 2, 6], "texture": "#texture"},
				"south": {"uv": [0, 10.25, 2, 10.5], "texture": "#texture"},
				"west": {"uv": [1.75, 5.75, 2, 6], "texture": "#texture"},
				"up": {"uv": [0, 12.25, 2, 12], "texture": "#texture"},
				"down": {"uv": [0, 10.75, 2, 11], "texture": "#texture"}
			}
		},
		{
			"name": "Voxels",
			"from": [5, 7.5, 5.5],
			"to": [8.5, 8, 6],
			"faces": {
				"north": {"uv": [1.75, 9.5, 0, 9.75], "texture": "#texture"},
				"east": {"uv": [1.5, 5.5, 1.25, 5.75], "texture": "#texture"},
				"south": {"uv": [0, 9.25, 1.75, 9.5], "texture": "#texture"},
				"west": {"uv": [1, 5.5, 1.25, 5.75], "texture": "#texture"},
				"up": {"uv": [0, 10, 1.75, 9.75], "texture": "#texture"},
				"down": {"uv": [0, 10, 1.75, 10.25], "texture": "#texture"}
			}
		},
		{
			"name": "Voxels",
			"from": [5, 7.5, 10],
			"to": [8.5, 8, 10.5],
			"faces": {
				"north": {"uv": [1.75, 8.5, 0, 8.75], "texture": "#texture"},
				"east": {"uv": [0.75, 5.25, 0.5, 5.5], "texture": "#texture"},
				"south": {"uv": [0, 8.25, 1.75, 8.5], "texture": "#texture"},
				"west": {"uv": [0.25, 5.25, 0.5, 5.5], "texture": "#texture"},
				"up": {"uv": [0, 9, 1.75, 8.75], "texture": "#texture"},
				"down": {"uv": [0, 9, 1.75, 9.25], "texture": "#texture"}
			}
		}
	],
	"display": {
		"thirdperson_righthand": {
			"rotation": [83, 99, -8],
			"translation": [-2.086, 12.521, -2.086],
			"scale": [1.2, 0.8, 1]
		},
		"thirdperson_lefthand": {
			"rotation": [-94, -84, -171],
			"translation": [1.3922, 12.521, -2.086],
			"scale": [1.2, 0.8, 1]
		},
		"firstperson_righthand": {
			"rotation": [-43, 52, 99],
			"translation": [0, 8.3478, 0],
			"scale": [0.8, 0.8, 0.8]
		},
		"firstperson_lefthand": {
			"rotation": [158, -92, 99],
			"translation": [0, 8.3478, 0],
			"scale": [0.8, 0.8, 0.8]
		},
		"ground": {
			"rotation": [6, 19, -74],
			"translation": [0, -2.086, 0],
			"scale": [0.8, 0.8, 0.8]
		},
		"gui": {
			"rotation": [70, 52, 0],
			"translation": [4.8695, 5.5652, 0]
		},
		"fixed": {
			"rotation": [-89, -119, 0],
			"translation": [-3.478, 6.9565, -1]
		}
	}
}