{
	"credit": "Made with Blockbench",
	"parent": "block/generic_block",
	"textures": {
		"particle": "item/boat/16",
		"bell": "item/boat/16"
	},
	"elements": [
		{
			"name": "Bell top",
			"from": [5, 6, 5],
			"to": [11, 13, 11],
			"faces": {
				"north": {"uv": [8, 2, 14, 9], "texture": "#bell"},
				"east": {"uv": [8, 2, 14, 9], "texture": "#bell"},
				"south": {"uv": [8, 2, 14, 9], "texture": "#bell"},
				"west": {"uv": [8, 2, 14, 9], "texture": "#bell"},
				"up": {"uv": [8, 9, 14, 15], "texture": "#bell"}
			}
		},
		{
			"name": "Bell bottom",
			"from": [4, 4, 4],
			"to": [12, 6, 12],
			"faces": {
				"north": {"uv": [8, 0, 16, 2], "texture": "#bell"},
				"east": {"uv": [8, 0, 16, 2], "texture": "#bell"},
				"south": {"uv": [8, 0, 16, 2], "texture": "#bell"},
				"west": {"uv": [8, 0, 16, 2], "texture": "#bell"},
				"up": {"uv": [8, 0, 16, 8], "texture": "#bell"},
				"down": {"uv": [0, 0, 8, 8], "texture": "#bell"}
			}
		},
		{
			"name": "Bell inside",
			"from": [5, 5, 5],
			"to": [11, 4, 11],
			"faces": {
				"north": {"uv": [9, 1, 15, 2], "texture": "#bell"},
				"east": {"uv": [9, 1, 15, 2], "texture": "#bell"},
				"south": {"uv": [9, 1, 15, 2], "texture": "#bell"},
				"west": {"uv": [9, 1, 15, 2], "texture": "#bell"},
				"down": {"uv": [1, 9, 7, 15], "texture": "#bell"}
			}
		},
		{
			"name": "Clapper",
			"from": [7, 3, 7],
			"to": [9, 5, 9],
			"faces": {
				"north": {"uv": [10, 12, 11, 13], "rotation": 90, "texture": "#bell"},
				"east": {"uv": [10, 12, 11, 13], "rotation": 90, "texture": "#bell"},
				"south": {"uv": [10, 12, 11, 13], "rotation": 90, "texture": "#bell"},
				"west": {"uv": [10, 12, 11, 13], "rotation": 90, "texture": "#bell"},
				"up": {"uv": [10, 12, 11, 13], "rotation": 90, "texture": "#bell"},
				"down": {"uv": [10, 12, 11, 13], "rotation": 90, "texture": "#bell"}
			}
		}
	],
	"display": {
		"head": {
			"translation": [0.25, -10, -5],
			"scale": [0.5, 0.5, 0.5]
		}
	}
}