{
	"credit": "Made with Blockbench",
	"textures": {
		"1": "item/colour/8",
		"particle": "item/colour/16",
		"block": "item/colour/16"
	},
	"elements": [
		{
			"name": "Bottom left to top right",
			"from": [3, 1, 7.5],
			"to": [4, 2, 8.5],
			"faces": {
				"north": {"uv": [1.5, 0.75, 1.75, 1], "texture": "#block"},
				"east": {"uv": [1.5, 0.75, 1.75, 1], "texture": "#block"},
				"south": {"uv": [1.5, 0.75, 1.75, 1], "texture": "#block"},
				"west": {"uv": [1.5, 0.75, 1.75, 1], "texture": "#block"},
				"up": {"uv": [1.5, 0.75, 1.75, 1], "texture": "#block"},
				"down": {"uv": [1.5, 0.75, 1.75, 1], "texture": "#block"}
			}
		},
		{
			"name": "Bottom left to top right",
			"from": [1, 2, 7.5],
			"to": [2, 3, 8.5],
			"faces": {
				"north": {"uv": [1.5, 0.75, 1.75, 1], "texture": "#block"},
				"east": {"uv": [1.5, 0.75, 1.75, 1], "texture": "#block"},
				"south": {"uv": [1.5, 0.75, 1.75, 1], "texture": "#block"},
				"west": {"uv": [1.5, 0.75, 1.75, 1], "texture": "#block"},
				"up": {"uv": [1.5, 0.75, 1.75, 1], "texture": "#block"},
				"down": {"uv": [1.5, 0.75, 1.75, 1], "texture": "#block"}
			}
		},
		{
			"name": "Bottom left to top right",
			"from": [2, 2, 7.25],
			"to": [3, 3, 8.75],
			"faces": {
				"north": {"uv": [1.5, 0.75, 1.75, 1], "texture": "#block"},
				"east": {"uv": [1.5, 0.75, 1.75, 1], "texture": "#block"},
				"south": {"uv": [1.5, 0.75, 1.75, 1], "texture": "#block"},
				"west": {"uv": [1.5, 0.75, 1.75, 1], "texture": "#block"},
				"up": {"uv": [1.5, 0.75, 1.75, 1], "texture": "#block"},
				"down": {"uv": [1.5, 0.75, 1.75, 1], "texture": "#block"}
			}
		},
		{
			"name": "Bottom left to top right",
			"from": [3, 2, 7],
			"to": [4, 4, 9],
			"faces": {
				"north": {"uv": [1.5, 0.75, 1.75, 1], "texture": "#block"},
				"east": {"uv": [1.5, 0.75, 1.75, 1], "texture": "#block"},
				"south": {"uv": [1.5, 0.75, 1.75, 1], "texture": "#block"},
				"west": {"uv": [1.5, 0.75, 1.75, 1], "texture": "#block"},
				"up": {"uv": [1.5, 0.75, 1.75, 1], "texture": "#block"},
				"down": {"uv": [1.5, 0.75, 1.75, 1], "texture": "#block"}
			}
		},
		{
			"name": "Bottom left to top right",
			"from": [4, 2, 7.5],
			"to": [5, 4, 8.5],
			"faces": {
				"north": {"uv": [1.5, 0.75, 1.75, 1], "texture": "#block"},
				"east": {"uv": [1.5, 0.75, 1.75, 1], "texture": "#block"},
				"south": {"uv": [1.5, 0.75, 1.75, 1], "texture": "#block"},
				"west": {"uv": [1.5, 0.75, 1.75, 1], "texture": "#block"},
				"up": {"uv": [1.5, 0.75, 1.75, 1], "texture": "#block"},
				"down": {"uv": [1.5, 0.75, 1.75, 1], "texture": "#block"}
			}
		},
		{
			"name": "Bottom left to top right",
			"from": [1, 3, 7.25],
			"to": [2, 4, 8.75],
			"faces": {
				"north": {"uv": [1.5, 0.75, 1.75, 1], "texture": "#block"},
				"east": {"uv": [1.5, 0.75, 1.75, 1], "texture": "#block"},
				"south": {"uv": [1.5, 0.75, 1.75, 1], "texture": "#block"},
				"west": {"uv": [1.5, 0.75, 1.75, 1], "texture": "#block"},
				"up": {"uv": [1.5, 0.75, 1.75, 1], "texture": "#block"},
				"down": {"uv": [1.5, 0.75, 1.75, 1], "texture": "#block"}
			}
		},
		{
			"name": "Bottom left to top right",
			"from": [2, 3, 7],
			"to": [3, 5, 9],
			"faces": {
				"north": {"uv": [1.5, 0.75, 1.75, 1], "texture": "#block"},
				"east": {"uv": [1.5, 0.75, 1.75, 1], "texture": "#block"},
				"south": {"uv": [1.5, 0.75, 1.75, 1], "texture": "#block"},
				"west": {"uv": [1.5, 0.75, 1.75, 1], "texture": "#block"},
				"up": {"uv": [1.5, 0.75, 1.75, 1], "texture": "#block"},
				"down": {"uv": [1.5, 0.75, 1.75, 1], "texture": "#block"}
			}
		},
		{
			"name": "Bottom left to top right",
			"from": [3, 4, 7.25],
			"to": [4, 5, 8.75],
			"faces": {
				"north": {"uv": [1.5, 0.75, 1.75, 1], "texture": "#block"},
				"east": {"uv": [1.5, 0.75, 1.75, 1], "texture": "#block"},
				"south": {"uv": [1.5, 0.75, 1.75, 1], "texture": "#block"},
				"west": {"uv": [1.5, 0.75, 1.75, 1], "texture": "#block"},
				"up": {"uv": [1.5, 0.75, 1.75, 1], "texture": "#block"},
				"down": {"uv": [1.5, 0.75, 1.75, 1], "texture": "#block"}
			}
		},
		{
			"name": "Bottom left to top right",
			"from": [4, 4, 7],
			"to": [5, 5, 9],
			"faces": {
				"north": {"uv": [1.5, 0.75, 1.75, 1], "texture": "#block"},
				"east": {"uv": [1.5, 0.75, 1.75, 1], "texture": "#block"},
				"south": {"uv": [1.5, 0.75, 1.75, 1], "texture": "#block"},
				"west": {"uv": [1.5, 0.75, 1.75, 1], "texture": "#block"},
				"up": {"uv": [1.5, 0.75, 1.75, 1], "texture": "#block"},
				"down": {"uv": [1.5, 0.75, 1.75, 1], "texture": "#block"}
			}
		},
		{
			"name": "Bottom left to top right",
			"from": [5, 4, 7.5],
			"to": [6, 5, 8.5],
			"faces": {
				"north": {"uv": [1.5, 0.75, 1.75, 1], "texture": "#block"},
				"east": {"uv": [1.5, 0.75, 1.75, 1], "texture": "#block"},
				"south": {"uv": [1.5, 0.75, 1.75, 1], "texture": "#block"},
				"west": {"uv": [1.5, 0.75, 1.75, 1], "texture": "#block"},
				"up": {"uv": [1.5, 0.75, 1.75, 1], "texture": "#block"},
				"down": {"uv": [1.5, 0.75, 1.75, 1], "texture": "#block"}
			}
		},
		{
			"name": "Bottom left to top right",
			"from": [4, 5, 7.25],
			"to": [5, 6, 8.75],
			"faces": {
				"north": {"uv": [1.5, 0.75, 1.75, 1], "texture": "#block"},
				"east": {"uv": [1.5, 0.75, 1.75, 1], "texture": "#block"},
				"south": {"uv": [1.5, 0.75, 1.75, 1], "texture": "#block"},
				"west": {"uv": [1.5, 0.75, 1.75, 1], "texture": "#block"},
				"up": {"uv": [1.5, 0.75, 1.75, 1], "texture": "#block"},
				"down": {"uv": [1.5, 0.75, 1.75, 1], "texture": "#block"}
			}
		},
		{
			"name": "Bottom left to top right",
			"from": [5, 5, 7],
			"to": [6, 6, 9],
			"faces": {
				"north": {"uv": [1.5, 0.75, 1.75, 1], "texture": "#block"},
				"east": {"uv": [1.5, 0.75, 1.75, 1], "texture": "#block"},
				"south": {"uv": [1.5, 0.75, 1.75, 1], "texture": "#block"},
				"west": {"uv": [1.5, 0.75, 1.75, 1], "texture": "#block"},
				"up": {"uv": [1.5, 0.75, 1.75, 1], "texture": "#block"},
				"down": {"uv": [1.5, 0.75, 1.75, 1], "texture": "#block"}
			}
		},
		{
			"name": "Bottom left to top right",
			"from": [6, 5, 7.5],
			"to": [7, 6, 8.5],
			"faces": {
				"north": {"uv": [1.5, 0.75, 1.75, 1], "texture": "#block"},
				"east": {"uv": [1.5, 0.75, 1.75, 1], "texture": "#block"},
				"south": {"uv": [1.5, 0.75, 1.75, 1], "texture": "#block"},
				"west": {"uv": [1.5, 0.75, 1.75, 1], "texture": "#block"},
				"up": {"uv": [1.5, 0.75, 1.75, 1], "texture": "#block"},
				"down": {"uv": [1.5, 0.75, 1.75, 1], "texture": "#block"}
			}
		},
		{
			"name": "Bottom left to top right",
			"from": [5, 6, 7.25],
			"to": [6, 7, 8.75],
			"faces": {
				"north": {"uv": [1.5, 0.75, 1.75, 1], "texture": "#block"},
				"east": {"uv": [1.5, 0.75, 1.75, 1], "texture": "#block"},
				"south": {"uv": [1.5, 0.75, 1.75, 1], "texture": "#block"},
				"west": {"uv": [1.5, 0.75, 1.75, 1], "texture": "#block"},
				"up": {"uv": [1.5, 0.75, 1.75, 1], "texture": "#block"},
				"down": {"uv": [1.5, 0.75, 1.75, 1], "texture": "#block"}
			}
		},
		{
			"name": "Bottom left to top right",
			"from": [6, 6, 7],
			"to": [7, 7, 9],
			"faces": {
				"north": {"uv": [1.5, 0.75, 1.75, 1], "texture": "#block"},
				"east": {"uv": [1.5, 0.75, 1.75, 1], "texture": "#block"},
				"south": {"uv": [1.5, 0.75, 1.75, 1], "texture": "#block"},
				"west": {"uv": [1.5, 0.75, 1.75, 1], "texture": "#block"},
				"up": {"uv": [1.5, 0.75, 1.75, 1], "texture": "#block"},
				"down": {"uv": [1.5, 0.75, 1.75, 1], "texture": "#block"}
			}
		},
		{
			"name": "Bottom left to top right",
			"from": [7, 6, 7.5],
			"to": [8, 7, 8.5],
			"faces": {
				"north": {"uv": [1.5, 0.75, 1.75, 1], "texture": "#block"},
				"east": {"uv": [1.5, 0.75, 1.75, 1], "texture": "#block"},
				"south": {"uv": [1.5, 0.75, 1.75, 1], "texture": "#block"},
				"west": {"uv": [1.5, 0.75, 1.75, 1], "texture": "#block"},
				"up": {"uv": [1.5, 0.75, 1.75, 1], "texture": "#block"},
				"down": {"uv": [1.5, 0.75, 1.75, 1], "texture": "#block"}
			}
		},
		{
			"name": "Bottom left to top right",
			"from": [6, 7, 7.25],
			"to": [7, 8, 8.75],
			"faces": {
				"north": {"uv": [1.5, 0.75, 1.75, 1], "texture": "#block"},
				"east": {"uv": [1.5, 0.75, 1.75, 1], "texture": "#block"},
				"south": {"uv": [1.5, 0.75, 1.75, 1], "texture": "#block"},
				"west": {"uv": [1.5, 0.75, 1.75, 1], "texture": "#block"},
				"up": {"uv": [1.5, 0.75, 1.75, 1], "texture": "#block"},
				"down": {"uv": [1.5, 0.75, 1.75, 1], "texture": "#block"}
			}
		},
		{
			"name": "Bottom left to top right",
			"from": [7, 7, 7],
			"to": [8, 8, 9],
			"faces": {
				"north": {"uv": [1.5, 0.75, 1.75, 1], "texture": "#block"},
				"east": {"uv": [1.5, 0.75, 1.75, 1], "texture": "#block"},
				"south": {"uv": [1.5, 0.75, 1.75, 1], "texture": "#block"},
				"west": {"uv": [1.5, 0.75, 1.75, 1], "texture": "#block"},
				"up": {"uv": [1.5, 0.75, 1.75, 1], "texture": "#block"},
				"down": {"uv": [1.5, 0.75, 1.75, 1], "texture": "#block"}
			}
		},
		{
			"name": "Bottom left to top right",
			"from": [8, 7, 7.5],
			"to": [9, 8, 8.5],
			"faces": {
				"north": {"uv": [1.5, 0.75, 1.75, 1], "texture": "#block"},
				"east": {"uv": [1.5, 0.75, 1.75, 1], "texture": "#block"},
				"south": {"uv": [1.5, 0.75, 1.75, 1], "texture": "#block"},
				"west": {"uv": [1.5, 0.75, 1.75, 1], "texture": "#block"},
				"up": {"uv": [1.5, 0.75, 1.75, 1], "texture": "#block"},
				"down": {"uv": [1.5, 0.75, 1.75, 1], "texture": "#block"}
			}
		},
		{
			"name": "Bottom left to top right",
			"from": [7, 8, 7.25],
			"to": [8, 9, 8.75],
			"faces": {
				"north": {"uv": [1.5, 0.75, 1.75, 1], "texture": "#block"},
				"east": {"uv": [1.5, 0.75, 1.75, 1], "texture": "#block"},
				"south": {"uv": [1.5, 0.75, 1.75, 1], "texture": "#block"},
				"west": {"uv": [1.5, 0.75, 1.75, 1], "texture": "#block"},
				"up": {"uv": [1.5, 0.75, 1.75, 1], "texture": "#block"},
				"down": {"uv": [1.5, 0.75, 1.75, 1], "texture": "#block"}
			}
		},
		{
			"name": "Bottom left to top right",
			"from": [8, 8, 7],
			"to": [9, 9, 9],
			"faces": {
				"north": {"uv": [1.5, 0.75, 1.75, 1], "texture": "#block"},
				"east": {"uv": [1.5, 0.75, 1.75, 1], "texture": "#block"},
				"south": {"uv": [1.5, 0.75, 1.75, 1], "texture": "#block"},
				"west": {"uv": [1.5, 0.75, 1.75, 1], "texture": "#block"},
				"up": {"uv": [1.5, 0.75, 1.75, 1], "texture": "#block"},
				"down": {"uv": [1.5, 0.75, 1.75, 1], "texture": "#block"}
			}
		},
		{
			"name": "Bottom left to top right",
			"from": [9, 8, 7.5],
			"to": [10, 9, 8.5],
			"faces": {
				"north": {"uv": [1.5, 0.75, 1.75, 1], "texture": "#block"},
				"east": {"uv": [1.5, 0.75, 1.75, 1], "texture": "#block"},
				"south": {"uv": [1.5, 0.75, 1.75, 1], "texture": "#block"},
				"west": {"uv": [1.5, 0.75, 1.75, 1], "texture": "#block"},
				"up": {"uv": [1.5, 0.75, 1.75, 1], "texture": "#block"},
				"down": {"uv": [1.5, 0.75, 1.75, 1], "texture": "#block"}
			}
		},
		{
			"name": "Bottom left to top right",
			"from": [8, 9, 7.25],
			"to": [9, 10, 8.75],
			"faces": {
				"north": {"uv": [1.5, 0.75, 1.75, 1], "texture": "#block"},
				"east": {"uv": [1.5, 0.75, 1.75, 1], "texture": "#block"},
				"south": {"uv": [1.5, 0.75, 1.75, 1], "texture": "#block"},
				"west": {"uv": [1.5, 0.75, 1.75, 1], "texture": "#block"},
				"up": {"uv": [1.5, 0.75, 1.75, 1], "texture": "#block"},
				"down": {"uv": [1.5, 0.75, 1.75, 1], "texture": "#block"}
			}
		},
		{
			"name": "Bottom left to top right",
			"from": [9, 9, 7],
			"to": [10, 10, 9],
			"faces": {
				"north": {"uv": [1.5, 0.75, 1.75, 1], "texture": "#block"},
				"east": {"uv": [1.5, 0.75, 1.75, 1], "texture": "#block"},
				"south": {"uv": [1.5, 0.75, 1.75, 1], "texture": "#block"},
				"west": {"uv": [1.5, 0.75, 1.75, 1], "texture": "#block"},
				"up": {"uv": [1.5, 0.75, 1.75, 1], "texture": "#block"},
				"down": {"uv": [1.5, 0.75, 1.75, 1], "texture": "#block"}
			}
		},
		{
			"name": "Bottom left to top right",
			"from": [10, 9, 7.5],
			"to": [11, 10, 8.5],
			"faces": {
				"north": {"uv": [1.5, 0.75, 1.75, 1], "texture": "#block"},
				"east": {"uv": [1.5, 0.75, 1.75, 1], "texture": "#block"},
				"south": {"uv": [1.5, 0.75, 1.75, 1], "texture": "#block"},
				"west": {"uv": [1.5, 0.75, 1.75, 1], "texture": "#block"},
				"up": {"uv": [1.5, 0.75, 1.75, 1], "texture": "#block"},
				"down": {"uv": [1.5, 0.75, 1.75, 1], "texture": "#block"}
			}
		},
		{
			"name": "Bottom left to top right",
			"from": [9, 10, 7.25],
			"to": [10, 11, 8.75],
			"faces": {
				"north": {"uv": [1.5, 0.75, 1.75, 1], "texture": "#block"},
				"east": {"uv": [1.5, 0.75, 1.75, 1], "texture": "#block"},
				"south": {"uv": [1.5, 0.75, 1.75, 1], "texture": "#block"},
				"west": {"uv": [1.5, 0.75, 1.75, 1], "texture": "#block"},
				"up": {"uv": [1.5, 0.75, 1.75, 1], "texture": "#block"},
				"down": {"uv": [1.5, 0.75, 1.75, 1], "texture": "#block"}
			}
		},
		{
			"name": "Bottom left to top right",
			"from": [10, 10, 7],
			"to": [11, 11, 9],
			"faces": {
				"north": {"uv": [1.5, 0.75, 1.75, 1], "texture": "#block"},
				"east": {"uv": [1.5, 0.75, 1.75, 1], "texture": "#block"},
				"south": {"uv": [1.5, 0.75, 1.75, 1], "texture": "#block"},
				"west": {"uv": [1.5, 0.75, 1.75, 1], "texture": "#block"},
				"up": {"uv": [1.5, 0.75, 1.75, 1], "texture": "#block"},
				"down": {"uv": [1.5, 0.75, 1.75, 1], "texture": "#block"}
			}
		},
		{
			"name": "Bottom left to top right",
			"from": [11, 10, 7.5],
			"to": [12, 11, 8.5],
			"faces": {
				"north": {"uv": [1.5, 0.75, 1.75, 1], "texture": "#block"},
				"east": {"uv": [1.5, 0.75, 1.75, 1], "texture": "#block"},
				"south": {"uv": [1.5, 0.75, 1.75, 1], "texture": "#block"},
				"west": {"uv": [1.5, 0.75, 1.75, 1], "texture": "#block"},
				"up": {"uv": [1.5, 0.75, 1.75, 1], "texture": "#block"},
				"down": {"uv": [1.5, 0.75, 1.75, 1], "texture": "#block"}
			}
		},
		{
			"name": "Bottom left to top right",
			"from": [10, 11, 7.25],
			"to": [11, 12, 8.75],
			"faces": {
				"north": {"uv": [1.5, 0.75, 1.75, 1], "texture": "#block"},
				"east": {"uv": [1.5, 0.75, 1.75, 1], "texture": "#block"},
				"south": {"uv": [1.5, 0.75, 1.75, 1], "texture": "#block"},
				"west": {"uv": [1.5, 0.75, 1.75, 1], "texture": "#block"},
				"up": {"uv": [1.5, 0.75, 1.75, 1], "texture": "#block"},
				"down": {"uv": [1.5, 0.75, 1.75, 1], "texture": "#block"}
			}
		},
		{
			"name": "Bottom left to top right",
			"from": [11, 11, 7],
			"to": [12, 12, 9],
			"faces": {
				"north": {"uv": [1.5, 0.75, 1.75, 1], "texture": "#block"},
				"east": {"uv": [1.5, 0.75, 1.75, 1], "texture": "#block"},
				"south": {"uv": [1.5, 0.75, 1.75, 1], "texture": "#block"},
				"west": {"uv": [1.5, 0.75, 1.75, 1], "texture": "#block"},
				"up": {"uv": [1.5, 0.75, 1.75, 1], "texture": "#block"},
				"down": {"uv": [1.5, 0.75, 1.75, 1], "texture": "#block"}
			}
		},
		{
			"name": "Bottom left to top right",
			"from": [12, 11, 7.5],
			"to": [14, 12, 8.5],
			"faces": {
				"north": {"uv": [1.5, 0.75, 1.75, 1], "texture": "#block"},
				"east": {"uv": [1.5, 0.75, 1.75, 1], "texture": "#block"},
				"south": {"uv": [1.5, 0.75, 1.75, 1], "texture": "#block"},
				"west": {"uv": [1.5, 0.75, 1.75, 1], "texture": "#block"},
				"up": {"uv": [1.5, 0.75, 1.75, 1], "texture": "#block"},
				"down": {"uv": [1.5, 0.75, 1.75, 1], "texture": "#block"}
			}
		},
		{
			"name": "Bottom left to top right",
			"from": [11, 12, 7.25],
			"to": [12, 13, 8.75],
			"faces": {
				"north": {"uv": [1.5, 0.75, 1.75, 1], "texture": "#block"},
				"east": {"uv": [1.5, 0.75, 1.75, 1], "texture": "#block"},
				"south": {"uv": [1.5, 0.75, 1.75, 1], "texture": "#block"},
				"west": {"uv": [1.5, 0.75, 1.75, 1], "texture": "#block"},
				"up": {"uv": [1.5, 0.75, 1.75, 1], "texture": "#block"},
				"down": {"uv": [1.5, 0.75, 1.75, 1], "texture": "#block"}
			}
		},
		{
			"name": "Bottom left to top right",
			"from": [12, 12, 7],
			"to": [14, 13, 9],
			"faces": {
				"north": {"uv": [1.5, 0.75, 1.75, 1], "texture": "#block"},
				"east": {"uv": [1.5, 0.75, 1.75, 1], "texture": "#block"},
				"south": {"uv": [1.5, 0.75, 1.75, 1], "texture": "#block"},
				"west": {"uv": [1.5, 0.75, 1.75, 1], "texture": "#block"},
				"up": {"uv": [1.5, 0.75, 1.75, 1], "texture": "#block"},
				"down": {"uv": [1.5, 0.75, 1.75, 1], "texture": "#block"}
			}
		},
		{
			"name": "Bottom left to top right",
			"from": [8, -3, 5.5],
			"to": [14, 3, 10.5],
			"rotation": {"angle": 45, "axis": "z", "origin": [0, 0, 0]},
			"faces": {
				"north": {"uv": [1.5, 0.75, 1.75, 1], "texture": "#1"},
				"east": {"uv": [1.5, 0.75, 1.75, 1], "texture": "#1"},
				"south": {"uv": [1.5, 0.75, 1.75, 1], "texture": "#1"},
				"west": {"uv": [1.5, 0.75, 1.75, 1], "texture": "#1"},
				"up": {"uv": [1.5, 0.75, 1.75, 1], "texture": "#1"},
				"down": {"uv": [1.5, 0.75, 1.75, 1], "texture": "#1"}
			}
		},
		{
			"name": "Bottom left to top right",
			"from": [7, -2.5, 5.5],
			"to": [15, 2.5, 10.5],
			"rotation": {"angle": 45, "axis": "z", "origin": [0, 0, 0]},
			"faces": {
				"north": {"uv": [1.5, 0.75, 1.75, 1], "texture": "#1"},
				"east": {"uv": [1.5, 0.75, 1.75, 1], "texture": "#1"},
				"south": {"uv": [1.5, 0.75, 1.75, 1], "texture": "#1"},
				"west": {"uv": [1.5, 0.75, 1.75, 1], "texture": "#1"},
				"up": {"uv": [1.5, 0.75, 1.75, 1], "texture": "#1"},
				"down": {"uv": [1.5, 0.75, 1.75, 1], "texture": "#1"}
			}
		},
		{
			"name": "Bottom left to top right",
			"from": [8, -2.5, 4.5],
			"to": [14, 2.5, 11.5],
			"rotation": {"angle": 45, "axis": "z", "origin": [0, 0, 0]},
			"faces": {
				"north": {"uv": [1.5, 0.75, 1.75, 1], "texture": "#1"},
				"east": {"uv": [1.5, 0.75, 1.75, 1], "texture": "#1"},
				"south": {"uv": [1.5, 0.75, 1.75, 1], "texture": "#1"},
				"west": {"uv": [1.5, 0.75, 1.75, 1], "texture": "#1"},
				"up": {"uv": [1.5, 0.75, 1.75, 1], "texture": "#1"},
				"down": {"uv": [1.5, 0.75, 1.75, 1], "texture": "#1"}
			}
		},
		{
			"name": "Bottom left to top right",
			"from": [7, -2, 5],
			"to": [15, 2, 11],
			"rotation": {"angle": 45, "axis": "z", "origin": [0, 0, 0]},
			"faces": {
				"north": {"uv": [1.5, 0.75, 1.75, 1], "texture": "#1"},
				"east": {"uv": [1.5, 0.75, 1.75, 1], "texture": "#1"},
				"south": {"uv": [1.5, 0.75, 1.75, 1], "texture": "#1"},
				"west": {"uv": [1.5, 0.75, 1.75, 1], "texture": "#1"},
				"up": {"uv": [1.5, 0.75, 1.75, 1], "texture": "#1"},
				"down": {"uv": [1.5, 0.75, 1.75, 1], "texture": "#1"}
			}
		},
		{
			"name": "Bottom left to top right",
			"from": [14, 12, 7.5],
			"to": [15, 13, 8.5],
			"faces": {
				"north": {"uv": [1.5, 0.75, 1.75, 1], "texture": "#block"},
				"east": {"uv": [1.5, 0.75, 1.75, 1], "texture": "#block"},
				"south": {"uv": [1.5, 0.75, 1.75, 1], "texture": "#block"},
				"west": {"uv": [1.5, 0.75, 1.75, 1], "texture": "#block"},
				"up": {"uv": [1.5, 0.75, 1.75, 1], "texture": "#block"},
				"down": {"uv": [1.5, 0.75, 1.75, 1], "texture": "#block"}
			}
		},
		{
			"name": "Bottom left to top right",
			"from": [11, 13, 7],
			"to": [13, 14, 9],
			"faces": {
				"north": {"uv": [1.5, 0.75, 1.75, 1], "texture": "#block"},
				"east": {"uv": [1.5, 0.75, 1.75, 1], "texture": "#block"},
				"south": {"uv": [1.5, 0.75, 1.75, 1], "texture": "#block"},
				"west": {"uv": [1.5, 0.75, 1.75, 1], "texture": "#block"},
				"up": {"uv": [1.5, 0.75, 1.75, 1], "texture": "#block"},
				"down": {"uv": [1.5, 0.75, 1.75, 1], "texture": "#block"}
			}
		},
		{
			"name": "Bottom left to top right",
			"from": [13, 13, 7.25],
			"to": [14, 14, 8.75],
			"faces": {
				"north": {"uv": [1.5, 0.75, 1.75, 1], "texture": "#block"},
				"east": {"uv": [1.5, 0.75, 1.75, 1], "texture": "#block"},
				"south": {"uv": [1.5, 0.75, 1.75, 1], "texture": "#block"},
				"west": {"uv": [1.5, 0.75, 1.75, 1], "texture": "#block"},
				"up": {"uv": [1.5, 0.75, 1.75, 1], "texture": "#block"},
				"down": {"uv": [1.5, 0.75, 1.75, 1], "texture": "#block"}
			}
		},
		{
			"name": "Bottom left to top right",
			"from": [12, 14, 7.25],
			"to": [13, 15, 8.75],
			"faces": {
				"north": {"uv": [1.5, 0.75, 1.75, 1], "texture": "#block"},
				"east": {"uv": [1.5, 0.75, 1.75, 1], "texture": "#block"},
				"south": {"uv": [1.5, 0.75, 1.75, 1], "texture": "#block"},
				"west": {"uv": [1.5, 0.75, 1.75, 1], "texture": "#block"},
				"up": {"uv": [1.5, 0.75, 1.75, 1], "texture": "#block"},
				"down": {"uv": [1.5, 0.75, 1.75, 1], "texture": "#block"}
			}
		},
		{
			"name": "Bottom left to top right",
			"from": [13, 14, 7.5],
			"to": [14, 15, 8.5],
			"faces": {
				"north": {"uv": [1.5, 0.75, 1.75, 1], "texture": "#block"},
				"east": {"uv": [1.5, 0.75, 1.75, 1], "texture": "#block"},
				"south": {"uv": [1.5, 0.75, 1.75, 1], "texture": "#block"},
				"west": {"uv": [1.5, 0.75, 1.75, 1], "texture": "#block"},
				"up": {"uv": [1.5, 0.75, 1.75, 1], "texture": "#block"},
				"down": {"uv": [1.5, 0.75, 1.75, 1], "texture": "#block"}
			}
		}
	],
	"display": {
		"thirdperson_righthand": {
			"rotation": [0, -90, 40],
			"translation": [0, 4, 1.5],
			"scale": [0.85, 0.85, 0.85]
		},
		"thirdperson_lefthand": {
			"rotation": [-88, -48, -40],
			"translation": [0, -2, 1.5]
		},
		"firstperson_righthand": {
			"rotation": [0, -90, 25],
			"translation": [1.13, 3.5, 1.13],
			"scale": [0.68, 0.68, 0.68]
		},
		"firstperson_lefthand": {
			"rotation": [0, 90, -25],
			"translation": [1.13, 3.5, 1.13],
			"scale": [0.68, 0.68, 0.68]
		},
		"ground": {
			"translation": [0, 3, 0],
			"scale": [0.5, 0.5, 0.5]
		},
		"gui": {
			"rotation": [10, 10, 10]
		},
		"head": {
			"rotation": [0, 0, -45],
			"translation": [0, 3, -2]
		},
		"fixed": {
			"rotation": [-20, 0, 0],
			"translation": [0, 0, -2.25],
			"scale": [1.02, 1.02, 1.02]
		}
	}
}