{
	"credit": "Made with Blockbench",
	"textures": {
		"particle": "item/colour/20",
		"main": "item/colour/20"
	},
	"elements": [
		{
			"name": "Fluid top-bottom",
			"from": [5.5, 1, 5.5],
			"to": [10.5, 6.75, 10.5],
			"faces": {
				"north": {"uv": [1.92, 11.264, 3.84, 13.056], "texture": "#main", "tintindex": 0},
				"east": {"uv": [1.92, 11.264, 3.84, 13.056], "texture": "#main", "tintindex": 0},
				"south": {"uv": [1.92, 11.264, 3.84, 13.056], "texture": "#main", "tintindex": 0},
				"west": {"uv": [1.92, 11.264, 3.84, 13.056], "texture": "#main", "tintindex": 0},
				"up": {"uv": [1.92, 11.264, 3.84, 13.056], "texture": "#main", "tintindex": 0},
				"down": {"uv": [1.92, 11.264, 3.84, 13.056], "texture": "#main", "tintindex": 0}
			}
		},
		{
			"name": "Fluid north-south",
			"from": [5.5, 2, 4.5],
			"to": [10.5, 6, 11.5],
			"faces": {
				"north": {"uv": [2.176, 11.264, 7.176, 12.264], "texture": "#main", "tintindex": 0},
				"east": {"uv": [2.176, 11.264, 7.176, 12.264], "texture": "#main", "tintindex": 0},
				"south": {"uv": [2.176, 11.264, 7.176, 12.264], "texture": "#main", "tintindex": 0},
				"west": {"uv": [2.176, 11.264, 7.176, 12.264], "texture": "#main", "tintindex": 0},
				"up": {"uv": [2.176, 11.264, 7.176, 12.264], "texture": "#main", "tintindex": 0},
				"down": {"uv": [2.176, 11.264, 7.176, 12.264], "texture": "#main", "tintindex": 0}
			}
		},
		{
			"name": "Fluid east-west",
			"from": [4.5, 2, 5.5],
			"to": [11.5, 6, 10.5],
			"faces": {
				"north": {"uv": [2.176, 11.264, 7.176, 12.264], "rotation": 90, "texture": "#main", "tintindex": 0},
				"east": {"uv": [2.176, 11.264, 7.176, 12.264], "rotation": 90, "texture": "#main", "tintindex": 0},
				"south": {"uv": [2.176, 11.264, 7.176, 12.264], "rotation": 90, "texture": "#main", "tintindex": 0},
				"west": {"uv": [2.176, 11.264, 7.176, 12.264], "rotation": 90, "texture": "#main", "tintindex": 0},
				"up": {"uv": [2.176, 11.264, 7.176, 12.264], "rotation": 90, "texture": "#main", "tintindex": 0},
				"down": {"uv": [2.176, 11.264, 7.176, 12.264], "rotation": 90, "texture": "#main", "tintindex": 0}
			}
		},
		{
			"name": "Bottom",
			"from": [5.5, 7, 5.5],
			"to": [10.5, 8, 10.5],
			"faces": {
				"north": {"uv": [2.048, 11.264, 3.84, 13.184], "texture": "#main"},
				"east": {"uv": [2.048, 11.264, 3.84, 13.184], "texture": "#main"},
				"south": {"uv": [2.048, 11.264, 3.84, 13.184], "texture": "#main"},
				"west": {"uv": [2.048, 11.264, 3.84, 13.184], "texture": "#main"},
				"up": {"uv": [2.048, 11.264, 3.84, 13.184], "texture": "#main"},
				"down": {"uv": [2.048, 11.264, 3.84, 13.184], "texture": "#main"}
			}
		},
		{
			"name": "Bottom",
			"from": [5.5, -1, 5.5],
			"to": [10.5, 0, 10.5],
			"faces": {
				"north": {"uv": [2.048, 11.264, 3.84, 13.184], "texture": "#main"},
				"east": {"uv": [2.048, 11.264, 3.84, 13.184], "texture": "#main"},
				"south": {"uv": [2.048, 11.264, 3.84, 13.184], "texture": "#main"},
				"west": {"uv": [2.048, 11.264, 3.84, 13.184], "texture": "#main"},
				"up": {"uv": [2.048, 11.264, 3.84, 13.184], "texture": "#main"},
				"down": {"uv": [2.048, 11.264, 3.84, 13.184], "texture": "#main"}
			}
		},
		{
			"name": "Bottom north",
			"from": [5.5, 1, 4.5],
			"to": [10.5, 2, 5.5],
			"faces": {
				"north": {"uv": [2.176, 11.264, 2.176, 11.264], "texture": "#main"},
				"east": {"uv": [2.176, 11.264, 2.176, 11.264], "texture": "#main"},
				"south": {"uv": [2.176, 11.264, 2.176, 11.264], "texture": "#main"},
				"west": {"uv": [2.176, 11.264, 2.176, 11.264], "texture": "#main"},
				"up": {"uv": [2.176, 11.264, 2.176, 11.264], "texture": "#main"},
				"down": {"uv": [2.176, 11.264, 2.176, 11.264], "texture": "#main"}
			}
		},
		{
			"name": "Bottom east",
			"from": [10.5, 1, 5.5],
			"to": [11.5, 2, 10.5],
			"faces": {
				"north": {"uv": [2.176, 11.264, 3.84, 13.184], "texture": "#main"},
				"east": {"uv": [2.176, 11.264, 3.84, 13.184], "texture": "#main"},
				"south": {"uv": [2.176, 11.264, 3.84, 13.184], "texture": "#main"},
				"west": {"uv": [2.176, 11.264, 3.84, 13.184], "texture": "#main"},
				"up": {"uv": [2.176, 11.264, 3.84, 13.184], "texture": "#main"},
				"down": {"uv": [2.176, 11.264, 3.84, 13.184], "texture": "#main"}
			}
		},
		{
			"name": "Bottom south",
			"from": [5.5, 1, 10.5],
			"to": [10.5, 2, 11.5],
			"faces": {
				"north": {"uv": [2.176, 11.264, 3.84, 13.184], "texture": "#main"},
				"east": {"uv": [2.176, 11.264, 3.84, 13.184], "texture": "#main"},
				"south": {"uv": [2.176, 11.264, 3.84, 13.184], "texture": "#main"},
				"west": {"uv": [2.176, 11.264, 3.84, 13.184], "texture": "#main"},
				"up": {"uv": [2.176, 11.264, 3.84, 13.184], "texture": "#main"},
				"down": {"uv": [2.176, 11.264, 3.84, 13.184], "texture": "#main"}
			}
		},
		{
			"name": "Bottom west",
			"from": [4.5, 1, 5.5],
			"to": [5.5, 2, 10.5],
			"faces": {
				"north": {"uv": [2.176, 11.264, 3.84, 13.184], "texture": "#main"},
				"east": {"uv": [2.176, 11.264, 3.84, 13.184], "texture": "#main"},
				"south": {"uv": [2.176, 11.264, 3.84, 13.184], "texture": "#main"},
				"west": {"uv": [2.176, 11.264, 3.84, 13.184], "texture": "#main"},
				"up": {"uv": [2.176, 11.264, 3.84, 13.184], "texture": "#main"},
				"down": {"uv": [2.176, 11.264, 3.84, 13.184], "texture": "#main"}
			}
		},
		{
			"name": "North",
			"from": [5.5, 1, 3.5],
			"to": [10.5, 6, 4.5],
			"faces": {
				"north": {"uv": [2.176, 11.264, 3.176, 12.264], "texture": "#main"},
				"east": {"uv": [2.176, 11.264, 3.176, 12.264], "texture": "#main"},
				"south": {"uv": [2.176, 11.264, 3.176, 12.264], "texture": "#main"},
				"west": {"uv": [2.176, 11.264, 3.176, 12.264], "texture": "#main"},
				"up": {"uv": [2.176, 11.264, 3.176, 12.264], "texture": "#main"},
				"down": {"uv": [2.176, 11.264, 3.176, 12.264], "texture": "#main"}
			}
		},
		{
			"name": "East",
			"from": [11.5, 1, 5.5],
			"to": [12.5, 6, 10.5],
			"faces": {
				"north": {"uv": [2.176, 11.264, 3.176, 12.264], "texture": "#main"},
				"east": {"uv": [2.176, 11.264, 3.176, 12.264], "texture": "#main"},
				"south": {"uv": [2.176, 11.264, 3.176, 12.264], "texture": "#main"},
				"west": {"uv": [2.176, 11.264, 3.176, 12.264], "texture": "#main"},
				"up": {"uv": [2.176, 11.264, 3.176, 12.264], "texture": "#main"},
				"down": {"uv": [2.176, 11.264, 3.176, 12.264], "texture": "#main"}
			}
		},
		{
			"name": "South",
			"from": [5.5, 1, 11.5],
			"to": [10.5, 6, 12.5],
			"faces": {
				"north": {"uv": [2.176, 11.264, 3.176, 12.264], "texture": "#main"},
				"east": {"uv": [2.176, 11.264, 3.176, 12.264], "texture": "#main"},
				"south": {"uv": [2.176, 11.264, 3.176, 12.264], "texture": "#main"},
				"west": {"uv": [2.176, 11.264, 3.176, 12.264], "texture": "#main"},
				"up": {"uv": [2.176, 11.264, 3.176, 12.264], "texture": "#main"},
				"down": {"uv": [2.176, 11.264, 3.176, 12.264], "texture": "#main"}
			}
		},
		{
			"name": "West",
			"from": [3.5, 1, 5.5],
			"to": [4.5, 6, 10.5],
			"faces": {
				"north": {"uv": [2.176, 11.264, 3.176, 12.264], "texture": "#main"},
				"east": {"uv": [2.176, 11.264, 3.176, 12.264], "texture": "#main"},
				"south": {"uv": [2.176, 11.264, 3.176, 12.264], "texture": "#main"},
				"west": {"uv": [2.176, 11.264, 3.176, 12.264], "texture": "#main"},
				"up": {"uv": [2.176, 11.264, 3.176, 12.264], "texture": "#main"},
				"down": {"uv": [2.176, 11.264, 3.176, 12.264], "texture": "#main"}
			}
		},
		{
			"name": "North-west",
			"from": [4.5, 2, 4.5],
			"to": [5.5, 6, 5.5],
			"faces": {
				"north": {"uv": [2.176, 11.264, 3.176, 12.264], "texture": "#main"},
				"east": {"uv": [2.176, 11.264, 3.176, 12.264], "texture": "#main"},
				"south": {"uv": [2.176, 11.264, 3.176, 12.264], "texture": "#main"},
				"west": {"uv": [2.176, 11.264, 3.176, 12.264], "texture": "#main"},
				"up": {"uv": [2.176, 11.264, 3.176, 12.264], "texture": "#main"},
				"down": {"uv": [2.176, 11.264, 3.176, 12.264], "texture": "#main"}
			}
		},
		{
			"name": "North-east",
			"from": [10.5, 2, 4.5],
			"to": [11.5, 6, 5.5],
			"faces": {
				"north": {"uv": [2.176, 11.264, 3.176, 12.264], "texture": "#main"},
				"east": {"uv": [2.176, 11.264, 3.176, 12.264], "texture": "#main"},
				"south": {"uv": [2.176, 11.264, 3.176, 12.264], "texture": "#main"},
				"west": {"uv": [2.176, 11.264, 3.176, 12.264], "texture": "#main"},
				"up": {"uv": [2.176, 11.264, 3.176, 12.264], "texture": "#main"},
				"down": {"uv": [2.176, 11.264, 3.176, 12.264], "texture": "#main"}
			}
		},
		{
			"name": "South-east",
			"from": [10.5, 2, 10.5],
			"to": [11.5, 6, 11.5],
			"faces": {
				"north": {"uv": [2.176, 11.264, 3.176, 12.264], "texture": "#main"},
				"east": {"uv": [2.176, 11.264, 3.176, 12.264], "texture": "#main"},
				"south": {"uv": [2.176, 11.264, 3.176, 12.264], "texture": "#main"},
				"west": {"uv": [2.176, 11.264, 3.176, 12.264], "texture": "#main"},
				"up": {"uv": [2.176, 11.264, 3.176, 12.264], "texture": "#main"},
				"down": {"uv": [2.176, 11.264, 3.176, 12.264], "texture": "#main"}
			}
		},
		{
			"name": "South-west",
			"from": [4.5, 2, 10.5],
			"to": [5.5, 6, 11.5],
			"faces": {
				"north": {"uv": [2.176, 11.264, 3.176, 12.264], "texture": "#main"},
				"east": {"uv": [2.176, 11.264, 3.176, 12.264], "texture": "#main"},
				"south": {"uv": [2.176, 11.264, 3.176, 12.264], "texture": "#main"},
				"west": {"uv": [2.176, 11.264, 3.176, 12.264], "texture": "#main"},
				"up": {"uv": [2.176, 11.264, 3.176, 12.264], "texture": "#main"},
				"down": {"uv": [2.176, 11.264, 3.176, 12.264], "texture": "#main"}
			}
		},
		{
			"name": "Top north",
			"from": [5.5, 6, 10.5],
			"to": [10.5, 7, 11.5],
			"faces": {
				"north": {"uv": [2.176, 11.264, 3.176, 12.264], "texture": "#main"},
				"east": {"uv": [2.176, 11.264, 3.176, 12.264], "texture": "#main"},
				"south": {"uv": [2.176, 11.264, 3.176, 12.264], "texture": "#main"},
				"west": {"uv": [2.176, 11.264, 3.176, 12.264], "texture": "#main"},
				"up": {"uv": [2.176, 11.264, 3.176, 12.264], "texture": "#main"},
				"down": {"uv": [2.176, 11.264, 3.176, 12.264], "texture": "#main"}
			}
		},
		{
			"name": "Top east",
			"from": [10.5, 6, 5.5],
			"to": [11.5, 7, 10.5],
			"faces": {
				"north": {"uv": [2.176, 11.264, 3.176, 12.264], "texture": "#main"},
				"east": {"uv": [2.176, 11.264, 3.176, 12.264], "texture": "#main"},
				"south": {"uv": [2.176, 11.264, 3.176, 12.264], "texture": "#main"},
				"west": {"uv": [2.176, 11.264, 3.176, 12.264], "texture": "#main"},
				"up": {"uv": [2.176, 11.264, 3.176, 12.264], "texture": "#main"},
				"down": {"uv": [2.176, 11.264, 3.176, 12.264], "texture": "#main"}
			}
		},
		{
			"name": "Top south",
			"from": [5.5, 6, 4.5],
			"to": [10.5, 7, 5.5],
			"faces": {
				"north": {"uv": [2.176, 11.264, 3.176, 12.264], "texture": "#main"},
				"east": {"uv": [2.176, 11.264, 3.176, 12.264], "texture": "#main"},
				"south": {"uv": [2.176, 11.264, 3.176, 12.264], "texture": "#main"},
				"west": {"uv": [2.176, 11.264, 3.176, 12.264], "texture": "#main"},
				"up": {"uv": [2.176, 11.264, 3.176, 12.264], "texture": "#main"},
				"down": {"uv": [2.176, 11.264, 3.176, 12.264], "texture": "#main"}
			}
		},
		{
			"name": "Top west",
			"from": [4.5, 6, 5.5],
			"to": [5.5, 7, 10.5],
			"faces": {
				"north": {"uv": [2.176, 11.264, 3.176, 12.264], "texture": "#main"},
				"east": {"uv": [2.176, 11.264, 3.176, 12.264], "texture": "#main"},
				"south": {"uv": [2.176, 11.264, 3.176, 12.264], "texture": "#main"},
				"west": {"uv": [2.176, 11.264, 3.176, 12.264], "texture": "#main"},
				"up": {"uv": [2.176, 11.264, 3.176, 12.264], "texture": "#main"},
				"down": {"uv": [2.176, 11.264, 3.176, 12.264], "texture": "#main"}
			}
		},
		{
			"name": "Top north",
			"from": [5.5, 0, 10.5],
			"to": [10.5, 1, 11.5],
			"faces": {
				"north": {"uv": [2.176, 11.264, 3.176, 12.264], "texture": "#main"},
				"east": {"uv": [2.176, 11.264, 3.176, 12.264], "texture": "#main"},
				"south": {"uv": [2.176, 11.264, 3.176, 12.264], "texture": "#main"},
				"west": {"uv": [2.176, 11.264, 3.176, 12.264], "texture": "#main"},
				"up": {"uv": [2.176, 11.264, 3.176, 12.264], "texture": "#main"},
				"down": {"uv": [2.176, 11.264, 3.176, 12.264], "texture": "#main"}
			}
		},
		{
			"name": "Top west",
			"from": [4.5, 0, 5.5],
			"to": [5.5, 1, 10.5],
			"faces": {
				"north": {"uv": [2.176, 11.264, 3.176, 12.264], "texture": "#main"},
				"east": {"uv": [2.176, 11.264, 3.176, 12.264], "texture": "#main"},
				"south": {"uv": [2.176, 11.264, 3.176, 12.264], "texture": "#main"},
				"west": {"uv": [2.176, 11.264, 3.176, 12.264], "texture": "#main"},
				"up": {"uv": [2.176, 11.264, 3.176, 12.264], "texture": "#main"},
				"down": {"uv": [2.176, 11.264, 3.176, 12.264], "texture": "#main"}
			}
		},
		{
			"name": "Top south",
			"from": [5.5, 0, 4.5],
			"to": [10.5, 1, 5.5],
			"faces": {
				"north": {"uv": [2.176, 11.264, 3.176, 12.264], "texture": "#main"},
				"east": {"uv": [2.176, 11.264, 3.176, 12.264], "texture": "#main"},
				"south": {"uv": [2.176, 11.264, 3.176, 12.264], "texture": "#main"},
				"west": {"uv": [2.176, 11.264, 3.176, 12.264], "texture": "#main"},
				"up": {"uv": [2.176, 11.264, 3.176, 12.264], "texture": "#main"},
				"down": {"uv": [2.176, 11.264, 3.176, 12.264], "texture": "#main"}
			}
		},
		{
			"name": "Top east",
			"from": [10.5, 0, 5.5],
			"to": [11.5, 1, 10.5],
			"faces": {
				"north": {"uv": [2.176, 11.264, 3.176, 12.264], "texture": "#main"},
				"east": {"uv": [2.176, 11.264, 3.176, 12.264], "texture": "#main"},
				"south": {"uv": [2.176, 11.264, 3.176, 12.264], "texture": "#main"},
				"west": {"uv": [2.176, 11.264, 3.176, 12.264], "texture": "#main"},
				"up": {"uv": [2.176, 11.264, 3.176, 12.264], "texture": "#main"},
				"down": {"uv": [2.176, 11.264, 3.176, 12.264], "texture": "#main"}
			}
		},
		{
			"name": "Top north-west",
			"from": [5.5, 6, 5.5],
			"to": [6.5, 7, 6.5],
			"faces": {
				"north": {"uv": [2.176, 11.264, 3.176, 12.264], "texture": "#main"},
				"east": {"uv": [2.176, 11.264, 3.176, 12.264], "texture": "#main"},
				"south": {"uv": [2.176, 11.264, 3.176, 12.264], "texture": "#main"},
				"west": {"uv": [2.176, 11.264, 3.176, 12.264], "texture": "#main"},
				"up": {"uv": [2.176, 11.264, 3.176, 12.264], "texture": "#main"},
				"down": {"uv": [2.176, 11.264, 3.176, 12.264], "texture": "#main"}
			}
		},
		{
			"name": "Top north-east",
			"from": [9.5, 6, 5.5],
			"to": [10.5, 7, 6.5],
			"faces": {
				"north": {"uv": [2.176, 11.264, 3.176, 12.264], "texture": "#main"},
				"east": {"uv": [2.176, 11.264, 3.176, 12.264], "texture": "#main"},
				"south": {"uv": [2.176, 11.264, 3.176, 12.264], "texture": "#main"},
				"west": {"uv": [2.176, 11.264, 3.176, 12.264], "texture": "#main"},
				"up": {"uv": [2.176, 11.264, 3.176, 12.264], "texture": "#main"},
				"down": {"uv": [2.176, 11.264, 3.176, 12.264], "texture": "#main"}
			}
		},
		{
			"name": "Top south-east",
			"from": [9.5, 6, 9.5],
			"to": [10.5, 7, 10.5],
			"faces": {
				"north": {"uv": [2.176, 11.264, 3.176, 12.264], "texture": "#main"},
				"east": {"uv": [2.176, 11.264, 3.176, 12.264], "texture": "#main"},
				"south": {"uv": [2.176, 11.264, 3.176, 12.264], "texture": "#main"},
				"west": {"uv": [2.176, 11.264, 3.176, 12.264], "texture": "#main"},
				"up": {"uv": [2.176, 11.264, 3.176, 12.264], "texture": "#main"},
				"down": {"uv": [2.176, 11.264, 3.176, 12.264], "texture": "#main"}
			}
		},
		{
			"name": "Top south-west",
			"from": [5.5, 6, 9.5],
			"to": [6.5, 7, 10.5],
			"faces": {
				"north": {"uv": [2.176, 11.264, 3.176, 12.264], "texture": "#main"},
				"east": {"uv": [2.176, 11.264, 3.176, 12.264], "texture": "#main"},
				"south": {"uv": [2.176, 11.264, 3.176, 12.264], "texture": "#main"},
				"west": {"uv": [2.176, 11.264, 3.176, 12.264], "texture": "#main"},
				"up": {"uv": [2.176, 11.264, 3.176, 12.264], "texture": "#main"},
				"down": {"uv": [2.176, 11.264, 3.176, 12.264], "texture": "#main"}
			}
		},
		{
			"name": "Top north-east",
			"from": [7.5, 7, 7.5],
			"to": [8.5, 11, 8.5],
			"faces": {
				"north": {"uv": [1.024, 8.32, 2.75373, 10.21189], "texture": "#main"},
				"east": {"uv": [1.024, 8.32, 2.75373, 10.21189], "texture": "#main"},
				"south": {"uv": [1.024, 8.32, 2.75373, 10.21189], "texture": "#main"},
				"west": {"uv": [1.024, 8.32, 2.75373, 10.21189], "texture": "#main"},
				"up": {"uv": [1.024, 8.32, 2.75373, 10.21189], "texture": "#main"},
				"down": {"uv": [1.024, 8.32, 2.75373, 10.21189], "texture": "#main"}
			}
		},
		{
			"name": "Top north-east",
			"from": [6, 10, 7.75],
			"to": [7.5, 10.5, 8.25],
			"faces": {
				"north": {"uv": [2.176, 2.944, 3.90573, 4.83589], "texture": "#main"},
				"east": {"uv": [2.176, 2.944, 3.90573, 4.83589], "texture": "#main"},
				"south": {"uv": [2.176, 2.944, 3.90573, 4.83589], "texture": "#main"},
				"west": {"uv": [2.176, 2.944, 3.90573, 4.83589], "texture": "#main"},
				"up": {"uv": [2.176, 2.944, 3.90573, 4.83589], "texture": "#main"},
				"down": {"uv": [2.176, 2.944, 3.90573, 4.83589], "texture": "#main"}
			}
		},
		{
			"name": "Top north-east",
			"from": [5.5, 10.5, 7.75],
			"to": [7.5, 11, 8.25],
			"faces": {
				"north": {"uv": [2.048, 2.944, 3.77773, 4.83589], "texture": "#main"},
				"east": {"uv": [2.048, 2.944, 3.77773, 4.83589], "texture": "#main"},
				"south": {"uv": [2.048, 2.944, 3.77773, 4.83589], "texture": "#main"},
				"west": {"uv": [2.048, 2.944, 3.77773, 4.83589], "texture": "#main"},
				"up": {"uv": [2.048, 2.944, 3.77773, 4.83589], "texture": "#main"},
				"down": {"uv": [2.048, 2.944, 3.77773, 4.83589], "texture": "#main"}
			}
		},
		{
			"name": "Top north-east",
			"from": [5, 11, 7.75],
			"to": [7, 11.5, 8.25],
			"faces": {
				"north": {"uv": [2.048, 2.944, 3.77773, 4.83589], "texture": "#main"},
				"east": {"uv": [2.048, 2.944, 3.77773, 4.83589], "texture": "#main"},
				"south": {"uv": [2.048, 2.944, 3.77773, 4.83589], "texture": "#main"},
				"west": {"uv": [2.048, 2.944, 3.77773, 4.83589], "texture": "#main"},
				"up": {"uv": [2.048, 2.944, 3.77773, 4.83589], "texture": "#main"},
				"down": {"uv": [2.048, 2.944, 3.77773, 4.83589], "texture": "#main"}
			}
		}
	],
	"display": {
		"thirdperson_righthand": {
			"rotation": [22.5, 0, 0],
			"scale": [0.625, 0.625, 0.625]
		},
		"thirdperson_lefthand": {
			"rotation": [59, -69, 0],
			"translation": [-5.5, 2, 18.5],
			"scale": [0.625, 0.625, 0.625]
		},
		"firstperson_righthand": {
			"translation": [-2.5, 4, 4],
			"scale": [0.4, 0.4, 0.4]
		},
		"firstperson_lefthand": {
			"rotation": [0, 90, 0],
			"translation": [-2.5, 4, 4],
			"scale": [0.4, 0.4, 0.4]
		},
		"ground": {
			"translation": [0, 3, 0],
			"scale": [0.5, 0.5, 0.5]
		},
		"gui": {
			"rotation": [15, -28, 0],
			"translation": [0, 2.5, 0]
		},
		"head": {
			"rotation": [0, 180, 0],
			"translation": [0, 14.5, 0]
		},
		"fixed": {
			"rotation": [-20, 159, 0],
			"translation": [0, 1, -2.75],
			"scale": [1.125, 1.125, 1.125]
		}
	}
}