{
	"credit": "Made with Blockbench",
	"textures": {
		"particle": "item/bow/19",
		"texture": "item/bow/19"
	},
	"elements": [
		{
			"name": "Voxels",
			"from": [2.5, -8, 5.5],
			"to": [5, -6.5, 6],
			"faces": {
				"north": {"uv": [7.25, 15.25, 6, 16], "texture": "#texture"},
				"east": {"uv": [2, 8, 1.75, 8.75], "texture": "#texture"},
				"south": {"uv": [7.25, 15.25, 8.5, 16], "texture": "#texture"},
				"west": {"uv": [2, 8.75, 2.25, 9.5], "texture": "#texture"},
				"up": {"uv": [11, 13.25, 12.25, 13], "texture": "#texture"},
				"down": {"uv": [9.75, 13.25, 11, 13.5], "texture": "#texture"}
			}
		},
		{
			"name": "Voxels",
			"from": [2.5, -7, 5],
			"to": [5, -6, 5.5],
			"faces": {
				"north": {"uv": [15, 15.5, 13.75, 16], "texture": "#texture"},
				"east": {"uv": [1.75, 1.25, 1.5, 1.75], "texture": "#texture"},
				"south": {"uv": [13.75, 15, 15, 15.5], "texture": "#texture"},
				"west": {"uv": [15.75, 14.25, 16, 14.75], "texture": "#texture"},
				"up": {"uv": [13.75, 15, 15, 14.75], "texture": "#texture"},
				"down": {"uv": [12.5, 14.75, 13.75, 15], "texture": "#texture"}
			}
		},
		{
			"name": "Voxels",
			"from": [2.5, -0.5, 8.5],
			"to": [5, 0.5, 9],
			"faces": {
				"north": {"uv": [6.75, 14.25, 5.5, 14.75], "texture": "#texture"},
				"east": {"uv": [3, 0.25, 2.75, 0.75], "texture": "#texture"},
				"south": {"uv": [7.25, 14.75, 8.5, 15.25], "texture": "#texture"},
				"west": {"uv": [3, 12.25, 3.25, 12.75], "texture": "#texture"},
				"up": {"uv": [12.25, 13.5, 13.5, 13.25], "texture": "#texture"},
				"down": {"uv": [6, 13.25, 7.25, 13.5], "texture": "#texture"}
			}
		},
		{
			"name": "Voxels",
			"from": [2.5, 0, 9],
			"to": [5, 2.5, 9.5],
			"faces": {
				"north": {"uv": [4.75, 14.75, 3.5, 16], "texture": "#texture"},
				"east": {"uv": [0.5, 0, 0.25, 1.25], "texture": "#texture"},
				"south": {"uv": [4.75, 14.75, 6, 16], "texture": "#texture"},
				"west": {"uv": [0, 0, 0.25, 1.25], "texture": "#texture"},
				"up": {"uv": [7.25, 13.5, 8.5, 13.25], "texture": "#texture"},
				"down": {"uv": [6, 13, 7.25, 13.25], "texture": "#texture"}
			}
		},
		{
			"name": "Voxels",
			"from": [2.5, 2, 8.5],
			"to": [5, 3, 9],
			"faces": {
				"north": {"uv": [11, 14.75, 9.75, 15.25], "texture": "#texture"},
				"east": {"uv": [2.5, 1.75, 2.25, 2.25], "texture": "#texture"},
				"south": {"uv": [12.5, 15.5, 13.75, 16], "texture": "#texture"},
				"west": {"uv": [2.5, 1.75, 2.75, 2.25], "texture": "#texture"},
				"up": {"uv": [12.25, 13.25, 13.5, 13], "texture": "#texture"},
				"down": {"uv": [7.25, 13, 8.5, 13.25], "texture": "#texture"}
			}
		},
		{
			"name": "Voxels",
			"from": [2.5, 12.5, 8.5],
			"to": [5, 13.5, 9],
			"faces": {
				"north": {"uv": [9.75, 14.75, 8.5, 15.25], "texture": "#texture"},
				"east": {"uv": [2, 1.25, 1.75, 1.75], "texture": "#texture"},
				"south": {"uv": [6, 14.75, 7.25, 15.25], "texture": "#texture"},
				"west": {"uv": [2, 1.25, 2.25, 1.75], "texture": "#texture"},
				"up": {"uv": [13.5, 13.5, 14.75, 13.25], "texture": "#texture"},
				"down": {"uv": [8.5, 13.25, 9.75, 13.5], "texture": "#texture"}
			}
		},
		{
			"name": "Voxels",
			"from": [2.5, 13, 9],
			"to": [5, 15.5, 9.5],
			"faces": {
				"north": {"uv": [3.5, 14.75, 2.25, 16], "texture": "#texture"},
				"east": {"uv": [1, 0.25, 0.75, 1.5], "texture": "#texture"},
				"south": {"uv": [1, 14.75, 2.25, 16], "texture": "#texture"},
				"west": {"uv": [0.5, 0.25, 0.75, 1.5], "texture": "#texture"},
				"up": {"uv": [3.5, 13, 4.75, 12.75], "texture": "#texture"},
				"down": {"uv": [2.25, 12.75, 3.5, 13], "texture": "#texture"}
			}
		},
		{
			"name": "Voxels",
			"from": [2.5, 15, 8.5],
			"to": [5, 16, 9],
			"faces": {
				"north": {"uv": [13.75, 15, 12.5, 15.5], "texture": "#texture"},
				"east": {"uv": [1.75, 4.25, 1.5, 4.75], "texture": "#texture"},
				"south": {"uv": [1.75, 14.25, 3, 14.75], "texture": "#texture"},
				"west": {"uv": [1.5, 2.75, 1.75, 3.25], "texture": "#texture"},
				"up": {"uv": [14.75, 13.5, 16, 13.25], "texture": "#texture"},
				"down": {"uv": [11, 13.25, 12.25, 13.5], "texture": "#texture"}
			}
		},
		{
			"name": "Voxels",
			"from": [2.5, 21.5, 5],
			"to": [5, 22.5, 5.5],
			"faces": {
				"north": {"uv": [4.25, 14.25, 3, 14.75], "texture": "#texture"},
				"east": {"uv": [2.5, 0.25, 2.25, 0.75], "texture": "#texture"},
				"south": {"uv": [4.25, 14.25, 5.5, 14.75], "texture": "#texture"},
				"west": {"uv": [2.5, 0.25, 2.75, 0.75], "texture": "#texture"},
				"up": {"uv": [13.5, 13.25, 14.75, 13], "texture": "#texture"},
				"down": {"uv": [9.75, 13, 11, 13.25], "texture": "#texture"}
			}
		},
		{
			"name": "Voxels",
			"from": [2.5, 22, 5.5],
			"to": [5, 23.5, 6],
			"faces": {
				"north": {"uv": [9.75, 15.25, 8.5, 16], "texture": "#texture"},
				"east": {"uv": [2, 7.25, 1.75, 8], "texture": "#texture"},
				"south": {"uv": [9.75, 15.25, 11, 16], "texture": "#texture"},
				"west": {"uv": [2, 8, 2.25, 8.75], "texture": "#texture"},
				"up": {"uv": [14.75, 13.25, 16, 13], "texture": "#texture"},
				"down": {"uv": [8.5, 13, 9.75, 13.25], "texture": "#texture"}
			}
		},
		{
			"name": "Voxels",
			"from": [3, -9, 5.5],
			"to": [4.5, -8, 6],
			"faces": {
				"north": {"uv": [12.5, 13.75, 11.75, 14.25], "texture": "#texture"},
				"east": {"uv": [2.25, 2, 2, 2.5], "texture": "#texture"},
				"south": {"uv": [13.25, 13.75, 14, 14.25], "texture": "#texture"},
				"west": {"uv": [2.25, 0.75, 2.5, 1.25], "texture": "#texture"},
				"up": {"uv": [2.25, 6, 3, 5.75], "texture": "#texture"},
				"down": {"uv": [2.25, 6.5, 3, 6.75], "texture": "#texture"}
			}
		},
		{
			"name": "Voxels",
			"from": [3, -6, 5],
			"to": [4.5, -5, 5.5],
			"faces": {
				"north": {"uv": [4.5, 13, 3.75, 13.5], "texture": "#texture"},
				"east": {"uv": [3, 1.75, 2.75, 2.25], "texture": "#texture"},
				"south": {"uv": [12.5, 13.75, 13.25, 14.25], "texture": "#texture"},
				"west": {"uv": [2, 3, 2.25, 3.5], "texture": "#texture"},
				"up": {"uv": [2.25, 5, 3, 4.75], "texture": "#texture"},
				"down": {"uv": [2.25, 5.5, 3, 5.75], "texture": "#texture"}
			}
		},
		{
			"name": "Voxels",
			"from": [3, -5.5, 5.5],
			"to": [4.5, -4, 6],
			"faces": {
				"north": {"uv": [4.75, 13.5, 4, 14.25], "texture": "#texture"},
				"east": {"uv": [2, 5, 1.75, 5.75], "texture": "#texture"},
				"south": {"uv": [2.5, 13.5, 3.25, 14.25], "texture": "#texture"},
				"west": {"uv": [2, 5.75, 2.25, 6.5], "texture": "#texture"},
				"up": {"uv": [2.25, 4, 3, 3.75], "texture": "#texture"},
				"down": {"uv": [2.25, 4.5, 3, 4.75], "texture": "#texture"}
			}
		},
		{
			"name": "Voxels",
			"from": [3, -4.5, 6],
			"to": [4.5, -3, 6.5],
			"faces": {
				"north": {"uv": [1.75, 0.5, 1, 1.25], "texture": "#texture"},
				"east": {"uv": [2, 3.5, 1.75, 4.25], "texture": "#texture"},
				"south": {"uv": [4.75, 13.5, 5.5, 14.25], "texture": "#texture"},
				"west": {"uv": [2, 4.25, 2.25, 5], "texture": "#texture"},
				"up": {"uv": [2.25, 3.5, 3, 3.25], "texture": "#texture"},
				"down": {"uv": [2.25, 3.5, 3, 3.75], "texture": "#texture"}
			}
		},
		{
			"name": "Voxels",
			"from": [3, -3.5, 6.5],
			"to": [4.5, -2.5, 7],
			"faces": {
				"north": {"uv": [3, 13, 2.25, 13.5], "texture": "#texture"},
				"east": {"uv": [2.75, 2.25, 2.5, 2.75], "texture": "#texture"},
				"south": {"uv": [3, 13, 3.75, 13.5], "texture": "#texture"},
				"west": {"uv": [2.75, 2.25, 3, 2.75], "texture": "#texture"},
				"up": {"uv": [11.75, 15, 12.5, 14.75], "texture": "#texture"},
				"down": {"uv": [11, 14.75, 11.75, 15], "texture": "#texture"}
			}
		},
		{
			"name": "Voxels",
			"from": [3, -3, 7],
			"to": [4.5, -2, 7.5],
			"faces": {
				"north": {"uv": [5.25, 13, 4.5, 13.5], "texture": "#texture"},
				"east": {"uv": [2.5, 2.75, 2.25, 3.25], "texture": "#texture"},
				"south": {"uv": [5.25, 13, 6, 13.5], "texture": "#texture"},
				"west": {"uv": [2.5, 2.75, 2.75, 3.25], "texture": "#texture"},
				"up": {"uv": [12.5, 13.75, 13.25, 13.5], "texture": "#texture"},
				"down": {"uv": [11.75, 13.5, 12.5, 13.75], "texture": "#texture"}
			}
		},
		{
			"name": "Voxels",
			"from": [3, -2.5, 7.5],
			"to": [4.5, -1.5, 8],
			"faces": {
				"north": {"uv": [15, 14.25, 14.25, 14.75], "texture": "#texture"},
				"east": {"uv": [2, 0.25, 1.75, 0.75], "texture": "#texture"},
				"south": {"uv": [15, 14.25, 15.75, 14.75], "texture": "#texture"},
				"west": {"uv": [2, 0.25, 2.25, 0.75], "texture": "#texture"},
				"up": {"uv": [14, 13.75, 14.75, 13.5], "texture": "#texture"},
				"down": {"uv": [13.25, 13.5, 14, 13.75], "texture": "#texture"}
			}
		},
		{
			"name": "Voxels",
			"from": [3, -2, 8],
			"to": [4.5, -0.5, 8.5],
			"faces": {
				"north": {"uv": [7, 13.5, 6.25, 14.25], "texture": "#texture"},
				"east": {"uv": [2, 10.25, 1.75, 11], "texture": "#texture"},
				"south": {"uv": [5.5, 13.5, 6.25, 14.25], "texture": "#texture"},
				"west": {"uv": [15.75, 15.25, 16, 16], "texture": "#texture"},
				"up": {"uv": [14.75, 13.75, 15.5, 13.5], "texture": "#texture"},
				"down": {"uv": [15.25, 12.75, 16, 13], "texture": "#texture"}
			}
		},
		{
			"name": "Voxels",
			"from": [3, -1, 8.5],
			"to": [4.5, -0.5, 9],
			"faces": {
				"north": {"uv": [7, 12.75, 6.25, 13], "texture": "#texture"},
				"east": {"uv": [3.25, 9.25, 3, 9.5], "texture": "#texture"},
				"south": {"uv": [7, 12.75, 7.75, 13], "texture": "#texture"},
				"west": {"uv": [3, 7, 3.25, 7.25], "texture": "#texture"},
				"up": {"uv": [5.5, 13, 6.25, 12.75], "texture": "#texture"},
				"down": {"uv": [4.75, 12.75, 5.5, 13], "texture": "#texture"}
			}
		},
		{
			"name": "Voxels",
			"from": [3, 3, 8],
			"to": [4.5, 4.5, 8.5],
			"faces": {
				"north": {"uv": [4, 13.5, 3.25, 14.25], "texture": "#texture"},
				"east": {"uv": [2, 9.5, 1.75, 10.25], "texture": "#texture"},
				"south": {"uv": [1.75, 13.5, 2.5, 14.25], "texture": "#texture"},
				"west": {"uv": [2, 10.25, 2.25, 11], "texture": "#texture"},
				"up": {"uv": [8.5, 13, 9.25, 12.75], "texture": "#texture"},
				"down": {"uv": [7.75, 12.75, 8.5, 13], "texture": "#texture"}
			}
		},
		{
			"name": "Voxels",
			"from": [3, 3, 8.5],
			"to": [4.5, 3.5, 9],
			"faces": {
				"north": {"uv": [11.5, 12.75, 10.75, 13], "texture": "#texture"},
				"east": {"uv": [2.75, 0, 2.5, 0.25], "texture": "#texture"},
				"south": {"uv": [11.5, 12.75, 12.25, 13], "texture": "#texture"},
				"west": {"uv": [2.75, 0, 3, 0.25], "texture": "#texture"},
				"up": {"uv": [10, 13, 10.75, 12.75], "texture": "#texture"},
				"down": {"uv": [9.25, 12.75, 10, 13], "texture": "#texture"}
			}
		},
		{
			"name": "Voxels",
			"from": [3, 4, 7.5],
			"to": [4.5, 8, 8],
			"faces": {
				"north": {"uv": [1.75, 10.75, 1, 12.75], "texture": "#texture"},
				"east": {"uv": [0.25, 1.25, 0, 3.25], "texture": "#texture"},
				"south": {"uv": [1, 12.75, 1.75, 14.75], "texture": "#texture"},
				"west": {"uv": [0.25, 1.25, 0.5, 3.25], "texture": "#texture"},
				"up": {"uv": [13, 13, 13.75, 12.75], "texture": "#texture"},
				"down": {"uv": [12.25, 12.75, 13, 13], "texture": "#texture"}
			}
		},
		{
			"name": "Voxels",
			"from": [3, 4.5, 7],
			"to": [4.5, 8, 7.5],
			"faces": {
				"north": {"uv": [1.75, 7.25, 1, 9], "texture": "#texture"},
				"east": {"uv": [1, 1.5, 0.75, 3.25], "texture": "#texture"},
				"south": {"uv": [1, 9, 1.75, 10.75], "texture": "#texture"},
				"west": {"uv": [0.5, 1.5, 0.75, 3.25], "texture": "#texture"},
				"up": {"uv": [14.5, 13, 15.25, 12.75], "texture": "#texture"},
				"down": {"uv": [13.75, 12.75, 14.5, 13], "texture": "#texture"}
			}
		},
		{
			"name": "Voxels",
			"from": [3, 6, 8],
			"to": [4.5, 8, 8.5],
			"faces": {
				"north": {"uv": [12.5, 15, 11.75, 16], "texture": "#texture"},
				"east": {"uv": [1.75, 1.75, 1.5, 2.75], "texture": "#texture"},
				"south": {"uv": [11, 15, 11.75, 16], "texture": "#texture"},
				"west": {"uv": [1.5, 3.25, 1.75, 4.25], "texture": "#texture"},
				"up": {"uv": [2.25, 12.5, 3, 12.25], "texture": "#texture"},
				"down": {"uv": [2.25, 12.5, 3, 12.75], "texture": "#texture"}
			}
		},
		{
			"name": "Voxels",
			"from": [3, 8, 7],
			"to": [4, 11, 8],
			"faces": {
				"north": {"uv": [1.5, 5.75, 1, 7.25], "texture": "#texture"},
				"east": {"uv": [1.5, 2.75, 1, 4.25], "texture": "#texture"},
				"south": {"uv": [1, 4.25, 1.5, 5.75], "texture": "#texture"},
				"west": {"uv": [1, 1.25, 1.5, 2.75], "texture": "#texture"},
				"up": {"uv": [15.5, 14.25, 16, 13.75], "texture": "#texture"},
				"down": {"uv": [1.75, 11, 2.25, 11.5], "texture": "#texture"}
			}
		},
		{
			"name": "Voxels",
			"from": [3, 8, 8],
			"to": [4, 10, 8.5],
			"faces": {
				"north": {"uv": [2.25, 11.5, 1.75, 12.5], "texture": "#texture"},
				"east": {"uv": [1.75, 4.75, 1.5, 5.75], "texture": "#texture"},
				"south": {"uv": [1.75, 12.5, 2.25, 13.5], "texture": "#texture"},
				"west": {"uv": [1.5, 6.25, 1.75, 7.25], "texture": "#texture"},
				"up": {"uv": [1.75, 2, 2.25, 1.75], "texture": "#texture"},
				"down": {"uv": [15.5, 13.5, 16, 13.75], "texture": "#texture"}
			}
		},
		{
			"name": "Voxels",
			"from": [3, 11, 7.5],
			"to": [4.5, 11.5, 8.5],
			"faces": {
				"north": {"uv": [3, 12, 2.25, 12.25], "texture": "#texture"},
				"east": {"uv": [2.25, 2.5, 1.75, 2.75], "texture": "#texture"},
				"south": {"uv": [2.25, 11.75, 3, 12], "texture": "#texture"},
				"west": {"uv": [1.75, 2.75, 2.25, 3], "texture": "#texture"},
				"up": {"uv": [14.75, 14.25, 15.5, 13.75], "texture": "#texture"},
				"down": {"uv": [14, 13.75, 14.75, 14.25], "texture": "#texture"}
			}
		},
		{
			"name": "Voxels",
			"from": [3, 11.5, 8],
			"to": [4.5, 12.5, 8.5],
			"faces": {
				"north": {"uv": [13.5, 14.25, 12.75, 14.75], "texture": "#texture"},
				"east": {"uv": [2.25, 0.75, 2, 1.25], "texture": "#texture"},
				"south": {"uv": [13.5, 14.25, 14.25, 14.75], "texture": "#texture"},
				"west": {"uv": [1.75, 0.75, 2, 1.25], "texture": "#texture"},
				"up": {"uv": [2.25, 11.5, 3, 11.25], "texture": "#texture"},
				"down": {"uv": [2.25, 11.5, 3, 11.75], "texture": "#texture"}
			}
		},
		{
			"name": "Voxels",
			"from": [3, 12, 8.5],
			"to": [4.5, 12.5, 9],
			"faces": {
				"north": {"uv": [3, 10.5, 2.25, 10.75], "texture": "#texture"},
				"east": {"uv": [3.25, 6.25, 3, 6.5], "texture": "#texture"},
				"south": {"uv": [2.25, 10.25, 3, 10.5], "texture": "#texture"},
				"west": {"uv": [3, 6.5, 3.25, 6.75], "texture": "#texture"},
				"up": {"uv": [2.25, 11, 3, 10.75], "texture": "#texture"},
				"down": {"uv": [2.25, 11, 3, 11.25], "texture": "#texture"}
			}
		},
		{
			"name": "Voxels",
			"from": [3, 16, 8],
			"to": [4.5, 17.5, 8.5],
			"faces": {
				"north": {"uv": [15.75, 15.25, 15, 16], "texture": "#texture"},
				"east": {"uv": [2, 8.75, 1.75, 9.5], "texture": "#texture"},
				"south": {"uv": [8.5, 13.5, 9.25, 14.25], "texture": "#texture"},
				"west": {"uv": [2, 9.5, 2.25, 10.25], "texture": "#texture"},
				"up": {"uv": [2.25, 10, 3, 9.75], "texture": "#texture"},
				"down": {"uv": [2.25, 10, 3, 10.25], "texture": "#texture"}
			}
		},
		{
			"name": "Voxels",
			"from": [3, 16, 8.5],
			"to": [4.5, 16.5, 9],
			"faces": {
				"north": {"uv": [3, 9, 2.25, 9.25], "texture": "#texture"},
				"east": {"uv": [3.25, 11.75, 3, 12], "texture": "#texture"},
				"south": {"uv": [2.25, 8.75, 3, 9], "texture": "#texture"},
				"west": {"uv": [3, 12, 3.25, 12.25], "texture": "#texture"},
				"up": {"uv": [2.25, 9.5, 3, 9.25], "texture": "#texture"},
				"down": {"uv": [2.25, 9.5, 3, 9.75], "texture": "#texture"}
			}
		},
		{
			"name": "Voxels",
			"from": [3, 17, 7.5],
			"to": [4.5, 18, 8],
			"faces": {
				"north": {"uv": [11.25, 14.25, 10.5, 14.75], "texture": "#texture"},
				"east": {"uv": [1.75, 5.75, 1.5, 6.25], "texture": "#texture"},
				"south": {"uv": [9.75, 14.25, 10.5, 14.75], "texture": "#texture"},
				"west": {"uv": [15.75, 14.75, 16, 15.25], "texture": "#texture"},
				"up": {"uv": [2.25, 8.5, 3, 8.25], "texture": "#texture"},
				"down": {"uv": [2.25, 8.5, 3, 8.75], "texture": "#texture"}
			}
		},
		{
			"name": "Voxels",
			"from": [3, 17.5, 7],
			"to": [4.5, 18.5, 7.5],
			"faces": {
				"north": {"uv": [9, 14.25, 8.25, 14.75], "texture": "#texture"},
				"east": {"uv": [2, 3, 1.75, 3.5], "texture": "#texture"},
				"south": {"uv": [7.5, 14.25, 8.25, 14.75], "texture": "#texture"},
				"west": {"uv": [2, 3.75, 2.25, 4.25], "texture": "#texture"},
				"up": {"uv": [2.25, 8, 3, 7.75], "texture": "#texture"},
				"down": {"uv": [2.25, 8, 3, 8.25], "texture": "#texture"}
			}
		},
		{
			"name": "Voxels",
			"from": [3, 18, 6.5],
			"to": [4.5, 19, 7],
			"faces": {
				"north": {"uv": [15.75, 14.75, 15, 15.25], "texture": "#texture"},
				"east": {"uv": [3, 1.25, 2.75, 1.75], "texture": "#texture"},
				"south": {"uv": [1, 0, 1.75, 0.5], "texture": "#texture"},
				"west": {"uv": [1.75, 2, 2, 2.5], "texture": "#texture"},
				"up": {"uv": [2.25, 7.5, 3, 7.25], "texture": "#texture"},
				"down": {"uv": [2.25, 7.5, 3, 7.75], "texture": "#texture"}
			}
		},
		{
			"name": "Voxels",
			"from": [3, 18.5, 6],
			"to": [4.5, 20, 6.5],
			"faces": {
				"north": {"uv": [10, 13.5, 9.25, 14.25], "texture": "#texture"},
				"east": {"uv": [2, 6.5, 1.75, 7.25], "texture": "#texture"},
				"south": {"uv": [7.75, 13.5, 8.5, 14.25], "texture": "#texture"},
				"west": {"uv": [2, 7.25, 2.25, 8], "texture": "#texture"},
				"up": {"uv": [2.25, 7, 3, 6.75], "texture": "#texture"},
				"down": {"uv": [2.25, 7, 3, 7.25], "texture": "#texture"}
			}
		},
		{
			"name": "Voxels",
			"from": [3, 19.5, 5.5],
			"to": [4.5, 21, 6],
			"faces": {
				"north": {"uv": [7.75, 13.5, 7, 14.25], "texture": "#texture"},
				"east": {"uv": [2, 5.75, 1.75, 6.5], "texture": "#texture"},
				"south": {"uv": [10, 13.5, 10.75, 14.25], "texture": "#texture"},
				"west": {"uv": [2, 6.5, 2.25, 7.25], "texture": "#texture"},
				"up": {"uv": [2.25, 6.25, 3, 6], "texture": "#texture"},
				"down": {"uv": [2.25, 6.25, 3, 6.5], "texture": "#texture"}
			}
		},
		{
			"name": "Voxels",
			"from": [3, 20.5, 5],
			"to": [4.5, 21.5, 5.5],
			"faces": {
				"north": {"uv": [7.5, 14.25, 6.75, 14.75], "texture": "#texture"},
				"east": {"uv": [2.75, 1.25, 2.5, 1.75], "texture": "#texture"},
				"south": {"uv": [9, 14.25, 9.75, 14.75], "texture": "#texture"},
				"west": {"uv": [2.25, 1.25, 2.5, 1.75], "texture": "#texture"},
				"up": {"uv": [2.25, 5.25, 3, 5], "texture": "#texture"},
				"down": {"uv": [2.25, 5.25, 3, 5.5], "texture": "#texture"}
			}
		},
		{
			"name": "Voxels",
			"from": [3, 23.5, 5.5],
			"to": [4.5, 24.5, 6],
			"faces": {
				"north": {"uv": [12, 14.25, 11.25, 14.75], "texture": "#texture"},
				"east": {"uv": [2.5, 2.25, 2.25, 2.75], "texture": "#texture"},
				"south": {"uv": [12, 14.25, 12.75, 14.75], "texture": "#texture"},
				"west": {"uv": [2.75, 2.75, 3, 3.25], "texture": "#texture"},
				"up": {"uv": [2.25, 4.25, 3, 4], "texture": "#texture"},
				"down": {"uv": [2.25, 4.25, 3, 4.5], "texture": "#texture"}
			}
		},
		{
			"name": "Voxels",
			"from": [3.5, -9.5, 5.5],
			"to": [4, -9, 6],
			"faces": {
				"north": {"uv": [0.75, 0, 0.5, 0.25], "texture": "#texture"},
				"east": {"uv": [2, 0, 1.75, 0.25], "texture": "#texture"},
				"south": {"uv": [0.75, 0, 1, 0.25], "texture": "#texture"},
				"west": {"uv": [2, 3.5, 2.25, 3.75], "texture": "#texture"},
				"up": {"uv": [3, 6, 3.25, 5.75], "texture": "#texture"},
				"down": {"uv": [3, 6, 3.25, 6.25], "texture": "#texture"}
			}
		},
		{
			"name": "Voxels",
			"from": [3.5, -5, 5],
			"to": [4, 20.5, 5.5],
			"faces": {
				"north": {"uv": [0.25, 3.25, 0, 16], "texture": "#texture"},
				"east": {"uv": [0.5, 3.25, 0.25, 16], "texture": "#texture"},
				"south": {"uv": [0.75, 3.25, 1, 16], "texture": "#texture"},
				"west": {"uv": [0.5, 3.25, 0.75, 16], "texture": "#texture"},
				"up": {"uv": [2.25, 0.25, 2.5, 0], "texture": "#texture"},
				"down": {"uv": [2, 0, 2.25, 0.25], "texture": "#texture"}
			}
		},
		{
			"name": "Voxels",
			"from": [3.5, 5.5, 8],
			"to": [4, 6, 8.5],
			"faces": {
				"north": {"uv": [3.25, 11, 3, 11.25], "texture": "#texture"},
				"east": {"uv": [3.25, 10.25, 3, 10.5], "texture": "#texture"},
				"south": {"uv": [3, 10.75, 3.25, 11], "texture": "#texture"},
				"west": {"uv": [3, 10.5, 3.25, 10.75], "texture": "#texture"},
				"up": {"uv": [3, 11.5, 3.25, 11.25], "texture": "#texture"},
				"down": {"uv": [3, 11.5, 3.25, 11.75], "texture": "#texture"}
			}
		},
		{
			"name": "Voxels",
			"from": [3.5, 10, 8],
			"to": [4, 10.5, 8.5],
			"faces": {
				"north": {"uv": [3.25, 9.5, 3, 9.75], "texture": "#texture"},
				"east": {"uv": [3.25, 8.75, 3, 9], "texture": "#texture"},
				"south": {"uv": [3, 6.75, 3.25, 7], "texture": "#texture"},
				"west": {"uv": [3, 9, 3.25, 9.25], "texture": "#texture"},
				"up": {"uv": [3, 10, 3.25, 9.75], "texture": "#texture"},
				"down": {"uv": [3, 10, 3.25, 10.25], "texture": "#texture"}
			}
		},
		{
			"name": "Voxels",
			"from": [3.5, 24.5, 5.5],
			"to": [4, 25, 6],
			"faces": {
				"north": {"uv": [3.25, 8, 3, 8.25], "texture": "#texture"},
				"east": {"uv": [3.25, 7.25, 3, 7.5], "texture": "#texture"},
				"south": {"uv": [3, 7.75, 3.25, 8], "texture": "#texture"},
				"west": {"uv": [3, 7.5, 3.25, 7.75], "texture": "#texture"},
				"up": {"uv": [3, 8.5, 3.25, 8.25], "texture": "#texture"},
				"down": {"uv": [3, 8.5, 3.25, 8.75], "texture": "#texture"}
			}
		},
		{
			"name": "Voxels",
			"from": [4, 9.5, 7],
			"to": [4.5, 11, 8],
			"faces": {
				"north": {"uv": [2.25, 5, 2, 5.75], "texture": "#texture"},
				"east": {"uv": [11.25, 13.5, 10.75, 14.25], "texture": "#texture"},
				"south": {"uv": [1.75, 4.25, 2, 5], "texture": "#texture"},
				"west": {"uv": [11.25, 13.5, 11.75, 14.25], "texture": "#texture"},
				"up": {"uv": [2.5, 1.25, 2.75, 0.75], "texture": "#texture"},
				"down": {"uv": [2.75, 0.75, 3, 1.25], "texture": "#texture"}
			}
		},
		{
			"name": "Voxels",
			"from": [4, 9.5, 8],
			"to": [4.5, 10, 8.5],
			"faces": {
				"north": {"uv": [3.25, 5, 3, 5.25], "texture": "#texture"},
				"east": {"uv": [3.25, 4.25, 3, 4.5], "texture": "#texture"},
				"south": {"uv": [3, 4.75, 3.25, 5], "texture": "#texture"},
				"west": {"uv": [3, 4.5, 3.25, 4.75], "texture": "#texture"},
				"up": {"uv": [3, 5.5, 3.25, 5.25], "texture": "#texture"},
				"down": {"uv": [3, 5.5, 3.25, 5.75], "texture": "#texture"}
			}
		}
	],
	"overrides": [
		{
			"predicate": {
				"pulling": 1
			},
			"model": "item/bow_pulling_0"
		},
		{
			"predicate": {
				"pulling": 1,
				"pull": 0.65
			},
			"model": "item/bow_pulling_1"
		},
		{
			"predicate": {
				"pulling": 1,
				"pull": 0.9
			},
			"model": "item/bow_pulling_2"
		}
	],
	"display": {
		"thirdperson_righthand": {
			"rotation": [0, 180, 0],
			"translation": [-3.478, -1.391, 0],
			"scale": [1, 1, 1.5]
		},
		"thirdperson_lefthand": {
			"rotation": [0, 180, 0],
			"translation": [4.8698, -1.391, 0],
			"scale": [1, 1, 1.5]
		},
		"firstperson_righthand": {
			"rotation": [0, -180, 2],
			"translation": [-2.086, 3.4782, 2.7826],
			"scale": [0.4, 0.4, 0.4]
		},
		"firstperson_lefthand": {
			"rotation": [0, -180, 2],
			"translation": [1.3913, 2.0868, 2.7826],
			"scale": [0.4, 0.4, 0.4]
		},
		"ground": {
			"rotation": [23, 0, 0],
			"translation": [4.2, 2.0869, 0],
			"scale": [0.7, 0.7, 1.2]
		},
		"gui": {
			"rotation": [9, 133, 122],
			"translation": [2.0869, 2.0869, 0],
			"scale": [0.6, 0.6, 0.9478]
		},
		"fixed": {
			"rotation": [-25, -143, -38],
			"translation": [-2.086, -1.391, -1],
			"scale": [0.6, 0.6, 0.9]
		}
	}
}