{
	"credit": "Made with Blockbench",
	"textures": {
		"0": "item/charcoal/1"
	},
	"elements": [
		{
			"from": [5, 0, 3],
			"to": [7, 2, 5],
			"rotation": {"angle": 0, "axis": "y", "origin": [8, 8, 10]},
			"faces": {
				"north": {"uv": [10, 0, 10.5, 0.5], "texture": "#0"},
				"east": {"uv": [10, 0, 12.5, 2.5], "texture": "#0"},
				"south": {"uv": [10, 0, 10.5, 0.5], "texture": "#0"},
				"west": {"uv": [10, 0, 12.5, 2.5], "texture": "#0"},
				"up": {"uv": [10, 0, 10.5, 0.5], "texture": "#0"},
				"down": {"uv": [10, 0, 10.5, 0.5], "texture": "#0"}
			}
		},
		{
			"from": [9, 0, 3],
			"to": [11, 2, 5],
			"rotation": {"angle": 0, "axis": "y", "origin": [8, 8, 10]},
			"faces": {
				"north": {"uv": [10, 0, 10.5, 0.5], "texture": "#0"},
				"east": {"uv": [10, 0, 12.5, 2.5], "texture": "#0"},
				"south": {"uv": [10, 0, 10.5, 0.5], "texture": "#0"},
				"west": {"uv": [10, 0, 12.5, 2.5], "texture": "#0"},
				"up": {"uv": [10, 0, 10.5, 0.5], "texture": "#0"},
				"down": {"uv": [10, 0, 10.5, 0.5], "texture": "#0"}
			}
		},
		{
			"from": [9, 0, 11],
			"to": [11, 2, 13],
			"rotation": {"angle": 0, "axis": "y", "origin": [8, 8, 10]},
			"faces": {
				"north": {"uv": [10, 0, 10.5, 0.5], "texture": "#0"},
				"east": {"uv": [10, 0, 12.5, 2.5], "texture": "#0"},
				"south": {"uv": [10, 0, 10.5, 0.5], "texture": "#0"},
				"west": {"uv": [10, 0, 12.5, 2.5], "texture": "#0"},
				"up": {"uv": [10, 0, 10.5, 0.5], "texture": "#0"},
				"down": {"uv": [10, 0, 10.5, 0.5], "texture": "#0"}
			}
		},
		{
			"from": [5, 0, 11],
			"to": [7, 2, 13],
			"rotation": {"angle": 0, "axis": "y", "origin": [8, 8, 10]},
			"faces": {
				"north": {"uv": [10, 0, 10.5, 0.5], "texture": "#0"},
				"east": {"uv": [10, 0, 12.5, 2.5], "texture": "#0"},
				"south": {"uv": [10, 0, 10.5, 0.5], "texture": "#0"},
				"west": {"uv": [10, 0, 12.5, 2.5], "texture": "#0"},
				"up": {"uv": [10, 0, 10.5, 0.5], "texture": "#0"},
				"down": {"uv": [10, 0, 10.5, 0.5], "texture": "#0"}
			}
		},
		{
			"from": [5.01, 1, 0.8],
			"to": [10.99, 2, 1.8],
			"rotation": {"angle": -22.5, "axis": "x", "origin": [8, 2, 0.8]},
			"faces": {
				"north": {"uv": [0, 4, 9.5, 5.5], "texture": "#0"},
				"east": {"uv": [0, 4, 1, 4.5], "texture": "#0"},
				"south": {"uv": [0, 4, 2, 5], "texture": "#0"},
				"west": {"uv": [0, 4, 0.5, 4.5], "texture": "#0"},
				"up": {"uv": [0, 4.5, 0.5, 5], "texture": "#0"},
				"down": {"uv": [0, 4, 0.5, 4.5], "texture": "#0"}
			}
		},
		{
			"from": [5, 1, 1.3],
			"to": [11, 2, 3],
			"rotation": {"angle": 0, "axis": "y", "origin": [8, 8, 10]},
			"faces": {
				"north": {"uv": [0, 4, 9.5, 5.5], "texture": "#0"},
				"east": {"uv": [12, 3.5, 9, 4.5], "texture": "#0"},
				"south": {"uv": [0, 2, 2, 3], "texture": "#0"},
				"west": {"uv": [9, 3.5, 12, 4.5], "texture": "#0"},
				"up": {"uv": [0, 2, 2, 3], "texture": "#0"},
				"down": {"uv": [8.5, 1.5, 9, 4.5], "texture": "#0"}
			}
		},
		{
			"from": [5.01, 1, 13],
			"to": [10.99, 2, 15],
			"rotation": {"angle": -22.5, "axis": "x", "origin": [8, 2, 13]},
			"faces": {
				"north": {"uv": [0, 2, 2, 3], "texture": "#0"},
				"east": {"uv": [8.5, 2, 9, 4.5], "rotation": 90, "texture": "#0"},
				"south": {"uv": [0, 12, 11, 14], "texture": "#0"},
				"west": {"uv": [8.5, 2, 9, 4.5], "rotation": 270, "texture": "#0"},
				"up": {"uv": [0.5, 1.5, 2.5, 2.5], "texture": "#0"},
				"down": {"uv": [8.5, 3.5, 9, 4.5], "rotation": 180, "texture": "#0"}
			}
		},
		{
			"from": [9, 1, 5],
			"to": [11, 2, 11],
			"rotation": {"angle": 0, "axis": "y", "origin": [8, 8, 10]},
			"faces": {
				"north": {"uv": [0, 0, 0.5, 0.5], "texture": "#0"},
				"east": {"uv": [11.5, 5.5, 5, 7], "texture": "#0"},
				"south": {"uv": [0, 0, 0.5, 0.5], "texture": "#0"},
				"west": {"uv": [5, 5.5, 11.5, 6.5], "texture": "#0"},
				"up": {"uv": [0, 2, 2, 3], "texture": "#0"},
				"down": {"uv": [0, 0, 0.5, 0.5], "texture": "#0"}
			}
		},
		{
			"from": [5, 1, 5],
			"to": [7, 2, 11],
			"rotation": {"angle": 0, "axis": "y", "origin": [8, 8, 10]},
			"faces": {
				"north": {"uv": [0, 0, 0.5, 0.5], "texture": "#0"},
				"east": {"uv": [11.5, 5.5, 5, 7], "texture": "#0"},
				"south": {"uv": [0, 0, 0.5, 0.5], "texture": "#0"},
				"west": {"uv": [5, 5.5, 11.5, 7], "texture": "#0"},
				"up": {"uv": [0, 2, 2, 3], "texture": "#0"},
				"down": {"uv": [0, 0, 0.5, 0.5], "texture": "#0"}
			}
		},
		{
			"from": [7.5, 0.5, 3],
			"to": [8.5, 1.5, 13],
			"rotation": {"angle": 0, "axis": "y", "origin": [8, 8, 10]},
			"faces": {
				"north": {"uv": [5.5, 4.5, 6, 5], "texture": "#0"},
				"east": {"uv": [6, 4.5, 6.5, 5], "texture": "#0"},
				"south": {"uv": [5, 4.5, 5.5, 5], "texture": "#0"},
				"west": {"uv": [6, 4.5, 6.5, 5], "texture": "#0"},
				"up": {"uv": [6, 4.5, 6.5, 5], "texture": "#0"},
				"down": {"uv": [6, 4.5, 6.5, 5], "rotation": 90, "texture": "#0"}
			}
		},
		{
			"from": [5, 2, 1],
			"to": [11, 4, 7],
			"faces": {
				"north": {"uv": [0, 0, 9.5, 2], "texture": "#0"},
				"east": {"uv": [8.5, 2, 0, 4], "texture": "#0"},
				"south": {"uv": [0, 0, 0.5, 0.5], "texture": "#0"},
				"west": {"uv": [0, 2, 8.5, 4], "texture": "#0"},
				"up": {"uv": [4, 0.5, 5.5, 0], "texture": "#0"},
				"down": {"uv": [0, 0, 0.5, 0.5], "texture": "#0"}
			}
		},
		{
			"from": [7, 2, 0.8],
			"to": [9, 4, 1],
			"faces": {
				"north": {"uv": [2.5, 0, 7, 2], "texture": "#0"},
				"east": {"uv": [4.5, 0, 4, 2], "texture": "#0"},
				"south": {"uv": [0, 0, 1, 1], "texture": "#0"},
				"west": {"uv": [5, 0, 5.5, 2], "texture": "#0"},
				"up": {"uv": [0, 0.5, 0.5, 0], "texture": "#0"},
				"down": {"uv": [0, 0, 0.5, 0.5], "texture": "#0"}
			}
		},
		{
			"from": [6, 4, 2],
			"to": [7.6, 4.2, 5],
			"faces": {
				"north": {"uv": [8.5, 2, 9.5, 4], "rotation": 90, "texture": "#0"},
				"east": {"uv": [0.5, 0, 0, 0.5], "texture": "#0"},
				"south": {"uv": [0, 0, 0.5, 0.5], "texture": "#0"},
				"west": {"uv": [0, 0, 0.5, 0.5], "texture": "#0"},
				"up": {"uv": [9.5, 2.5, 10, 0], "texture": "#0"},
				"down": {"uv": [0, 0, 0.5, 0.5], "texture": "#0"}
			}
		},
		{
			"from": [8.4, 4, 2],
			"to": [10, 4.2, 5],
			"faces": {
				"north": {"uv": [8.5, 2, 9.5, 4], "rotation": 90, "texture": "#0"},
				"east": {"uv": [0.5, 0, 0, 0.5], "texture": "#0"},
				"south": {"uv": [0, 0, 0.5, 0.5], "texture": "#0"},
				"west": {"uv": [0, 0, 0.5, 0.5], "texture": "#0"},
				"up": {"uv": [9.5, 2.5, 10, 0], "texture": "#0"},
				"down": {"uv": [0, 0, 0.5, 0.5], "texture": "#0"}
			}
		},
		{
			"from": [5, 2, 10],
			"to": [11, 4, 15],
			"faces": {
				"north": {"uv": [1, 1.5, 2, 2.5], "texture": "#0"},
				"east": {"uv": [14.5, 7, 5, 9], "texture": "#0"},
				"south": {"uv": [0, 9, 11, 12], "texture": "#0"},
				"west": {"uv": [5, 7, 14.5, 9], "texture": "#0"},
				"up": {"uv": [0, 11.5, 6.5, 12], "texture": "#0"},
				"down": {"uv": [0, 2, 1, 3], "texture": "#0"}
			}
		},
		{
			"from": [5, 2, 7],
			"to": [11, 6, 10],
			"faces": {
				"north": {"uv": [0, 0, 0.5, 0.5], "texture": "#0"},
				"east": {"uv": [16, 0, 12.5, 4], "texture": "#0"},
				"south": {"uv": [15.5, 0, 16, 4], "texture": "#0"},
				"west": {"uv": [12.5, 0, 16, 4], "texture": "#0"},
				"up": {"uv": [0, 0, 0.5, 0.5], "texture": "#0"},
				"down": {"uv": [0, 0, 0.5, 0.5], "texture": "#0"}
			}
		},
		{
			"from": [5, 5, 13.6],
			"to": [11, 5.2, 14.6],
			"rotation": {"angle": 0, "axis": "y", "origin": [8, 8, 13]},
			"faces": {
				"north": {"uv": [1.7, 1.5, 1.5, 2.7], "texture": "#0"},
				"east": {"uv": [1.5, 2, 0.5, 3.2], "texture": "#0"},
				"south": {"uv": [1.2, 2, 1, 3.2], "texture": "#0"},
				"west": {"uv": [2, 2, 1, 3.2], "texture": "#0"},
				"up": {"uv": [1.2, 1.5, 1, 2.5], "texture": "#0"},
				"down": {"uv": [1.7, 2, 1.5, 3], "texture": "#0"}
			}
		},
		{
			"from": [5.2, 3.6, 10],
			"to": [10.8, 6, 15],
			"rotation": {"angle": 22.5, "axis": "x", "origin": [8, 6, 10]},
			"faces": {
				"north": {"uv": [0, 0, 0.6, 0.399], "rotation": 180, "texture": "#0"},
				"east": {"uv": [16, 4, 12.5, 6.5], "texture": "#0"},
				"south": {"uv": [0, 0, 1.6, 0.399], "texture": "#0"},
				"west": {"uv": [12.5, 4, 16, 6.5], "texture": "#0"},
				"up": {"uv": [0, 5.5, 5, 9], "texture": "#0"},
				"down": {"uv": [0, 3, 0.6, 4], "rotation": 180, "texture": "#missing"}
			}
		},
		{
			"from": [5.1, 3.8, 6],
			"to": [10.9, 6, 7],
			"rotation": {"angle": 22.5, "axis": "x", "origin": [8, 6, 6]},
			"faces": {
				"north": {"uv": [0, 5.5, 5, 8], "texture": "#0"},
				"east": {"uv": [1, 1.5, 2, 2.7], "texture": "#0"},
				"south": {"uv": [0.5, 1.5, 1.3, 2.2], "texture": "#0"},
				"west": {"uv": [1, 1.5, 2, 2.7], "texture": "#0"},
				"up": {"uv": [1, 2, 1.8, 3], "texture": "#0"},
				"down": {"uv": [1, 1.5, 1.8, 2.5], "texture": "#0"}
			}
		},
		{
			"from": [5, 4, 6],
			"to": [11, 6, 7],
			"rotation": {"angle": 0, "axis": "x", "origin": [8, 6, 6]},
			"faces": {
				"north": {"uv": [0, 5.5, 5, 8], "texture": "#0"},
				"east": {"uv": [14.5, 5, 16, 7], "texture": "#0"},
				"south": {"uv": [0.5, 1.5, 1.3, 2.2], "texture": "#0"},
				"west": {"uv": [16, 5, 14.5, 7], "texture": "#0"},
				"up": {"uv": [1, 2, 1.8, 3], "texture": "#0"},
				"down": {"uv": [1, 1.5, 1.8, 2.5], "texture": "#0"}
			}
		},
		{
			"from": [9.1, 3.8, 13.6],
			"to": [9.3, 5, 14.6],
			"rotation": {"angle": 0, "axis": "x", "origin": [9, 6, 15]},
			"faces": {
				"north": {"uv": [1.7, 1.5, 1.5, 2.7], "texture": "#0"},
				"east": {"uv": [1.5, 2, 0.5, 3.2], "texture": "#0"},
				"south": {"uv": [1.2, 2, 1, 3.2], "texture": "#0"},
				"west": {"uv": [2, 2, 1, 3.2], "texture": "#0"},
				"up": {"uv": [1.2, 1.5, 1, 2.5], "texture": "#0"},
				"down": {"uv": [1.7, 2, 1.5, 3], "texture": "#0"}
			}
		},
		{
			"from": [6.7, 3.8, 13.6],
			"to": [6.9, 5, 14.6],
			"rotation": {"angle": 0, "axis": "x", "origin": [7, 6, 15]},
			"faces": {
				"north": {"uv": [1.7, 1.5, 1.5, 2.7], "texture": "#0"},
				"east": {"uv": [1.5, 2, 0.5, 3.2], "texture": "#0"},
				"south": {"uv": [1.2, 2, 1, 3.2], "texture": "#0"},
				"west": {"uv": [2, 2, 1, 3.2], "texture": "#0"},
				"up": {"uv": [1.2, 1.5, 1, 2.5], "texture": "#0"},
				"down": {"uv": [1.7, 2, 1.5, 3], "texture": "#0"}
			}
		}
	],
	"display": {
		"thirdperson_righthand": {
			"translation": [0, 3.5, 0],
			"scale": [0.5, 0.5, 0.5]
		},
		"thirdperson_lefthand": {
			"translation": [0, 3.5, 0],
			"scale": [0.5, 0.5, 0.5]
		},
		"firstperson_righthand": {
			"translation": [0, 6, 0]
		},
		"firstperson_lefthand": {
			"translation": [0, 6.25, 0]
		},
		"ground": {
			"translation": [0, 0.25, 0],
			"scale": [0.5, 0.5, 0.5]
		},
		"gui": {
			"rotation": [34, 134, 0],
			"translation": [0, 2.5, 0]
		},
		"head": {
			"translation": [0, 14.5, 0]
		},
		"fixed": {
			"rotation": [-90, 0, 0],
			"translation": [0, 0, -8]
		}
	}
}