{
	"credit": "Made with Blockbench",
	"textures": {
		"0": "item/charcoal/27",
		"1": "item/charcoal/27-1",
		"particle": "item/charcoal/27"
	},
	"elements": [
		{
			"from": [2.9, 0, 3],
			"to": [4.9, 2, 5],
			"rotation": {"angle": 0, "axis": "y", "origin": [7, 8, 11]},
			"faces": {
				"north": {"uv": [2, 0, 3, 5], "texture": "#0"},
				"east": {"uv": [0, 0, 2, 2], "texture": "#0"},
				"south": {"uv": [2, 0, 3, 5], "texture": "#0"},
				"west": {"uv": [2, 0, 7, 5], "texture": "#0"},
				"up": {"uv": [2, 0, 3, 5], "texture": "#0"},
				"down": {"uv": [2, 0, 3, 5], "texture": "#0"}
			}
		},
		{
			"from": [11.1, 0, 3],
			"to": [13.1, 2, 5],
			"rotation": {"angle": 0, "axis": "y", "origin": [9, 8, 11]},
			"faces": {
				"north": {"uv": [3, 0, 2, 5], "texture": "#0"},
				"east": {"uv": [7, 0, 2, 5], "texture": "#0"},
				"south": {"uv": [3, 0, 2, 5], "texture": "#0"},
				"west": {"uv": [2, 0, 0, 2], "texture": "#0"},
				"up": {"uv": [3, 0, 2, 5], "texture": "#0"},
				"down": {"uv": [3, 0, 2, 5], "texture": "#0"}
			}
		},
		{
			"from": [2.9, 0, 7],
			"to": [4.9, 2, 9],
			"rotation": {"angle": 0, "axis": "y", "origin": [7, 8, 11]},
			"faces": {
				"north": {"uv": [2, 0, 3, 5], "texture": "#0"},
				"east": {"uv": [0, 0, 2, 2], "texture": "#0"},
				"south": {"uv": [2, 0, 3, 5], "texture": "#0"},
				"west": {"uv": [2, 0, 7, 5], "texture": "#0"},
				"up": {"uv": [2, 0, 3, 5], "texture": "#0"},
				"down": {"uv": [2, 0, 3, 5], "texture": "#0"}
			}
		},
		{
			"from": [11.1, 0, 7],
			"to": [13.1, 2, 9],
			"rotation": {"angle": 0, "axis": "y", "origin": [9, 8, 11]},
			"faces": {
				"north": {"uv": [3, 0, 2, 5], "texture": "#0"},
				"east": {"uv": [7, 0, 2, 5], "texture": "#0"},
				"south": {"uv": [3, 0, 2, 5], "texture": "#0"},
				"west": {"uv": [2, 0, 0, 2], "texture": "#0"},
				"up": {"uv": [3, 0, 2, 5], "texture": "#0"},
				"down": {"uv": [3, 0, 2, 5], "texture": "#0"}
			}
		},
		{
			"from": [2.9, 0, 11],
			"to": [4.9, 2, 13],
			"rotation": {"angle": 0, "axis": "y", "origin": [7, 8, 11]},
			"faces": {
				"north": {"uv": [2, 0, 3, 5], "texture": "#0"},
				"east": {"uv": [0, 0, 2, 2], "texture": "#0"},
				"south": {"uv": [2, 0, 3, 5], "texture": "#0"},
				"west": {"uv": [2, 0, 7, 5], "texture": "#0"},
				"up": {"uv": [2, 0, 3, 5], "texture": "#0"},
				"down": {"uv": [2, 0, 3, 5], "texture": "#0"}
			}
		},
		{
			"from": [11.1, 0, 11],
			"to": [13.1, 2, 13],
			"rotation": {"angle": 0, "axis": "y", "origin": [9, 8, 11]},
			"faces": {
				"north": {"uv": [3, 0, 2, 5], "texture": "#0"},
				"east": {"uv": [7, 0, 2, 5], "texture": "#0"},
				"south": {"uv": [3, 0, 2, 5], "texture": "#0"},
				"west": {"uv": [2, 0, 0, 2], "texture": "#0"},
				"up": {"uv": [3, 0, 2, 5], "texture": "#0"},
				"down": {"uv": [3, 0, 2, 5], "texture": "#0"}
			}
		},
		{
			"from": [6, 1, 2],
			"to": [10, 2, 13],
			"faces": {
				"north": {"uv": [0, 3, 1, 4], "texture": "#0"},
				"east": {"uv": [0, 3, 1, 4], "texture": "#0"},
				"south": {"uv": [0, 3, 1, 4], "texture": "#0"},
				"west": {"uv": [0, 3, 1, 4], "texture": "#0"},
				"up": {"uv": [0, 3, 1, 4], "texture": "#0"},
				"down": {"uv": [0, 3, 1, 4], "texture": "#0"}
			}
		},
		{
			"from": [5.5, 3.3, 1.5],
			"to": [10.5, 3.6, 13.5],
			"faces": {
				"north": {"uv": [1, 2, 2, 7], "rotation": 90, "texture": "#0"},
				"east": {"uv": [0, 2, 1, 3], "texture": "#0"},
				"south": {"uv": [11, 7, 16, 9], "rotation": 180, "texture": "#0"},
				"west": {"uv": [0, 2, 1, 3], "texture": "#0"},
				"up": {"uv": [0, 7, 11, 11], "rotation": 90, "texture": "#0"},
				"down": {"uv": [0, 2, 1, 3], "texture": "#0"}
			}
		},
		{
			"from": [5, 2, 1],
			"to": [11, 3.3, 14],
			"faces": {
				"north": {"uv": [11, 10, 16, 11], "texture": "#0"},
				"east": {"uv": [16, 11, 0, 16], "texture": "#0"},
				"south": {"uv": [11, 7, 16, 11], "texture": "#0"},
				"west": {"uv": [0, 11, 16, 16], "texture": "#0"},
				"up": {"uv": [2, 5, 7, 7], "texture": "#0"},
				"down": {"uv": [0, 3, 1, 4], "texture": "#0"}
			}
		},
		{
			"from": [5, 2.6, 0.9],
			"to": [11, 3.9, 0.9],
			"faces": {
				"north": {"uv": [7, 0, 16, 7], "texture": "#0"},
				"east": {"uv": [0, 0, 0, 1.3], "texture": "#missing"},
				"south": {"uv": [7, 0, 16, 7], "texture": "#0"},
				"west": {"uv": [0, 0, 0, 1.3], "texture": "#missing"},
				"up": {"uv": [0, 0, 6, 0], "texture": "#missing"},
				"down": {"uv": [0, 0, 6, 0], "texture": "#missing"}
			}
		},
		{
			"from": [6, 3.63, 9],
			"to": [10, 5.93, 13],
			"faces": {
				"north": {"uv": [6, 6, 16, 16], "texture": "#1"},
				"east": {"uv": [6, 0, 16, 6], "texture": "#1"},
				"south": {"uv": [6, 6, 16, 8], "texture": "#1"},
				"west": {"uv": [6, 0, 16, 6], "texture": "#1"},
				"up": {"uv": [3, 4, 6, 13], "rotation": 90, "texture": "#1"},
				"down": {"uv": [10, 3, 12, 5], "texture": "#1"}
			}
		},
		{
			"from": [9.95, 3.67, 9.05],
			"to": [6.05, 5.87, 13],
			"faces": {
				"north": {"uv": [6, 6, 16, 16], "texture": "#1"},
				"east": {"uv": [6, 0, 16, 6], "texture": "#1"},
				"south": {"uv": [6, 6, 16, 8], "texture": "#1"},
				"west": {"uv": [6, 0, 16, 6], "texture": "#1"},
				"up": {"uv": [3, 4, 6, 13], "rotation": 90, "texture": "#1"},
				"down": {"uv": [10, 3, 12, 5], "texture": "#1"}
			}
		},
		{
			"from": [2.8, 2.2, 3.5],
			"to": [5, 3, 4.5],
			"rotation": {"angle": 0, "axis": "y", "origin": [8, 8, 9]},
			"faces": {
				"north": {"uv": [0, 2, 2, 3], "texture": "#0"},
				"east": {"uv": [0, 2, 1, 3], "texture": "#0"},
				"south": {"uv": [0, 2, 2, 3], "texture": "#0"},
				"west": {"uv": [0, 2, 1, 3], "texture": "#0"},
				"up": {"uv": [0, 2, 2, 3], "texture": "#0"},
				"down": {"uv": [0, 2, 2, 3], "texture": "#0"}
			}
		},
		{
			"from": [11, 2.2, 3.5],
			"to": [13.2, 3, 4.5],
			"rotation": {"angle": 0, "axis": "y", "origin": [8, 8, 9]},
			"faces": {
				"north": {"uv": [2, 2, 0, 3], "texture": "#0"},
				"east": {"uv": [1, 2, 0, 3], "texture": "#0"},
				"south": {"uv": [2, 2, 0, 3], "texture": "#0"},
				"west": {"uv": [1, 2, 0, 3], "texture": "#0"},
				"up": {"uv": [2, 2, 0, 3], "texture": "#0"},
				"down": {"uv": [2, 2, 0, 3], "texture": "#0"}
			}
		},
		{
			"from": [2.8, 2.2, 7.5],
			"to": [5, 3, 8.5],
			"rotation": {"angle": 0, "axis": "y", "origin": [8, 8, 13]},
			"faces": {
				"north": {"uv": [0, 2, 2, 3], "texture": "#0"},
				"east": {"uv": [0, 2, 1, 3], "texture": "#0"},
				"south": {"uv": [0, 2, 2, 3], "texture": "#0"},
				"west": {"uv": [0, 2, 1, 3], "texture": "#0"},
				"up": {"uv": [0, 2, 2, 3], "texture": "#0"},
				"down": {"uv": [0, 2, 2, 3], "texture": "#0"}
			}
		},
		{
			"from": [11, 2.2, 7.5],
			"to": [13.2, 3, 8.5],
			"rotation": {"angle": 0, "axis": "y", "origin": [8, 8, 13]},
			"faces": {
				"north": {"uv": [2, 2, 0, 3], "texture": "#0"},
				"east": {"uv": [1, 2, 0, 3], "texture": "#0"},
				"south": {"uv": [2, 2, 0, 3], "texture": "#0"},
				"west": {"uv": [1, 2, 0, 3], "texture": "#0"},
				"up": {"uv": [2, 2, 0, 3], "texture": "#0"},
				"down": {"uv": [2, 2, 0, 3], "texture": "#0"}
			}
		},
		{
			"from": [2.8, 2.2, 11.5],
			"to": [5, 3, 12.5],
			"rotation": {"angle": 0, "axis": "y", "origin": [8, 8, 17]},
			"faces": {
				"north": {"uv": [0, 2, 2, 3], "texture": "#0"},
				"east": {"uv": [0, 2, 1, 3], "texture": "#0"},
				"south": {"uv": [0, 2, 2, 3], "texture": "#0"},
				"west": {"uv": [0, 2, 1, 3], "texture": "#0"},
				"up": {"uv": [0, 2, 2, 3], "texture": "#0"},
				"down": {"uv": [0, 2, 2, 3], "texture": "#0"}
			}
		},
		{
			"from": [11, 2.2, 11.5],
			"to": [13.2, 3, 12.5],
			"rotation": {"angle": 0, "axis": "y", "origin": [8, 8, 17]},
			"faces": {
				"north": {"uv": [2, 2, 0, 3], "texture": "#0"},
				"east": {"uv": [1, 2, 0, 3], "texture": "#0"},
				"south": {"uv": [2, 2, 0, 3], "texture": "#0"},
				"west": {"uv": [1, 2, 0, 3], "texture": "#0"},
				"up": {"uv": [2, 2, 0, 3], "texture": "#0"},
				"down": {"uv": [2, 2, 0, 3], "texture": "#0"}
			}
		},
		{
			"from": [2.8, 1, 3.5],
			"to": [2.8, 2.3, 4.5],
			"rotation": {"angle": 0, "axis": "y", "origin": [8, 8, 9]},
			"faces": {
				"north": {"uv": [0, 2, 2, 3], "texture": "#0"},
				"east": {"uv": [0, 2, 1, 3], "texture": "#0"},
				"south": {"uv": [0, 2, 2, 3], "texture": "#0"},
				"west": {"uv": [0, 2, 1, 3], "texture": "#0"},
				"up": {"uv": [0, 2, 2, 3], "texture": "#0"},
				"down": {"uv": [0, 2, 2, 3], "texture": "#0"}
			}
		},
		{
			"from": [13.2, 1, 3.5],
			"to": [13.2, 2.3, 4.5],
			"rotation": {"angle": 0, "axis": "y", "origin": [8, 8, 9]},
			"faces": {
				"north": {"uv": [2, 2, 0, 3], "texture": "#0"},
				"east": {"uv": [1, 2, 0, 3], "texture": "#0"},
				"south": {"uv": [2, 2, 0, 3], "texture": "#0"},
				"west": {"uv": [1, 2, 0, 3], "texture": "#0"},
				"up": {"uv": [2, 2, 0, 3], "texture": "#0"},
				"down": {"uv": [2, 2, 0, 3], "texture": "#0"}
			}
		},
		{
			"from": [2.8, 1, 7.5],
			"to": [2.8, 2.3, 8.5],
			"rotation": {"angle": 0, "axis": "y", "origin": [8, 8, 13]},
			"faces": {
				"north": {"uv": [0, 2, 2, 3], "texture": "#0"},
				"east": {"uv": [0, 2, 1, 3], "texture": "#0"},
				"south": {"uv": [0, 2, 2, 3], "texture": "#0"},
				"west": {"uv": [0, 2, 1, 3], "texture": "#0"},
				"up": {"uv": [0, 2, 2, 3], "texture": "#0"},
				"down": {"uv": [0, 2, 2, 3], "texture": "#0"}
			}
		},
		{
			"from": [13.2, 1, 7.5],
			"to": [13.2, 2.3, 8.5],
			"rotation": {"angle": 0, "axis": "y", "origin": [8, 8, 13]},
			"faces": {
				"north": {"uv": [2, 2, 0, 3], "texture": "#0"},
				"east": {"uv": [1, 2, 0, 3], "texture": "#0"},
				"south": {"uv": [2, 2, 0, 3], "texture": "#0"},
				"west": {"uv": [1, 2, 0, 3], "texture": "#0"},
				"up": {"uv": [2, 2, 0, 3], "texture": "#0"},
				"down": {"uv": [2, 2, 0, 3], "texture": "#0"}
			}
		},
		{
			"from": [2.8, 1, 11.5],
			"to": [2.8, 2.3, 12.5],
			"rotation": {"angle": 0, "axis": "y", "origin": [8, 8, 17]},
			"faces": {
				"north": {"uv": [0, 2, 2, 3], "texture": "#0"},
				"east": {"uv": [0, 2, 1, 3], "texture": "#0"},
				"south": {"uv": [0, 2, 2, 3], "texture": "#0"},
				"west": {"uv": [0, 2, 1, 3], "texture": "#0"},
				"up": {"uv": [0, 2, 2, 3], "texture": "#0"},
				"down": {"uv": [0, 2, 2, 3], "texture": "#0"}
			}
		},
		{
			"from": [13.2, 1, 11.5],
			"to": [13.2, 2.3, 12.5],
			"rotation": {"angle": 0, "axis": "y", "origin": [8, 8, 17]},
			"faces": {
				"north": {"uv": [2, 2, 0, 3], "texture": "#0"},
				"east": {"uv": [1, 2, 0, 3], "texture": "#0"},
				"south": {"uv": [2, 2, 0, 3], "texture": "#0"},
				"west": {"uv": [1, 2, 0, 3], "texture": "#0"},
				"up": {"uv": [2, 2, 0, 3], "texture": "#0"},
				"down": {"uv": [2, 2, 0, 3], "texture": "#0"}
			}
		},
		{
			"from": [6.5, 6, 9.5],
			"to": [9.5, 7, 12.5],
			"rotation": {"angle": 0, "axis": "y", "origin": [15, 8, 7]},
			"faces": {
				"north": {"uv": [8, 6, 14, 7], "texture": "#1"},
				"east": {"uv": [10, 1, 13, 2], "texture": "#1"},
				"south": {"uv": [8, 6, 14, 7], "texture": "#1"},
				"west": {"uv": [9, 1, 12, 2], "texture": "#1"},
				"up": {"uv": [8, 6, 14, 7], "texture": "#1"},
				"down": {"uv": [8, 2, 14, 3], "texture": "#1"}
			}
		},
		{
			"from": [9.45, 6.05, 9.55],
			"to": [6.55, 6.95, 12.45],
			"rotation": {"angle": 0, "axis": "y", "origin": [15, 8, 7]},
			"faces": {
				"north": {"uv": [8, 6, 14, 7], "texture": "#1"},
				"east": {"uv": [10, 1, 13, 2], "texture": "#1"},
				"south": {"uv": [8, 6, 14, 7], "texture": "#1"},
				"west": {"uv": [9, 1, 12, 2], "texture": "#1"},
				"up": {"uv": [8, 6, 14, 7], "texture": "#1"},
				"down": {"uv": [8, 2, 14, 3], "texture": "#1"}
			}
		},
		{
			"from": [7.5, 4.3, 6],
			"to": [8.5, 5.3, 9],
			"rotation": {"angle": 0, "axis": "y", "origin": [15, 8, 7]},
			"faces": {
				"north": {"uv": [3, 13, 6, 16], "texture": "#1"},
				"east": {"uv": [0, 7, 3, 16], "rotation": 90, "texture": "#1"},
				"south": {"uv": [1, 7, 2, 8], "texture": "#1"},
				"west": {"uv": [0, 7, 3, 16], "rotation": 270, "texture": "#1"},
				"up": {"uv": [0, 7, 3, 16], "texture": "#1"},
				"down": {"uv": [0, 16, 3, 7], "texture": "#1"}
			}
		}
	],
	"display": {
		"thirdperson_righthand": {
			"translation": [0, 4, 0],
			"scale": [0.5, 0.5, 0.5]
		},
		"thirdperson_lefthand": {
			"translation": [0, 4, 0],
			"scale": [0.5, 0.5, 0.5]
		},
		"firstperson_righthand": {
			"translation": [0, 6, 0]
		},
		"firstperson_lefthand": {
			"translation": [0, 6.25, 0]
		},
		"ground": {
			"scale": [0.5, 0.5, 0.5]
		},
		"gui": {
			"rotation": [34, 134, 0],
			"translation": [0, 4.5, 0]
		},
		"head": {
			"translation": [0, 14.5, 0]
		},
		"fixed": {
			"rotation": [-90, 0, 0],
			"translation": [0, 0, -8]
		}
	}
}