{
	"credit": "Made with Blockbench",
	"textures": {
		"0": "item/charcoal/37",
		"particle": "item/charcoal/37"
	},
	"elements": [
		{
			"from": [9, 0, 8],
			"to": [11, 2, 10],
			"faces": {
				"north": {"uv": [0, 0, 2, 2], "texture": "#0"},
				"east": {"uv": [2, 0, 7, 5], "texture": "#0"},
				"south": {"uv": [0, 0, 2, 2], "texture": "#0"},
				"west": {"uv": [2, 0, 7, 5], "texture": "#0"},
				"up": {"uv": [0, 0, 2, 2], "texture": "#0"},
				"down": {"uv": [0, 0, 2, 2], "texture": "#0"}
			}
		},
		{
			"from": [5, 0, 8],
			"to": [7, 2, 10],
			"rotation": {"angle": 0, "axis": "y", "origin": [4, 8, 8]},
			"faces": {
				"north": {"uv": [0, 0, 2, 2], "texture": "#0"},
				"east": {"uv": [2, 0, 7, 5], "texture": "#0"},
				"south": {"uv": [0, 0, 2, 2], "texture": "#0"},
				"west": {"uv": [2, 0, 7, 5], "texture": "#0"},
				"up": {"uv": [0, 0, 2, 2], "texture": "#0"},
				"down": {"uv": [0, 0, 2, 2], "texture": "#0"}
			}
		},
		{
			"from": [9, 0, 2],
			"to": [11, 2, 4],
			"faces": {
				"north": {"uv": [0, 0, 2, 2], "texture": "#0"},
				"east": {"uv": [2, 0, 7, 5], "texture": "#0"},
				"south": {"uv": [0, 0, 2, 2], "texture": "#0"},
				"west": {"uv": [2, 0, 7, 5], "texture": "#0"},
				"up": {"uv": [0, 0, 2, 2], "texture": "#0"},
				"down": {"uv": [0, 0, 2, 2], "texture": "#0"}
			}
		},
		{
			"from": [5, 0, 2],
			"to": [7, 2, 4],
			"rotation": {"angle": 0, "axis": "y", "origin": [4, 8, 8]},
			"faces": {
				"north": {"uv": [0, 0, 2, 2], "texture": "#0"},
				"east": {"uv": [2, 0, 7, 5], "texture": "#0"},
				"south": {"uv": [0, 0, 2, 2], "texture": "#0"},
				"west": {"uv": [2, 0, 7, 5], "texture": "#0"},
				"up": {"uv": [0, 0, 2, 2], "texture": "#0"},
				"down": {"uv": [0, 0, 2, 2], "texture": "#0"}
			}
		},
		{
			"from": [5, 0.5, 1],
			"to": [11, 2, 2],
			"faces": {
				"north": {"uv": [7, 2, 14, 3.5], "texture": "#0"},
				"east": {"uv": [0, 2, 2, 3.5], "texture": "#0"},
				"south": {"uv": [0, 2, 2, 3.5], "texture": "#0"},
				"west": {"uv": [0, 2, 2, 3.5], "texture": "#0"},
				"up": {"uv": [0, 2, 2, 3], "texture": "#0"},
				"down": {"uv": [0, 2, 2, 3], "texture": "#0"}
			}
		},
		{
			"from": [5, 0.5, 10],
			"to": [11, 2, 12],
			"faces": {
				"north": {"uv": [0, 2, 2, 3.5], "texture": "#0"},
				"east": {"uv": [0, 2, 2, 3.5], "texture": "#0"},
				"south": {"uv": [0, 2, 2, 3.5], "texture": "#0"},
				"west": {"uv": [0, 2, 2, 3.5], "texture": "#0"},
				"up": {"uv": [0, 2, 2, 3], "texture": "#0"},
				"down": {"uv": [0, 2, 2, 3], "texture": "#0"}
			}
		},
		{
			"from": [5, 0.5, 4],
			"to": [7, 2, 8],
			"faces": {
				"north": {"uv": [0, 2, 2, 3.5], "texture": "#0"},
				"east": {"uv": [0, 2, 2, 3.5], "texture": "#0"},
				"south": {"uv": [0, 2, 2, 3.5], "texture": "#0"},
				"west": {"uv": [0, 2, 2, 3.5], "texture": "#0"},
				"up": {"uv": [0, 2, 2, 3], "texture": "#0"},
				"down": {"uv": [0, 2, 2, 3], "texture": "#0"}
			}
		},
		{
			"from": [9, 0.5, 4],
			"to": [11, 2, 8],
			"faces": {
				"north": {"uv": [0, 2, 2, 3.5], "texture": "#0"},
				"east": {"uv": [0, 2, 2, 3.5], "texture": "#0"},
				"south": {"uv": [0, 2, 2, 3.5], "texture": "#0"},
				"west": {"uv": [0, 2, 2, 3.5], "texture": "#0"},
				"up": {"uv": [0, 2, 2, 3], "texture": "#0"},
				"down": {"uv": [0, 2, 2, 3], "texture": "#0"}
			}
		},
		{
			"from": [7, 0.5, 2],
			"to": [9, 2, 10],
			"faces": {
				"north": {"uv": [0, 2, 2, 3.5], "texture": "#0"},
				"east": {"uv": [0, 2, 2, 3.5], "texture": "#0"},
				"south": {"uv": [0, 2, 2, 3.5], "texture": "#0"},
				"west": {"uv": [0, 2, 1, 3.5], "texture": "#0"},
				"up": {"uv": [0, 0, 2, 8], "texture": "#0"},
				"down": {"uv": [14, 3, 16, 4], "texture": "#0"}
			}
		},
		{
			"from": [5, 2, 1],
			"to": [11, 3, 12],
			"faces": {
				"north": {"uv": [7, 0, 16, 2], "texture": "#0"},
				"east": {"uv": [16, 13, 0, 16], "texture": "#0"},
				"south": {"uv": [7, 4, 16, 7], "texture": "#0"},
				"west": {"uv": [0, 13, 16, 16], "texture": "#0"},
				"up": {"uv": [2, 5, 7, 10], "texture": "#0"},
				"down": {"uv": [0, 0, 1, 1], "texture": "#0"}
			}
		},
		{
			"from": [5, 3, 4],
			"to": [11, 5, 11],
			"faces": {
				"north": {"uv": [7, 7, 16, 11], "texture": "#0"},
				"east": {"uv": [16, 11, 9, 13], "texture": "#0"},
				"south": {"uv": [14, 2, 16, 4], "texture": "#0"},
				"west": {"uv": [9, 11, 16, 13], "texture": "#0"},
				"up": {"uv": [14, 2, 16, 4], "texture": "#0"},
				"down": {"uv": [0, 0, 1, 1], "texture": "#0"}
			}
		},
		{
			"from": [5.05, 1.7, 8.8],
			"to": [10.95, 3.7, 9.8],
			"rotation": {"angle": -22.5, "axis": "x", "origin": [8, 8, 8]},
			"faces": {
				"north": {"uv": [9, 0, 13.9, 2], "texture": "#0"},
				"east": {"uv": [14, 2, 16, 3], "texture": "#0"},
				"south": {"uv": [0, 7, 7.9, 13], "texture": "#0"},
				"west": {"uv": [14, 2, 16, 3], "texture": "#0"},
				"up": {"uv": [14, 2, 15.9, 3], "texture": "#0"},
				"down": {"uv": [7, 4, 15.9, 5], "texture": "#0"}
			}
		}
	],
	"display": {
		"thirdperson_righthand": {
			"translation": [0, 4, 0],
			"scale": [0.5, 0.5, 0.5]
		},
		"thirdperson_lefthand": {
			"translation": [0, 4, 0],
			"scale": [0.5, 0.5, 0.5]
		},
		"firstperson_righthand": {
			"translation": [0, 8, 0]
		},
		"firstperson_lefthand": {
			"translation": [0, 8.25, 0]
		},
		"ground": {
			"scale": [0.5, 0.5, 0.5]
		},
		"gui": {
			"rotation": [34, 134, 0],
			"translation": [0, 4, 0]
		},
		"head": {
			"translation": [0, 14.25, 0]
		},
		"fixed": {
			"rotation": [-90, 0, 0],
			"translation": [0, 3, -8]
		}
	}
}