{
	"credit": "Made with Blockbench",
	"textures": {
		"particle": "item/cod/30",
		"texture": "item/cod/30"
	},
	"elements": [
		{
			"name": "Center top",
			"from": [6.002, 1, 6.002],
			"to": [9.998, 1.5, 9.998],
			"faces": {
				"north": {"uv": [9.24623, 8.92462, 11.41709, 11.8995], "rotation": 180, "texture": "#texture", "cullface": "up"},
				"east": {"uv": [9.24623, 8.92462, 11.41709, 11.8995], "rotation": 180, "texture": "#texture", "cullface": "up"},
				"south": {"uv": [9.24623, 8.92462, 11.41709, 11.8995], "rotation": 180, "texture": "#texture", "cullface": "up"},
				"west": {"uv": [9.24623, 8.92462, 11.41709, 11.8995], "rotation": 180, "texture": "#texture", "cullface": "up"},
				"up": {"uv": [9.24623, 8.92462, 11.41709, 11.8995], "rotation": 180, "texture": "#texture", "cullface": "up"},
				"down": {"uv": [9.24623, 8.92462, 11.41709, 11.8995], "rotation": 180, "texture": "#texture", "cullface": "up"}
			}
		},
		{
			"name": "Center top",
			"from": [6.1, 1, 7.3],
			"to": [9.8, 1.5, 10.7],
			"rotation": {"angle": -22.5, "axis": "x", "origin": [0, 0, 0]},
			"faces": {
				"north": {"uv": [8.20101, 8.92462, 11.41709, 11.8995], "rotation": 180, "texture": "#texture", "cullface": "up"},
				"east": {"uv": [8.20101, 8.92462, 11.41709, 11.8995], "rotation": 180, "texture": "#texture", "cullface": "up"},
				"south": {"uv": [8.20101, 8.92462, 11.41709, 11.8995], "rotation": 180, "texture": "#texture", "cullface": "up"},
				"west": {"uv": [8.20101, 8.92462, 11.41709, 11.8995], "rotation": 180, "texture": "#texture", "cullface": "up"},
				"up": {"uv": [8.20101, 8.92462, 11.41709, 11.8995], "rotation": 180, "texture": "#texture", "cullface": "up"},
				"down": {"uv": [8.20101, 8.92462, 11.41709, 11.8995], "rotation": 180, "texture": "#texture", "cullface": "up"}
			}
		},
		{
			"name": "Center top",
			"from": [5.6, 1, 7.5],
			"to": [6.1, 1.5, 10.2],
			"rotation": {"angle": -22.5, "axis": "x", "origin": [0, 0, 0]},
			"faces": {
				"north": {"uv": [9.24623, 8.92462, 11.41709, 11.8995], "rotation": 180, "texture": "#texture", "cullface": "up"},
				"east": {"uv": [9.24623, 8.92462, 11.41709, 11.8995], "rotation": 180, "texture": "#texture", "cullface": "up"},
				"south": {"uv": [9.24623, 8.92462, 11.41709, 11.8995], "rotation": 180, "texture": "#texture", "cullface": "up"},
				"west": {"uv": [9.24623, 8.92462, 11.41709, 11.8995], "rotation": 180, "texture": "#texture", "cullface": "up"},
				"up": {"uv": [9.24623, 8.92462, 11.41709, 11.8995], "rotation": 180, "texture": "#texture", "cullface": "up"},
				"down": {"uv": [9.24623, 8.92462, 11.41709, 11.8995], "rotation": 180, "texture": "#texture", "cullface": "up"}
			}
		},
		{
			"name": "Center top",
			"from": [6.5, 1, 10.7],
			"to": [9.5, 1.5, 11.2],
			"rotation": {"angle": -22.5, "axis": "x", "origin": [0, 0, 0]},
			"faces": {
				"north": {"uv": [9.24623, 8.92462, 11.41709, 11.8995], "rotation": 180, "texture": "#texture", "cullface": "up"},
				"east": {"uv": [9.24623, 8.92462, 11.41709, 11.8995], "rotation": 180, "texture": "#texture", "cullface": "up"},
				"south": {"uv": [9.24623, 8.92462, 11.41709, 11.8995], "rotation": 180, "texture": "#texture", "cullface": "up"},
				"west": {"uv": [9.24623, 8.92462, 11.41709, 11.8995], "rotation": 180, "texture": "#texture", "cullface": "up"},
				"up": {"uv": [9.24623, 8.92462, 11.41709, 11.8995], "rotation": 180, "texture": "#texture", "cullface": "up"},
				"down": {"uv": [9.24623, 8.92462, 11.41709, 11.8995], "rotation": 180, "texture": "#texture", "cullface": "up"}
			}
		},
		{
			"name": "Center top",
			"from": [6.5, 1, 6.9],
			"to": [9.5, 1.5, 7.4],
			"rotation": {"angle": -22.5, "axis": "x", "origin": [0, 0, 0]},
			"faces": {
				"north": {"uv": [9.24623, 8.92462, 11.41709, 11.8995], "rotation": 180, "texture": "#texture", "cullface": "up"},
				"east": {"uv": [9.24623, 8.92462, 11.41709, 11.8995], "rotation": 180, "texture": "#texture", "cullface": "up"},
				"south": {"uv": [9.24623, 8.92462, 11.41709, 11.8995], "rotation": 180, "texture": "#texture", "cullface": "up"},
				"west": {"uv": [9.24623, 8.92462, 11.41709, 11.8995], "rotation": 180, "texture": "#texture", "cullface": "up"},
				"up": {"uv": [9.24623, 8.92462, 11.41709, 11.8995], "rotation": 180, "texture": "#texture", "cullface": "up"},
				"down": {"uv": [9.24623, 8.92462, 11.41709, 11.8995], "rotation": 180, "texture": "#texture", "cullface": "up"}
			}
		},
		{
			"name": "Center top",
			"from": [9.8, 1, 7.5],
			"to": [10.3, 1.5, 10.2],
			"rotation": {"angle": -22.5, "axis": "x", "origin": [0, 0, 0]},
			"faces": {
				"north": {"uv": [9.24623, 8.92462, 11.41709, 11.8995], "rotation": 180, "texture": "#texture", "cullface": "up"},
				"east": {"uv": [9.24623, 8.92462, 11.41709, 11.8995], "rotation": 180, "texture": "#texture", "cullface": "up"},
				"south": {"uv": [9.24623, 8.92462, 11.41709, 11.8995], "rotation": 180, "texture": "#texture", "cullface": "up"},
				"west": {"uv": [9.24623, 8.92462, 11.41709, 11.8995], "rotation": 180, "texture": "#texture", "cullface": "up"},
				"up": {"uv": [9.24623, 8.92462, 11.41709, 11.8995], "rotation": 180, "texture": "#texture", "cullface": "up"},
				"down": {"uv": [9.24623, 8.92462, 11.41709, 11.8995], "rotation": 180, "texture": "#texture", "cullface": "up"}
			}
		},
		{
			"name": "North center plank 4",
			"from": [6.5, 1, 5.5],
			"to": [9.5, 4, 6],
			"faces": {
				"north": {"uv": [9.24623, 8.92462, 11.41709, 11.8995], "texture": "#texture"},
				"east": {"uv": [9.24623, 8.92462, 11.41709, 11.8995], "texture": "#texture"},
				"south": {"uv": [9.24623, 8.92462, 11.41709, 11.8995], "texture": "#texture"},
				"west": {"uv": [9.24623, 8.92462, 11.41709, 11.8995], "texture": "#texture"},
				"up": {"uv": [9.24623, 8.92462, 11.41709, 11.8995], "texture": "#texture"},
				"down": {"uv": [9.24623, 8.92462, 11.41709, 11.8995], "texture": "#texture"}
			}
		},
		{
			"name": "North center plank 5",
			"from": [6.5, 1, 10],
			"to": [9.5, 4, 10.5],
			"faces": {
				"north": {"uv": [9.24623, 8.92462, 11.41709, 11.8995], "texture": "#texture"},
				"east": {"uv": [9.24623, 8.92462, 11.41709, 11.8995], "texture": "#texture"},
				"south": {"uv": [9.24623, 8.92462, 11.41709, 11.8995], "texture": "#texture"},
				"west": {"uv": [9.24623, 8.92462, 11.41709, 11.8995], "texture": "#texture"},
				"up": {"uv": [9.24623, 8.92462, 11.41709, 11.8995], "texture": "#texture"},
				"down": {"uv": [9.24623, 8.92462, 11.41709, 11.8995], "texture": "#texture"}
			}
		},
		{
			"name": "North center plank 5",
			"from": [6, 1, 6],
			"to": [6.5, 4, 6.5],
			"faces": {
				"north": {"uv": [9.24623, 8.92462, 11.41709, 11.8995], "texture": "#texture"},
				"east": {"uv": [9.24623, 8.92462, 11.41709, 11.8995], "texture": "#texture"},
				"south": {"uv": [9.24623, 8.92462, 11.41709, 11.8995], "texture": "#texture"},
				"west": {"uv": [9.24623, 8.92462, 11.41709, 11.8995], "texture": "#texture"},
				"up": {"uv": [9.24623, 8.92462, 11.41709, 11.8995], "texture": "#texture"},
				"down": {"uv": [9.24623, 8.92462, 11.41709, 11.8995], "texture": "#texture"}
			}
		},
		{
			"name": "North center plank 6",
			"from": [9.5, 1, 6],
			"to": [10, 4, 6.5],
			"faces": {
				"north": {"uv": [9.24623, 8.92462, 11.41709, 11.8995], "texture": "#texture"},
				"east": {"uv": [9.24623, 8.92462, 11.41709, 11.8995], "texture": "#texture"},
				"south": {"uv": [9.24623, 8.92462, 11.41709, 11.8995], "texture": "#texture"},
				"west": {"uv": [9.24623, 8.92462, 11.41709, 11.8995], "texture": "#texture"},
				"up": {"uv": [9.24623, 8.92462, 11.41709, 11.8995], "texture": "#texture"},
				"down": {"uv": [9.24623, 8.92462, 11.41709, 11.8995], "texture": "#texture"}
			}
		},
		{
			"name": "North center plank 7",
			"from": [9.5, 1, 9.5],
			"to": [10, 4, 10],
			"faces": {
				"north": {"uv": [9.24623, 8.92462, 11.41709, 11.8995], "texture": "#texture"},
				"east": {"uv": [9.24623, 8.92462, 11.41709, 11.8995], "texture": "#texture"},
				"south": {"uv": [9.24623, 8.92462, 11.41709, 11.8995], "texture": "#texture"},
				"west": {"uv": [9.24623, 8.92462, 11.41709, 11.8995], "texture": "#texture"},
				"up": {"uv": [9.24623, 8.92462, 11.41709, 11.8995], "texture": "#texture"},
				"down": {"uv": [9.24623, 8.92462, 11.41709, 11.8995], "texture": "#texture"}
			}
		},
		{
			"name": "North center plank 8",
			"from": [6, 1, 9.5],
			"to": [6.5, 4, 10],
			"faces": {
				"north": {"uv": [9.24623, 8.92462, 11.41709, 11.8995], "texture": "#texture"},
				"east": {"uv": [9.24623, 8.92462, 11.41709, 11.8995], "texture": "#texture"},
				"south": {"uv": [9.24623, 8.92462, 11.41709, 11.8995], "texture": "#texture"},
				"west": {"uv": [9.24623, 8.92462, 11.41709, 11.8995], "texture": "#texture"},
				"up": {"uv": [9.24623, 8.92462, 11.41709, 11.8995], "texture": "#texture"},
				"down": {"uv": [9.24623, 8.92462, 11.41709, 11.8995], "texture": "#texture"}
			}
		},
		{
			"name": "East center plank 4",
			"from": [10, 1, 6.5],
			"to": [10.5, 4, 9.5],
			"faces": {
				"north": {"uv": [9.24623, 8.92462, 11.41709, 11.8995], "texture": "#texture"},
				"east": {"uv": [9.24623, 8.92462, 11.41709, 11.8995], "texture": "#texture"},
				"south": {"uv": [9.24623, 8.92462, 11.41709, 11.8995], "texture": "#texture"},
				"west": {"uv": [9.24623, 8.92462, 11.41709, 11.8995], "texture": "#texture"},
				"up": {"uv": [9.24623, 8.92462, 11.41709, 11.8995], "texture": "#texture"},
				"down": {"uv": [9.24623, 8.92462, 11.41709, 11.8995], "texture": "#texture"}
			}
		},
		{
			"name": "West center plank 4",
			"from": [5.5, 1, 6.5],
			"to": [6, 4, 9.5],
			"faces": {
				"north": {"uv": [9.24623, 8.92462, 11.41709, 11.8995], "texture": "#texture"},
				"east": {"uv": [9.24623, 8.92462, 11.41709, 11.8995], "texture": "#texture"},
				"south": {"uv": [9.24623, 8.92462, 11.41709, 11.8995], "texture": "#texture"},
				"west": {"uv": [9.24623, 8.92462, 11.41709, 11.8995], "texture": "#texture"},
				"up": {"uv": [9.24623, 8.92462, 11.41709, 11.8995], "texture": "#texture"},
				"down": {"uv": [9.24623, 8.92462, 11.41709, 11.8995], "texture": "#texture"}
			}
		},
		{
			"from": [7.6, 1.5, 9],
			"to": [8.2, 1.7, 9.2],
			"rotation": {"angle": -22.5, "axis": "x", "origin": [0, 0, 0]},
			"faces": {
				"north": {"uv": [8.52261, 4.74372, 9.32663, 5.62814], "texture": "#texture"},
				"east": {"uv": [8.52261, 4.74372, 9.32663, 5.62814], "texture": "#texture"},
				"south": {"uv": [8.52261, 4.74372, 9.32663, 5.62814], "texture": "#texture"},
				"west": {"uv": [8.52261, 4.74372, 9.32663, 5.62814], "texture": "#texture"},
				"up": {"uv": [8.52261, 4.74372, 9.32663, 5.62814], "texture": "#texture"},
				"down": {"uv": [8.52261, 4.74372, 9.32663, 5.62814], "texture": "#texture"}
			}
		},
		{
			"from": [7.75, 1.5, 9.2],
			"to": [8.05, 1.7, 9.6],
			"rotation": {"angle": -22.5, "axis": "x", "origin": [0, 0, 0]},
			"faces": {
				"north": {"uv": [8.52261, 4.74372, 9.32663, 5.62814], "texture": "#texture"},
				"east": {"uv": [8.52261, 4.74372, 9.32663, 5.62814], "texture": "#texture"},
				"south": {"uv": [8.52261, 4.74372, 9.32663, 5.62814], "texture": "#texture"},
				"west": {"uv": [8.52261, 4.74372, 9.32663, 5.62814], "texture": "#texture"},
				"up": {"uv": [8.52261, 4.74372, 9.32663, 5.62814], "texture": "#texture"},
				"down": {"uv": [8.52261, 4.74372, 9.32663, 5.62814], "texture": "#texture"}
			}
		},
		{
			"from": [7.7, 1.5, 9.8],
			"to": [8.1, 1.7, 9.9],
			"rotation": {"angle": -22.5, "axis": "x", "origin": [0, 0, 0]},
			"faces": {
				"north": {"uv": [8.52261, 4.74372, 9.32663, 5.62814], "texture": "#texture"},
				"east": {"uv": [8.52261, 4.74372, 9.32663, 5.62814], "texture": "#texture"},
				"south": {"uv": [8.52261, 4.74372, 9.32663, 5.62814], "texture": "#texture"},
				"west": {"uv": [8.52261, 4.74372, 9.32663, 5.62814], "texture": "#texture"},
				"up": {"uv": [8.52261, 4.74372, 9.32663, 5.62814], "texture": "#texture"},
				"down": {"uv": [8.52261, 4.74372, 9.32663, 5.62814], "texture": "#texture"}
			}
		},
		{
			"from": [8.1, 1.5, 9.2],
			"to": [8.2, 1.7, 9.8],
			"rotation": {"angle": -22.5, "axis": "x", "origin": [0, 0, 0]},
			"faces": {
				"north": {"uv": [8.52261, 4.74372, 9.32663, 5.62814], "texture": "#texture"},
				"east": {"uv": [8.52261, 4.74372, 9.32663, 5.62814], "texture": "#texture"},
				"south": {"uv": [8.52261, 4.74372, 9.32663, 5.62814], "texture": "#texture"},
				"west": {"uv": [8.52261, 4.74372, 9.32663, 5.62814], "texture": "#texture"},
				"up": {"uv": [8.52261, 4.74372, 9.32663, 5.62814], "texture": "#texture"},
				"down": {"uv": [8.52261, 4.74372, 9.32663, 5.62814], "texture": "#texture"}
			}
		},
		{
			"from": [7.6, 1.5, 9.2],
			"to": [7.7, 1.7, 9.8],
			"rotation": {"angle": -22.5, "axis": "x", "origin": [0, 0, 0]},
			"faces": {
				"north": {"uv": [8.52261, 4.74372, 9.32663, 5.62814], "texture": "#texture"},
				"east": {"uv": [8.52261, 4.74372, 9.32663, 5.62814], "texture": "#texture"},
				"south": {"uv": [8.52261, 4.74372, 9.32663, 5.62814], "texture": "#texture"},
				"west": {"uv": [8.52261, 4.74372, 9.32663, 5.62814], "texture": "#texture"},
				"up": {"uv": [8.52261, 4.74372, 9.32663, 5.62814], "texture": "#texture"},
				"down": {"uv": [8.52261, 4.74372, 9.32663, 5.62814], "texture": "#texture"}
			}
		}
	],
	"display": {
		"thirdperson_righthand": {
			"translation": [0, 7, 0]
		},
		"thirdperson_lefthand": {
			"translation": [0, 7, 0]
		},
		"ground": {
			"translation": [0, 3, 0]
		},
		"gui": {
			"rotation": [7, 17, 0],
			"translation": [0, 9, 0],
			"scale": [2, 2, 2]
		},
		"fixed": {
			"rotation": [0, -180, 0],
			"translation": [0, 9, 0],
			"scale": [2, 2, 2]
		}
	}
}