{
	"credit": "Made with Blockbench",
	"textures": {
		"0": "item/boat/26",
		"particle": "item/boat/26"
	},
	"elements": [
		{
			"from": [0, 14, 0],
			"to": [15, 16.7, 15],
			"faces": {
				"north": {"uv": [0, 10.81, 6.2, 11.51], "texture": "#0"},
				"east": {"uv": [0, 10.81, 6.2, 11.51], "texture": "#0"},
				"south": {"uv": [0, 10.81, 6.2, 11.51], "texture": "#0"},
				"west": {"uv": [0, 10.81, 6.2, 11.51], "texture": "#0"},
				"up": {"uv": [0, 10.81, 6.2, 11.51], "texture": "#0"},
				"down": {"uv": [0, 10.81, 6.2, 11.51], "texture": "#0"}
			}
		},
		{
			"from": [2, 16.75, 2],
			"to": [13, 21.45, 13],
			"faces": {
				"north": {"uv": [2, 7.6, 6.3, 9.1], "texture": "#0"},
				"east": {"uv": [0, 7.6, 2.7, 9.1], "texture": "#0"},
				"south": {"uv": [0, 7.6, 2.7, 9.1], "texture": "#0"},
				"west": {"uv": [0, 7.6, 2.7, 9.1], "texture": "#0"},
				"up": {"uv": [0.1, 10.9, 6.3, 11.6], "texture": "#0"},
				"down": {"uv": [0, 0, 15, 15], "texture": "#missing"}
			}
		},
		{
			"from": [4.1, 20.75, 4],
			"to": [11.2, 25.95, 11],
			"faces": {
				"north": {"uv": [0, 10.81, 6.2, 12.31], "texture": "#0"},
				"east": {"uv": [0, 10.81, 6.2, 12.31], "texture": "#0"},
				"south": {"uv": [0, 10.81, 6.2, 12.31], "texture": "#0"},
				"west": {"uv": [0, 10.81, 6.2, 12.31], "texture": "#0"},
				"up": {"uv": [1.6, 9.2, 3.2, 10.8], "texture": "#0"},
				"down": {"uv": [0, 0, 15, 15], "texture": "#missing"}
			}
		},
		{
			"from": [6.4, 25.75, 7.5],
			"to": [9, 29.45, 9.3],
			"rotation": {"angle": 22.5, "axis": "x", "origin": [7.66405, 27.60116, 7.03479]},
			"faces": {
				"north": {"uv": [0, 10.81, 6.2, 11.91], "rotation": 180, "texture": "#0"},
				"east": {"uv": [0, 10.81, 6.2, 12.31], "texture": "#0"},
				"south": {"uv": [0, 10.81, 6.2, 12.31], "texture": "#0"},
				"west": {"uv": [0, 10.81, 6.2, 12.31], "texture": "#0"},
				"up": {"uv": [0, 10.81, 6.2, 11.51], "texture": "#0"},
				"down": {"uv": [0, 0, 15, 15], "texture": "#missing"}
			}
		}
	],
	"display": {
		"thirdperson_righthand": {
			"rotation": [45, 0, 0],
			"translation": [0.5, -0.25, -2.75],
			"scale": [0.3, 0.3, 0.3]
		},
		"firstperson_righthand": {
			"rotation": [0, 119, 0],
			"translation": [2.5, -1.25, 1],
			"scale": [0.3, 0.3, 0.3]
		},
		"firstperson_lefthand": {
			"rotation": [0, 119, 0],
			"translation": [2.5, 1, 0.25],
			"scale": [0.3, 0.3, 0.3]
		},
		"ground": {
			"translation": [0, 3, 0],
			"scale": [0.3, 0.3, 0.3]
		},
		"gui": {
			"rotation": [20, -145, 0],
			"translation": [-0.5, -8.75, 0],
			"scale": [0.8, 0.8, 0.7]
		},
		"head": {
			"translation": [0.5, -2, 0]
		},
		"fixed": {
			"translation": [0, -13, -5.25]
		}
	}
}