{
	"credit": "Made with Blockbench",
	"textures": {
		"1": "item/boat/0",
		"2": "item/colour/stone/11",
		"particle": "item/colour/stone/11"
	},
	"elements": [
		{
			"name": "Fluid east-west",
			"from": [5, 2, 5.5],
			"to": [5.5, 6, 8.5],
			"faces": {
				"north": {"uv": [15, 15, 16, 16], "rotation": 270, "texture": "#1", "tintindex": 0},
				"east": {"uv": [15, 15, 16, 16], "rotation": 270, "texture": "#1", "tintindex": 0},
				"south": {"uv": [15, 15, 16, 16], "rotation": 270, "texture": "#1", "tintindex": 0},
				"west": {"uv": [15, 15, 16, 16], "rotation": 270, "texture": "#1", "tintindex": 0},
				"up": {"uv": [15, 15, 16, 16], "rotation": 270, "texture": "#1", "tintindex": 0},
				"down": {"uv": [15, 15, 16, 16], "rotation": 270, "texture": "#1", "tintindex": 0}
			}
		},
		{
			"name": "Fluid east-west",
			"from": [8.5, 2, 5.5],
			"to": [9, 6, 8.5],
			"faces": {
				"north": {"uv": [15, 15, 16, 16], "rotation": 270, "texture": "#1", "tintindex": 0},
				"east": {"uv": [15, 15, 16, 16], "rotation": 270, "texture": "#1", "tintindex": 0},
				"south": {"uv": [15, 15, 16, 16], "rotation": 270, "texture": "#1", "tintindex": 0},
				"west": {"uv": [15, 15, 16, 16], "rotation": 270, "texture": "#1", "tintindex": 0},
				"up": {"uv": [15, 15, 16, 16], "rotation": 270, "texture": "#1", "tintindex": 0},
				"down": {"uv": [15, 15, 16, 16], "rotation": 270, "texture": "#1", "tintindex": 0}
			}
		},
		{
			"name": "Fluid east-west",
			"from": [5.5, 2, 5.5],
			"to": [8.5, 5, 8.5],
			"faces": {
				"north": {"uv": [11, 0, 14, 3], "rotation": 270, "texture": "#2", "tintindex": 0},
				"east": {"uv": [11, 0, 14, 3], "rotation": 270, "texture": "#2", "tintindex": 0},
				"south": {"uv": [11, 0, 14, 3], "rotation": 270, "texture": "#2", "tintindex": 0},
				"west": {"uv": [11, 0, 14, 3], "rotation": 270, "texture": "#2", "tintindex": 0},
				"up": {"uv": [11, 0, 14, 3], "rotation": 270, "texture": "#2", "tintindex": 0},
				"down": {"uv": [11, 0, 14, 3], "rotation": 270, "texture": "#2", "tintindex": 0}
			}
		},
		{
			"name": "Bottom",
			"from": [5.5, 1.5, 5.5],
			"to": [8.5, 2, 8.5],
			"faces": {
				"north": {"uv": [15, 15, 16, 16], "texture": "#1"},
				"east": {"uv": [15, 15, 16, 16], "texture": "#1"},
				"south": {"uv": [15, 15, 16, 16], "texture": "#1"},
				"west": {"uv": [15, 15, 16, 16], "texture": "#1"},
				"up": {"uv": [15, 15, 16, 16], "texture": "#1"},
				"down": {"uv": [15, 15, 16, 16], "texture": "#1"}
			}
		},
		{
			"name": "South-west",
			"from": [5.5, 2, 8.5],
			"to": [8.5, 6, 9],
			"faces": {
				"north": {"uv": [15, 15, 16, 16], "texture": "#1"},
				"east": {"uv": [15, 15, 16, 16], "texture": "#1"},
				"south": {"uv": [15, 15, 16, 16], "texture": "#1"},
				"west": {"uv": [15, 15, 16, 16], "texture": "#1"},
				"up": {"uv": [15, 15, 16, 16], "texture": "#1"},
				"down": {"uv": [15, 15, 16, 16], "texture": "#1"}
			}
		},
		{
			"name": "South-west",
			"from": [5.5, 2, 5],
			"to": [8.5, 6, 5.5],
			"faces": {
				"north": {"uv": [15, 15, 16, 16], "texture": "#1"},
				"east": {"uv": [15, 15, 16, 16], "texture": "#1"},
				"south": {"uv": [15, 15, 16, 16], "texture": "#1"},
				"west": {"uv": [15, 15, 16, 16], "texture": "#1"},
				"up": {"uv": [15, 15, 16, 16], "texture": "#1"},
				"down": {"uv": [15, 15, 16, 16], "texture": "#1"}
			}
		}
	],
	"display": {
		"thirdperson_righthand": {
			"rotation": [22.5, 0, 0],
			"translation": [0, 3, 1],
			"scale": [0.625, 0.625, 0.625]
		},
		"thirdperson_lefthand": {
			"rotation": [22.5, 0, 0],
			"translation": [0, 3, 1],
			"scale": [0.625, 0.625, 0.625]
		},
		"firstperson_righthand": {
			"translation": [-2.5, 4, 4],
			"scale": [0.4, 0.4, 0.4]
		},
		"firstperson_lefthand": {
			"rotation": [0, 90, 0],
			"translation": [-2.5, 4, 4],
			"scale": [0.4, 0.4, 0.4]
		},
		"ground": {
			"translation": [0, 3, 0],
			"scale": [0.5, 0.5, 0.5]
		},
		"gui": {
			"rotation": [22.5, -35, 0],
			"translation": [0, 5, 0],
			"scale": [1.5, 1.5, 1.5]
		},
		"head": {
			"rotation": [0, 180, 0]
		},
		"fixed": {
			"rotation": [-20, 178, 0],
			"translation": [-1.5, 5, -6],
			"scale": [1.5, 1.5, 1.5]
		}
	}
}