{
	"credit": "Made with Blockbench",
	"textures": {
		"0": "item/charcoal/12",
		"1": "item/charcoal/13",
		"particle": "item/charcoal/12"
	},
	"elements": [
		{
			"from": [7, 0, 2.5],
			"to": [9, 1, 4],
			"faces": {
				"north": {"uv": [0, 7.75, 0.5, 8.25], "texture": "#1"},
				"east": {"uv": [0, 7.75, 0.5, 8.25], "rotation": 270, "texture": "#1"},
				"south": {"uv": [0, 7.75, 0.5, 8.25], "texture": "#1"},
				"west": {"uv": [0, 7.75, 0.5, 8.25], "rotation": 90, "texture": "#1"},
				"up": {"uv": [0, 7.75, 0.5, 8.25], "texture": "#1"},
				"down": {"uv": [0, 7.75, 0.5, 8.25], "texture": "#1"}
			}
		},
		{
			"from": [7, 0, 1.5],
			"to": [7.4, 1, 2.6],
			"faces": {
				"north": {"uv": [1.75, 5.25, 0.875, 8.625], "texture": "#1"},
				"east": {"uv": [1, 8.625, 1.5, 5.25], "rotation": 180, "texture": "#1"},
				"south": {"uv": [3.875, 6.25, 3.375, 6.75], "texture": "#1"},
				"west": {"uv": [0.75, 8.625, 1.625, 5.25], "rotation": 180, "texture": "#1"},
				"up": {"uv": [3.125, 6.625, 2.625, 7.125], "texture": "#1"},
				"down": {"uv": [10.125, 7.125, 9.625, 7.625], "texture": "#1"}
			}
		},
		{
			"from": [8.6, 0, 1.5],
			"to": [9, 1, 2.6],
			"faces": {
				"north": {"uv": [1.75, 5.25, 0.875, 8.625], "texture": "#1"},
				"east": {"uv": [1, 8.625, 1.5, 5.25], "rotation": 180, "texture": "#1"},
				"south": {"uv": [3.875, 6.25, 3.375, 6.75], "texture": "#1"},
				"west": {"uv": [0.75, 8.625, 1.625, 5.25], "rotation": 180, "texture": "#1"},
				"up": {"uv": [3.125, 6.625, 2.625, 7.125], "texture": "#1"},
				"down": {"uv": [10.125, 7.125, 9.625, 7.625], "texture": "#1"}
			}
		},
		{
			"from": [6, 0, 4],
			"to": [10, 1, 12],
			"faces": {
				"north": {"uv": [2.625, 5.75, 4.625, 6.75], "texture": "#1"},
				"east": {"uv": [3.25, 5.875, 4.5, 7.5], "rotation": 270, "texture": "#1"},
				"south": {"uv": [5.25, 0, 7.25, 1], "texture": "#1"},
				"west": {"uv": [2.375, 6.375, 4.25, 7.875], "rotation": 90, "texture": "#1"},
				"up": {"uv": [3, 6.375, 4.125, 6.875], "texture": "#1"},
				"down": {"uv": [11.5, 5.125, 16, 16], "texture": "#1"}
			}
		},
		{
			"from": [5.5, 0, 12],
			"to": [10.5, 1.6, 13],
			"faces": {
				"north": {"uv": [2.5, 6, 4.5, 8], "texture": "#1"},
				"east": {"uv": [8.5, 7.875, 9.5, 9.875], "texture": "#1"},
				"south": {"uv": [1.125, 1, 14.875, 5], "texture": "#1"},
				"west": {"uv": [3.5, 6.875, 4.5, 8.875], "texture": "#1"},
				"up": {"uv": [4.75, 9.875, 9, 11.75], "texture": "#1"},
				"down": {"uv": [0, 0, 0.5, 5], "texture": "#1"}
			}
		},
		{
			"from": [7, 1, 5],
			"to": [9, 2, 12],
			"rotation": {"angle": 0, "axis": "y", "origin": [8, 8, 9]},
			"faces": {
				"north": {"uv": [2.75, 6, 4.75, 7], "texture": "#1"},
				"east": {"uv": [9, 7.875, 9.375, 9.375], "rotation": 270, "texture": "#1"},
				"south": {"uv": [2.25, 5.625, 4.25, 6.625], "texture": "#1"},
				"west": {"uv": [8.125, 6.625, 10.125, 8.375], "rotation": 90, "texture": "#1"},
				"up": {"uv": [0.125, 10.375, 3.75, 12.25], "rotation": 180, "texture": "#1"},
				"down": {"uv": [9.375, 6, 9.875, 6.5], "texture": "#1"}
			}
		},
		{
			"from": [6.1, 1, 5],
			"to": [7, 1.6, 6],
			"rotation": {"angle": 0, "axis": "y", "origin": [8, 8, 9]},
			"faces": {
				"north": {"uv": [2.75, 6, 4.75, 7], "texture": "#1"},
				"east": {"uv": [9, 7.875, 9.375, 9.375], "rotation": 270, "texture": "#1"},
				"south": {"uv": [2.25, 5.625, 4.25, 6.625], "texture": "#1"},
				"west": {"uv": [8.125, 6.625, 10.125, 8.375], "rotation": 90, "texture": "#1"},
				"up": {"uv": [9, 7.875, 9.375, 8.375], "rotation": 180, "texture": "#1"},
				"down": {"uv": [9.375, 6, 9.875, 6.5], "texture": "#1"}
			}
		},
		{
			"from": [9, 1, 5],
			"to": [9.9, 1.6, 6],
			"rotation": {"angle": 0, "axis": "y", "origin": [8, 8, 9]},
			"faces": {
				"north": {"uv": [2.75, 6, 4.75, 7], "texture": "#1"},
				"east": {"uv": [9, 7.875, 9.375, 9.375], "rotation": 90, "texture": "#1"},
				"south": {"uv": [2.25, 5.625, 4.25, 6.625], "texture": "#1"},
				"west": {"uv": [8.125, 6.625, 10.125, 8.375], "rotation": 270, "texture": "#1"},
				"up": {"uv": [9, 7.875, 9.375, 8.375], "rotation": 180, "texture": "#1"},
				"down": {"uv": [9.375, 6, 9.875, 6.5], "texture": "#1"}
			}
		},
		{
			"from": [6, 1, 9],
			"to": [7, 2, 12],
			"rotation": {"angle": 22.5, "axis": "z", "origin": [7, 2, 8]},
			"faces": {
				"north": {"uv": [4.625, 9.25, 2.625, 10.25], "texture": "#1"},
				"east": {"uv": [8.05, 10.375, 5.25, 11.375], "rotation": 90, "texture": "#1"},
				"south": {"uv": [8.375, 10.75, 6.375, 11.75], "texture": "#1"},
				"west": {"uv": [7.8, 9.875, 5, 10.875], "rotation": 270, "texture": "#1"},
				"up": {"uv": [10.625, 6.5, 8.625, 9.3], "rotation": 180, "texture": "#1"},
				"down": {"uv": [10.5, 5.625, 8.5, 8.425], "texture": "#1"}
			}
		},
		{
			"from": [6, 1, 4],
			"to": [7, 2, 5],
			"rotation": {"angle": 22.5, "axis": "z", "origin": [7, 2, 6]},
			"faces": {
				"north": {"uv": [4.625, 9.25, 2.625, 10.25], "texture": "#1"},
				"east": {"uv": [8.05, 10.375, 5.25, 11.375], "rotation": 90, "texture": "#1"},
				"south": {"uv": [8.375, 10.75, 6.375, 11.75], "texture": "#1"},
				"west": {"uv": [7.8, 9.875, 5, 10.875], "rotation": 270, "texture": "#1"},
				"up": {"uv": [10.625, 6.5, 8.625, 9.3], "rotation": 180, "texture": "#1"},
				"down": {"uv": [10.5, 5.625, 8.5, 8.425], "texture": "#1"}
			}
		},
		{
			"from": [9, 1, 9],
			"to": [10, 2, 12],
			"rotation": {"angle": -22.5, "axis": "z", "origin": [9, 2, 8]},
			"faces": {
				"north": {"uv": [4.625, 9.25, 2.625, 10.25], "texture": "#1"},
				"east": {"uv": [8.05, 10.375, 5.25, 11.375], "rotation": 270, "texture": "#1"},
				"south": {"uv": [8.375, 10.75, 6.375, 11.75], "texture": "#1"},
				"west": {"uv": [7.8, 9.875, 5, 10.875], "rotation": 90, "texture": "#1"},
				"up": {"uv": [10.625, 6.5, 8.625, 9.3], "rotation": 180, "texture": "#1"},
				"down": {"uv": [10.5, 5.625, 8.5, 8.425], "texture": "#1"}
			}
		},
		{
			"from": [9, 1, 6],
			"to": [10, 2, 9],
			"rotation": {"angle": -22.5, "axis": "z", "origin": [9, 2, 6]},
			"faces": {
				"north": {"uv": [2.5, 5.75, 4.5, 6.75], "texture": "#1"},
				"east": {"uv": [3.375, 5.75, 4.25, 6.875], "rotation": 270, "texture": "#1"},
				"south": {"uv": [2.125, 5.5, 4.125, 6.5], "texture": "#1"},
				"west": {"uv": [3.375, 5.75, 3.875, 6.75], "rotation": 90, "texture": "#1"},
				"up": {"uv": [10.875, 11.75, 5.875, 15.25], "rotation": 270, "texture": "#1"},
				"down": {"uv": [3.375, 5.75, 4.75, 8], "texture": "#1"}
			}
		},
		{
			"from": [6, 1, 6],
			"to": [7, 2, 9],
			"rotation": {"angle": 22.5, "axis": "z", "origin": [7, 2, 6]},
			"faces": {
				"north": {"uv": [4.5, 5.75, 2.5, 6.75], "texture": "#1"},
				"east": {"uv": [3.375, 6.75, 3.875, 5.75], "rotation": 90, "texture": "#1"},
				"south": {"uv": [4.125, 5.5, 2.125, 6.5], "texture": "#1"},
				"west": {"uv": [3.375, 6.875, 4.25, 5.75], "rotation": 270, "texture": "#1"},
				"up": {"uv": [10.875, 15.25, 5.875, 11.75], "rotation": 270, "texture": "#1"},
				"down": {"uv": [4.75, 5.75, 3.375, 8], "texture": "#1"}
			}
		},
		{
			"from": [9, 1, 4],
			"to": [10, 2, 5],
			"rotation": {"angle": -22.5, "axis": "z", "origin": [9, 2, 6]},
			"faces": {
				"north": {"uv": [4.625, 9.25, 2.625, 10.25], "texture": "#1"},
				"east": {"uv": [8.05, 10.375, 5.25, 11.375], "rotation": 270, "texture": "#1"},
				"south": {"uv": [8.375, 10.75, 6.375, 11.75], "texture": "#1"},
				"west": {"uv": [7.8, 9.875, 5, 10.875], "rotation": 90, "texture": "#1"},
				"up": {"uv": [10.625, 6.5, 8.625, 9.3], "rotation": 180, "texture": "#1"},
				"down": {"uv": [10.5, 5.625, 8.5, 8.425], "texture": "#1"}
			}
		},
		{
			"from": [4.8239, 0.6673, 4],
			"to": [5.8239, 1.6673, 12],
			"rotation": {"angle": 45, "axis": "z", "origin": [6, 2, 8]},
			"faces": {
				"north": {"uv": [4.625, 9.25, 2.625, 10.25], "texture": "#1"},
				"east": {"uv": [8.05, 10.375, 5.25, 11.375], "rotation": 90, "texture": "#1"},
				"south": {"uv": [8.375, 10.75, 6.375, 11.75], "texture": "#1"},
				"west": {"uv": [7.8, 9.875, 5, 10.875], "rotation": 270, "texture": "#1"},
				"up": {"uv": [10.625, 6.5, 8.625, 9.3], "rotation": 180, "texture": "#1"},
				"down": {"uv": [10.5, 5.625, 8.5, 8.425], "texture": "#1"}
			}
		},
		{
			"from": [10.1761, 0.6673, 4],
			"to": [11.1761, 1.6673, 12],
			"rotation": {"angle": -45, "axis": "z", "origin": [10, 2, 8]},
			"faces": {
				"north": {"uv": [4.625, 9.25, 2.625, 10.25], "texture": "#1"},
				"east": {"uv": [8.05, 10.375, 5.25, 11.375], "rotation": 270, "texture": "#1"},
				"south": {"uv": [8.375, 10.75, 6.375, 11.75], "texture": "#1"},
				"west": {"uv": [7.8, 9.875, 5, 10.875], "rotation": 90, "texture": "#1"},
				"up": {"uv": [10.625, 6.5, 8.625, 9.3], "rotation": 180, "texture": "#1"},
				"down": {"uv": [10.5, 5.625, 8.5, 8.425], "texture": "#1"}
			}
		},
		{
			"from": [9.5673, 0.23811, 4],
			"to": [10.5673, 1.23811, 12],
			"rotation": {"angle": 22.5, "axis": "z", "origin": [11, 1, 8]},
			"faces": {
				"north": {"uv": [1.75, 8.25, 1.25, 5.375], "rotation": 180, "texture": "#1"},
				"east": {"uv": [0.75, 5.25, 1.625, 8.25], "texture": "#1"},
				"south": {"uv": [4.625, 6.625, 2.625, 5.625], "rotation": 90, "texture": "#1"},
				"west": {"uv": [3.75, 5.875, 4.25, 6.375], "rotation": 90, "texture": "#1"},
				"up": {"uv": [4.375, 5.75, 4.875, 6.25], "rotation": 180, "texture": "#1"},
				"down": {"uv": [0.5, 8, 1.25, 10.25], "rotation": 90, "texture": "#1"}
			}
		},
		{
			"from": [5.4327, 0.23811, 4],
			"to": [6.4327, 1.23811, 12],
			"rotation": {"angle": -22.5, "axis": "z", "origin": [5, 1, 8]},
			"faces": {
				"north": {"uv": [1.25, 8.25, 1.75, 5.375], "rotation": 180, "texture": "#1"},
				"east": {"uv": [3.75, 6.375, 4.25, 5.875], "rotation": 90, "texture": "#1"},
				"south": {"uv": [4.625, 5.625, 2.625, 6.625], "rotation": 90, "texture": "#1"},
				"west": {"uv": [1.625, 5.25, 0.75, 8.25], "texture": "#1"},
				"up": {"uv": [4.875, 5.75, 4.375, 6.25], "rotation": 180, "texture": "#1"},
				"down": {"uv": [0.5, 10.25, 1.25, 8], "rotation": 90, "texture": "#1"}
			}
		},
		{
			"from": [7.2, 2, 7],
			"to": [8.2, 2.9, 9],
			"rotation": {"angle": 22.5, "axis": "z", "origin": [8.2, 4, 7]},
			"faces": {
				"north": {"uv": [11.2, 10.625, 10.75, 11.125], "rotation": 270, "texture": "#1"},
				"east": {"uv": [11.25, 10.625, 10.75, 11.125], "rotation": 90, "texture": "#1"},
				"south": {"uv": [11.2, 10.625, 10.75, 11.125], "rotation": 90, "texture": "#1"},
				"west": {"uv": [11.25, 10.625, 10.75, 11.125], "rotation": 90, "texture": "#1"},
				"up": {"uv": [10.75, 11.125, 11.2, 10.625], "rotation": 90, "texture": "#1"},
				"down": {"uv": [10.75, 11.125, 11.2, 10.625], "rotation": 90, "texture": "#1"}
			}
		},
		{
			"from": [7.8, 2, 7],
			"to": [8.8, 2.9, 9],
			"rotation": {"angle": -22.5, "axis": "z", "origin": [7.8, 4, 7]},
			"faces": {
				"north": {"uv": [11.2, 10.625, 10.75, 11.125], "rotation": 270, "texture": "#1"},
				"east": {"uv": [11.25, 10.625, 10.75, 11.125], "rotation": 90, "texture": "#1"},
				"south": {"uv": [11.2, 10.625, 10.75, 11.125], "rotation": 90, "texture": "#1"},
				"west": {"uv": [11.25, 10.625, 10.75, 11.125], "rotation": 90, "texture": "#1"},
				"up": {"uv": [10.75, 11.125, 11.2, 10.625], "rotation": 90, "texture": "#1"},
				"down": {"uv": [10.75, 11.125, 11.2, 10.625], "rotation": 90, "texture": "#1"}
			}
		},
		{
			"from": [7.4, 2, 5.6],
			"to": [8.2, 2.6, 7],
			"rotation": {"angle": 22.5, "axis": "z", "origin": [8.4, 4, 8]},
			"faces": {
				"north": {"uv": [11.2, 10.625, 10.75, 11.125], "rotation": 270, "texture": "#1"},
				"east": {"uv": [11.25, 10.625, 10.75, 11.125], "rotation": 90, "texture": "#1"},
				"south": {"uv": [11.2, 10.625, 10.75, 11.125], "rotation": 90, "texture": "#1"},
				"west": {"uv": [11.25, 10.625, 10.75, 11.125], "rotation": 90, "texture": "#1"},
				"up": {"uv": [10.75, 11.125, 11.2, 10.625], "rotation": 90, "texture": "#1"},
				"down": {"uv": [10.75, 11.125, 11.2, 10.625], "rotation": 90, "texture": "#1"}
			}
		},
		{
			"from": [7.8, 2, 5.6],
			"to": [8.6, 2.6, 7],
			"rotation": {"angle": -22.5, "axis": "z", "origin": [7.6, 4, 8]},
			"faces": {
				"north": {"uv": [11.2, 10.625, 10.75, 11.125], "rotation": 270, "texture": "#1"},
				"east": {"uv": [11.25, 10.625, 10.75, 11.125], "rotation": 90, "texture": "#1"},
				"south": {"uv": [11.2, 10.625, 10.75, 11.125], "rotation": 90, "texture": "#1"},
				"west": {"uv": [11.25, 10.625, 10.75, 11.125], "rotation": 90, "texture": "#1"},
				"up": {"uv": [10.75, 11.125, 11.2, 10.625], "rotation": 90, "texture": "#1"},
				"down": {"uv": [10.75, 11.125, 11.2, 10.625], "rotation": 90, "texture": "#1"}
			}
		},
		{
			"from": [7, 1, 2.2],
			"to": [9, 2, 5],
			"rotation": {"angle": -22.5, "axis": "x", "origin": [8, 2, 5]},
			"faces": {
				"north": {"uv": [0, 7.75, 0.5, 8.25], "texture": "#1"},
				"east": {"uv": [0, 7.75, 0.5, 8.25], "texture": "#1"},
				"south": {"uv": [0, 7.75, 0.5, 8.25], "texture": "#1"},
				"west": {"uv": [0, 7.75, 0.425, 8.25], "texture": "#1"},
				"up": {"uv": [0, 7.75, 0.5, 8.25], "texture": "#1"},
				"down": {"uv": [0, 7.75, 0.5, 8.25], "texture": "#1"}
			}
		},
		{
			"from": [6.98, 1.2, 12.5],
			"to": [9.02, 1.9, 12.8],
			"rotation": {"angle": -22.5, "axis": "x", "origin": [8, 2, 12]},
			"faces": {
				"north": {"uv": [9.875, 6, 7.875, 7], "texture": "#1"},
				"east": {"uv": [5.3, 6.5, 2.5, 7.5], "texture": "#1"},
				"south": {"uv": [4.75, 12.375, 0.75, 15.625], "texture": "#1"},
				"west": {"uv": [4.8, 5.625, 2, 6.625], "texture": "#1"},
				"up": {"uv": [8.25, 10.3, 10.25, 7.5], "texture": "#1"},
				"down": {"uv": [8, 10.05, 10, 7.25], "texture": "#1"}
			}
		},
		{
			"from": [6.8, 1.2, 12],
			"to": [9.2, 2, 12.8],
			"rotation": {"angle": 0, "axis": "x", "origin": [8, 2, 12]},
			"faces": {
				"north": {"uv": [8, 5.375, 6, 6.375], "texture": "#1"},
				"east": {"uv": [1.425, 7.75, 0.875, 8.25], "texture": "#1"},
				"south": {"uv": [4.625, 5.625, 2.625, 6.625], "texture": "#1"},
				"west": {"uv": [1.675, 7.75, 0.75, 8.25], "texture": "#1"},
				"up": {"uv": [0, 8.175, 0.5, 7.75], "texture": "#1"},
				"down": {"uv": [2.125, 8.8, 4.125, 6], "texture": "#1"}
			}
		},
		{
			"from": [9, 1, 2],
			"to": [9.3, 2, 4],
			"rotation": {"angle": -22.5, "axis": "x", "origin": [8, 2, 4]},
			"faces": {
				"north": {"uv": [4.625, 9.25, 2.625, 10.25], "texture": "#1"},
				"east": {"uv": [8.05, 10.375, 5.25, 11.375], "texture": "#1"},
				"south": {"uv": [8.375, 10.75, 6.375, 11.75], "texture": "#1"},
				"west": {"uv": [7.8, 9.875, 5, 10.875], "texture": "#1"},
				"up": {"uv": [10.625, 6.5, 8.625, 9.3], "texture": "#1"},
				"down": {"uv": [10.5, 5.625, 8.5, 8.425], "texture": "#1"}
			}
		},
		{
			"from": [6.7, 1, 2],
			"to": [7, 2, 4],
			"rotation": {"angle": -22.5, "axis": "x", "origin": [8, 2, 4]},
			"faces": {
				"north": {"uv": [4.625, 9.25, 2.625, 10.25], "texture": "#1"},
				"east": {"uv": [8.05, 10.375, 5.25, 11.375], "texture": "#1"},
				"south": {"uv": [8.375, 10.75, 6.375, 11.75], "texture": "#1"},
				"west": {"uv": [7.8, 9.875, 5, 10.875], "texture": "#1"},
				"up": {"uv": [10.625, 6.5, 8.625, 9.3], "texture": "#1"},
				"down": {"uv": [10.5, 5.625, 8.5, 8.425], "texture": "#1"}
			}
		},
		{
			"from": [9.3, 0.9, 2.3],
			"to": [9.6, 1.9, 4],
			"rotation": {"angle": -45, "axis": "x", "origin": [8, 2, 4]},
			"faces": {
				"north": {"uv": [4.625, 9.25, 2.625, 10.25], "texture": "#1"},
				"east": {"uv": [8.05, 10.375, 5.25, 11.375], "texture": "#1"},
				"south": {"uv": [8.375, 10.75, 6.375, 11.75], "texture": "#1"},
				"west": {"uv": [7.8, 9.875, 5, 10.875], "texture": "#1"},
				"up": {"uv": [10.625, 6.5, 8.625, 9.3], "texture": "#1"},
				"down": {"uv": [10.5, 5.625, 8.5, 8.425], "texture": "#1"}
			}
		},
		{
			"from": [6.4, 0.9, 2.3],
			"to": [6.7, 1.9, 4],
			"rotation": {"angle": -45, "axis": "x", "origin": [8, 2, 4]},
			"faces": {
				"north": {"uv": [4.625, 9.25, 2.625, 10.25], "texture": "#1"},
				"east": {"uv": [8.05, 10.375, 5.25, 11.375], "texture": "#1"},
				"south": {"uv": [8.375, 10.75, 6.375, 11.75], "texture": "#1"},
				"west": {"uv": [7.8, 9.875, 5, 10.875], "texture": "#1"},
				"up": {"uv": [10.625, 6.5, 8.625, 9.3], "texture": "#1"},
				"down": {"uv": [10.5, 5.625, 8.5, 8.425], "texture": "#1"}
			}
		},
		{
			"from": [9.6, 0.7, 2.5],
			"to": [10, 1.7, 3.7],
			"rotation": {"angle": -45, "axis": "x", "origin": [8, 2, 4]},
			"faces": {
				"north": {"uv": [4.625, 9.25, 2.625, 10.25], "texture": "#1"},
				"east": {"uv": [8.05, 10.375, 5.25, 11.375], "texture": "#1"},
				"south": {"uv": [8.375, 10.75, 6.375, 11.75], "texture": "#1"},
				"west": {"uv": [7.8, 9.875, 5, 10.875], "texture": "#1"},
				"up": {"uv": [10.625, 6.5, 8.625, 9.3], "texture": "#1"},
				"down": {"uv": [10.5, 5.625, 8.5, 8.425], "texture": "#1"}
			}
		},
		{
			"from": [6, 0.7, 2.5],
			"to": [6.4, 1.7, 3.7],
			"rotation": {"angle": -45, "axis": "x", "origin": [8, 2, 4]},
			"faces": {
				"north": {"uv": [4.625, 9.25, 2.625, 10.25], "texture": "#1"},
				"east": {"uv": [8.05, 10.375, 5.25, 11.375], "texture": "#1"},
				"south": {"uv": [8.375, 10.75, 6.375, 11.75], "texture": "#1"},
				"west": {"uv": [7.8, 9.875, 5, 10.875], "texture": "#1"},
				"up": {"uv": [10.625, 6.5, 8.625, 9.3], "texture": "#1"},
				"down": {"uv": [10.5, 5.625, 8.5, 8.425], "texture": "#1"}
			}
		},
		{
			"from": [7.4, 2, 6.4],
			"to": [8.6, 3, 8.6],
			"rotation": {"angle": 0, "axis": "x", "origin": [8, 4, 8]},
			"faces": {
				"north": {"uv": [11.2, 10.625, 10.75, 11.125], "texture": "#1"},
				"east": {"uv": [11.25, 10.625, 10.75, 11.125], "texture": "#1"},
				"south": {"uv": [11.2, 10.625, 10.75, 11.125], "texture": "#1"},
				"west": {"uv": [11.25, 10.625, 10.75, 11.125], "texture": "#1"},
				"up": {"uv": [10.75, 11.125, 11.2, 10.625], "texture": "#1"},
				"down": {"uv": [10.75, 11.125, 11.2, 10.625], "texture": "#1"}
			}
		},
		{
			"from": [7.4, 2, 4.4],
			"to": [8.6, 3, 6.4],
			"rotation": {"angle": -22.5, "axis": "x", "origin": [8, 3, 6.4]},
			"faces": {
				"north": {"uv": [11.2, 10.625, 10.75, 11.125], "texture": "#1"},
				"east": {"uv": [11.25, 10.625, 10.75, 11.125], "texture": "#1"},
				"south": {"uv": [11.2, 10.625, 10.75, 11.125], "texture": "#1"},
				"west": {"uv": [11.25, 10.625, 10.75, 11.125], "texture": "#1"},
				"up": {"uv": [10.75, 11.125, 11.2, 10.625], "texture": "#1"},
				"down": {"uv": [10.75, 11.125, 11.2, 10.625], "texture": "#1"}
			}
		},
		{
			"from": [7.4, 2, 8.6],
			"to": [8.6, 3, 10.6],
			"rotation": {"angle": 22.5, "axis": "x", "origin": [8, 3, 8.6]},
			"faces": {
				"north": {"uv": [11.2, 10.625, 10.75, 11.125], "texture": "#1"},
				"east": {"uv": [11.25, 10.625, 10.75, 11.125], "texture": "#1"},
				"south": {"uv": [11.2, 10.625, 10.75, 11.125], "texture": "#1"},
				"west": {"uv": [11.25, 10.625, 10.75, 11.125], "texture": "#1"},
				"up": {"uv": [10.75, 11.125, 11.2, 10.625], "texture": "#1"},
				"down": {"uv": [10.75, 11.125, 11.2, 10.625], "texture": "#1"}
			}
		},
		{
			"from": [6.4, 1.8, 10],
			"to": [6.6, 3.8, 11.6],
			"rotation": {"angle": 0, "axis": "z", "origin": [6.6, 1.8, 9]},
			"faces": {
				"north": {"uv": [3.575, 6.125, 3.375, 8.125], "texture": "#1"},
				"east": {"uv": [4.25, 6.125, 3.125, 7.25], "texture": "#1"},
				"south": {"uv": [3.7, 6.5, 3.5, 8.5], "texture": "#1"},
				"west": {"uv": [4.625, 6.375, 7.875, 10.25], "texture": "#1"},
				"up": {"uv": [9.075, 5.5, 8.875, 11.5], "texture": "#1"},
				"down": {"uv": [9.575, 5.375, 9.375, 11.375], "texture": "#1"}
			}
		},
		{
			"from": [9.4, 1.8, 10],
			"to": [9.6, 3.8, 11.6],
			"rotation": {"angle": 0, "axis": "z", "origin": [9.4, 1.8, 9]},
			"faces": {
				"north": {"uv": [3.375, 6.125, 3.575, 8.125], "texture": "#1"},
				"east": {"uv": [5, 6.375, 8.25, 10.25], "texture": "#1"},
				"south": {"uv": [3.5, 6.5, 3.7, 8.5], "texture": "#1"},
				"west": {"uv": [3.125, 6.125, 4.25, 7.25], "texture": "#1"},
				"up": {"uv": [8.875, 5.5, 9.075, 11.5], "texture": "#1"},
				"down": {"uv": [9.375, 5.375, 9.575, 11.375], "texture": "#1"}
			}
		},
		{
			"from": [6.4, 3.8, 10.2],
			"to": [9.6, 4, 12],
			"rotation": {"angle": 0, "axis": "z", "origin": [9.4, 1.8, 9]},
			"faces": {
				"north": {"uv": [2.25, 7, 4.25, 8], "texture": "#1"},
				"east": {"uv": [1.75, 5.625, 4.55, 6.625], "texture": "#1"},
				"south": {"uv": [8.125, 6.25, 10.125, 7.25], "texture": "#1"},
				"west": {"uv": [5.875, 10.625, 8.675, 11.625], "texture": "#1"},
				"up": {"uv": [2.5, 6.25, 4.5, 9.05], "texture": "#1"},
				"down": {"uv": [2.375, 6.5, 4.375, 9.3], "texture": "#1"}
			}
		},
		{
			"from": [6.4, 1.8, 9.8],
			"to": [6.6, 3.5, 10],
			"rotation": {"angle": 0, "axis": "z", "origin": [6.6, 1.8, 11]},
			"faces": {
				"north": {"uv": [2.25, 7, 4.25, 8], "texture": "#1"},
				"east": {"uv": [1.75, 5.625, 4.55, 6.625], "texture": "#1"},
				"south": {"uv": [8.125, 6.25, 10.125, 7.25], "texture": "#1"},
				"west": {"uv": [5.875, 10.625, 8.675, 11.625], "texture": "#1"},
				"up": {"uv": [2.5, 6.25, 4.5, 9.05], "texture": "#1"},
				"down": {"uv": [2.375, 6.5, 4.375, 9.3], "texture": "#1"}
			}
		},
		{
			"from": [9.4, 1.8, 9.8],
			"to": [9.6, 3.5, 10],
			"rotation": {"angle": 0, "axis": "z", "origin": [9.4, 1.8, 11]},
			"faces": {
				"north": {"uv": [2.25, 7, 4.25, 8], "texture": "#1"},
				"east": {"uv": [1.75, 5.625, 4.55, 6.625], "texture": "#1"},
				"south": {"uv": [8.125, 6.25, 10.125, 7.25], "texture": "#1"},
				"west": {"uv": [5.875, 10.625, 8.675, 11.625], "texture": "#1"},
				"up": {"uv": [2.5, 6.25, 4.5, 9.05], "texture": "#1"},
				"down": {"uv": [2.375, 6.5, 4.375, 9.3], "texture": "#1"}
			}
		},
		{
			"from": [6.4, 1.8, 11.6],
			"to": [6.6, 3.1, 11.8],
			"rotation": {"angle": 0, "axis": "z", "origin": [6.6, 1.8, 9]},
			"faces": {
				"north": {"uv": [2.25, 7, 4.25, 8], "texture": "#1"},
				"east": {"uv": [1.75, 5.625, 4.55, 6.625], "texture": "#1"},
				"south": {"uv": [8.125, 6.25, 10.125, 7.25], "texture": "#1"},
				"west": {"uv": [5.875, 10.625, 8.675, 11.625], "texture": "#1"},
				"up": {"uv": [2.5, 6.25, 4.5, 9.05], "texture": "#1"},
				"down": {"uv": [2.375, 6.5, 4.375, 9.3], "texture": "#1"}
			}
		},
		{
			"from": [9.4, 1.8, 11.6],
			"to": [9.6, 3.1, 11.8],
			"rotation": {"angle": 0, "axis": "z", "origin": [9.4, 1.8, 9]},
			"faces": {
				"north": {"uv": [2.25, 7, 4.25, 8], "texture": "#1"},
				"east": {"uv": [1.75, 5.625, 4.55, 6.625], "texture": "#1"},
				"south": {"uv": [8.125, 6.25, 10.125, 7.25], "texture": "#1"},
				"west": {"uv": [5.875, 10.625, 8.675, 11.625], "texture": "#1"},
				"up": {"uv": [2.5, 6.25, 4.5, 9.05], "texture": "#1"},
				"down": {"uv": [2.375, 6.5, 4.375, 9.3], "texture": "#1"}
			}
		},
		{
			"from": [6.4, 1.8, 9.6],
			"to": [6.6, 3.2, 9.8],
			"rotation": {"angle": 0, "axis": "z", "origin": [6.6, 1.8, 11]},
			"faces": {
				"north": {"uv": [2.25, 7, 4.25, 8], "texture": "#1"},
				"east": {"uv": [1.75, 5.625, 4.55, 6.625], "texture": "#1"},
				"south": {"uv": [8.125, 6.25, 10.125, 7.25], "texture": "#1"},
				"west": {"uv": [5.875, 10.625, 8.675, 11.625], "texture": "#1"},
				"up": {"uv": [2.5, 6.25, 4.5, 9.05], "texture": "#1"},
				"down": {"uv": [2.375, 6.5, 4.375, 9.3], "texture": "#1"}
			}
		},
		{
			"from": [9.4, 1.8, 9.6],
			"to": [9.6, 3.2, 9.8],
			"rotation": {"angle": 0, "axis": "z", "origin": [9.4, 1.8, 11]},
			"faces": {
				"north": {"uv": [2.25, 7, 4.25, 8], "texture": "#1"},
				"east": {"uv": [1.75, 5.625, 4.55, 6.625], "texture": "#1"},
				"south": {"uv": [8.125, 6.25, 10.125, 7.25], "texture": "#1"},
				"west": {"uv": [5.875, 10.625, 8.675, 11.625], "texture": "#1"},
				"up": {"uv": [2.5, 6.25, 4.5, 9.05], "texture": "#1"},
				"down": {"uv": [2.375, 6.5, 4.375, 9.3], "texture": "#1"}
			}
		},
		{
			"from": [6.4, 1.8, 9.4],
			"to": [6.6, 2.9, 9.6],
			"rotation": {"angle": 0, "axis": "z", "origin": [6.6, 1.8, 11]},
			"faces": {
				"north": {"uv": [2.25, 7, 4.25, 8], "texture": "#1"},
				"east": {"uv": [1.75, 5.625, 4.55, 6.625], "texture": "#1"},
				"south": {"uv": [8.125, 6.25, 10.125, 7.25], "texture": "#1"},
				"west": {"uv": [5.875, 10.625, 8.675, 11.625], "texture": "#1"},
				"up": {"uv": [2.5, 6.25, 4.5, 9.05], "texture": "#1"},
				"down": {"uv": [2.375, 6.5, 4.375, 9.3], "texture": "#1"}
			}
		},
		{
			"from": [9.4, 1.8, 9.4],
			"to": [9.6, 2.9, 9.6],
			"rotation": {"angle": 0, "axis": "z", "origin": [9.4, 1.8, 11]},
			"faces": {
				"north": {"uv": [2.25, 7, 4.25, 8], "texture": "#1"},
				"east": {"uv": [1.75, 5.625, 4.55, 6.625], "texture": "#1"},
				"south": {"uv": [8.125, 6.25, 10.125, 7.25], "texture": "#1"},
				"west": {"uv": [5.875, 10.625, 8.675, 11.625], "texture": "#1"},
				"up": {"uv": [2.5, 6.25, 4.5, 9.05], "texture": "#1"},
				"down": {"uv": [2.375, 6.5, 4.375, 9.3], "texture": "#1"}
			}
		},
		{
			"from": [6.4, 1.8, 8.8],
			"to": [6.6, 2, 9],
			"rotation": {"angle": 0, "axis": "z", "origin": [6.6, 1.8, 11]},
			"faces": {
				"north": {"uv": [2.25, 7, 4.25, 8], "texture": "#1"},
				"east": {"uv": [1.75, 5.625, 4.55, 6.625], "texture": "#1"},
				"south": {"uv": [8.125, 6.25, 10.125, 7.25], "texture": "#1"},
				"west": {"uv": [5.875, 10.625, 8.675, 11.625], "texture": "#1"},
				"up": {"uv": [2.5, 6.25, 4.5, 9.05], "texture": "#1"},
				"down": {"uv": [2.375, 6.5, 4.375, 9.3], "texture": "#1"}
			}
		},
		{
			"from": [9.4, 1.8, 8.8],
			"to": [9.6, 2, 9],
			"rotation": {"angle": 0, "axis": "z", "origin": [9.4, 1.8, 11]},
			"faces": {
				"north": {"uv": [2.25, 7, 4.25, 8], "texture": "#1"},
				"east": {"uv": [1.75, 5.625, 4.55, 6.625], "texture": "#1"},
				"south": {"uv": [8.125, 6.25, 10.125, 7.25], "texture": "#1"},
				"west": {"uv": [5.875, 10.625, 8.675, 11.625], "texture": "#1"},
				"up": {"uv": [2.5, 6.25, 4.5, 9.05], "texture": "#1"},
				"down": {"uv": [2.375, 6.5, 4.375, 9.3], "texture": "#1"}
			}
		},
		{
			"from": [6.4, 1.8, 9],
			"to": [6.6, 2.3, 9.2],
			"rotation": {"angle": 0, "axis": "z", "origin": [6.6, 1.8, 11]},
			"faces": {
				"north": {"uv": [2.25, 7, 4.25, 8], "texture": "#1"},
				"east": {"uv": [1.75, 5.625, 4.55, 6.625], "texture": "#1"},
				"south": {"uv": [8.125, 6.25, 10.125, 7.25], "texture": "#1"},
				"west": {"uv": [5.875, 10.625, 8.675, 11.625], "texture": "#1"},
				"up": {"uv": [2.5, 6.25, 4.5, 9.05], "texture": "#1"},
				"down": {"uv": [2.375, 6.5, 4.375, 9.3], "texture": "#1"}
			}
		},
		{
			"from": [9.4, 1.8, 9],
			"to": [9.6, 2.3, 9.2],
			"rotation": {"angle": 0, "axis": "z", "origin": [9.4, 1.8, 11]},
			"faces": {
				"north": {"uv": [2.25, 7, 4.25, 8], "texture": "#1"},
				"east": {"uv": [1.75, 5.625, 4.55, 6.625], "texture": "#1"},
				"south": {"uv": [8.125, 6.25, 10.125, 7.25], "texture": "#1"},
				"west": {"uv": [5.875, 10.625, 8.675, 11.625], "texture": "#1"},
				"up": {"uv": [2.5, 6.25, 4.5, 9.05], "texture": "#1"},
				"down": {"uv": [2.375, 6.5, 4.375, 9.3], "texture": "#1"}
			}
		},
		{
			"from": [6.4, 1.8, 9.2],
			"to": [6.6, 2.6, 9.4],
			"rotation": {"angle": 0, "axis": "z", "origin": [6.6, 1.8, 11]},
			"faces": {
				"north": {"uv": [2.25, 7, 4.25, 8], "texture": "#1"},
				"east": {"uv": [1.75, 5.625, 4.55, 6.625], "texture": "#1"},
				"south": {"uv": [8.125, 6.25, 10.125, 7.25], "texture": "#1"},
				"west": {"uv": [5.875, 10.625, 8.675, 11.625], "texture": "#1"},
				"up": {"uv": [2.5, 6.25, 4.5, 9.05], "texture": "#1"},
				"down": {"uv": [2.375, 6.5, 4.375, 9.3], "texture": "#1"}
			}
		},
		{
			"from": [9.4, 1.8, 9.2],
			"to": [9.6, 2.6, 9.4],
			"rotation": {"angle": 0, "axis": "z", "origin": [9.4, 1.8, 11]},
			"faces": {
				"north": {"uv": [2.25, 7, 4.25, 8], "texture": "#1"},
				"east": {"uv": [1.75, 5.625, 4.55, 6.625], "texture": "#1"},
				"south": {"uv": [8.125, 6.25, 10.125, 7.25], "texture": "#1"},
				"west": {"uv": [5.875, 10.625, 8.675, 11.625], "texture": "#1"},
				"up": {"uv": [2.5, 6.25, 4.5, 9.05], "texture": "#1"},
				"down": {"uv": [2.375, 6.5, 4.375, 9.3], "texture": "#1"}
			}
		},
		{
			"from": [7, 2, 9],
			"to": [9, 2.2, 9.9],
			"rotation": {"angle": 0, "axis": "z", "origin": [8, 2, 9]},
			"faces": {
				"north": {"uv": [0, 5.75, 0.45, 6.125], "rotation": 90, "texture": "#1"},
				"east": {"uv": [0.625, 6.75, 1.125, 8.25], "texture": "#1"},
				"south": {"uv": [1.125, 5.625, 1.45, 6.125], "rotation": 270, "texture": "#1"},
				"west": {"uv": [0.5, 6.75, 1.075, 8.25], "texture": "#1"},
				"up": {"uv": [8.25, 9.75, 8.75, 10.25], "rotation": 270, "texture": "#1"},
				"down": {"uv": [5.625, 10.25, 6.125, 10.875], "rotation": 270, "texture": "#1"}
			}
		},
		{
			"from": [7, 2, 9.9],
			"to": [9, 2.2, 12.76],
			"rotation": {"angle": 0, "axis": "z", "origin": [8, 2, 9]},
			"faces": {
				"north": {"uv": [0, 5.75, 0.45, 6.125], "rotation": 90, "texture": "#1"},
				"east": {"uv": [0.625, 6.75, 1.125, 8.25], "texture": "#1"},
				"south": {"uv": [1.125, 5.625, 1.45, 6.125], "rotation": 270, "texture": "#1"},
				"west": {"uv": [0.5, 6.75, 1.075, 8.25], "texture": "#1"},
				"up": {"uv": [0, 10.375, 3.875, 12.5], "rotation": 180, "texture": "#1"},
				"down": {"uv": [5.625, 10.25, 6.125, 10.875], "rotation": 270, "texture": "#1"}
			}
		},
		{
			"from": [7, 2, 6],
			"to": [9, 2.2, 9],
			"rotation": {"angle": 0, "axis": "z", "origin": [8, 2, 9]},
			"faces": {
				"north": {"uv": [0, 5.75, 0.45, 6.125], "rotation": 90, "texture": "#1"},
				"east": {"uv": [0.625, 6.75, 1.125, 8.25], "texture": "#1"},
				"south": {"uv": [1.125, 5.625, 1.45, 6.125], "rotation": 270, "texture": "#1"},
				"west": {"uv": [0.5, 6.75, 1.075, 8.25], "texture": "#1"},
				"up": {"uv": [8.25, 9.75, 8.75, 10.25], "rotation": 270, "texture": "#1"},
				"down": {"uv": [5.625, 10.25, 6.125, 10.875], "rotation": 270, "texture": "#1"}
			}
		},
		{
			"from": [10, 0, 12],
			"to": [11, 0.7, 12.8],
			"rotation": {"angle": -22.5, "axis": "y", "origin": [11, 1, 11.75]},
			"faces": {
				"north": {"uv": [1.625, 6.375, 0.75, 8.625], "texture": "#1"},
				"east": {"uv": [1.425, 6.375, 1, 8.625], "texture": "#1"},
				"south": {"uv": [1.5, 6.375, 0.75, 8.625], "texture": "#1"},
				"west": {"uv": [1.425, 6.375, 0.875, 8.625], "texture": "#1"},
				"up": {"uv": [4.375, 6.375, 2.375, 9.175], "texture": "#1"},
				"down": {"uv": [15.625, 4.625, 15.125, 5.05], "texture": "#1"}
			}
		},
		{
			"from": [5, 0, 12],
			"to": [6, 0.7, 12.8],
			"rotation": {"angle": 22.5, "axis": "y", "origin": [5, 1, 11.75]},
			"faces": {
				"north": {"uv": [0.75, 6.375, 1.625, 8.625], "texture": "#1"},
				"east": {"uv": [0.875, 6.375, 1.425, 8.625], "texture": "#1"},
				"south": {"uv": [0.75, 6.375, 1.5, 8.625], "texture": "#1"},
				"west": {"uv": [1, 6.375, 1.425, 8.625], "texture": "#1"},
				"up": {"uv": [2.375, 6.375, 4.375, 9.175], "texture": "#1"},
				"down": {"uv": [15.125, 4.625, 15.625, 5.05], "texture": "#1"}
			}
		},
		{
			"from": [5, 0, 1.25],
			"to": [6, 1, 3.75],
			"rotation": {"angle": -45, "axis": "y", "origin": [5, 1, 4]},
			"faces": {
				"north": {"uv": [1.375, 5.25, 0.875, 8.625], "texture": "#1"},
				"east": {"uv": [1.425, 5.25, 0.875, 8.625], "texture": "#1"},
				"south": {"uv": [1.625, 5.25, 1, 8.625], "texture": "#1"},
				"west": {"uv": [1.425, 5.25, 0.875, 8.625], "texture": "#1"},
				"up": {"uv": [4.5, 6, 2.5, 8.8], "texture": "#1"},
				"down": {"uv": [4.375, 6.75, 2.375, 9.55], "texture": "#1"}
			}
		},
		{
			"from": [10, 0, 1.25],
			"to": [11, 1, 3.75],
			"rotation": {"angle": 45, "axis": "y", "origin": [11, 1, 4]},
			"faces": {
				"north": {"uv": [0.875, 5.25, 1.375, 8.625], "texture": "#1"},
				"east": {"uv": [0.875, 5.25, 1.425, 8.625], "texture": "#1"},
				"south": {"uv": [1, 5.25, 1.625, 8.625], "texture": "#1"},
				"west": {"uv": [0.875, 5.25, 1.425, 8.625], "texture": "#1"},
				"up": {"uv": [2.5, 6, 4.5, 8.8], "texture": "#1"},
				"down": {"uv": [2.375, 6.75, 4.375, 9.55], "texture": "#1"}
			}
		},
		{
			"from": [5.5, 0.5, 13],
			"to": [6.5, 1.5, 17],
			"rotation": {"angle": 0, "axis": "y", "origin": [6, 1, 17]},
			"faces": {
				"north": {"uv": [0, 15.787, 0.431, 16], "texture": "#0"},
				"east": {"uv": [0, 0, 12.889, 15.934], "rotation": 90, "texture": "#0"},
				"south": {"uv": [0, 15.645, 0.431, 16], "texture": "#0"},
				"west": {"uv": [0, 0, 15.946, 15.934], "rotation": 270, "texture": "#0"},
				"up": {"uv": [0, 0, 15.934, 15.947], "texture": "#0"},
				"down": {"uv": [0, 0, 15.934, 15.947], "rotation": 180, "texture": "#0"}
			}
		},
		{
			"from": [5.5, 0.5, 13],
			"to": [6.5, 1.5, 17],
			"rotation": {"angle": -22.5, "axis": "z", "origin": [6, 1, 17]},
			"faces": {
				"north": {"uv": [0, 15.787, 0.431, 16], "texture": "#0"},
				"east": {"uv": [0, 0, 12.889, 15.934], "rotation": 90, "texture": "#0"},
				"south": {"uv": [0, 15.645, 0.431, 16], "texture": "#0"},
				"west": {"uv": [0, 0, 15.946, 15.934], "rotation": 270, "texture": "#0"},
				"up": {"uv": [0, 0, 15.934, 15.947], "texture": "#0"},
				"down": {"uv": [0, 0, 15.934, 15.947], "rotation": 180, "texture": "#0"}
			}
		},
		{
			"from": [5.5, 0.5, 13],
			"to": [6.5, 1.5, 17],
			"rotation": {"angle": -45, "axis": "z", "origin": [6, 1, 17]},
			"faces": {
				"north": {"uv": [0, 15.787, 0.431, 16], "texture": "#0"},
				"east": {"uv": [0, 0, 12.889, 15.934], "rotation": 90, "texture": "#0"},
				"south": {"uv": [0, 15.645, 0.431, 16], "texture": "#0"},
				"west": {"uv": [0, 0, 15.946, 15.934], "rotation": 270, "texture": "#0"},
				"up": {"uv": [0, 0, 15.934, 15.947], "texture": "#0"},
				"down": {"uv": [0, 0, 15.934, 15.947], "rotation": 180, "texture": "#0"}
			}
		},
		{
			"from": [5.5, 0.5, 13],
			"to": [6.5, 1.5, 17],
			"rotation": {"angle": 22.5, "axis": "z", "origin": [6, 1, 17]},
			"faces": {
				"north": {"uv": [0, 15.787, 0.431, 16], "rotation": 270, "texture": "#0"},
				"east": {"uv": [0, 0, 15.934, 15.947], "rotation": 90, "texture": "#0"},
				"south": {"uv": [0, 15.645, 0.431, 16], "rotation": 90, "texture": "#0"},
				"west": {"uv": [0, 0, 15.934, 15.947], "rotation": 270, "texture": "#0"},
				"up": {"uv": [0, 0, 15.946, 15.934], "texture": "#0"},
				"down": {"uv": [0, 0, 12.889, 15.934], "rotation": 180, "texture": "#0"}
			}
		},
		{
			"from": [6, 0.5, 13],
			"to": [6, 1.5, 19],
			"rotation": {"angle": 22.5, "axis": "z", "origin": [6, 1, 17]},
			"faces": {
				"north": {"uv": [0, 15.787, 0.431, 16], "rotation": 180, "texture": "#0"},
				"east": {"uv": [0, 0, 15.946, 15.934], "rotation": 90, "texture": "#0"},
				"south": {"uv": [0, 15.645, 0.431, 16], "rotation": 180, "texture": "#0"},
				"west": {"uv": [0, 0, 12.889, 15.934], "rotation": 270, "texture": "#0"},
				"up": {"uv": [0, 0, 15.934, 15.947], "rotation": 180, "texture": "#0"},
				"down": {"uv": [0, 0, 15.934, 15.947], "rotation": 180, "texture": "#0"}
			}
		},
		{
			"from": [5.5, 1, 13],
			"to": [6.5, 1, 19],
			"rotation": {"angle": -45, "axis": "z", "origin": [6, 1, 17]},
			"faces": {
				"north": {"uv": [0, 15.787, 0.431, 16], "rotation": 270, "texture": "#0"},
				"east": {"uv": [0, 0, 15.934, 15.947], "rotation": 90, "texture": "#0"},
				"south": {"uv": [0, 15.645, 0.431, 16], "rotation": 90, "texture": "#0"},
				"west": {"uv": [0, 0, 15.934, 15.947], "rotation": 90, "texture": "#0"},
				"up": {"uv": [0, 0, 15.946, 15.934], "texture": "#0"},
				"down": {"uv": [0, 0, 12.889, 15.934], "rotation": 180, "texture": "#0"}
			}
		},
		{
			"from": [5.5, 1, 13],
			"to": [6.5, 1, 19],
			"rotation": {"angle": -22.5, "axis": "z", "origin": [6, 1, 17]},
			"faces": {
				"north": {"uv": [0, 15.787, 0.431, 16], "rotation": 270, "texture": "#0"},
				"east": {"uv": [0, 0, 15.934, 15.947], "rotation": 90, "texture": "#0"},
				"south": {"uv": [0, 15.645, 0.431, 16], "rotation": 90, "texture": "#0"},
				"west": {"uv": [0, 0, 15.934, 15.947], "rotation": 90, "texture": "#0"},
				"up": {"uv": [0, 0, 15.946, 15.934], "texture": "#0"},
				"down": {"uv": [0, 0, 12.889, 15.934], "rotation": 180, "texture": "#0"}
			}
		},
		{
			"from": [6, 0.5, 13],
			"to": [6, 1.5, 19],
			"rotation": {"angle": -45, "axis": "z", "origin": [6, 1, 17]},
			"faces": {
				"north": {"uv": [0, 15.787, 0.431, 16], "texture": "#0"},
				"east": {"uv": [0, 0, 12.889, 15.934], "rotation": 90, "texture": "#0"},
				"south": {"uv": [0, 15.645, 0.431, 16], "texture": "#0"},
				"west": {"uv": [0, 0, 15.946, 15.934], "rotation": 270, "texture": "#0"},
				"up": {"uv": [0, 0, 15.934, 15.947], "texture": "#0"},
				"down": {"uv": [0, 0, 15.934, 15.947], "texture": "#0"}
			}
		},
		{
			"from": [5.5, 1, 13],
			"to": [6.5, 1, 19],
			"rotation": {"angle": 0, "axis": "z", "origin": [6, 1, 17]},
			"faces": {
				"north": {"uv": [0, 15.787, 0.431, 16], "rotation": 270, "texture": "#0"},
				"east": {"uv": [0, 0, 15.934, 15.947], "rotation": 90, "texture": "#0"},
				"south": {"uv": [0, 15.645, 0.431, 16], "rotation": 90, "texture": "#0"},
				"west": {"uv": [0, 0, 15.934, 15.947], "rotation": 90, "texture": "#0"},
				"up": {"uv": [0, 0, 15.946, 15.934], "texture": "#0"},
				"down": {"uv": [0, 0, 12.889, 15.934], "rotation": 180, "texture": "#0"}
			}
		},
		{
			"from": [6, 0.5, 13],
			"to": [6, 1.5, 19],
			"rotation": {"angle": -22.5, "axis": "z", "origin": [6, 1, 17]},
			"faces": {
				"north": {"uv": [0, 15.787, 0.431, 16], "texture": "#0"},
				"east": {"uv": [0, 0, 12.889, 15.934], "rotation": 90, "texture": "#0"},
				"south": {"uv": [0, 15.645, 0.431, 16], "texture": "#0"},
				"west": {"uv": [0, 0, 15.946, 15.934], "rotation": 270, "texture": "#0"},
				"up": {"uv": [0, 0, 15.934, 15.947], "texture": "#0"},
				"down": {"uv": [0, 0, 15.934, 15.947], "texture": "#0"}
			}
		},
		{
			"from": [6, 0.5, 13],
			"to": [6, 1.5, 19],
			"rotation": {"angle": 0, "axis": "y", "origin": [6, 1, 17]},
			"faces": {
				"north": {"uv": [0, 15.787, 0.431, 16], "texture": "#0"},
				"east": {"uv": [0, 0, 12.889, 15.934], "rotation": 90, "texture": "#0"},
				"south": {"uv": [0, 15.645, 0.431, 16], "texture": "#0"},
				"west": {"uv": [0, 0, 15.946, 15.934], "rotation": 270, "texture": "#0"},
				"up": {"uv": [0, 0, 15.934, 15.947], "texture": "#0"},
				"down": {"uv": [0, 0, 15.934, 15.947], "texture": "#0"}
			}
		},
		{
			"from": [5.5, 1, 13],
			"to": [6.5, 1, 19],
			"rotation": {"angle": 22.5, "axis": "z", "origin": [6, 1, 17]},
			"faces": {
				"north": {"uv": [0, 15.787, 0.431, 16], "rotation": 270, "texture": "#0"},
				"east": {"uv": [0, 0, 15.934, 15.947], "rotation": 90, "texture": "#0"},
				"south": {"uv": [0, 15.645, 0.431, 16], "rotation": 90, "texture": "#0"},
				"west": {"uv": [0, 0, 15.934, 15.947], "rotation": 90, "texture": "#0"},
				"up": {"uv": [0, 0, 15.946, 15.934], "texture": "#0"},
				"down": {"uv": [0, 0, 12.889, 15.934], "rotation": 180, "texture": "#0"}
			}
		},
		{
			"from": [9.5, 0.5, 13],
			"to": [10.5, 1.5, 17],
			"rotation": {"angle": 0, "axis": "y", "origin": [10, 1, 17]},
			"faces": {
				"north": {"uv": [0, 15.787, 0.431, 16], "texture": "#0"},
				"east": {"uv": [0, 0, 12.889, 15.934], "rotation": 90, "texture": "#0"},
				"south": {"uv": [0, 15.645, 0.431, 16], "texture": "#0"},
				"west": {"uv": [0, 0, 15.946, 15.934], "rotation": 270, "texture": "#0"},
				"up": {"uv": [0, 0, 15.934, 15.947], "texture": "#0"},
				"down": {"uv": [0, 0, 15.934, 15.947], "rotation": 180, "texture": "#0"}
			}
		},
		{
			"from": [9.5, 0.5, 13],
			"to": [10.5, 1.5, 17],
			"rotation": {"angle": -22.5, "axis": "z", "origin": [10, 1, 17]},
			"faces": {
				"north": {"uv": [0, 15.787, 0.431, 16], "texture": "#0"},
				"east": {"uv": [0, 0, 12.889, 15.934], "rotation": 90, "texture": "#0"},
				"south": {"uv": [0, 15.645, 0.431, 16], "texture": "#0"},
				"west": {"uv": [0, 0, 15.946, 15.934], "rotation": 270, "texture": "#0"},
				"up": {"uv": [0, 0, 15.934, 15.947], "texture": "#0"},
				"down": {"uv": [0, 0, 15.934, 15.947], "rotation": 180, "texture": "#0"}
			}
		},
		{
			"from": [9.5, 0.5, 13],
			"to": [10.5, 1.5, 17],
			"rotation": {"angle": -45, "axis": "z", "origin": [10, 1, 17]},
			"faces": {
				"north": {"uv": [0, 15.787, 0.431, 16], "texture": "#0"},
				"east": {"uv": [0, 0, 12.889, 15.934], "rotation": 90, "texture": "#0"},
				"south": {"uv": [0, 15.645, 0.431, 16], "texture": "#0"},
				"west": {"uv": [0, 0, 15.946, 15.934], "rotation": 270, "texture": "#0"},
				"up": {"uv": [0, 0, 15.934, 15.947], "texture": "#0"},
				"down": {"uv": [0, 0, 15.934, 15.947], "rotation": 180, "texture": "#0"}
			}
		},
		{
			"from": [9.5, 0.5, 13],
			"to": [10.5, 1.5, 17],
			"rotation": {"angle": 22.5, "axis": "z", "origin": [10, 1, 17]},
			"faces": {
				"north": {"uv": [0, 15.787, 0.431, 16], "rotation": 270, "texture": "#0"},
				"east": {"uv": [0, 0, 15.934, 15.947], "rotation": 90, "texture": "#0"},
				"south": {"uv": [0, 15.645, 0.431, 16], "rotation": 90, "texture": "#0"},
				"west": {"uv": [0, 0, 15.934, 15.947], "rotation": 270, "texture": "#0"},
				"up": {"uv": [0, 0, 15.946, 15.934], "texture": "#0"},
				"down": {"uv": [0, 0, 12.889, 15.934], "rotation": 180, "texture": "#0"}
			}
		},
		{
			"from": [10, 0.5, 13],
			"to": [10, 1.5, 19],
			"rotation": {"angle": 22.5, "axis": "z", "origin": [10, 1, 17]},
			"faces": {
				"north": {"uv": [0, 15.787, 0.431, 16], "rotation": 180, "texture": "#0"},
				"east": {"uv": [0, 0, 15.946, 15.934], "rotation": 90, "texture": "#0"},
				"south": {"uv": [0, 15.645, 0.431, 16], "rotation": 180, "texture": "#0"},
				"west": {"uv": [0, 0, 12.889, 15.934], "rotation": 270, "texture": "#0"},
				"up": {"uv": [0, 0, 15.934, 15.947], "rotation": 180, "texture": "#0"},
				"down": {"uv": [0, 0, 15.934, 15.947], "rotation": 180, "texture": "#0"}
			}
		},
		{
			"from": [9.5, 1, 13],
			"to": [10.5, 1, 19],
			"rotation": {"angle": -45, "axis": "z", "origin": [10, 1, 17]},
			"faces": {
				"north": {"uv": [0, 15.787, 0.431, 16], "rotation": 270, "texture": "#0"},
				"east": {"uv": [0, 0, 15.934, 15.947], "rotation": 90, "texture": "#0"},
				"south": {"uv": [0, 15.645, 0.431, 16], "rotation": 90, "texture": "#0"},
				"west": {"uv": [0, 0, 15.934, 15.947], "rotation": 90, "texture": "#0"},
				"up": {"uv": [0, 0, 15.946, 15.934], "texture": "#0"},
				"down": {"uv": [0, 0, 12.889, 15.934], "rotation": 180, "texture": "#0"}
			}
		},
		{
			"from": [9.5, 1, 13],
			"to": [10.5, 1, 19],
			"rotation": {"angle": -22.5, "axis": "z", "origin": [10, 1, 17]},
			"faces": {
				"north": {"uv": [0, 15.787, 0.431, 16], "rotation": 270, "texture": "#0"},
				"east": {"uv": [0, 0, 15.934, 15.947], "rotation": 90, "texture": "#0"},
				"south": {"uv": [0, 15.645, 0.431, 16], "rotation": 90, "texture": "#0"},
				"west": {"uv": [0, 0, 15.934, 15.947], "rotation": 90, "texture": "#0"},
				"up": {"uv": [0, 0, 15.946, 15.934], "texture": "#0"},
				"down": {"uv": [0, 0, 12.889, 15.934], "rotation": 180, "texture": "#0"}
			}
		},
		{
			"from": [10, 0.5, 13],
			"to": [10, 1.5, 19],
			"rotation": {"angle": -45, "axis": "z", "origin": [10, 1, 17]},
			"faces": {
				"north": {"uv": [0, 15.787, 0.431, 16], "texture": "#0"},
				"east": {"uv": [0, 0, 12.889, 15.934], "rotation": 90, "texture": "#0"},
				"south": {"uv": [0, 15.645, 0.431, 16], "texture": "#0"},
				"west": {"uv": [0, 0, 15.946, 15.934], "rotation": 270, "texture": "#0"},
				"up": {"uv": [0, 0, 15.934, 15.947], "texture": "#0"},
				"down": {"uv": [0, 0, 15.934, 15.947], "texture": "#0"}
			}
		},
		{
			"from": [9.5, 1, 13],
			"to": [10.5, 1, 19],
			"rotation": {"angle": 0, "axis": "z", "origin": [10, 1, 17]},
			"faces": {
				"north": {"uv": [0, 15.787, 0.431, 16], "rotation": 270, "texture": "#0"},
				"east": {"uv": [0, 0, 15.934, 15.947], "rotation": 90, "texture": "#0"},
				"south": {"uv": [0, 15.645, 0.431, 16], "rotation": 90, "texture": "#0"},
				"west": {"uv": [0, 0, 15.934, 15.947], "rotation": 90, "texture": "#0"},
				"up": {"uv": [0, 0, 15.946, 15.934], "texture": "#0"},
				"down": {"uv": [0, 0, 12.889, 15.934], "rotation": 180, "texture": "#0"}
			}
		},
		{
			"from": [10, 0.5, 13],
			"to": [10, 1.5, 19],
			"rotation": {"angle": -22.5, "axis": "z", "origin": [10, 1, 17]},
			"faces": {
				"north": {"uv": [0, 15.787, 0.431, 16], "texture": "#0"},
				"east": {"uv": [0, 0, 12.889, 15.934], "rotation": 90, "texture": "#0"},
				"south": {"uv": [0, 15.645, 0.431, 16], "texture": "#0"},
				"west": {"uv": [0, 0, 15.946, 15.934], "rotation": 270, "texture": "#0"},
				"up": {"uv": [0, 0, 15.934, 15.947], "texture": "#0"},
				"down": {"uv": [0, 0, 15.934, 15.947], "texture": "#0"}
			}
		},
		{
			"from": [10, 0.5, 13],
			"to": [10, 1.5, 19],
			"rotation": {"angle": 0, "axis": "y", "origin": [10, 1, 17]},
			"faces": {
				"north": {"uv": [0, 15.787, 0.431, 16], "texture": "#0"},
				"east": {"uv": [0, 0, 12.889, 15.934], "rotation": 90, "texture": "#0"},
				"south": {"uv": [0, 15.645, 0.431, 16], "texture": "#0"},
				"west": {"uv": [0, 0, 15.946, 15.934], "rotation": 270, "texture": "#0"},
				"up": {"uv": [0, 0, 15.934, 15.947], "texture": "#0"},
				"down": {"uv": [0, 0, 15.934, 15.947], "texture": "#0"}
			}
		},
		{
			"from": [9.5, 1, 13],
			"to": [10.5, 1, 19],
			"rotation": {"angle": 22.5, "axis": "z", "origin": [10, 1, 17]},
			"faces": {
				"north": {"uv": [0, 15.787, 0.431, 16], "rotation": 270, "texture": "#0"},
				"east": {"uv": [0, 0, 15.934, 15.947], "rotation": 90, "texture": "#0"},
				"south": {"uv": [0, 15.645, 0.431, 16], "rotation": 90, "texture": "#0"},
				"west": {"uv": [0, 0, 15.934, 15.947], "rotation": 90, "texture": "#0"},
				"up": {"uv": [0, 0, 15.946, 15.934], "texture": "#0"},
				"down": {"uv": [0, 0, 12.889, 15.934], "rotation": 180, "texture": "#0"}
			}
		},
		{
			"from": [8.25, 0.5, 13],
			"to": [9.25, 1.5, 17],
			"rotation": {"angle": 0, "axis": "y", "origin": [8.75, 1, 17]},
			"faces": {
				"north": {"uv": [0, 15.787, 0.431, 16], "texture": "#0"},
				"east": {"uv": [0, 0, 12.889, 15.934], "rotation": 90, "texture": "#0"},
				"south": {"uv": [0, 15.645, 0.431, 16], "texture": "#0"},
				"west": {"uv": [0, 0, 15.946, 15.934], "rotation": 270, "texture": "#0"},
				"up": {"uv": [0, 0, 15.934, 15.947], "texture": "#0"},
				"down": {"uv": [0, 0, 15.934, 15.947], "rotation": 180, "texture": "#0"}
			}
		},
		{
			"from": [8.25, 0.5, 13],
			"to": [9.25, 1.5, 17],
			"rotation": {"angle": -22.5, "axis": "z", "origin": [8.75, 1, 17]},
			"faces": {
				"north": {"uv": [0, 15.787, 0.431, 16], "texture": "#0"},
				"east": {"uv": [0, 0, 12.889, 15.934], "rotation": 90, "texture": "#0"},
				"south": {"uv": [0, 15.645, 0.431, 16], "texture": "#0"},
				"west": {"uv": [0, 0, 15.946, 15.934], "rotation": 270, "texture": "#0"},
				"up": {"uv": [0, 0, 15.934, 15.947], "texture": "#0"},
				"down": {"uv": [0, 0, 15.934, 15.947], "rotation": 180, "texture": "#0"}
			}
		},
		{
			"from": [8.25, 0.5, 13],
			"to": [9.25, 1.5, 17],
			"rotation": {"angle": -45, "axis": "z", "origin": [8.75, 1, 17]},
			"faces": {
				"north": {"uv": [0, 15.787, 0.431, 16], "texture": "#0"},
				"east": {"uv": [0, 0, 12.889, 15.934], "rotation": 90, "texture": "#0"},
				"south": {"uv": [0, 15.645, 0.431, 16], "texture": "#0"},
				"west": {"uv": [0, 0, 15.946, 15.934], "rotation": 270, "texture": "#0"},
				"up": {"uv": [0, 0, 15.934, 15.947], "texture": "#0"},
				"down": {"uv": [0, 0, 15.934, 15.947], "rotation": 180, "texture": "#0"}
			}
		},
		{
			"from": [8.25, 0.5, 13],
			"to": [9.25, 1.5, 17],
			"rotation": {"angle": 22.5, "axis": "z", "origin": [8.75, 1, 17]},
			"faces": {
				"north": {"uv": [0, 15.787, 0.431, 16], "rotation": 270, "texture": "#0"},
				"east": {"uv": [0, 0, 15.934, 15.947], "rotation": 90, "texture": "#0"},
				"south": {"uv": [0, 15.645, 0.431, 16], "rotation": 90, "texture": "#0"},
				"west": {"uv": [0, 0, 15.934, 15.947], "rotation": 270, "texture": "#0"},
				"up": {"uv": [0, 0, 15.946, 15.934], "texture": "#0"},
				"down": {"uv": [0, 0, 12.889, 15.934], "rotation": 180, "texture": "#0"}
			}
		},
		{
			"from": [8.25, 1, 13],
			"to": [9.25, 1, 19],
			"rotation": {"angle": 0, "axis": "y", "origin": [8.75, 1, 17]},
			"faces": {
				"north": {"uv": [0, 15.787, 0.431, 16], "rotation": 270, "texture": "#0"},
				"east": {"uv": [0, 0, 15.934, 15.947], "rotation": 90, "texture": "#0"},
				"south": {"uv": [0, 15.645, 0.431, 16], "rotation": 90, "texture": "#0"},
				"west": {"uv": [0, 0, 15.934, 15.947], "rotation": 90, "texture": "#0"},
				"up": {"uv": [0, 0, 15.946, 15.934], "texture": "#0"},
				"down": {"uv": [0, 0, 12.889, 15.934], "rotation": 180, "texture": "#0"}
			}
		},
		{
			"from": [8.75, 0.5, 13],
			"to": [8.75, 1.5, 19],
			"rotation": {"angle": 0, "axis": "y", "origin": [8.75, 1, 17]},
			"faces": {
				"north": {"uv": [0, 15.787, 0.431, 16], "rotation": 180, "texture": "#0"},
				"east": {"uv": [0, 0, 15.946, 15.934], "rotation": 90, "texture": "#0"},
				"south": {"uv": [0, 15.645, 0.431, 16], "rotation": 180, "texture": "#0"},
				"west": {"uv": [0, 0, 12.889, 15.934], "rotation": 270, "texture": "#0"},
				"up": {"uv": [0, 0, 15.934, 15.947], "rotation": 180, "texture": "#0"},
				"down": {"uv": [0, 0, 15.934, 15.947], "rotation": 180, "texture": "#0"}
			}
		},
		{
			"from": [8.25, 1, 13],
			"to": [9.25, 1, 19],
			"rotation": {"angle": -45, "axis": "z", "origin": [8.75, 1, 17]},
			"faces": {
				"north": {"uv": [0, 15.787, 0.431, 16], "rotation": 270, "texture": "#0"},
				"east": {"uv": [0, 0, 15.934, 15.947], "rotation": 90, "texture": "#0"},
				"south": {"uv": [0, 15.645, 0.431, 16], "rotation": 90, "texture": "#0"},
				"west": {"uv": [0, 0, 15.934, 15.947], "rotation": 90, "texture": "#0"},
				"up": {"uv": [0, 0, 15.946, 15.934], "texture": "#0"},
				"down": {"uv": [0, 0, 12.889, 15.934], "rotation": 180, "texture": "#0"}
			}
		},
		{
			"from": [8.75, 0.5, 13],
			"to": [8.75, 1.5, 19],
			"rotation": {"angle": -45, "axis": "z", "origin": [8.75, 1, 17]},
			"faces": {
				"north": {"uv": [0, 15.787, 0.431, 16], "rotation": 180, "texture": "#0"},
				"east": {"uv": [0, 0, 15.946, 15.934], "rotation": 90, "texture": "#0"},
				"south": {"uv": [0, 15.645, 0.431, 16], "rotation": 180, "texture": "#0"},
				"west": {"uv": [0, 0, 12.889, 15.934], "rotation": 270, "texture": "#0"},
				"up": {"uv": [0, 0, 15.934, 15.947], "rotation": 180, "texture": "#0"},
				"down": {"uv": [0, 0, 15.934, 15.947], "rotation": 180, "texture": "#0"}
			}
		},
		{
			"from": [8.25, 1, 13],
			"to": [9.25, 1, 19],
			"rotation": {"angle": -22.5, "axis": "z", "origin": [8.75, 1, 17]},
			"faces": {
				"north": {"uv": [0, 15.787, 0.431, 16], "rotation": 270, "texture": "#0"},
				"east": {"uv": [0, 0, 15.934, 15.947], "rotation": 90, "texture": "#0"},
				"south": {"uv": [0, 15.645, 0.431, 16], "rotation": 90, "texture": "#0"},
				"west": {"uv": [0, 0, 15.934, 15.947], "rotation": 90, "texture": "#0"},
				"up": {"uv": [0, 0, 15.946, 15.934], "texture": "#0"},
				"down": {"uv": [0, 0, 12.889, 15.934], "rotation": 180, "texture": "#0"}
			}
		},
		{
			"from": [8.75, 0.5, 13],
			"to": [8.75, 1.5, 19],
			"rotation": {"angle": -22.5, "axis": "z", "origin": [8.75, 1, 17]},
			"faces": {
				"north": {"uv": [0, 15.787, 0.431, 16], "rotation": 180, "texture": "#0"},
				"east": {"uv": [0, 0, 15.946, 15.934], "rotation": 90, "texture": "#0"},
				"south": {"uv": [0, 15.645, 0.431, 16], "rotation": 180, "texture": "#0"},
				"west": {"uv": [0, 0, 12.889, 15.934], "rotation": 270, "texture": "#0"},
				"up": {"uv": [0, 0, 15.934, 15.947], "rotation": 180, "texture": "#0"},
				"down": {"uv": [0, 0, 15.934, 15.947], "rotation": 180, "texture": "#0"}
			}
		},
		{
			"from": [8.75, 0.5, 13],
			"to": [8.75, 1.5, 19],
			"rotation": {"angle": 22.5, "axis": "z", "origin": [8.75, 1, 17]},
			"faces": {
				"north": {"uv": [0, 15.787, 0.431, 16], "rotation": 180, "texture": "#0"},
				"east": {"uv": [0, 0, 15.946, 15.934], "rotation": 90, "texture": "#0"},
				"south": {"uv": [0, 15.645, 0.431, 16], "rotation": 180, "texture": "#0"},
				"west": {"uv": [0, 0, 12.889, 15.934], "rotation": 270, "texture": "#0"},
				"up": {"uv": [0, 0, 15.934, 15.947], "rotation": 180, "texture": "#0"},
				"down": {"uv": [0, 0, 15.934, 15.947], "rotation": 180, "texture": "#0"}
			}
		},
		{
			"from": [8.25, 1, 13],
			"to": [9.25, 1, 19],
			"rotation": {"angle": 22.5, "axis": "z", "origin": [8.75, 1, 17]},
			"faces": {
				"north": {"uv": [0, 15.787, 0.431, 16], "rotation": 90, "texture": "#0"},
				"east": {"uv": [0, 0, 15.934, 15.947], "rotation": 270, "texture": "#0"},
				"south": {"uv": [0, 15.645, 0.431, 16], "rotation": 270, "texture": "#0"},
				"west": {"uv": [0, 0, 15.934, 15.947], "rotation": 270, "texture": "#0"},
				"up": {"uv": [0, 0, 12.889, 15.934], "texture": "#0"},
				"down": {"uv": [0, 0, 15.946, 15.934], "rotation": 180, "texture": "#0"}
			}
		},
		{
			"from": [6.75, 0.5, 13],
			"to": [7.75, 1.5, 17],
			"rotation": {"angle": 0, "axis": "y", "origin": [7.25, 1, 17]},
			"faces": {
				"north": {"uv": [0.431, 15.787, 0, 16], "texture": "#0"},
				"east": {"uv": [0, 15.934, 15.946, 0], "rotation": 270, "texture": "#0"},
				"south": {"uv": [0.431, 15.645, 0, 16], "texture": "#0"},
				"west": {"uv": [0, 15.934, 12.889, 0], "rotation": 90, "texture": "#0"},
				"up": {"uv": [15.934, 0, 0, 15.947], "texture": "#0"},
				"down": {"uv": [15.934, 0, 0, 15.947], "rotation": 180, "texture": "#0"}
			}
		},
		{
			"from": [6.75, 0.5, 13],
			"to": [7.75, 1.5, 17],
			"rotation": {"angle": 22.5, "axis": "z", "origin": [7.25, 1, 17]},
			"faces": {
				"north": {"uv": [0.431, 15.787, 0, 16], "texture": "#0"},
				"east": {"uv": [0, 15.934, 15.946, 0], "rotation": 270, "texture": "#0"},
				"south": {"uv": [0.431, 15.645, 0, 16], "texture": "#0"},
				"west": {"uv": [0, 15.934, 12.889, 0], "rotation": 90, "texture": "#0"},
				"up": {"uv": [15.934, 0, 0, 15.947], "texture": "#0"},
				"down": {"uv": [15.934, 0, 0, 15.947], "rotation": 180, "texture": "#0"}
			}
		},
		{
			"from": [6.75, 0.5, 13],
			"to": [7.75, 1.5, 17],
			"rotation": {"angle": 45, "axis": "z", "origin": [7.25, 1, 17]},
			"faces": {
				"north": {"uv": [0.431, 15.787, 0, 16], "texture": "#0"},
				"east": {"uv": [0, 15.934, 15.946, 0], "rotation": 270, "texture": "#0"},
				"south": {"uv": [0.431, 15.645, 0, 16], "texture": "#0"},
				"west": {"uv": [0, 15.934, 12.889, 0], "rotation": 90, "texture": "#0"},
				"up": {"uv": [15.934, 0, 0, 15.947], "texture": "#0"},
				"down": {"uv": [15.934, 0, 0, 15.947], "rotation": 180, "texture": "#0"}
			}
		},
		{
			"from": [6.75, 0.5, 13],
			"to": [7.75, 1.5, 17],
			"rotation": {"angle": -22.5, "axis": "z", "origin": [7.25, 1, 17]},
			"faces": {
				"north": {"uv": [0, 16, 0.431, 15.787], "rotation": 270, "texture": "#0"},
				"east": {"uv": [0, 15.947, 15.934, 0], "rotation": 270, "texture": "#0"},
				"south": {"uv": [0, 16, 0.431, 15.645], "rotation": 90, "texture": "#0"},
				"west": {"uv": [0, 15.947, 15.934, 0], "rotation": 90, "texture": "#0"},
				"up": {"uv": [15.946, 0, 0, 15.934], "texture": "#0"},
				"down": {"uv": [12.889, 0, 0, 15.934], "rotation": 180, "texture": "#0"}
			}
		},
		{
			"from": [6.75, 1, 13],
			"to": [7.75, 1, 19],
			"rotation": {"angle": 0, "axis": "y", "origin": [7.25, 1, 17]},
			"faces": {
				"north": {"uv": [0, 16, 0.431, 15.787], "rotation": 270, "texture": "#0"},
				"east": {"uv": [0, 15.947, 15.934, 0], "rotation": 90, "texture": "#0"},
				"south": {"uv": [0, 16, 0.431, 15.645], "rotation": 90, "texture": "#0"},
				"west": {"uv": [0, 15.947, 15.934, 0], "rotation": 90, "texture": "#0"},
				"up": {"uv": [15.946, 0, 0, 15.934], "texture": "#0"},
				"down": {"uv": [12.889, 0, 0, 15.934], "rotation": 180, "texture": "#0"}
			}
		},
		{
			"from": [7.25, 0.5, 13],
			"to": [7.25, 1.5, 19],
			"rotation": {"angle": 0, "axis": "y", "origin": [7.25, 1, 17]},
			"faces": {
				"north": {"uv": [0.431, 15.787, 0, 16], "rotation": 180, "texture": "#0"},
				"east": {"uv": [0, 15.934, 12.889, 0], "rotation": 270, "texture": "#0"},
				"south": {"uv": [0.431, 15.645, 0, 16], "rotation": 180, "texture": "#0"},
				"west": {"uv": [0, 15.934, 15.946, 0], "rotation": 90, "texture": "#0"},
				"up": {"uv": [15.934, 0, 0, 15.947], "rotation": 180, "texture": "#0"},
				"down": {"uv": [15.934, 0, 0, 15.947], "rotation": 180, "texture": "#0"}
			}
		},
		{
			"from": [6.75, 1, 13],
			"to": [7.75, 1, 19],
			"rotation": {"angle": 45, "axis": "z", "origin": [7.25, 1, 17]},
			"faces": {
				"north": {"uv": [0, 16, 0.431, 15.787], "rotation": 270, "texture": "#0"},
				"east": {"uv": [0, 15.947, 15.934, 0], "rotation": 90, "texture": "#0"},
				"south": {"uv": [0, 16, 0.431, 15.645], "rotation": 90, "texture": "#0"},
				"west": {"uv": [0, 15.947, 15.934, 0], "rotation": 90, "texture": "#0"},
				"up": {"uv": [15.946, 0, 0, 15.934], "texture": "#0"},
				"down": {"uv": [12.889, 0, 0, 15.934], "rotation": 180, "texture": "#0"}
			}
		},
		{
			"from": [7.25, 0.5, 13],
			"to": [7.25, 1.5, 19],
			"rotation": {"angle": 45, "axis": "z", "origin": [7.25, 1, 17]},
			"faces": {
				"north": {"uv": [0.431, 15.787, 0, 16], "rotation": 180, "texture": "#0"},
				"east": {"uv": [0, 15.934, 12.889, 0], "rotation": 270, "texture": "#0"},
				"south": {"uv": [0.431, 15.645, 0, 16], "rotation": 180, "texture": "#0"},
				"west": {"uv": [0, 15.934, 15.946, 0], "rotation": 90, "texture": "#0"},
				"up": {"uv": [15.934, 0, 0, 15.947], "rotation": 180, "texture": "#0"},
				"down": {"uv": [15.934, 0, 0, 15.947], "rotation": 180, "texture": "#0"}
			}
		},
		{
			"from": [6.75, 1, 13],
			"to": [7.75, 1, 19],
			"rotation": {"angle": 22.5, "axis": "z", "origin": [7.25, 1, 17]},
			"faces": {
				"north": {"uv": [0, 16, 0.431, 15.787], "rotation": 270, "texture": "#0"},
				"east": {"uv": [0, 15.947, 15.934, 0], "rotation": 90, "texture": "#0"},
				"south": {"uv": [0, 16, 0.431, 15.645], "rotation": 90, "texture": "#0"},
				"west": {"uv": [0, 15.947, 15.934, 0], "rotation": 90, "texture": "#0"},
				"up": {"uv": [15.946, 0, 0, 15.934], "texture": "#0"},
				"down": {"uv": [12.889, 0, 0, 15.934], "rotation": 180, "texture": "#0"}
			}
		},
		{
			"from": [7.25, 0.5, 13],
			"to": [7.25, 1.5, 19],
			"rotation": {"angle": 22.5, "axis": "z", "origin": [7.25, 1, 17]},
			"faces": {
				"north": {"uv": [0.431, 15.787, 0, 16], "rotation": 180, "texture": "#0"},
				"east": {"uv": [0, 15.934, 12.889, 0], "rotation": 270, "texture": "#0"},
				"south": {"uv": [0.431, 15.645, 0, 16], "rotation": 180, "texture": "#0"},
				"west": {"uv": [0, 15.934, 15.946, 0], "rotation": 90, "texture": "#0"},
				"up": {"uv": [15.934, 0, 0, 15.947], "rotation": 180, "texture": "#0"},
				"down": {"uv": [15.934, 0, 0, 15.947], "rotation": 180, "texture": "#0"}
			}
		},
		{
			"from": [7.25, 0.5, 13],
			"to": [7.25, 1.5, 19],
			"rotation": {"angle": -22.5, "axis": "z", "origin": [7.25, 1, 17]},
			"faces": {
				"north": {"uv": [0.431, 15.787, 0, 16], "rotation": 180, "texture": "#0"},
				"east": {"uv": [0, 15.934, 12.889, 0], "rotation": 270, "texture": "#0"},
				"south": {"uv": [0.431, 15.645, 0, 16], "rotation": 180, "texture": "#0"},
				"west": {"uv": [0, 15.934, 15.946, 0], "rotation": 90, "texture": "#0"},
				"up": {"uv": [15.934, 0, 0, 15.947], "rotation": 180, "texture": "#0"},
				"down": {"uv": [15.934, 0, 0, 15.947], "rotation": 180, "texture": "#0"}
			}
		},
		{
			"from": [6.75, 1, 13],
			"to": [7.75, 1, 19],
			"rotation": {"angle": -22.5, "axis": "z", "origin": [7.25, 1, 17]},
			"faces": {
				"north": {"uv": [0, 16, 0.431, 15.787], "rotation": 90, "texture": "#0"},
				"east": {"uv": [0, 15.947, 15.934, 0], "rotation": 270, "texture": "#0"},
				"south": {"uv": [0, 16, 0.431, 15.645], "rotation": 270, "texture": "#0"},
				"west": {"uv": [0, 15.947, 15.934, 0], "rotation": 270, "texture": "#0"},
				"up": {"uv": [12.889, 0, 0, 15.934], "texture": "#0"},
				"down": {"uv": [15.946, 0, 0, 15.934], "rotation": 180, "texture": "#0"}
			}
		}
	],
	"display": {
		"thirdperson_righthand": {
			"translation": [0, 8, 0]
		},
		"thirdperson_lefthand": {
			"translation": [0, 8, 0]
		},
		"firstperson_righthand": {
			"translation": [0, 8.5, 0]
		},
		"ground": {
			"translation": [0, 4.25, 0]
		},
		"gui": {
			"rotation": [28, 139, 0],
			"translation": [0, 4, 0]
		},
		"head": {
			"translation": [0, 14.5, 0]
		},
		"fixed": {
			"rotation": [-90, 0, 0],
			"translation": [0, 0.75, -12.5],
			"scale": [1.5, 1.5, 1.5]
		}
	},
	"groups": [0, 1, 2, 3, 4, 5, 6, 7, 8, 9, 10, 11, 12, 13, 14, 15, 16, 17, 18, 19, 20, 21, 22, 23, 24, 25, 26, 27, 28, 29, 30, 31, 32, 33, 34, 35, 36, 37, 38, 39, 40, 41, 42, 43, 44, 45, 46, 47, 48, 49, 50, 51, 52, 53, 54, 55, 56, 57,
		{
			"name": "Jet",
			"origin": [8, 1, 17],
			"color": 0,
			"children": [58, 59, 60, 61, 62, 63, 64, 65, 66, 67, 68, 69]
		},
		{
			"name": "Jet",
			"origin": [8, 1, 17],
			"color": 0,
			"children": [70, 71, 72, 73, 74, 75, 76, 77, 78, 79, 80, 81]
		},
		{
			"name": "Jet",
			"origin": [8, 1, 17],
			"color": 0,
			"children": [82, 83, 84, 85, 86, 87, 88, 89, 90, 91, 92, 93]
		},
		{
			"name": "Jet",
			"origin": [8, 1, 17],
			"color": 0,
			"children": [94, 95, 96, 97, 98, 99, 100, 101, 102, 103, 104, 105]
		}
	]
}