{
	"credit": "Made with Blockbench",
	"textures": {
		"0": "item/charcoal/12",
		"1": "item/charcoal/14",
		"particle": "item/charcoal/12"
	},
	"elements": [
		{
			"from": [7, 0, 2],
			"to": [9, 1, 4],
			"faces": {
				"north": {"uv": [0, 0, 3.375, 2.25], "texture": "#1"},
				"east": {"uv": [1.75, 2, 2.25, 2.5], "rotation": 270, "texture": "#1"},
				"south": {"uv": [0.5, 2.125, 1, 2.625], "texture": "#1"},
				"west": {"uv": [1.75, 2, 2.25, 2.5], "rotation": 90, "texture": "#1"},
				"up": {"uv": [1.375, 5, 1.875, 5.5], "texture": "#1"},
				"down": {"uv": [0, 0, 3.375, 2.875], "texture": "#1"}
			}
		},
		{
			"from": [6, 0, 4],
			"to": [10, 1, 12],
			"faces": {
				"north": {"uv": [0.625, 1.875, 2.625, 2.875], "texture": "#1"},
				"east": {"uv": [0, 2.125, 3, 13.875], "rotation": 270, "texture": "#1"},
				"south": {"uv": [0, 2.25, 2, 3.25], "texture": "#1"},
				"west": {"uv": [0, 2.25, 3, 14], "rotation": 90, "texture": "#1"},
				"up": {"uv": [0, 0, 2, 10], "texture": "#1"},
				"down": {"uv": [0, 0, 3.375, 16], "texture": "#1"}
			}
		},
		{
			"from": [6, 0, 12],
			"to": [10, 1.6, 13],
			"faces": {
				"north": {"uv": [5, 1.375, 7, 3.375], "texture": "#1"},
				"east": {"uv": [8, 10.875, 9, 12.875], "texture": "#1"},
				"south": {"uv": [9.875, 7.75, 13, 14.375], "rotation": 270, "texture": "#1"},
				"west": {"uv": [5.75, 9.125, 6.75, 11.125], "texture": "#1"},
				"up": {"uv": [4.625, 10.25, 8.875, 12.125], "texture": "#1"},
				"down": {"uv": [0, 14.625, 3.375, 15.875], "texture": "#1"}
			}
		},
		{
			"from": [7, 1, 4],
			"to": [9, 2, 12],
			"faces": {
				"north": {"uv": [4.375, 0, 6.375, 1], "texture": "#1"},
				"east": {"uv": [15.625, 0, 16, 1.5], "rotation": 270, "texture": "#1"},
				"south": {"uv": [6, 0.125, 8, 1.125], "texture": "#1"},
				"west": {"uv": [14, 0, 16, 1.75], "rotation": 90, "texture": "#1"},
				"up": {"uv": [15.625, 0, 16, 0.5], "rotation": 180, "texture": "#1"},
				"down": {"uv": [14.375, 1.125, 14.875, 1.625], "texture": "#1"}
			}
		},
		{
			"from": [6, 1, 4],
			"to": [7, 2, 12],
			"rotation": {"angle": 22.5, "axis": "z", "origin": [7, 2, 8]},
			"faces": {
				"north": {"uv": [5.375, 5.75, 3.375, 6.75], "texture": "#1"},
				"east": {"uv": [3.375, 15.125, 6.375, 5.75], "rotation": 90, "texture": "#1"},
				"south": {"uv": [5.375, 5.75, 3.375, 6.75], "texture": "#1"},
				"west": {"uv": [3.375, 15.125, 6.375, 5.75], "rotation": 270, "texture": "#1"},
				"up": {"uv": [6.375, 5.75, 3.375, 15.125], "rotation": 180, "texture": "#1"},
				"down": {"uv": [5.375, 5.75, 3.375, 13.75], "texture": "#1"}
			}
		},
		{
			"from": [9, 1, 4],
			"to": [10, 2, 12],
			"rotation": {"angle": -22.5, "axis": "z", "origin": [9, 2, 8]},
			"faces": {
				"north": {"uv": [3.375, 5.75, 5.375, 6.75], "texture": "#1"},
				"east": {"uv": [3.375, 5.75, 6.375, 15.125], "rotation": 270, "texture": "#1"},
				"south": {"uv": [3.375, 5.75, 5.375, 6.75], "texture": "#1"},
				"west": {"uv": [3.375, 5.75, 6.375, 15.125], "rotation": 90, "texture": "#1"},
				"up": {"uv": [3.375, 5.75, 6.375, 15.125], "rotation": 180, "texture": "#1"},
				"down": {"uv": [3.375, 5.75, 5.375, 13.75], "texture": "#1"}
			}
		},
		{
			"from": [4.8239, 0.6673, 4],
			"to": [5.8239, 1.6673, 12],
			"rotation": {"angle": 45, "axis": "z", "origin": [6, 2, 8]},
			"faces": {
				"north": {"uv": [5.375, 6, 3.375, 7], "texture": "#1"},
				"east": {"uv": [6.875, 15.125, 9.875, 5.75], "rotation": 90, "texture": "#1"},
				"south": {"uv": [5.375, 5.75, 3.375, 6.75], "texture": "#1"},
				"west": {"uv": [5.875, 15.125, 8.875, 5.75], "rotation": 270, "texture": "#1"},
				"up": {"uv": [7.375, 5.75, 4.375, 15.125], "rotation": 180, "texture": "#1"},
				"down": {"uv": [7, 6.5, 5, 14.5], "texture": "#1"}
			}
		},
		{
			"from": [10.1761, 0.6673, 4],
			"to": [11.1761, 1.6673, 12],
			"rotation": {"angle": -45, "axis": "z", "origin": [10, 2, 8]},
			"faces": {
				"north": {"uv": [3.375, 6, 5.375, 7], "texture": "#1"},
				"east": {"uv": [5.875, 5.75, 8.875, 15.125], "rotation": 270, "texture": "#1"},
				"south": {"uv": [3.375, 5.75, 5.375, 6.75], "texture": "#1"},
				"west": {"uv": [6.875, 5.75, 9.875, 15.125], "rotation": 90, "texture": "#1"},
				"up": {"uv": [4.375, 5.75, 7.375, 15.125], "rotation": 180, "texture": "#1"},
				"down": {"uv": [5, 6.5, 7, 14.5], "texture": "#1"}
			}
		},
		{
			"from": [5.4327, 0.23811, 4],
			"to": [6.4327, 1.23811, 12],
			"rotation": {"angle": -22.5, "axis": "z", "origin": [5, 1, 8]},
			"faces": {
				"north": {"uv": [5.375, 6, 3.375, 7], "rotation": 270, "texture": "#1"},
				"east": {"uv": [0, 2.625, 0.5, 2.125], "rotation": 90, "texture": "#1"},
				"south": {"uv": [5.375, 5.75, 3.375, 6.75], "rotation": 90, "texture": "#1"},
				"west": {"uv": [5.875, 15.125, 8.875, 5.75], "rotation": 270, "texture": "#1"},
				"up": {"uv": [7.375, 5.75, 4.375, 15.125], "rotation": 180, "texture": "#1"},
				"down": {"uv": [1.875, 0, 0, 7.5], "texture": "#1"}
			}
		},
		{
			"from": [9.5673, 0.23811, 4],
			"to": [10.5673, 1.23811, 12],
			"rotation": {"angle": 22.5, "axis": "z", "origin": [11, 1, 8]},
			"faces": {
				"north": {"uv": [5.375, 7, 3.375, 6], "rotation": 270, "texture": "#1"},
				"east": {"uv": [5.875, 5.75, 8.875, 15.125], "rotation": 270, "texture": "#1"},
				"south": {"uv": [5.375, 6.75, 3.375, 5.75], "rotation": 90, "texture": "#1"},
				"west": {"uv": [1, 2.375, 1.5, 2.875], "rotation": 90, "texture": "#1"},
				"up": {"uv": [4.375, 5.75, 7.375, 15.125], "rotation": 180, "texture": "#1"},
				"down": {"uv": [0, 0, 1.75, 7.5], "texture": "#1"}
			}
		},
		{
			"from": [7.2, 2, 6],
			"to": [8.2, 2.9, 9],
			"rotation": {"angle": 22.5, "axis": "z", "origin": [8.2, 4, 7]},
			"faces": {
				"north": {"uv": [13.95, 15.125, 13.5, 15.625], "rotation": 270, "texture": "#1"},
				"east": {"uv": [14.125, 15.125, 13.625, 15.625], "rotation": 90, "texture": "#1"},
				"south": {"uv": [14.075, 15.125, 13.625, 15.625], "rotation": 90, "texture": "#1"},
				"west": {"uv": [14.125, 15.125, 13.625, 15.625], "rotation": 90, "texture": "#1"},
				"up": {"uv": [13.625, 15.625, 14.075, 15.125], "rotation": 90, "texture": "#1"},
				"down": {"uv": [13.625, 15.625, 14.075, 15.125], "rotation": 90, "texture": "#1"}
			}
		},
		{
			"from": [7.8, 2, 6],
			"to": [8.8, 2.9, 9],
			"rotation": {"angle": -22.5, "axis": "z", "origin": [7.8, 4, 7]},
			"faces": {
				"north": {"uv": [13.95, 15.125, 13.5, 15.625], "rotation": 270, "texture": "#1"},
				"east": {"uv": [14.125, 15.125, 13.625, 15.625], "rotation": 90, "texture": "#1"},
				"south": {"uv": [14.075, 15.125, 13.625, 15.625], "rotation": 90, "texture": "#1"},
				"west": {"uv": [14.125, 15.125, 13.625, 15.625], "rotation": 90, "texture": "#1"},
				"up": {"uv": [13.625, 15.625, 14.075, 15.125], "rotation": 90, "texture": "#1"},
				"down": {"uv": [13.625, 15.625, 14.075, 15.125], "rotation": 90, "texture": "#1"}
			}
		},
		{
			"from": [7.4, 2, 4.6],
			"to": [8.2, 2.6, 6],
			"rotation": {"angle": 22.5, "axis": "z", "origin": [8.4, 4, 7]},
			"faces": {
				"north": {"uv": [13.95, 15.125, 13.5, 15.625], "rotation": 270, "texture": "#1"},
				"east": {"uv": [14.125, 15.125, 13.625, 15.625], "rotation": 90, "texture": "#1"},
				"south": {"uv": [14.075, 15.125, 13.625, 15.625], "rotation": 90, "texture": "#1"},
				"west": {"uv": [14.125, 15.125, 13.625, 15.625], "rotation": 90, "texture": "#1"},
				"up": {"uv": [13.625, 15.625, 14.075, 15.125], "rotation": 90, "texture": "#1"},
				"down": {"uv": [13.625, 15.625, 14.075, 15.125], "rotation": 90, "texture": "#1"}
			}
		},
		{
			"from": [7.8, 2, 4.6],
			"to": [8.6, 2.6, 6],
			"rotation": {"angle": -22.5, "axis": "z", "origin": [7.6, 4, 7]},
			"faces": {
				"north": {"uv": [13.95, 15.125, 13.5, 15.625], "rotation": 270, "texture": "#1"},
				"east": {"uv": [14.125, 15.125, 13.625, 15.625], "rotation": 90, "texture": "#1"},
				"south": {"uv": [14.075, 15.125, 13.625, 15.625], "rotation": 90, "texture": "#1"},
				"west": {"uv": [14.125, 15.125, 13.625, 15.625], "rotation": 90, "texture": "#1"},
				"up": {"uv": [13.625, 15.625, 14.075, 15.125], "rotation": 90, "texture": "#1"},
				"down": {"uv": [13.625, 15.625, 14.075, 15.125], "rotation": 90, "texture": "#1"}
			}
		},
		{
			"from": [7, 1, 1.2],
			"to": [9, 2, 4],
			"rotation": {"angle": -22.5, "axis": "x", "origin": [8, 2, 4]},
			"faces": {
				"north": {"uv": [13.625, 5.875, 15.875, 7.5], "texture": "#1"},
				"east": {"uv": [13.125, 0, 15.925, 1], "texture": "#1"},
				"south": {"uv": [15.5, 0, 16, 3.25], "texture": "#1"},
				"west": {"uv": [13.125, 0, 15.925, 1], "texture": "#1"},
				"up": {"uv": [13.625, 5.75, 15.875, 9.675], "texture": "#1"},
				"down": {"uv": [14, 0, 16, 2.8], "texture": "#1"}
			}
		},
		{
			"from": [7, 1.2, 12.5],
			"to": [9, 2.4, 12.8],
			"rotation": {"angle": 22.5, "axis": "x", "origin": [8, 2, 12]},
			"faces": {
				"north": {"uv": [14.125, 0.25, 12.125, 1.25], "texture": "#1"},
				"east": {"uv": [7.3, 3.5, 4.5, 4.5], "texture": "#1"},
				"south": {"uv": [15.625, 5.5, 13.875, 9.125], "texture": "#1"},
				"west": {"uv": [15.925, 0.875, 13.125, 1.875], "texture": "#1"},
				"up": {"uv": [14, 13.175, 16, 10.375], "texture": "#1"},
				"down": {"uv": [14, 13.55, 16, 10.75], "texture": "#1"}
			}
		},
		{
			"from": [7, 1.2, 12],
			"to": [9, 2.2, 12.5],
			"rotation": {"angle": 22.5, "axis": "x", "origin": [8, 2, 12]},
			"faces": {
				"north": {"uv": [14.875, 2, 12.875, 3], "texture": "#1"},
				"east": {"uv": [7.175, 2.5, 4.375, 3.5], "texture": "#1"},
				"south": {"uv": [5.875, 3.25, 3.875, 4.25], "texture": "#1"},
				"west": {"uv": [7.425, 2.875, 4.625, 3.875], "texture": "#1"},
				"up": {"uv": [3.625, 4.8, 5.625, 2], "texture": "#1"},
				"down": {"uv": [5, 4.55, 7, 1.75], "texture": "#1"}
			}
		},
		{
			"from": [9, 1, 2],
			"to": [9.3, 2, 4],
			"rotation": {"angle": -22.5, "axis": "x", "origin": [8, 2, 4]},
			"faces": {
				"north": {"uv": [9, 10.125, 7, 11.125], "texture": "#1"},
				"east": {"uv": [9.175, 10.875, 6.375, 11.875], "texture": "#1"},
				"south": {"uv": [5.5, 9.5, 3.5, 10.5], "texture": "#1"},
				"west": {"uv": [7.8, 10, 5, 11], "texture": "#1"},
				"up": {"uv": [5.75, 11.75, 3.75, 14.55], "texture": "#1"},
				"down": {"uv": [8.625, 9, 6.625, 11.8], "texture": "#1"}
			}
		},
		{
			"from": [6.7, 1, 2],
			"to": [7, 2, 4],
			"rotation": {"angle": -22.5, "axis": "x", "origin": [8, 2, 4]},
			"faces": {
				"north": {"uv": [9, 10.125, 7, 11.125], "texture": "#1"},
				"east": {"uv": [9.175, 10.875, 6.375, 11.875], "texture": "#1"},
				"south": {"uv": [5.5, 9.5, 3.5, 10.5], "texture": "#1"},
				"west": {"uv": [7.8, 10, 5, 11], "texture": "#1"},
				"up": {"uv": [5.75, 11.75, 3.75, 14.55], "texture": "#1"},
				"down": {"uv": [8.625, 9, 6.625, 11.8], "texture": "#1"}
			}
		},
		{
			"from": [9.3, 0.9, 2.3],
			"to": [9.6, 1.9, 4],
			"rotation": {"angle": -45, "axis": "x", "origin": [8, 2, 4]},
			"faces": {
				"north": {"uv": [9, 10.125, 7, 11.125], "texture": "#1"},
				"east": {"uv": [9.175, 10.875, 6.375, 11.875], "texture": "#1"},
				"south": {"uv": [5.5, 9.5, 3.5, 10.5], "texture": "#1"},
				"west": {"uv": [7.8, 10, 5, 11], "texture": "#1"},
				"up": {"uv": [5.75, 11.75, 3.75, 14.55], "texture": "#1"},
				"down": {"uv": [8.625, 9, 6.625, 11.8], "texture": "#1"}
			}
		},
		{
			"from": [6.4, 0.9, 2.3],
			"to": [6.7, 1.9, 4],
			"rotation": {"angle": -45, "axis": "x", "origin": [8, 2, 4]},
			"faces": {
				"north": {"uv": [9, 10.125, 7, 11.125], "texture": "#1"},
				"east": {"uv": [9.175, 10.875, 6.375, 11.875], "texture": "#1"},
				"south": {"uv": [5.5, 9.5, 3.5, 10.5], "texture": "#1"},
				"west": {"uv": [7.8, 10, 5, 11], "texture": "#1"},
				"up": {"uv": [5.75, 11.75, 3.75, 14.55], "texture": "#1"},
				"down": {"uv": [8.625, 9, 6.625, 11.8], "texture": "#1"}
			}
		},
		{
			"from": [9.6, 0.7, 2.5],
			"to": [10, 1.7, 3.7],
			"rotation": {"angle": -45, "axis": "x", "origin": [8, 2, 4]},
			"faces": {
				"north": {"uv": [9, 10.125, 7, 11.125], "texture": "#1"},
				"east": {"uv": [9.175, 10.875, 6.375, 11.875], "texture": "#1"},
				"south": {"uv": [5.5, 9.5, 3.5, 10.5], "texture": "#1"},
				"west": {"uv": [7.8, 10, 5, 11], "texture": "#1"},
				"up": {"uv": [5.75, 11.75, 3.75, 14.55], "texture": "#1"},
				"down": {"uv": [8.625, 9, 6.625, 11.8], "texture": "#1"}
			}
		},
		{
			"from": [6, 0.7, 2.5],
			"to": [6.4, 1.7, 3.7],
			"rotation": {"angle": -45, "axis": "x", "origin": [8, 2, 4]},
			"faces": {
				"north": {"uv": [9, 10.125, 7, 11.125], "texture": "#1"},
				"east": {"uv": [9.175, 10.875, 6.375, 11.875], "texture": "#1"},
				"south": {"uv": [5.5, 9.5, 3.5, 10.5], "texture": "#1"},
				"west": {"uv": [7.8, 10, 5, 11], "texture": "#1"},
				"up": {"uv": [5.75, 11.75, 3.75, 14.55], "texture": "#1"},
				"down": {"uv": [8.625, 9, 6.625, 11.8], "texture": "#1"}
			}
		},
		{
			"from": [7.4, 2, 5.4],
			"to": [8.6, 3, 8.6],
			"rotation": {"angle": 0, "axis": "x", "origin": [8, 4, 8]},
			"faces": {
				"north": {"uv": [13.95, 15.125, 13.5, 15.625], "texture": "#1"},
				"east": {"uv": [14.125, 15.125, 13.625, 15.625], "texture": "#1"},
				"south": {"uv": [14.075, 15.125, 13.625, 15.625], "texture": "#1"},
				"west": {"uv": [14.125, 15.125, 13.625, 15.625], "texture": "#1"},
				"up": {"uv": [13.625, 15.625, 14.075, 15.125], "texture": "#1"},
				"down": {"uv": [13.625, 15.625, 14.075, 15.125], "texture": "#1"}
			}
		},
		{
			"from": [7.4, 2, 3.4],
			"to": [8.6, 3, 5.4],
			"rotation": {"angle": -22.5, "axis": "x", "origin": [8, 3, 5.4]},
			"faces": {
				"north": {"uv": [13.95, 15.125, 13.5, 15.625], "texture": "#1"},
				"east": {"uv": [14.125, 15.125, 13.625, 15.625], "texture": "#1"},
				"south": {"uv": [14.075, 15.125, 13.625, 15.625], "texture": "#1"},
				"west": {"uv": [14.125, 15.125, 13.625, 15.625], "texture": "#1"},
				"up": {"uv": [13.625, 15.625, 14.075, 15.125], "texture": "#1"},
				"down": {"uv": [13.625, 15.625, 14.075, 15.125], "texture": "#1"}
			}
		},
		{
			"from": [7.4, 2, 8.6],
			"to": [8.6, 3, 10.6],
			"rotation": {"angle": 22.5, "axis": "x", "origin": [8, 3, 8.6]},
			"faces": {
				"north": {"uv": [13.95, 15.125, 13.5, 15.625], "texture": "#1"},
				"east": {"uv": [14.125, 15.125, 13.625, 15.625], "texture": "#1"},
				"south": {"uv": [14.075, 15.125, 13.625, 15.625], "texture": "#1"},
				"west": {"uv": [14.125, 15.125, 13.625, 15.625], "texture": "#1"},
				"up": {"uv": [13.625, 15.625, 14.075, 15.125], "texture": "#1"},
				"down": {"uv": [13.625, 15.625, 14.075, 15.125], "texture": "#1"}
			}
		},
		{
			"from": [9.4, 1.8, 9],
			"to": [9.6, 3.8, 11],
			"rotation": {"angle": -22.5, "axis": "z", "origin": [9.4, 1.8, 9]},
			"faces": {
				"north": {"uv": [5.625, 0.25, 5.825, 2.25], "texture": "#1"},
				"east": {"uv": [7.625, 0, 11.75, 4.25], "texture": "#1"},
				"south": {"uv": [5, 1.5, 5.2, 3.5], "texture": "#1"},
				"west": {"uv": [4.5, 3.75, 10.5, 5.75], "texture": "#1"},
				"up": {"uv": [15.75, 0, 15.95, 6], "texture": "#1"},
				"down": {"uv": [15.75, 0, 15.95, 6], "texture": "#1"}
			}
		},
		{
			"from": [6.4, 1.8, 9],
			"to": [6.6, 3.8, 11],
			"rotation": {"angle": 22.5, "axis": "z", "origin": [6.6, 1.8, 9]},
			"faces": {
				"north": {"uv": [5.825, 0.25, 5.625, 2.25], "texture": "#1"},
				"east": {"uv": [10.5, 3.75, 4.5, 5.75], "texture": "#1"},
				"south": {"uv": [5.2, 1.5, 5, 3.5], "texture": "#1"},
				"west": {"uv": [7.625, 0, 11.75, 4.25], "texture": "#1"},
				"up": {"uv": [15.95, 0, 15.75, 6], "texture": "#1"},
				"down": {"uv": [15.95, 0, 15.75, 6], "texture": "#1"}
			}
		},
		{
			"from": [9.4, 1.8, 11],
			"to": [9.6, 3.6, 11.2],
			"rotation": {"angle": -22.5, "axis": "z", "origin": [9.4, 1.8, 9]},
			"faces": {
				"north": {"uv": [14.875, 2, 12.875, 3], "texture": "#1"},
				"east": {"uv": [7.175, 2.5, 4.375, 3.5], "texture": "#1"},
				"south": {"uv": [5.875, 3.25, 3.875, 4.25], "texture": "#1"},
				"west": {"uv": [7.425, 2.875, 4.625, 3.875], "texture": "#1"},
				"up": {"uv": [3.625, 4.8, 5.625, 2], "texture": "#1"},
				"down": {"uv": [5, 4.55, 7, 1.75], "texture": "#1"}
			}
		},
		{
			"from": [6.4, 1.8, 11],
			"to": [6.6, 3.6, 11.2],
			"rotation": {"angle": 22.5, "axis": "z", "origin": [6.6, 1.8, 9]},
			"faces": {
				"north": {"uv": [14.875, 2, 12.875, 3], "texture": "#1"},
				"east": {"uv": [7.175, 2.5, 4.375, 3.5], "texture": "#1"},
				"south": {"uv": [5.875, 3.25, 3.875, 4.25], "texture": "#1"},
				"west": {"uv": [7.425, 2.875, 4.625, 3.875], "texture": "#1"},
				"up": {"uv": [3.625, 4.8, 5.625, 2], "texture": "#1"},
				"down": {"uv": [5, 4.55, 7, 1.75], "texture": "#1"}
			}
		},
		{
			"from": [9.4, 1.8, 11.2],
			"to": [9.6, 3.4, 11.4],
			"rotation": {"angle": -22.5, "axis": "z", "origin": [9.4, 1.8, 9]},
			"faces": {
				"north": {"uv": [14.875, 2, 12.875, 3], "texture": "#1"},
				"east": {"uv": [7.175, 2.5, 4.375, 3.5], "texture": "#1"},
				"south": {"uv": [5.875, 3.25, 3.875, 4.25], "texture": "#1"},
				"west": {"uv": [7.425, 2.875, 4.625, 3.875], "texture": "#1"},
				"up": {"uv": [3.625, 4.8, 5.625, 2], "texture": "#1"},
				"down": {"uv": [5, 4.55, 7, 1.75], "texture": "#1"}
			}
		},
		{
			"from": [6.4, 1.8, 11.2],
			"to": [6.6, 3.4, 11.4],
			"rotation": {"angle": 22.5, "axis": "z", "origin": [6.6, 1.8, 9]},
			"faces": {
				"north": {"uv": [14.875, 2, 12.875, 3], "texture": "#1"},
				"east": {"uv": [7.175, 2.5, 4.375, 3.5], "texture": "#1"},
				"south": {"uv": [5.875, 3.25, 3.875, 4.25], "texture": "#1"},
				"west": {"uv": [7.425, 2.875, 4.625, 3.875], "texture": "#1"},
				"up": {"uv": [3.625, 4.8, 5.625, 2], "texture": "#1"},
				"down": {"uv": [5, 4.55, 7, 1.75], "texture": "#1"}
			}
		},
		{
			"from": [9.4, 1.8, 11.4],
			"to": [9.6, 3.2, 11.6],
			"rotation": {"angle": -22.5, "axis": "z", "origin": [9.4, 1.8, 9]},
			"faces": {
				"north": {"uv": [14.875, 2, 12.875, 3], "texture": "#1"},
				"east": {"uv": [7.175, 2.5, 4.375, 3.5], "texture": "#1"},
				"south": {"uv": [5.875, 3.25, 3.875, 4.25], "texture": "#1"},
				"west": {"uv": [7.425, 2.875, 4.625, 3.875], "texture": "#1"},
				"up": {"uv": [3.625, 4.8, 5.625, 2], "texture": "#1"},
				"down": {"uv": [5, 4.55, 7, 1.75], "texture": "#1"}
			}
		},
		{
			"from": [6.4, 1.8, 11.4],
			"to": [6.6, 3.2, 11.6],
			"rotation": {"angle": 22.5, "axis": "z", "origin": [6.6, 1.8, 9]},
			"faces": {
				"north": {"uv": [14.875, 2, 12.875, 3], "texture": "#1"},
				"east": {"uv": [7.175, 2.5, 4.375, 3.5], "texture": "#1"},
				"south": {"uv": [5.875, 3.25, 3.875, 4.25], "texture": "#1"},
				"west": {"uv": [7.425, 2.875, 4.625, 3.875], "texture": "#1"},
				"up": {"uv": [3.625, 4.8, 5.625, 2], "texture": "#1"},
				"down": {"uv": [5, 4.55, 7, 1.75], "texture": "#1"}
			}
		},
		{
			"from": [7, 2, 9],
			"to": [9, 2.2, 10.9],
			"rotation": {"angle": 0, "axis": "z", "origin": [8, 2, 9]},
			"faces": {
				"north": {"uv": [5.625, 0.25, 5.825, 2.25], "rotation": 90, "texture": "#1"},
				"east": {"uv": [12.25, 3.375, 15.75, 4.875], "rotation": 270, "texture": "#1"},
				"south": {"uv": [5, 1.5, 5.2, 3.5], "rotation": 270, "texture": "#1"},
				"west": {"uv": [4.5, 3.75, 10.5, 5.75], "rotation": 270, "texture": "#1"},
				"up": {"uv": [15.75, 0, 15.95, 6], "rotation": 270, "texture": "#1"},
				"down": {"uv": [15.75, 0, 15.95, 6], "rotation": 270, "texture": "#1"}
			}
		},
		{
			"from": [7, 2, 10.9],
			"to": [9, 2.2, 12.9],
			"rotation": {"angle": 0, "axis": "z", "origin": [8, 2, 9]},
			"faces": {
				"north": {"uv": [15, 0, 15.2, 2], "rotation": 90, "texture": "#1"},
				"east": {"uv": [15.75, 0, 15.95, 6], "rotation": 270, "texture": "#1"},
				"south": {"uv": [15.75, 0, 15.95, 2], "rotation": 270, "texture": "#1"},
				"west": {"uv": [15.75, 0, 15.95, 6], "rotation": 270, "texture": "#1"},
				"up": {"uv": [14, 5.75, 15.5, 9.625], "rotation": 180, "texture": "#1"},
				"down": {"uv": [10, 3.875, 16, 5.875], "rotation": 270, "texture": "#1"}
			}
		},
		{
			"from": [7, 2, 6],
			"to": [9, 2.2, 9],
			"rotation": {"angle": 0, "axis": "z", "origin": [8, 2, 9]},
			"faces": {
				"north": {"uv": [13.625, 15.625, 14.075, 16], "rotation": 90, "texture": "#1"},
				"east": {"uv": [13.625, 15.125, 14.125, 15.625], "rotation": 270, "texture": "#1"},
				"south": {"uv": [13.875, 15.5, 14.2, 16], "rotation": 270, "texture": "#1"},
				"west": {"uv": [13.625, 15.5, 13.95, 16], "rotation": 270, "texture": "#1"},
				"up": {"uv": [13.5, 15.125, 14, 15.625], "rotation": 270, "texture": "#1"},
				"down": {"uv": [13.5, 15.125, 14, 15.75], "rotation": 270, "texture": "#1"}
			}
		},
		{
			"from": [10, 0, 0.95],
			"to": [11, 1, 3.75],
			"rotation": {"angle": 45, "axis": "y", "origin": [11, 1, 4]},
			"faces": {
				"north": {"uv": [9, 10.125, 7, 11.125], "texture": "#1"},
				"east": {"uv": [9.175, 10.875, 6.375, 11.875], "texture": "#1"},
				"south": {"uv": [5.5, 9.5, 3.5, 10.5], "texture": "#1"},
				"west": {"uv": [7.8, 10, 5, 11], "texture": "#1"},
				"up": {"uv": [5.75, 11.75, 3.75, 14.55], "texture": "#1"},
				"down": {"uv": [8.625, 9, 6.625, 11.8], "texture": "#1"}
			}
		},
		{
			"from": [10, 0.2, 12.25],
			"to": [11, 1.2, 13.05],
			"rotation": {"angle": -45, "axis": "y", "origin": [11, 1, 12]},
			"faces": {
				"north": {"uv": [9, 10.125, 7, 11.125], "texture": "#1"},
				"east": {"uv": [9.175, 10.875, 6.375, 11.875], "texture": "#1"},
				"south": {"uv": [5.5, 9.5, 3.5, 10.5], "texture": "#1"},
				"west": {"uv": [7.8, 10, 5, 11], "texture": "#1"},
				"up": {"uv": [5.75, 11.75, 3.75, 14.55], "texture": "#1"},
				"down": {"uv": [8.625, 9, 6.625, 11.8], "texture": "#1"}
			}
		},
		{
			"from": [5, 0, 0.95],
			"to": [6, 1, 3.75],
			"rotation": {"angle": -45, "axis": "y", "origin": [5, 1, 4]},
			"faces": {
				"north": {"uv": [9, 10.125, 7, 11.125], "texture": "#1"},
				"east": {"uv": [9.175, 10.875, 6.375, 11.875], "texture": "#1"},
				"south": {"uv": [5.5, 9.5, 3.5, 10.5], "texture": "#1"},
				"west": {"uv": [7.8, 10, 5, 11], "texture": "#1"},
				"up": {"uv": [5.75, 11.75, 3.75, 14.55], "texture": "#1"},
				"down": {"uv": [8.625, 9, 6.625, 11.8], "texture": "#1"}
			}
		},
		{
			"from": [5, 0.2, 12.25],
			"to": [6, 1.2, 13.05],
			"rotation": {"angle": 45, "axis": "y", "origin": [5, 1, 12]},
			"faces": {
				"north": {"uv": [9, 10.125, 7, 11.125], "texture": "#1"},
				"east": {"uv": [9.175, 10.875, 6.375, 11.875], "texture": "#1"},
				"south": {"uv": [5.5, 9.5, 3.5, 10.5], "texture": "#1"},
				"west": {"uv": [7.8, 10, 5, 11], "texture": "#1"},
				"up": {"uv": [5.75, 11.75, 3.75, 14.55], "texture": "#1"},
				"down": {"uv": [8.625, 9, 6.625, 11.8], "texture": "#1"}
			}
		},
		{
			"from": [6.5, 0.5, 13],
			"to": [7.5, 1.5, 17],
			"rotation": {"angle": 0, "axis": "y", "origin": [7, 1, 17]},
			"faces": {
				"north": {"uv": [0, 15.787, 0.431, 16], "texture": "#0"},
				"east": {"uv": [0, 0, 12.889, 15.934], "rotation": 90, "texture": "#0"},
				"south": {"uv": [0, 15.645, 0.431, 16], "texture": "#0"},
				"west": {"uv": [0, 0, 15.946, 15.934], "rotation": 270, "texture": "#0"},
				"up": {"uv": [0, 0, 15.934, 15.947], "texture": "#0"},
				"down": {"uv": [0, 0, 15.934, 15.947], "rotation": 180, "texture": "#0"}
			}
		},
		{
			"from": [6.5, 0.5, 13],
			"to": [7.5, 1.5, 17],
			"rotation": {"angle": -22.5, "axis": "z", "origin": [7, 1, 17]},
			"faces": {
				"north": {"uv": [0, 15.787, 0.431, 16], "texture": "#0"},
				"east": {"uv": [0, 0, 12.889, 15.934], "rotation": 90, "texture": "#0"},
				"south": {"uv": [0, 15.645, 0.431, 16], "texture": "#0"},
				"west": {"uv": [0, 0, 15.946, 15.934], "rotation": 270, "texture": "#0"},
				"up": {"uv": [0, 0, 15.934, 15.947], "texture": "#0"},
				"down": {"uv": [0, 0, 15.934, 15.947], "rotation": 180, "texture": "#0"}
			}
		},
		{
			"from": [6.5, 0.5, 13],
			"to": [7.5, 1.5, 17],
			"rotation": {"angle": -45, "axis": "z", "origin": [7, 1, 17]},
			"faces": {
				"north": {"uv": [0, 15.787, 0.431, 16], "texture": "#0"},
				"east": {"uv": [0, 0, 12.889, 15.934], "rotation": 90, "texture": "#0"},
				"south": {"uv": [0, 15.645, 0.431, 16], "texture": "#0"},
				"west": {"uv": [0, 0, 15.946, 15.934], "rotation": 270, "texture": "#0"},
				"up": {"uv": [0, 0, 15.934, 15.947], "texture": "#0"},
				"down": {"uv": [0, 0, 15.934, 15.947], "rotation": 180, "texture": "#0"}
			}
		},
		{
			"from": [6.5, 0.5, 13],
			"to": [7.5, 1.5, 17],
			"rotation": {"angle": 22.5, "axis": "z", "origin": [7, 1, 17]},
			"faces": {
				"north": {"uv": [0, 15.787, 0.431, 16], "rotation": 270, "texture": "#0"},
				"east": {"uv": [0, 0, 15.934, 15.947], "rotation": 90, "texture": "#0"},
				"south": {"uv": [0, 15.645, 0.431, 16], "rotation": 90, "texture": "#0"},
				"west": {"uv": [0, 0, 15.934, 15.947], "rotation": 270, "texture": "#0"},
				"up": {"uv": [0, 0, 15.946, 15.934], "texture": "#0"},
				"down": {"uv": [0, 0, 12.889, 15.934], "rotation": 180, "texture": "#0"}
			}
		},
		{
			"from": [7, 0.5, 13],
			"to": [7, 1.5, 19],
			"rotation": {"angle": 22.5, "axis": "z", "origin": [7, 1, 17]},
			"faces": {
				"north": {"uv": [0, 15.787, 0.431, 16], "rotation": 180, "texture": "#0"},
				"east": {"uv": [0, 0, 15.946, 15.934], "rotation": 90, "texture": "#0"},
				"south": {"uv": [0, 15.645, 0.431, 16], "rotation": 180, "texture": "#0"},
				"west": {"uv": [0, 0, 12.889, 15.934], "rotation": 270, "texture": "#0"},
				"up": {"uv": [0, 0, 15.934, 15.947], "rotation": 180, "texture": "#0"},
				"down": {"uv": [0, 0, 15.934, 15.947], "rotation": 180, "texture": "#0"}
			}
		},
		{
			"from": [6.5, 1, 13],
			"to": [7.5, 1, 19],
			"rotation": {"angle": -45, "axis": "z", "origin": [7, 1, 17]},
			"faces": {
				"north": {"uv": [0, 15.787, 0.431, 16], "rotation": 270, "texture": "#0"},
				"east": {"uv": [0, 0, 15.934, 15.947], "rotation": 90, "texture": "#0"},
				"south": {"uv": [0, 15.645, 0.431, 16], "rotation": 90, "texture": "#0"},
				"west": {"uv": [0, 0, 15.934, 15.947], "rotation": 90, "texture": "#0"},
				"up": {"uv": [0, 0, 15.946, 15.934], "texture": "#0"},
				"down": {"uv": [0, 0, 12.889, 15.934], "rotation": 180, "texture": "#0"}
			}
		},
		{
			"from": [6.5, 1, 13],
			"to": [7.5, 1, 19],
			"rotation": {"angle": -22.5, "axis": "z", "origin": [7, 1, 17]},
			"faces": {
				"north": {"uv": [0, 15.787, 0.431, 16], "rotation": 270, "texture": "#0"},
				"east": {"uv": [0, 0, 15.934, 15.947], "rotation": 90, "texture": "#0"},
				"south": {"uv": [0, 15.645, 0.431, 16], "rotation": 90, "texture": "#0"},
				"west": {"uv": [0, 0, 15.934, 15.947], "rotation": 90, "texture": "#0"},
				"up": {"uv": [0, 0, 15.946, 15.934], "texture": "#0"},
				"down": {"uv": [0, 0, 12.889, 15.934], "rotation": 180, "texture": "#0"}
			}
		},
		{
			"from": [7, 0.5, 13],
			"to": [7, 1.5, 19],
			"rotation": {"angle": -45, "axis": "z", "origin": [7, 1, 17]},
			"faces": {
				"north": {"uv": [0, 15.787, 0.431, 16], "texture": "#0"},
				"east": {"uv": [0, 0, 12.889, 15.934], "rotation": 90, "texture": "#0"},
				"south": {"uv": [0, 15.645, 0.431, 16], "texture": "#0"},
				"west": {"uv": [0, 0, 15.946, 15.934], "rotation": 270, "texture": "#0"},
				"up": {"uv": [0, 0, 15.934, 15.947], "texture": "#0"},
				"down": {"uv": [0, 0, 15.934, 15.947], "texture": "#0"}
			}
		},
		{
			"from": [6.5, 1, 13],
			"to": [7.5, 1, 19],
			"rotation": {"angle": 0, "axis": "z", "origin": [7, 1, 17]},
			"faces": {
				"north": {"uv": [0, 15.787, 0.431, 16], "rotation": 270, "texture": "#0"},
				"east": {"uv": [0, 0, 15.934, 15.947], "rotation": 90, "texture": "#0"},
				"south": {"uv": [0, 15.645, 0.431, 16], "rotation": 90, "texture": "#0"},
				"west": {"uv": [0, 0, 15.934, 15.947], "rotation": 90, "texture": "#0"},
				"up": {"uv": [0, 0, 15.946, 15.934], "texture": "#0"},
				"down": {"uv": [0, 0, 12.889, 15.934], "rotation": 180, "texture": "#0"}
			}
		},
		{
			"from": [7, 0.5, 13],
			"to": [7, 1.5, 19],
			"rotation": {"angle": -22.5, "axis": "z", "origin": [7, 1, 17]},
			"faces": {
				"north": {"uv": [0, 15.787, 0.431, 16], "texture": "#0"},
				"east": {"uv": [0, 0, 12.889, 15.934], "rotation": 90, "texture": "#0"},
				"south": {"uv": [0, 15.645, 0.431, 16], "texture": "#0"},
				"west": {"uv": [0, 0, 15.946, 15.934], "rotation": 270, "texture": "#0"},
				"up": {"uv": [0, 0, 15.934, 15.947], "texture": "#0"},
				"down": {"uv": [0, 0, 15.934, 15.947], "texture": "#0"}
			}
		},
		{
			"from": [7, 0.5, 13],
			"to": [7, 1.5, 19],
			"rotation": {"angle": 0, "axis": "y", "origin": [7, 1, 17]},
			"faces": {
				"north": {"uv": [0, 15.787, 0.431, 16], "texture": "#0"},
				"east": {"uv": [0, 0, 12.889, 15.934], "rotation": 90, "texture": "#0"},
				"south": {"uv": [0, 15.645, 0.431, 16], "texture": "#0"},
				"west": {"uv": [0, 0, 15.946, 15.934], "rotation": 270, "texture": "#0"},
				"up": {"uv": [0, 0, 15.934, 15.947], "texture": "#0"},
				"down": {"uv": [0, 0, 15.934, 15.947], "texture": "#0"}
			}
		},
		{
			"from": [6.5, 1, 13],
			"to": [7.5, 1, 19],
			"rotation": {"angle": 22.5, "axis": "z", "origin": [7, 1, 17]},
			"faces": {
				"north": {"uv": [0, 15.787, 0.431, 16], "rotation": 270, "texture": "#0"},
				"east": {"uv": [0, 0, 15.934, 15.947], "rotation": 90, "texture": "#0"},
				"south": {"uv": [0, 15.645, 0.431, 16], "rotation": 90, "texture": "#0"},
				"west": {"uv": [0, 0, 15.934, 15.947], "rotation": 90, "texture": "#0"},
				"up": {"uv": [0, 0, 15.946, 15.934], "texture": "#0"},
				"down": {"uv": [0, 0, 12.889, 15.934], "rotation": 180, "texture": "#0"}
			}
		},
		{
			"from": [8.5, 0.5, 13],
			"to": [9.5, 1.5, 17],
			"rotation": {"angle": 0, "axis": "y", "origin": [9, 1, 17]},
			"faces": {
				"north": {"uv": [0, 15.787, 0.431, 16], "texture": "#0"},
				"east": {"uv": [0, 0, 12.889, 15.934], "rotation": 90, "texture": "#0"},
				"south": {"uv": [0, 15.645, 0.431, 16], "texture": "#0"},
				"west": {"uv": [0, 0, 15.946, 15.934], "rotation": 270, "texture": "#0"},
				"up": {"uv": [0, 0, 15.934, 15.947], "texture": "#0"},
				"down": {"uv": [0, 0, 15.934, 15.947], "rotation": 180, "texture": "#0"}
			}
		},
		{
			"from": [8.5, 0.5, 13],
			"to": [9.5, 1.5, 17],
			"rotation": {"angle": -22.5, "axis": "z", "origin": [9, 1, 17]},
			"faces": {
				"north": {"uv": [0, 15.787, 0.431, 16], "texture": "#0"},
				"east": {"uv": [0, 0, 12.889, 15.934], "rotation": 90, "texture": "#0"},
				"south": {"uv": [0, 15.645, 0.431, 16], "texture": "#0"},
				"west": {"uv": [0, 0, 15.946, 15.934], "rotation": 270, "texture": "#0"},
				"up": {"uv": [0, 0, 15.934, 15.947], "texture": "#0"},
				"down": {"uv": [0, 0, 15.934, 15.947], "rotation": 180, "texture": "#0"}
			}
		},
		{
			"from": [8.5, 0.5, 13],
			"to": [9.5, 1.5, 17],
			"rotation": {"angle": -45, "axis": "z", "origin": [9, 1, 17]},
			"faces": {
				"north": {"uv": [0, 15.787, 0.431, 16], "texture": "#0"},
				"east": {"uv": [0, 0, 12.889, 15.934], "rotation": 90, "texture": "#0"},
				"south": {"uv": [0, 15.645, 0.431, 16], "texture": "#0"},
				"west": {"uv": [0, 0, 15.946, 15.934], "rotation": 270, "texture": "#0"},
				"up": {"uv": [0, 0, 15.934, 15.947], "texture": "#0"},
				"down": {"uv": [0, 0, 15.934, 15.947], "rotation": 180, "texture": "#0"}
			}
		},
		{
			"from": [8.5, 0.5, 13],
			"to": [9.5, 1.5, 17],
			"rotation": {"angle": 22.5, "axis": "z", "origin": [9, 1, 17]},
			"faces": {
				"north": {"uv": [0, 15.787, 0.431, 16], "rotation": 270, "texture": "#0"},
				"east": {"uv": [0, 0, 15.934, 15.947], "rotation": 90, "texture": "#0"},
				"south": {"uv": [0, 15.645, 0.431, 16], "rotation": 90, "texture": "#0"},
				"west": {"uv": [0, 0, 15.934, 15.947], "rotation": 270, "texture": "#0"},
				"up": {"uv": [0, 0, 15.946, 15.934], "texture": "#0"},
				"down": {"uv": [0, 0, 12.889, 15.934], "rotation": 180, "texture": "#0"}
			}
		},
		{
			"from": [9, 0.5, 13],
			"to": [9, 1.5, 19],
			"rotation": {"angle": 22.5, "axis": "z", "origin": [9, 1, 17]},
			"faces": {
				"north": {"uv": [0, 15.787, 0.431, 16], "rotation": 180, "texture": "#0"},
				"east": {"uv": [0, 0, 15.946, 15.934], "rotation": 90, "texture": "#0"},
				"south": {"uv": [0, 15.645, 0.431, 16], "rotation": 180, "texture": "#0"},
				"west": {"uv": [0, 0, 12.889, 15.934], "rotation": 270, "texture": "#0"},
				"up": {"uv": [0, 0, 15.934, 15.947], "rotation": 180, "texture": "#0"},
				"down": {"uv": [0, 0, 15.934, 15.947], "rotation": 180, "texture": "#0"}
			}
		},
		{
			"from": [8.5, 1, 13],
			"to": [9.5, 1, 19],
			"rotation": {"angle": -45, "axis": "z", "origin": [9, 1, 17]},
			"faces": {
				"north": {"uv": [0, 15.787, 0.431, 16], "rotation": 270, "texture": "#0"},
				"east": {"uv": [0, 0, 15.934, 15.947], "rotation": 90, "texture": "#0"},
				"south": {"uv": [0, 15.645, 0.431, 16], "rotation": 90, "texture": "#0"},
				"west": {"uv": [0, 0, 15.934, 15.947], "rotation": 90, "texture": "#0"},
				"up": {"uv": [0, 0, 15.946, 15.934], "texture": "#0"},
				"down": {"uv": [0, 0, 12.889, 15.934], "rotation": 180, "texture": "#0"}
			}
		},
		{
			"from": [8.5, 1, 13],
			"to": [9.5, 1, 19],
			"rotation": {"angle": -22.5, "axis": "z", "origin": [9, 1, 17]},
			"faces": {
				"north": {"uv": [0, 15.787, 0.431, 16], "rotation": 270, "texture": "#0"},
				"east": {"uv": [0, 0, 15.934, 15.947], "rotation": 90, "texture": "#0"},
				"south": {"uv": [0, 15.645, 0.431, 16], "rotation": 90, "texture": "#0"},
				"west": {"uv": [0, 0, 15.934, 15.947], "rotation": 90, "texture": "#0"},
				"up": {"uv": [0, 0, 15.946, 15.934], "texture": "#0"},
				"down": {"uv": [0, 0, 12.889, 15.934], "rotation": 180, "texture": "#0"}
			}
		},
		{
			"from": [9, 0.5, 13],
			"to": [9, 1.5, 19],
			"rotation": {"angle": -45, "axis": "z", "origin": [9, 1, 17]},
			"faces": {
				"north": {"uv": [0, 15.787, 0.431, 16], "texture": "#0"},
				"east": {"uv": [0, 0, 12.889, 15.934], "rotation": 90, "texture": "#0"},
				"south": {"uv": [0, 15.645, 0.431, 16], "texture": "#0"},
				"west": {"uv": [0, 0, 15.946, 15.934], "rotation": 270, "texture": "#0"},
				"up": {"uv": [0, 0, 15.934, 15.947], "texture": "#0"},
				"down": {"uv": [0, 0, 15.934, 15.947], "texture": "#0"}
			}
		},
		{
			"from": [8.5, 1, 13],
			"to": [9.5, 1, 19],
			"rotation": {"angle": 0, "axis": "z", "origin": [9, 1, 17]},
			"faces": {
				"north": {"uv": [0, 15.787, 0.431, 16], "rotation": 270, "texture": "#0"},
				"east": {"uv": [0, 0, 15.934, 15.947], "rotation": 90, "texture": "#0"},
				"south": {"uv": [0, 15.645, 0.431, 16], "rotation": 90, "texture": "#0"},
				"west": {"uv": [0, 0, 15.934, 15.947], "rotation": 90, "texture": "#0"},
				"up": {"uv": [0, 0, 15.946, 15.934], "texture": "#0"},
				"down": {"uv": [0, 0, 12.889, 15.934], "rotation": 180, "texture": "#0"}
			}
		},
		{
			"from": [9, 0.5, 13],
			"to": [9, 1.5, 19],
			"rotation": {"angle": -22.5, "axis": "z", "origin": [9, 1, 17]},
			"faces": {
				"north": {"uv": [0, 15.787, 0.431, 16], "texture": "#0"},
				"east": {"uv": [0, 0, 12.889, 15.934], "rotation": 90, "texture": "#0"},
				"south": {"uv": [0, 15.645, 0.431, 16], "texture": "#0"},
				"west": {"uv": [0, 0, 15.946, 15.934], "rotation": 270, "texture": "#0"},
				"up": {"uv": [0, 0, 15.934, 15.947], "texture": "#0"},
				"down": {"uv": [0, 0, 15.934, 15.947], "texture": "#0"}
			}
		},
		{
			"from": [9, 0.5, 13],
			"to": [9, 1.5, 19],
			"rotation": {"angle": 0, "axis": "y", "origin": [9, 1, 17]},
			"faces": {
				"north": {"uv": [0, 15.787, 0.431, 16], "texture": "#0"},
				"east": {"uv": [0, 0, 12.889, 15.934], "rotation": 90, "texture": "#0"},
				"south": {"uv": [0, 15.645, 0.431, 16], "texture": "#0"},
				"west": {"uv": [0, 0, 15.946, 15.934], "rotation": 270, "texture": "#0"},
				"up": {"uv": [0, 0, 15.934, 15.947], "texture": "#0"},
				"down": {"uv": [0, 0, 15.934, 15.947], "texture": "#0"}
			}
		},
		{
			"from": [8.5, 1, 13],
			"to": [9.5, 1, 19],
			"rotation": {"angle": 22.5, "axis": "z", "origin": [9, 1, 17]},
			"faces": {
				"north": {"uv": [0, 15.787, 0.431, 16], "rotation": 270, "texture": "#0"},
				"east": {"uv": [0, 0, 15.934, 15.947], "rotation": 90, "texture": "#0"},
				"south": {"uv": [0, 15.645, 0.431, 16], "rotation": 90, "texture": "#0"},
				"west": {"uv": [0, 0, 15.934, 15.947], "rotation": 90, "texture": "#0"},
				"up": {"uv": [0, 0, 15.946, 15.934], "texture": "#0"},
				"down": {"uv": [0, 0, 12.889, 15.934], "rotation": 180, "texture": "#0"}
			}
		}
	],
	"display": {
		"thirdperson_righthand": {
			"translation": [0, 8, 0]
		},
		"thirdperson_lefthand": {
			"translation": [0, 8, 0]
		},
		"firstperson_righthand": {
			"translation": [0, 8.5, 0]
		},
		"ground": {
			"translation": [0, 4.25, 0]
		},
		"gui": {
			"rotation": [28, 139, 0],
			"translation": [0, 4, 0]
		},
		"head": {
			"translation": [0, 14.5, 0]
		},
		"fixed": {
			"rotation": [-90, 0, 0],
			"translation": [0, 0.75, -12.5],
			"scale": [1.5, 1.5, 1.5]
		}
	},
	"groups": [0, 1, 2, 3, 4, 5, 6, 7, 8, 9, 10, 11, 12, 13, 14, 15, 16, 17, 18, 19, 20, 21, 22, 23, 24, 25, 26, 27, 28, 29, 30, 31, 32, 33, 34, 35, 36, 37, 38, 39, 40,
		{
			"name": "Jet",
			"origin": [8, 1, 17],
			"color": 0,
			"children": [41, 42, 43, 44, 45, 46, 47, 48, 49, 50, 51, 52]
		},
		{
			"name": "Jet",
			"origin": [8, 1, 17],
			"color": 0,
			"children": [53, 54, 55, 56, 57, 58, 59, 60, 61, 62, 63, 64]
		}
	]
}