{
	"credit": "Made with Blockbench",
	"textures": {
		"0": "item/charcoal/16",
		"1": "item/charcoal/16-1",
		"particle": "item/charcoal/16"
	},
	"elements": [
		{
			"from": [5, 0, 0],
			"to": [7, 2, 2],
			"faces": {
				"north": {"uv": [1, 0, 0, 2], "texture": "#0"},
				"east": {"uv": [2, 0, 0, 2], "texture": "#0"},
				"south": {"uv": [2, 0, 1, 2], "texture": "#0"},
				"west": {"uv": [5, 2, 0, 7], "texture": "#0"},
				"up": {"uv": [1, 0, 0, 2], "texture": "#0"},
				"down": {"uv": [2, 0, 1, 2], "texture": "#0"}
			}
		},
		{
			"from": [9, 0, 0],
			"to": [11, 2, 2],
			"faces": {
				"north": {"uv": [0, 0, 1, 2], "texture": "#0"},
				"east": {"uv": [0, 2, 5, 7], "texture": "#0"},
				"south": {"uv": [1, 0, 2, 2], "texture": "#0"},
				"west": {"uv": [0, 0, 2, 2], "texture": "#0"},
				"up": {"uv": [0, 0, 1, 2], "texture": "#0"},
				"down": {"uv": [1, 0, 2, 2], "texture": "#0"}
			}
		},
		{
			"from": [4, 0, 13],
			"to": [7, 2, 15],
			"faces": {
				"north": {"uv": [2, 0, 0, 2], "texture": "#0"},
				"east": {"uv": [2, 0, 0, 2], "texture": "#0"},
				"south": {"uv": [2, 0, 0, 2], "texture": "#0"},
				"west": {"uv": [5, 2, 0, 7], "texture": "#0"},
				"up": {"uv": [2, 0, 0, 2], "texture": "#0"},
				"down": {"uv": [2, 0, 0, 2], "texture": "#0"}
			}
		},
		{
			"from": [9, 0, 13],
			"to": [12, 2, 15],
			"faces": {
				"north": {"uv": [0, 0, 2, 2], "texture": "#0"},
				"east": {"uv": [0, 2, 5, 7], "texture": "#0"},
				"south": {"uv": [0, 0, 2, 2], "texture": "#0"},
				"west": {"uv": [0, 0, 2, 2], "texture": "#0"},
				"up": {"uv": [0, 0, 2, 2], "texture": "#0"},
				"down": {"uv": [0, 0, 2, 2], "texture": "#0"}
			}
		},
		{
			"from": [5, 1, -2],
			"to": [11, 2, -1],
			"faces": {
				"north": {"uv": [0, 11, 8, 13], "texture": "#0"},
				"east": {"uv": [2, 0, 3, 1], "texture": "#0"},
				"south": {"uv": [2, 0, 3, 1], "texture": "#0"},
				"west": {"uv": [2, 0, 3, 1], "texture": "#0"},
				"up": {"uv": [2, 0, 3, 1], "texture": "#0"},
				"down": {"uv": [2, 0, 3, 1], "texture": "#0"}
			}
		},
		{
			"from": [4, 1.6, 18.7],
			"to": [12, 2.6, 19.2],
			"faces": {
				"north": {"uv": [2, 0, 3, 1], "texture": "#0"},
				"east": {"uv": [2, 0, 3, 1], "texture": "#0"},
				"south": {"uv": [2, 0, 3, 1], "texture": "#0"},
				"west": {"uv": [2, 0, 3, 1], "texture": "#0"},
				"up": {"uv": [2, 0, 3, 1], "texture": "#0"},
				"down": {"uv": [2, 0, 3, 1], "texture": "#0"}
			}
		},
		{
			"from": [5, 1, -1],
			"to": [11, 2, 0],
			"faces": {
				"north": {"uv": [0, 0, 1, 1], "texture": "#0"},
				"east": {"uv": [3, 0, 4, 1], "texture": "#0"},
				"south": {"uv": [0, 0, 1, 1], "texture": "#0"},
				"west": {"uv": [3, 0, 4, 1], "texture": "#0"},
				"up": {"uv": [0, 0, 1, 1], "texture": "#0"},
				"down": {"uv": [2, 1, 5, 2], "texture": "#0"}
			}
		},
		{
			"from": [5, 1, 2],
			"to": [11, 2, 3],
			"faces": {
				"north": {"uv": [0, 0, 1, 1], "texture": "#0"},
				"east": {"uv": [3, 0, 4, 1], "texture": "#0"},
				"south": {"uv": [0, 0, 1, 1], "texture": "#0"},
				"west": {"uv": [3, 0, 4, 1], "texture": "#0"},
				"up": {"uv": [0, 0, 1, 1], "texture": "#0"},
				"down": {"uv": [5, 5, 8, 7], "texture": "#0"}
			}
		},
		{
			"from": [5, 2, -1],
			"to": [11, 4, 3],
			"faces": {
				"north": {"uv": [5, 0, 16, 5], "texture": "#0"},
				"east": {"uv": [16, 5, 8, 9], "texture": "#0"},
				"south": {"uv": [0, 0, 1, 1], "texture": "#0"},
				"west": {"uv": [8, 5, 16, 9], "texture": "#0"},
				"up": {"uv": [8, 5, 9, 6], "texture": "#0"},
				"down": {"uv": [0, 0, 1, 1], "texture": "#0"}
			}
		},
		{
			"from": [5, 2, -1.3],
			"to": [11, 4, -1],
			"faces": {
				"north": {"uv": [5, 0, 16, 5], "texture": "#0"},
				"east": {"uv": [10, 5, 9, 9], "texture": "#0"},
				"south": {"uv": [0, 0, 1, 1], "texture": "#0"},
				"west": {"uv": [9, 5, 10, 9], "texture": "#0"},
				"up": {"uv": [8, 5, 9, 6], "texture": "#0"},
				"down": {"uv": [0, 0, 1, 1], "texture": "#0"}
			}
		},
		{
			"from": [5, 4, 1],
			"to": [11, 6, 3],
			"faces": {
				"north": {"uv": [0, 7, 8, 11], "texture": "#0"},
				"east": {"uv": [16, 9, 12, 13], "texture": "#0"},
				"south": {"uv": [0, 0, 1, 1], "texture": "#0"},
				"west": {"uv": [12, 9, 16, 13], "texture": "#0"},
				"up": {"uv": [0, 0, 1, 1], "texture": "#0"},
				"down": {"uv": [0, 0, 1, 1], "texture": "#0"}
			}
		},
		{
			"from": [5.01, 3, 1],
			"to": [10.99, 6, 2],
			"rotation": {"angle": 22.5, "axis": "x", "origin": [8, 6, 1]},
			"faces": {
				"north": {"uv": [0, 7.8, 8, 10.8], "texture": "#0"},
				"east": {"uv": [13, 9, 12, 10], "texture": "#0"},
				"south": {"uv": [0, 0, 1, 1], "texture": "#0"},
				"west": {"uv": [0, 7, 1, 8], "texture": "#0"},
				"up": {"uv": [0, 0, 1, 1], "texture": "#0"},
				"down": {"uv": [0, 0, 1, 1], "texture": "#0"}
			}
		},
		{
			"from": [4, 1, 4],
			"to": [5, 2, 5],
			"faces": {
				"north": {"uv": [0, 13, 1, 14], "texture": "#1"},
				"east": {"uv": [0, 13, 1, 14], "texture": "#1"},
				"south": {"uv": [0, 13, 1, 14], "texture": "#1"},
				"west": {"uv": [0, 13, 1, 14], "texture": "#1"},
				"up": {"uv": [0, 0, 1, 1], "texture": "#0"},
				"down": {"uv": [0, 13, 1, 14], "texture": "#1"}
			}
		},
		{
			"from": [4, 1.5, 5],
			"to": [5, 2, 10],
			"faces": {
				"north": {"uv": [0, 13, 1, 14], "texture": "#1"},
				"east": {"uv": [0, 13, 1, 14], "texture": "#1"},
				"south": {"uv": [0, 13, 1, 14], "texture": "#1"},
				"west": {"uv": [0, 13, 1, 14], "texture": "#1"},
				"up": {"uv": [0, 0, 1, 1], "texture": "#0"},
				"down": {"uv": [0, 13, 1, 14], "texture": "#1"}
			}
		},
		{
			"from": [4, 0.5, 5],
			"to": [6, 1.5, 10],
			"faces": {
				"north": {"uv": [0, 14, 1, 15], "texture": "#1"},
				"east": {"uv": [0, 14, 1, 15], "texture": "#1"},
				"south": {"uv": [0, 14, 1, 15], "texture": "#1"},
				"west": {"uv": [0, 14, 1, 15], "texture": "#1"},
				"up": {"uv": [0, 0, 1, 1], "texture": "#0"},
				"down": {"uv": [0, 14, 1, 15], "texture": "#1"}
			}
		},
		{
			"from": [4, 1, 10],
			"to": [5, 2, 13],
			"faces": {
				"north": {"uv": [0, 13, 1, 14], "texture": "#1"},
				"east": {"uv": [0, 13, 1, 14], "texture": "#1"},
				"south": {"uv": [0, 13, 1, 14], "texture": "#1"},
				"west": {"uv": [0, 13, 1, 14], "texture": "#1"},
				"up": {"uv": [0, 0, 1, 1], "texture": "#0"},
				"down": {"uv": [0, 13, 1, 14], "texture": "#1"}
			}
		},
		{
			"from": [11, 1, 4],
			"to": [12, 2, 13],
			"faces": {
				"north": {"uv": [0, 13, 1, 14], "texture": "#1"},
				"east": {"uv": [0, 13, 1, 14], "texture": "#1"},
				"south": {"uv": [0, 13, 1, 14], "texture": "#1"},
				"west": {"uv": [0, 13, 1, 14], "texture": "#1"},
				"up": {"uv": [0, 0, 1, 1], "texture": "#0"},
				"down": {"uv": [0, 13, 1, 14], "texture": "#1"}
			}
		},
		{
			"from": [4, 2, 4],
			"to": [5, 7, 19],
			"faces": {
				"north": {"uv": [0, 0, 1, 6], "texture": "#1"},
				"east": {"uv": [0, 0, 1, 1], "texture": "#0"},
				"south": {"uv": [0, 0, 1, 4], "texture": "#1"},
				"west": {"uv": [1, 0, 16, 6], "texture": "#1"},
				"up": {"uv": [0, 0, 1, 1], "texture": "#1"},
				"down": {"uv": [0, 0, 1, 1], "texture": "#1"}
			}
		},
		{
			"from": [11, 2, 4],
			"to": [12, 7, 19],
			"faces": {
				"north": {"uv": [15, 6, 16, 12], "texture": "#1"},
				"east": {"uv": [0, 6, 15, 12], "texture": "#1"},
				"south": {"uv": [0, 6, 1, 10], "texture": "#1"},
				"west": {"uv": [0, 0, 1, 1], "texture": "#0"},
				"up": {"uv": [15, 5, 16, 6], "texture": "#1"},
				"down": {"uv": [15, 5, 16, 6], "texture": "#1"}
			}
		},
		{
			"from": [11, 1, 2],
			"to": [12, 6, 4],
			"rotation": {"angle": 45, "axis": "y", "origin": [12, 3.5, 4]},
			"faces": {
				"north": {"uv": [15, 1, 16, 7], "texture": "#1"},
				"east": {"uv": [15, 1, 16, 7], "texture": "#1"},
				"south": {"uv": [0, 6, 1, 10], "texture": "#1"},
				"west": {"uv": [0, 0, 1, 1], "texture": "#0"},
				"up": {"uv": [15, 5, 16, 6], "texture": "#1"},
				"down": {"uv": [15, 5, 16, 6], "texture": "#1"}
			}
		},
		{
			"from": [4, 1, 4],
			"to": [6, 6, 5],
			"rotation": {"angle": 45, "axis": "y", "origin": [4, 3.5, 4]},
			"faces": {
				"north": {"uv": [16, 1, 15, 7], "texture": "#1"},
				"east": {"uv": [16, 1, 15, 7], "texture": "#1"},
				"south": {"uv": [1, 0, 0, 1], "texture": "#0"},
				"west": {"uv": [1, 6, 0, 10], "texture": "#1"},
				"up": {"uv": [16, 5, 15, 6], "rotation": 90, "texture": "#1"},
				"down": {"uv": [16, 5, 15, 6], "rotation": 270, "texture": "#1"}
			}
		},
		{
			"from": [5, 2, 18],
			"to": [11, 7, 19],
			"faces": {
				"north": {"uv": [0, 0, 1, 1], "texture": "#0"},
				"east": {"uv": [0, 0, 1, 1], "texture": "#0"},
				"south": {"uv": [9, 12, 16, 16], "texture": "#1"},
				"west": {"uv": [0, 0, 1, 1], "texture": "#0"},
				"up": {"uv": [0, 12, 1, 13], "texture": "#1"},
				"down": {"uv": [0, 12, 1, 13], "texture": "#1"}
			}
		},
		{
			"from": [5, 6, 10],
			"to": [11, 7, 18],
			"faces": {
				"north": {"uv": [0, 0, 1, 1], "texture": "#0"},
				"east": {"uv": [0, 0, 1, 1], "texture": "#0"},
				"south": {"uv": [0, 0, 1, 1], "texture": "#0"},
				"west": {"uv": [0, 0, 1, 1], "texture": "#0"},
				"up": {"uv": [0, 15, 1, 16], "texture": "#1"},
				"down": {"uv": [0, 0, 1, 1], "texture": "#0"}
			}
		},
		{
			"from": [4, 7, 7],
			"to": [12, 8, 10],
			"faces": {
				"north": {"uv": [0, 15, 1, 16], "texture": "#1"},
				"east": {"uv": [4, 14, 5, 16], "texture": "#1"},
				"south": {"uv": [0, 15, 1, 16], "texture": "#1"},
				"west": {"uv": [4, 14, 5, 16], "texture": "#1"},
				"up": {"uv": [0, 15, 1, 16], "texture": "#1"},
				"down": {"uv": [0, 0, 1, 1], "texture": "#0"}
			}
		},
		{
			"from": [4, 7, 4],
			"to": [12, 9, 7],
			"faces": {
				"north": {"uv": [0, 15, 1, 16], "texture": "#1"},
				"east": {"uv": [4, 12, 5, 16], "texture": "#1"},
				"south": {"uv": [0, 15, 1, 16], "texture": "#1"},
				"west": {"uv": [4, 12, 5, 16], "texture": "#1"},
				"up": {"uv": [0, 15, 1, 16], "texture": "#1"},
				"down": {"uv": [0, 0, 1, 1], "texture": "#0"}
			}
		},
		{
			"from": [4, 6, 0],
			"to": [12, 7, 4],
			"faces": {
				"north": {"uv": [0, 15, 1, 16], "texture": "#1"},
				"east": {"uv": [0, 15, 1, 16], "texture": "#1"},
				"south": {"uv": [0, 15, 1, 16], "texture": "#1"},
				"west": {"uv": [0, 15, 1, 16], "texture": "#1"},
				"up": {"uv": [0, 15, 1, 16], "texture": "#1"},
				"down": {"uv": [0, 15, 1, 16], "texture": "#1"}
			}
		},
		{
			"from": [5, 1, 3],
			"to": [11, 2, 13],
			"faces": {
				"north": {"uv": [0, 0, 1, 1], "texture": "#0"},
				"east": {"uv": [0, 0, 1, 1], "texture": "#0"},
				"south": {"uv": [0, 0, 1, 1], "texture": "#0"},
				"west": {"uv": [0, 0, 1, 1], "texture": "#0"},
				"up": {"uv": [0, 0, 1, 1], "texture": "#0"},
				"down": {"uv": [9, 9, 12, 16], "texture": "#0"}
			}
		},
		{
			"from": [7, 1, 13],
			"to": [9, 2, 15],
			"faces": {
				"north": {"uv": [0, 0, 1, 1], "texture": "#0"},
				"east": {"uv": [0, 0, 1, 1], "texture": "#0"},
				"south": {"uv": [2, 1, 5, 2], "texture": "#0"},
				"west": {"uv": [0, 0, 1, 1], "texture": "#0"},
				"up": {"uv": [0, 0, 1, 1], "texture": "#0"},
				"down": {"uv": [10, 9, 11, 10], "texture": "#0"}
			}
		},
		{
			"from": [7, 7, 9],
			"to": [9, 9, 12],
			"faces": {
				"north": {"uv": [1, 12, 2, 14], "texture": "#1"},
				"east": {"uv": [1, 12, 2, 14], "texture": "#1"},
				"south": {"uv": [1, 12, 4, 14], "texture": "#1"},
				"west": {"uv": [1, 12, 2, 14], "texture": "#1"},
				"up": {"uv": [1, 12, 2, 13], "texture": "#1"},
				"down": {"uv": [1, 13, 2, 14], "texture": "#1"}
			}
		},
		{
			"from": [7, 1, 0],
			"to": [9, 2, 2],
			"faces": {
				"north": {"uv": [0, 0, 1, 1], "texture": "#0"},
				"east": {"uv": [0, 0, 1, 1], "texture": "#0"},
				"south": {"uv": [0, 0, 1, 1], "texture": "#0"},
				"west": {"uv": [0, 0, 1, 1], "texture": "#0"},
				"up": {"uv": [0, 0, 1, 1], "texture": "#0"},
				"down": {"uv": [6, 6, 7, 7], "texture": "#0"}
			}
		},
		{
			"from": [4, 7, 0],
			"to": [12, 9, 4],
			"faces": {
				"north": {"uv": [3, 15, 4, 16], "texture": "#1"},
				"east": {"uv": [5, 12, 9, 16], "texture": "#1"},
				"south": {"uv": [0, 0, 1, 1], "texture": "#0"},
				"west": {"uv": [5, 12, 9, 16], "texture": "#1"},
				"up": {"uv": [3, 15, 4, 16], "texture": "#1"},
				"down": {"uv": [0, 0, 1, 1], "texture": "#0"}
			}
		},
		{
			"from": [4, 6, -1.3],
			"to": [12, 7, 0],
			"rotation": {"angle": 45, "axis": "x", "origin": [8, 6, 0]},
			"faces": {
				"north": {"uv": [3, 15, 4, 16], "texture": "#1"},
				"east": {"uv": [2, 14, 3, 16], "texture": "#1"},
				"south": {"uv": [3, 15, 4, 16], "texture": "#1"},
				"west": {"uv": [2, 14, 3, 16], "texture": "#1"},
				"up": {"uv": [0, 0, 1, 1], "texture": "#0"},
				"down": {"uv": [2, 15, 3, 16], "texture": "#1"}
			}
		},
		{
			"from": [4, 6.7, -0.9],
			"to": [8, 8.7, 0.1],
			"rotation": {"angle": 22.5, "axis": "x", "origin": [8, 7, 0]},
			"faces": {
				"north": {"uv": [8.3, 6, 4, 9.2], "texture": "#1"},
				"east": {"uv": [0, 7, 1, 12], "texture": "#1"},
				"south": {"uv": [0, 0, 1, 1], "texture": "#0"},
				"west": {"uv": [0, 7, 1, 12], "texture": "#1"},
				"up": {"uv": [3, 15, 4, 16], "texture": "#1"},
				"down": {"uv": [3, 15, 4, 16], "texture": "#1"}
			}
		},
		{
			"from": [8, 6.7, -0.9],
			"to": [12, 8.7, 0.1],
			"rotation": {"angle": 22.5, "axis": "x", "origin": [8, 7, 0]},
			"faces": {
				"north": {"uv": [4, 6, 8.3, 9.2], "texture": "#1"},
				"east": {"uv": [1, 7, 0, 12], "texture": "#1"},
				"south": {"uv": [1, 0, 0, 1], "texture": "#0"},
				"west": {"uv": [1, 7, 0, 12], "texture": "#1"},
				"up": {"uv": [4, 15, 3, 16], "texture": "#1"},
				"down": {"uv": [4, 15, 3, 16], "texture": "#1"}
			}
		},
		{
			"from": [4.01, 1, 15],
			"to": [11.99, 2, 19],
			"rotation": {"angle": -22.5, "axis": "x", "origin": [8, 2, 16]},
			"faces": {
				"north": {"uv": [2, 1, 5, 2], "rotation": 180, "texture": "#0"},
				"east": {"uv": [0, 12, 1, 13], "rotation": 270, "texture": "#1"},
				"south": {"uv": [0, 12, 1, 13], "texture": "#1"},
				"west": {"uv": [0, 12, 1, 13], "rotation": 90, "texture": "#1"},
				"up": {"uv": [0, 12, 1, 13], "rotation": 180, "texture": "#1"},
				"down": {"uv": [2, 1, 5, 2], "texture": "#0"}
			}
		}
	],
	"display": {
		"thirdperson_righthand": {
			"translation": [0, 4, 0],
			"scale": [0.5, 0.5, 0.5]
		},
		"thirdperson_lefthand": {
			"translation": [0, 4, 0],
			"scale": [0.5, 0.5, 0.5]
		},
		"firstperson_righthand": {
			"translation": [0, 9, 0]
		},
		"firstperson_lefthand": {
			"translation": [0, 9.5, 0]
		},
		"ground": {
			"scale": [0.5, 0.5, 0.5]
		},
		"gui": {
			"rotation": [34, 134, 0],
			"translation": [-0.5, 3, 0],
			"scale": [0.8, 0.8, 0.8]
		},
		"head": {
			"translation": [0, 14.5, 0.5]
		},
		"fixed": {
			"rotation": [-90, 0, 0],
			"translation": [0, 0, -8]
		}
	}
}