{
	"credit": "Made with Blockbench",
	"textures": {
		"0": "item/charcoal/31",
		"particle": "item/charcoal/31"
	},
	"elements": [
		{
			"from": [5, 0, 3],
			"to": [7, 2, 5],
			"rotation": {"angle": 0, "axis": "y", "origin": [4, 8, 8]},
			"faces": {
				"north": {"uv": [0, 0, 2, 2], "texture": "#0"},
				"east": {"uv": [2, 0, 7, 5], "texture": "#0"},
				"south": {"uv": [0, 0, 2, 2], "texture": "#0"},
				"west": {"uv": [2, 0, 7, 5], "texture": "#0"},
				"up": {"uv": [0, 0, 2, 2], "texture": "#0"},
				"down": {"uv": [0, 0, 2, 2], "texture": "#0"}
			}
		},
		{
			"from": [9, 0, 3],
			"to": [11, 2, 5],
			"faces": {
				"north": {"uv": [0, 0, 2, 2], "texture": "#0"},
				"east": {"uv": [2, 0, 7, 5], "texture": "#0"},
				"south": {"uv": [0, 0, 2, 2], "texture": "#0"},
				"west": {"uv": [2, 0, 7, 5], "texture": "#0"},
				"up": {"uv": [0, 0, 2, 2], "texture": "#0"},
				"down": {"uv": [0, 0, 2, 2], "texture": "#0"}
			}
		},
		{
			"from": [5, 0, 11],
			"to": [7, 2, 13],
			"rotation": {"angle": 0, "axis": "y", "origin": [4, 8, 8]},
			"faces": {
				"north": {"uv": [0, 0, 2, 2], "texture": "#0"},
				"east": {"uv": [2, 0, 7, 5], "texture": "#0"},
				"south": {"uv": [0, 0, 2, 2], "texture": "#0"},
				"west": {"uv": [2, 0, 7, 5], "texture": "#0"},
				"up": {"uv": [0, 0, 2, 2], "texture": "#0"},
				"down": {"uv": [0, 0, 2, 2], "texture": "#0"}
			}
		},
		{
			"from": [9, 0, 11],
			"to": [11, 2, 13],
			"faces": {
				"north": {"uv": [0, 0, 2, 2], "texture": "#0"},
				"east": {"uv": [2, 0, 7, 5], "texture": "#0"},
				"south": {"uv": [0, 0, 2, 2], "texture": "#0"},
				"west": {"uv": [2, 0, 7, 5], "texture": "#0"},
				"up": {"uv": [0, 0, 2, 2], "texture": "#0"},
				"down": {"uv": [0, 0, 2, 2], "texture": "#0"}
			}
		},
		{
			"from": [5, 0.5, 1],
			"to": [11, 2, 3],
			"faces": {
				"north": {"uv": [7, 2, 14, 4.5], "texture": "#0"},
				"east": {"uv": [0, 2, 2, 4.5], "texture": "#0"},
				"south": {"uv": [0, 2, 2, 4.5], "texture": "#0"},
				"west": {"uv": [0, 2, 2, 4.5], "texture": "#0"},
				"up": {"uv": [14.5, 2, 16, 11], "rotation": 90, "texture": "#0"},
				"down": {"uv": [0, 4, 2, 5], "texture": "#0"}
			}
		},
		{
			"from": [5, 0.5, 13],
			"to": [11, 2, 15],
			"rotation": {"angle": 0, "axis": "y", "origin": [8, 8, 11]},
			"faces": {
				"north": {"uv": [0, 2, 2, 4.5], "texture": "#0"},
				"east": {"uv": [0, 2, 2, 4.5], "texture": "#0"},
				"south": {"uv": [7, 7, 14, 4.5], "texture": "#0"},
				"west": {"uv": [0, 2, 2, 4.5], "texture": "#0"},
				"up": {"uv": [0, 2, 2, 3], "texture": "#0"},
				"down": {"uv": [0, 4, 2, 5], "texture": "#0"}
			}
		},
		{
			"from": [5, 0.5, 5],
			"to": [7, 2, 11],
			"rotation": {"angle": 0, "axis": "y", "origin": [8, 8, 9]},
			"faces": {
				"north": {"uv": [0, 2, 2, 4.5], "texture": "#0"},
				"east": {"uv": [0, 2, 2, 3.5], "texture": "#0"},
				"south": {"uv": [0, 2, 2, 3.5], "texture": "#0"},
				"west": {"uv": [0, 2, 2, 4.5], "texture": "#0"},
				"up": {"uv": [0, 2, 2, 3], "texture": "#0"},
				"down": {"uv": [0, 4, 2, 5], "texture": "#0"}
			}
		},
		{
			"from": [9, 0.5, 5],
			"to": [11, 2, 11],
			"rotation": {"angle": 0, "axis": "y", "origin": [8, 8, 9]},
			"faces": {
				"north": {"uv": [0, 2, 2, 3.5], "texture": "#0"},
				"east": {"uv": [0, 2, 2, 4.5], "texture": "#0"},
				"south": {"uv": [0, 2, 2, 3.5], "texture": "#0"},
				"west": {"uv": [0, 2, 2, 3.5], "texture": "#0"},
				"up": {"uv": [0, 2, 2, 3], "texture": "#0"},
				"down": {"uv": [0, 4, 2, 5], "texture": "#0"}
			}
		},
		{
			"from": [7, 0.5, 3],
			"to": [9, 2, 13],
			"rotation": {"angle": 0, "axis": "y", "origin": [8, 8, 9]},
			"faces": {
				"north": {"uv": [0, 2, 2, 3.5], "texture": "#0"},
				"east": {"uv": [0, 2, 2, 3.5], "texture": "#0"},
				"south": {"uv": [0, 2, 2, 3.5], "texture": "#0"},
				"west": {"uv": [0, 2, 1, 3.5], "texture": "#0"},
				"up": {"uv": [0, 0, 2, 8], "texture": "#0"},
				"down": {"uv": [0, 4, 2, 5], "texture": "#0"}
			}
		},
		{
			"from": [5, 2, 2],
			"to": [11, 3, 15],
			"faces": {
				"north": {"uv": [7, 0, 16, 2], "texture": "#0"},
				"east": {"uv": [16, 13, 0, 16], "texture": "#0"},
				"south": {"uv": [7, 7, 14, 10], "texture": "#0"},
				"west": {"uv": [0, 13, 16, 16], "texture": "#0"},
				"up": {"uv": [0, 5, 3, 13], "texture": "#0"},
				"down": {"uv": [0, 3, 1, 4], "texture": "#0"}
			}
		},
		{
			"from": [5, 3, 6],
			"to": [11, 5, 13],
			"faces": {
				"north": {"uv": [7, 10, 14, 13], "texture": "#0"},
				"east": {"uv": [3, 10, 14, 13], "texture": "#0"},
				"south": {"uv": [7, 10, 14, 14], "texture": "#0"},
				"west": {"uv": [14, 10, 3, 13], "texture": "#0"},
				"up": {"uv": [0, 7, 3, 12], "texture": "#0"},
				"down": {"uv": [0, 2, 1, 3], "texture": "#0"}
			}
		}
	],
	"display": {
		"thirdperson_righthand": {
			"translation": [0, 4, 0],
			"scale": [0.5, 0.5, 0.5]
		},
		"thirdperson_lefthand": {
			"translation": [0, 4, 0],
			"scale": [0.5, 0.5, 0.5]
		},
		"firstperson_righthand": {
			"translation": [0, 9.75, 0]
		},
		"firstperson_lefthand": {
			"translation": [0, 10, 0]
		},
		"ground": {
			"scale": [0.5, 0.5, 0.5]
		},
		"gui": {
			"rotation": [34, 134, 0],
			"translation": [0, 3, 0]
		},
		"head": {
			"translation": [0, 14.25, 0]
		},
		"fixed": {
			"rotation": [-90, 0, 0],
			"translation": [0, 0, -8]
		}
	}
}