{
	"credit": "Made with Blockbench",
	"textures": {
		"0": "item/charcoal/35",
		"particle": "item/charcoal/35"
	},
	"elements": [
		{
			"from": [4, 0, 0],
			"to": [6, 2, 2],
			"rotation": {"angle": 0, "axis": "y", "origin": [8, 8, 9]},
			"faces": {
				"north": {"uv": [1, 0, 0, 2], "texture": "#0"},
				"east": {"uv": [2, 0, 0, 2], "texture": "#0"},
				"south": {"uv": [2, 0, 1, 2], "texture": "#0"},
				"west": {"uv": [5, 2, 0, 7], "texture": "#0"},
				"up": {"uv": [1, 0, 0, 2], "texture": "#0"},
				"down": {"uv": [2, 0, 1, 2], "texture": "#0"}
			}
		},
		{
			"from": [10, 0, 0],
			"to": [12, 2, 2],
			"rotation": {"angle": 0, "axis": "y", "origin": [8, 8, 9]},
			"faces": {
				"north": {"uv": [0, 0, 1, 2], "texture": "#0"},
				"east": {"uv": [0, 2, 5, 7], "texture": "#0"},
				"south": {"uv": [1, 0, 2, 2], "texture": "#0"},
				"west": {"uv": [0, 0, 2, 2], "texture": "#0"},
				"up": {"uv": [0, 0, 1, 2], "texture": "#0"},
				"down": {"uv": [1, 0, 2, 2], "texture": "#0"}
			}
		},
		{
			"from": [4, 0, 14],
			"to": [7, 2, 16],
			"faces": {
				"north": {"uv": [2, 0, 0, 2], "texture": "#0"},
				"east": {"uv": [2, 0, 0, 2], "texture": "#0"},
				"south": {"uv": [2, 0, 0, 2], "texture": "#0"},
				"west": {"uv": [5, 2, 0, 7], "texture": "#0"},
				"up": {"uv": [2, 0, 0, 2], "texture": "#0"},
				"down": {"uv": [2, 0, 0, 2], "texture": "#0"}
			}
		},
		{
			"from": [9, 0, 14],
			"to": [12, 2, 16],
			"faces": {
				"north": {"uv": [0, 0, 2, 2], "texture": "#0"},
				"east": {"uv": [0, 2, 5, 7], "texture": "#0"},
				"south": {"uv": [0, 0, 2, 2], "texture": "#0"},
				"west": {"uv": [0, 0, 2, 2], "texture": "#0"},
				"up": {"uv": [0, 0, 2, 2], "texture": "#0"},
				"down": {"uv": [0, 0, 2, 2], "texture": "#0"}
			}
		},
		{
			"from": [4, 0, 11],
			"to": [7, 2, 13],
			"rotation": {"angle": 0, "axis": "y", "origin": [8, 8, 2]},
			"faces": {
				"north": {"uv": [2, 0, 0, 2], "texture": "#0"},
				"east": {"uv": [2, 0, 0, 2], "texture": "#0"},
				"south": {"uv": [2, 0, 0, 2], "texture": "#0"},
				"west": {"uv": [5, 2, 0, 7], "texture": "#0"},
				"up": {"uv": [2, 0, 0, 2], "texture": "#0"},
				"down": {"uv": [2, 0, 0, 2], "texture": "#0"}
			}
		},
		{
			"from": [9, 0, 11],
			"to": [12, 2, 13],
			"rotation": {"angle": 0, "axis": "y", "origin": [8, 8, 2]},
			"faces": {
				"north": {"uv": [0, 0, 2, 2], "texture": "#0"},
				"east": {"uv": [0, 2, 5, 7], "texture": "#0"},
				"south": {"uv": [0, 0, 2, 2], "texture": "#0"},
				"west": {"uv": [0, 0, 2, 2], "texture": "#0"},
				"up": {"uv": [0, 0, 2, 2], "texture": "#0"},
				"down": {"uv": [0, 0, 2, 2], "texture": "#0"}
			}
		},
		{
			"from": [4, 1, -1],
			"to": [12, 2, 0],
			"rotation": {"angle": 0, "axis": "y", "origin": [12, 9, 7]},
			"faces": {
				"north": {"uv": [1, 7, 2, 8], "texture": "#0"},
				"east": {"uv": [1, 7, 2, 8], "texture": "#0"},
				"south": {"uv": [1, 7, 2, 8], "texture": "#0"},
				"west": {"uv": [1, 7, 2, 8], "texture": "#0"},
				"up": {"uv": [1, 7, 2, 8], "texture": "#0"},
				"down": {"uv": [9, 0, 11, 2], "texture": "#0"}
			}
		},
		{
			"from": [7, 1, -2],
			"to": [9, 2, -1],
			"rotation": {"angle": 0, "axis": "y", "origin": [12, 9, 6]},
			"faces": {
				"north": {"uv": [0, 7, 1, 8], "texture": "#0"},
				"east": {"uv": [0, 7, 1, 8], "texture": "#0"},
				"south": {"uv": [0, 7, 1, 8], "texture": "#0"},
				"west": {"uv": [0, 7, 1, 8], "texture": "#0"},
				"up": {"uv": [0, 7, 1, 8], "texture": "#0"},
				"down": {"uv": [0, 7, 1, 8], "texture": "#0"}
			}
		},
		{
			"from": [6, 1, 0],
			"to": [10, 2, 2],
			"rotation": {"angle": 0, "axis": "y", "origin": [12, 9, 8]},
			"faces": {
				"north": {"uv": [1, 7, 2, 8], "texture": "#0"},
				"east": {"uv": [1, 7, 2, 8], "texture": "#0"},
				"south": {"uv": [1, 7, 2, 8], "texture": "#0"},
				"west": {"uv": [1, 7, 2, 8], "texture": "#0"},
				"up": {"uv": [1, 7, 2, 8], "texture": "#0"},
				"down": {"uv": [9, 0, 11, 2], "texture": "#0"}
			}
		},
		{
			"from": [4, 1, 2],
			"to": [12, 2, 7],
			"rotation": {"angle": 0, "axis": "y", "origin": [12, 9, 10]},
			"faces": {
				"north": {"uv": [1, 7, 2, 8], "texture": "#0"},
				"east": {"uv": [1, 7, 2, 8], "texture": "#0"},
				"south": {"uv": [1, 7, 2, 8], "texture": "#0"},
				"west": {"uv": [1, 7, 2, 8], "texture": "#0"},
				"up": {"uv": [1, 7, 2, 8], "texture": "#0"},
				"down": {"uv": [9, 0, 11, 2], "texture": "#0"}
			}
		},
		{
			"from": [11, 1, 7],
			"to": [12, 11, 8],
			"rotation": {"angle": 0, "axis": "y", "origin": [12, 9, 11]},
			"faces": {
				"north": {"uv": [0, 7, 1, 8], "texture": "#0"},
				"east": {"uv": [0, 7, 1, 8], "texture": "#0"},
				"south": {"uv": [0, 7, 1, 8], "texture": "#0"},
				"west": {"uv": [0, 7, 1, 8], "texture": "#0"},
				"up": {"uv": [0, 7, 1, 8], "texture": "#0"},
				"down": {"uv": [0, 7, 1, 8], "texture": "#0"}
			}
		},
		{
			"from": [4, 1, 7],
			"to": [5, 11, 8],
			"rotation": {"angle": 0, "axis": "y", "origin": [5, 9, 11]},
			"faces": {
				"north": {"uv": [0, 7, 1, 8], "texture": "#0"},
				"east": {"uv": [0, 7, 1, 8], "texture": "#0"},
				"south": {"uv": [0, 7, 1, 8], "texture": "#0"},
				"west": {"uv": [0, 7, 1, 8], "texture": "#0"},
				"up": {"uv": [0, 7, 1, 8], "texture": "#0"},
				"down": {"uv": [0, 7, 1, 8], "texture": "#0"}
			}
		},
		{
			"from": [5, 1, 7],
			"to": [6, 2, 10],
			"rotation": {"angle": 0, "axis": "y", "origin": [6, 9, 11]},
			"faces": {
				"north": {"uv": [9, 0, 10, 1], "texture": "#0"},
				"east": {"uv": [9, 0, 11, 2], "texture": "#0"},
				"south": {"uv": [9, 0, 10, 1], "texture": "#0"},
				"west": {"uv": [9, 0, 11, 2], "texture": "#0"},
				"up": {"uv": [9, 0, 10, 2], "texture": "#0"},
				"down": {"uv": [9, 0, 11, 2], "texture": "#0"}
			}
		},
		{
			"from": [10, 1, 7],
			"to": [11, 2, 10],
			"rotation": {"angle": 0, "axis": "y", "origin": [11, 9, 11]},
			"faces": {
				"north": {"uv": [9, 0, 10, 1], "texture": "#0"},
				"east": {"uv": [9, 0, 11, 2], "texture": "#0"},
				"south": {"uv": [9, 0, 10, 1], "texture": "#0"},
				"west": {"uv": [9, 0, 11, 2], "texture": "#0"},
				"up": {"uv": [9, 0, 10, 2], "texture": "#0"},
				"down": {"uv": [9, 0, 11, 2], "texture": "#0"}
			}
		},
		{
			"from": [4, 2, -1],
			"to": [8, 5, 4],
			"rotation": {"angle": 0, "axis": "y", "origin": [8, 10, 10]},
			"faces": {
				"north": {"uv": [0, 0, 1, 1], "texture": "#0"},
				"east": {"uv": [0, 0, 5, 3], "texture": "#0"},
				"south": {"uv": [0, 0, 4, 3], "texture": "#0"},
				"west": {"uv": [8, 10, 15, 16], "rotation": 180, "texture": "#0"},
				"up": {"uv": [0, 0, 4, 5], "texture": "#0"},
				"down": {"uv": [0, 0, 4, 5], "texture": "#0"}
			}
		},
		{
			"from": [8, 2, -1],
			"to": [12, 5, 4],
			"rotation": {"angle": 0, "axis": "y", "origin": [8, 10, 10]},
			"faces": {
				"north": {"uv": [1, 0, 0, 1], "texture": "#0"},
				"east": {"uv": [15, 10, 8, 16], "rotation": 180, "texture": "#0"},
				"south": {"uv": [4, 0, 0, 3], "texture": "#0"},
				"west": {"uv": [5, 0, 0, 3], "texture": "#0"},
				"up": {"uv": [4, 0, 0, 5], "texture": "#0"},
				"down": {"uv": [4, 0, 0, 5], "texture": "#0"}
			}
		},
		{
			"from": [4, 2, 4],
			"to": [8, 5, 7],
			"rotation": {"angle": 0, "axis": "y", "origin": [8, 10, 13]},
			"faces": {
				"north": {"uv": [0, 0, 1, 1], "texture": "#0"},
				"east": {"uv": [0, 0, 3, 3], "texture": "#0"},
				"south": {"uv": [0, 0, 4, 3], "texture": "#0"},
				"west": {"uv": [8, 6, 14, 10], "rotation": 90, "texture": "#0"},
				"up": {"uv": [0, 0, 4, 3], "texture": "#0"},
				"down": {"uv": [0, 0, 4, 3], "texture": "#0"}
			}
		},
		{
			"from": [8, 2, 4],
			"to": [12, 5, 7],
			"rotation": {"angle": 0, "axis": "y", "origin": [8, 10, 13]},
			"faces": {
				"north": {"uv": [1, 0, 0, 1], "texture": "#0"},
				"east": {"uv": [8, 10, 14, 6], "rotation": 90, "texture": "#0"},
				"south": {"uv": [4, 0, 0, 3], "texture": "#0"},
				"west": {"uv": [3, 0, 0, 3], "texture": "#0"},
				"up": {"uv": [4, 0, 0, 3], "texture": "#0"},
				"down": {"uv": [4, 0, 0, 3], "texture": "#0"}
			}
		},
		{
			"from": [4, 5, -1],
			"to": [8, 9, 2],
			"rotation": {"angle": 0, "axis": "y", "origin": [12, 14, 10]},
			"faces": {
				"north": {"uv": [15, 4, 16, 16], "rotation": 180, "texture": "#0"},
				"east": {"uv": [0, 0, 3, 3], "texture": "#0"},
				"south": {"uv": [0, 0, 1, 1], "texture": "#0"},
				"west": {"uv": [5, 2, 12, 7], "rotation": 90, "texture": "#0"},
				"up": {"uv": [1, 7, 2, 8], "texture": "#0"},
				"down": {"uv": [0, 0, 2, 2], "texture": "#0"}
			}
		},
		{
			"from": [8, 5, -1],
			"to": [12, 9, 2],
			"rotation": {"angle": 0, "axis": "y", "origin": [4, 14, 10]},
			"faces": {
				"north": {"uv": [15, 4, 16, 16], "rotation": 180, "texture": "#0"},
				"east": {"uv": [5, 7, 12, 2], "rotation": 90, "texture": "#0"},
				"south": {"uv": [1, 0, 0, 1], "texture": "#0"},
				"west": {"uv": [3, 0, 0, 3], "texture": "#0"},
				"up": {"uv": [2, 7, 1, 8], "texture": "#0"},
				"down": {"uv": [2, 0, 0, 2], "texture": "#0"}
			}
		},
		{
			"from": [4, 5, 2],
			"to": [12, 9, 3],
			"rotation": {"angle": 0, "axis": "y", "origin": [12, 14, 13]},
			"faces": {
				"north": {"uv": [1, 7, 2, 8], "texture": "#0"},
				"east": {"uv": [5, 6, 12, 7], "rotation": 90, "texture": "#0"},
				"south": {"uv": [1, 7, 2, 8], "texture": "#0"},
				"west": {"uv": [5, 6, 12, 7], "rotation": 90, "texture": "#0"},
				"up": {"uv": [1, 7, 2, 8], "texture": "#0"},
				"down": {"uv": [1, 7, 2, 8], "texture": "#0"}
			}
		},
		{
			"from": [4, 5, 3],
			"to": [12, 8, 6],
			"rotation": {"angle": 0, "axis": "y", "origin": [12, 14, 17]},
			"faces": {
				"north": {"uv": [1, 7, 2, 8], "texture": "#0"},
				"east": {"uv": [1, 7, 2, 8], "texture": "#0"},
				"south": {"uv": [1, 7, 2, 8], "texture": "#0"},
				"west": {"uv": [1, 7, 2, 8], "texture": "#0"},
				"up": {"uv": [1, 7, 2, 8], "texture": "#0"},
				"down": {"uv": [1, 7, 2, 8], "texture": "#0"}
			}
		},
		{
			"from": [4, 5, 6],
			"to": [12, 7, 7],
			"rotation": {"angle": 0, "axis": "y", "origin": [12, 14, 18]},
			"faces": {
				"north": {"uv": [1, 7, 2, 8], "texture": "#0"},
				"east": {"uv": [1, 7, 2, 8], "texture": "#0"},
				"south": {"uv": [1, 7, 2, 8], "texture": "#0"},
				"west": {"uv": [1, 7, 2, 8], "texture": "#0"},
				"up": {"uv": [1, 7, 2, 8], "texture": "#0"},
				"down": {"uv": [1, 7, 2, 8], "texture": "#0"}
			}
		},
		{
			"from": [4, 9, 2.8],
			"to": [5, 10, 3],
			"rotation": {"angle": 0, "axis": "y", "origin": [8, 10, 2]},
			"faces": {
				"north": {"uv": [11, 0, 12, 4], "texture": "#0"},
				"east": {"uv": [1, 7, 1.2, 8], "texture": "#0"},
				"south": {"uv": [1, 7, 2, 8], "texture": "#0"},
				"west": {"uv": [1, 7, 1.2, 8], "texture": "#0"},
				"up": {"uv": [1, 7, 2, 7.2], "texture": "#0"},
				"down": {"uv": [1, 7, 2, 7.2], "texture": "#0"}
			}
		},
		{
			"from": [11, 9, 2.8],
			"to": [12, 10, 3],
			"rotation": {"angle": 0, "axis": "y", "origin": [8, 10, 2]},
			"faces": {
				"north": {"uv": [12, 0, 11, 4], "texture": "#0"},
				"east": {"uv": [1.2, 7, 1, 8], "texture": "#0"},
				"south": {"uv": [2, 7, 1, 8], "texture": "#0"},
				"west": {"uv": [1.2, 7, 1, 8], "texture": "#0"},
				"up": {"uv": [2, 7, 1, 7.2], "texture": "#0"},
				"down": {"uv": [2, 7, 1, 7.2], "texture": "#0"}
			}
		},
		{
			"from": [5, 8, -1.2],
			"to": [6, 9, -1],
			"rotation": {"angle": 0, "axis": "y", "origin": [9, 9, -2]},
			"faces": {
				"north": {"uv": [2, 13, 0, 16], "texture": "#0"},
				"east": {"uv": [0, 8, 1, 11], "texture": "#0"},
				"south": {"uv": [0, 9, 1, 10], "texture": "#0"},
				"west": {"uv": [0, 8, 1, 11], "texture": "#0"},
				"up": {"uv": [0, 10, 1, 10.2], "texture": "#0"},
				"down": {"uv": [0, 10, 1, 10.2], "texture": "#0"}
			}
		},
		{
			"from": [4, 4, -1.03],
			"to": [6, 5, -1],
			"rotation": {"angle": 0, "axis": "y", "origin": [9, 5, -2]},
			"faces": {
				"north": {"uv": [2, 0, 9, 2], "texture": "#0"},
				"east": {"uv": [8, 0, 8.03, 1], "texture": "#0"},
				"south": {"uv": [0, 7, 2, 8], "texture": "#0"},
				"west": {"uv": [8, 0, 8.03, 1], "texture": "#0"},
				"up": {"uv": [7, 0, 9, 0.03], "texture": "#0"},
				"down": {"uv": [7, 0, 9, 0.03], "texture": "#0"}
			}
		},
		{
			"from": [10, 4, -1.03],
			"to": [12, 5, -1],
			"rotation": {"angle": 0, "axis": "y", "origin": [15, 5, -2]},
			"faces": {
				"north": {"uv": [9, 0, 2, 2], "texture": "#0"},
				"east": {"uv": [8, 0, 8.03, 1], "texture": "#0"},
				"south": {"uv": [0, 7, 2, 8], "texture": "#0"},
				"west": {"uv": [8, 0, 8.03, 1], "texture": "#0"},
				"up": {"uv": [7, 0, 9, 0.03], "texture": "#0"},
				"down": {"uv": [7, 0, 9, 0.03], "texture": "#0"}
			}
		},
		{
			"from": [10, 8, -1.2],
			"to": [11, 9, -1],
			"rotation": {"angle": 0, "axis": "y", "origin": [7, 9, -2]},
			"faces": {
				"north": {"uv": [0, 13, 2, 16], "texture": "#0"},
				"east": {"uv": [0, 8, 1, 11], "texture": "#0"},
				"south": {"uv": [0, 9, 1, 10], "texture": "#0"},
				"west": {"uv": [0, 8, 1, 11], "texture": "#0"},
				"up": {"uv": [0, 10, 1, 10.2], "texture": "#0"},
				"down": {"uv": [0, 10, 1, 10.2], "texture": "#0"}
			}
		},
		{
			"from": [4, 2, -1.2],
			"to": [5, 4, -1],
			"rotation": {"angle": 0, "axis": "y", "origin": [8, 3, -2]},
			"faces": {
				"north": {"uv": [0, 9, 1, 13], "texture": "#0"},
				"east": {"uv": [0, 9, 1, 13], "texture": "#0"},
				"south": {"uv": [0, 9, 1, 13], "texture": "#0"},
				"west": {"uv": [0, 9, 1, 13], "texture": "#0"},
				"up": {"uv": [0, 9, 1, 9.2], "texture": "#0"},
				"down": {"uv": [0, 12, 1, 12.2], "texture": "#0"}
			}
		},
		{
			"from": [4, 5, -1.2],
			"to": [5, 8, -1],
			"rotation": {"angle": 0, "axis": "y", "origin": [8, 7, -2]},
			"faces": {
				"north": {"uv": [14, 0, 16, 7], "texture": "#0"},
				"east": {"uv": [14, 0, 14.6, 7], "texture": "#0"},
				"south": {"uv": [0, 0, 1, 3], "texture": "#0"},
				"west": {"uv": [15, 0, 15.6, 7], "texture": "#0"},
				"up": {"uv": [1, 7, 2, 7.6], "texture": "#0"},
				"down": {"uv": [1, 7, 2, 7.6], "texture": "#0"}
			}
		},
		{
			"from": [11, 5, -1.2],
			"to": [12, 8, -1],
			"rotation": {"angle": 0, "axis": "y", "origin": [8, 7, -2]},
			"faces": {
				"north": {"uv": [16, 0, 14, 7], "texture": "#0"},
				"east": {"uv": [15.6, 0, 15, 7], "texture": "#0"},
				"south": {"uv": [1, 0, 0, 3], "texture": "#0"},
				"west": {"uv": [14.6, 0, 14, 7], "texture": "#0"},
				"up": {"uv": [2, 7, 1, 7.6], "texture": "#0"},
				"down": {"uv": [2, 7, 1, 7.6], "texture": "#0"}
			}
		},
		{
			"from": [11, 2, -1.2],
			"to": [12, 4, -1],
			"rotation": {"angle": 0, "axis": "y", "origin": [8, 3, -2]},
			"faces": {
				"north": {"uv": [0, 9, 1, 13], "texture": "#0"},
				"east": {"uv": [0, 9, 1, 13], "texture": "#0"},
				"south": {"uv": [0, 9, 1, 13], "texture": "#0"},
				"west": {"uv": [0, 9, 1, 13], "texture": "#0"},
				"up": {"uv": [0, 9, 1, 9.2], "texture": "#0"},
				"down": {"uv": [0, 12, 1, 12.2], "texture": "#0"}
			}
		},
		{
			"from": [5, 9, 2.6],
			"to": [6, 10, 3],
			"rotation": {"angle": 0, "axis": "y", "origin": [9, 10, 2]},
			"faces": {
				"north": {"uv": [13, 0, 14, 4], "texture": "#0"},
				"east": {"uv": [12, 0, 12.6, 1], "texture": "#0"},
				"south": {"uv": [1, 7, 2, 8], "texture": "#0"},
				"west": {"uv": [11, 0, 11.4, 1], "texture": "#0"},
				"up": {"uv": [1, 7, 2, 7.6], "texture": "#0"},
				"down": {"uv": [1, 7, 2, 7.6], "texture": "#0"}
			}
		},
		{
			"from": [10, 9, 2.6],
			"to": [11, 10, 3],
			"rotation": {"angle": 0, "axis": "y", "origin": [7, 10, 2]},
			"faces": {
				"north": {"uv": [14, 0, 13, 4], "texture": "#0"},
				"east": {"uv": [11.4, 0, 11, 1], "texture": "#0"},
				"south": {"uv": [2, 7, 1, 8], "texture": "#0"},
				"west": {"uv": [12.6, 0, 12, 1], "texture": "#0"},
				"up": {"uv": [2, 7, 1, 7.6], "texture": "#0"},
				"down": {"uv": [2, 7, 1, 7.6], "texture": "#0"}
			}
		},
		{
			"from": [6, 8, -1.4],
			"to": [7, 9, -1],
			"rotation": {"angle": 0, "axis": "y", "origin": [10, 9, -2]},
			"faces": {
				"north": {"uv": [0, 8, 1, 11], "texture": "#0"},
				"east": {"uv": [0, 8, 1, 11], "texture": "#0"},
				"south": {"uv": [0, 9, 1, 10], "texture": "#0"},
				"west": {"uv": [0, 8, 1, 11], "texture": "#0"},
				"up": {"uv": [0, 10, 1, 10.2], "texture": "#0"},
				"down": {"uv": [0, 10, 1, 10.2], "texture": "#0"}
			}
		},
		{
			"from": [9, 8, -1.4],
			"to": [10, 9, -1],
			"rotation": {"angle": 0, "axis": "y", "origin": [6, 9, -2]},
			"faces": {
				"north": {"uv": [0, 8, 1, 11], "texture": "#0"},
				"east": {"uv": [0, 8, 1, 11], "texture": "#0"},
				"south": {"uv": [0, 9, 1, 10], "texture": "#0"},
				"west": {"uv": [0, 8, 1, 11], "texture": "#0"},
				"up": {"uv": [0, 10, 1, 10.2], "texture": "#0"},
				"down": {"uv": [0, 10, 1, 10.2], "texture": "#0"}
			}
		},
		{
			"from": [5, 2, -1.4],
			"to": [6, 4, -1],
			"rotation": {"angle": 0, "axis": "y", "origin": [9, 3, -2]},
			"faces": {
				"north": {"uv": [0, 9, 1, 13], "texture": "#0"},
				"east": {"uv": [0, 9, 1, 13], "texture": "#0"},
				"south": {"uv": [0, 9, 1, 13], "texture": "#0"},
				"west": {"uv": [0, 9, 1, 13], "texture": "#0"},
				"up": {"uv": [0, 9, 1, 9.2], "texture": "#0"},
				"down": {"uv": [0, 12, 1, 12.2], "texture": "#0"}
			}
		},
		{
			"from": [4, 1, -1.4],
			"to": [5, 2, -1],
			"rotation": {"angle": 0, "axis": "y", "origin": [8, 2, -2]},
			"faces": {
				"north": {"uv": [0, 7, 1, 8], "texture": "#0"},
				"east": {"uv": [0, 7, 1, 8], "texture": "#0"},
				"south": {"uv": [0, 7, 1, 8], "texture": "#0"},
				"west": {"uv": [0, 7, 1, 8], "texture": "#0"},
				"up": {"uv": [0, 7, 1, 8], "texture": "#0"},
				"down": {"uv": [0, 7, 1, 8], "texture": "#0"}
			}
		},
		{
			"from": [5, 5, -1.4],
			"to": [6, 8, -1],
			"rotation": {"angle": 0, "axis": "y", "origin": [9, 7, -2]},
			"faces": {
				"north": {"uv": [14, 0, 15, 7], "texture": "#0"},
				"east": {"uv": [14, 0, 14.6, 7], "texture": "#0"},
				"south": {"uv": [0, 0, 1, 3], "texture": "#0"},
				"west": {"uv": [14, 0, 14.6, 7], "texture": "#0"},
				"up": {"uv": [1, 7, 2, 7.6], "texture": "#0"},
				"down": {"uv": [1, 7, 2, 7.6], "texture": "#0"}
			}
		},
		{
			"from": [10, 5, -1.4],
			"to": [11, 8, -1],
			"rotation": {"angle": 0, "axis": "y", "origin": [7, 7, -2]},
			"faces": {
				"north": {"uv": [15, 0, 14, 7], "texture": "#0"},
				"east": {"uv": [14.6, 0, 14, 7], "texture": "#0"},
				"south": {"uv": [1, 0, 0, 3], "texture": "#0"},
				"west": {"uv": [14.6, 0, 14, 7], "texture": "#0"},
				"up": {"uv": [2, 7, 1, 7.6], "texture": "#0"},
				"down": {"uv": [2, 7, 1, 7.6], "texture": "#0"}
			}
		},
		{
			"from": [10, 2, -1.4],
			"to": [11, 4, -1],
			"rotation": {"angle": 0, "axis": "y", "origin": [7, 3, -2]},
			"faces": {
				"north": {"uv": [0, 9, 1, 13], "texture": "#0"},
				"east": {"uv": [0, 9, 1, 13], "texture": "#0"},
				"south": {"uv": [0, 9, 1, 13], "texture": "#0"},
				"west": {"uv": [0, 9, 1, 13], "texture": "#0"},
				"up": {"uv": [0, 9, 1, 9.2], "texture": "#0"},
				"down": {"uv": [0, 12, 1, 12.2], "texture": "#0"}
			}
		},
		{
			"from": [11, 1, -1.4],
			"to": [12, 2, -1],
			"rotation": {"angle": 0, "axis": "y", "origin": [8, 2, -2]},
			"faces": {
				"north": {"uv": [0, 7, 1, 8], "texture": "#0"},
				"east": {"uv": [0, 7, 1, 8], "texture": "#0"},
				"south": {"uv": [0, 7, 1, 8], "texture": "#0"},
				"west": {"uv": [0, 7, 1, 8], "texture": "#0"},
				"up": {"uv": [0, 7, 1, 8], "texture": "#0"},
				"down": {"uv": [0, 7, 1, 8], "texture": "#0"}
			}
		},
		{
			"from": [6, 9, 2.4],
			"to": [7, 10, 3],
			"rotation": {"angle": 0, "axis": "y", "origin": [10, 10, 2]},
			"faces": {
				"north": {"uv": [13, 0, 14, 4], "texture": "#0"},
				"east": {"uv": [12, 0, 12.6, 1], "texture": "#0"},
				"south": {"uv": [1, 7, 2, 8], "texture": "#0"},
				"west": {"uv": [12, 0, 12.6, 4], "texture": "#0"},
				"up": {"uv": [1, 7, 2, 7.6], "texture": "#0"},
				"down": {"uv": [1, 7, 2, 7.6], "texture": "#0"}
			}
		},
		{
			"from": [9, 9, 2.4],
			"to": [10, 10, 3],
			"rotation": {"angle": 0, "axis": "y", "origin": [6, 10, 2]},
			"faces": {
				"north": {"uv": [14, 0, 13, 4], "texture": "#0"},
				"east": {"uv": [12.6, 0, 12, 4], "texture": "#0"},
				"south": {"uv": [2, 7, 1, 8], "texture": "#0"},
				"west": {"uv": [12.6, 0, 12, 1], "texture": "#0"},
				"up": {"uv": [2, 7, 1, 7.6], "texture": "#0"},
				"down": {"uv": [2, 7, 1, 7.6], "texture": "#0"}
			}
		},
		{
			"from": [7, 8, -1.6],
			"to": [8, 9, -1],
			"rotation": {"angle": 0, "axis": "y", "origin": [11, 9, -2]},
			"faces": {
				"north": {"uv": [0, 13, 2, 16], "texture": "#0"},
				"east": {"uv": [0, 8, 1, 11], "texture": "#0"},
				"south": {"uv": [0, 9, 1, 10], "texture": "#0"},
				"west": {"uv": [0, 8, 1, 11], "texture": "#0"},
				"up": {"uv": [0, 10, 1, 10.2], "texture": "#0"},
				"down": {"uv": [0, 10, 1, 10.2], "texture": "#0"}
			}
		},
		{
			"from": [8, 8, -1.6],
			"to": [9, 9, -1],
			"rotation": {"angle": 0, "axis": "y", "origin": [12, 9, -2]},
			"faces": {
				"north": {"uv": [2, 13, 0, 16], "texture": "#0"},
				"east": {"uv": [0, 8, 1, 11], "texture": "#0"},
				"south": {"uv": [0, 9, 1, 10], "texture": "#0"},
				"west": {"uv": [0, 8, 1, 11], "texture": "#0"},
				"up": {"uv": [0, 10, 1, 10.2], "texture": "#0"},
				"down": {"uv": [0, 10, 1, 10.2], "texture": "#0"}
			}
		},
		{
			"from": [6.5, 2, -1.6],
			"to": [7, 5, -1],
			"rotation": {"angle": 0, "axis": "y", "origin": [10, 3, -2]},
			"faces": {
				"north": {"uv": [7, 7, 8, 16], "texture": "#0"},
				"east": {"uv": [1, 7, 1.6, 8], "texture": "#0"},
				"south": {"uv": [0, 7, 1, 8], "texture": "#0"},
				"west": {"uv": [1, 7, 1.6, 8], "texture": "#0"},
				"up": {"uv": [1, 7, 2, 7.6], "texture": "#0"},
				"down": {"uv": [1, 7, 2, 7.6], "texture": "#0"}
			}
		},
		{
			"from": [9, 2, -1.6],
			"to": [9.5, 5, -1],
			"rotation": {"angle": 0, "axis": "y", "origin": [6, 3, -2]},
			"faces": {
				"north": {"uv": [8, 7, 7, 16], "texture": "#0"},
				"east": {"uv": [1.6, 7, 1, 8], "texture": "#0"},
				"south": {"uv": [1, 7, 0, 8], "texture": "#0"},
				"west": {"uv": [1.6, 7, 1, 8], "texture": "#0"},
				"up": {"uv": [2, 7, 1, 7.6], "texture": "#0"},
				"down": {"uv": [2, 7, 1, 7.6], "texture": "#0"}
			}
		},
		{
			"from": [6, 2, -1.6],
			"to": [6.5, 5, -1],
			"rotation": {"angle": 0, "axis": "y", "origin": [10, 3, -2]},
			"faces": {
				"north": {"uv": [1, 7, 2, 13], "texture": "#0"},
				"east": {"uv": [1, 7, 1.6, 13], "texture": "#0"},
				"south": {"uv": [0, 7, 1, 8], "texture": "#0"},
				"west": {"uv": [1, 7, 1.6, 13], "texture": "#0"},
				"up": {"uv": [1, 7, 2, 7.6], "texture": "#0"},
				"down": {"uv": [1, 7, 2, 7.6], "texture": "#0"}
			}
		},
		{
			"from": [9.5, 2, -1.6],
			"to": [10, 5, -1],
			"rotation": {"angle": 0, "axis": "y", "origin": [6, 3, -2]},
			"faces": {
				"north": {"uv": [2, 7, 1, 13], "texture": "#0"},
				"east": {"uv": [1.6, 7, 1, 13], "texture": "#0"},
				"south": {"uv": [1, 7, 0, 8], "texture": "#0"},
				"west": {"uv": [1.6, 7, 1, 13], "texture": "#0"},
				"up": {"uv": [2, 7, 1, 7.6], "texture": "#0"},
				"down": {"uv": [2, 7, 1, 7.6], "texture": "#0"}
			}
		},
		{
			"from": [5, 1, -1.6],
			"to": [6, 2, -1],
			"rotation": {"angle": 0, "axis": "y", "origin": [9, 2, -2]},
			"faces": {
				"north": {"uv": [0, 7, 1, 8], "texture": "#0"},
				"east": {"uv": [0, 7, 1, 8], "texture": "#0"},
				"south": {"uv": [0, 7, 1, 8], "texture": "#0"},
				"west": {"uv": [0, 7, 1, 8], "texture": "#0"},
				"up": {"uv": [0, 7, 1, 8], "texture": "#0"},
				"down": {"uv": [0, 7, 1, 8], "texture": "#0"}
			}
		},
		{
			"from": [6, 5, -1.6],
			"to": [7, 8, -1],
			"rotation": {"angle": 0, "axis": "y", "origin": [10, 7, -2]},
			"faces": {
				"north": {"uv": [14, 0, 15, 7], "texture": "#0"},
				"east": {"uv": [14, 0, 14.6, 7], "texture": "#0"},
				"south": {"uv": [0, 0, 1, 3], "texture": "#0"},
				"west": {"uv": [14, 0, 14.6, 7], "texture": "#0"},
				"up": {"uv": [1, 7, 2, 7.6], "texture": "#0"},
				"down": {"uv": [1, 7, 2, 7.6], "texture": "#0"}
			}
		},
		{
			"from": [9, 5, -1.6],
			"to": [10, 8, -1],
			"rotation": {"angle": 0, "axis": "y", "origin": [6, 7, -2]},
			"faces": {
				"north": {"uv": [15, 0, 14, 7], "texture": "#0"},
				"east": {"uv": [14.6, 0, 14, 7], "texture": "#0"},
				"south": {"uv": [1, 0, 0, 3], "texture": "#0"},
				"west": {"uv": [14.6, 0, 14, 7], "texture": "#0"},
				"up": {"uv": [2, 7, 1, 7.6], "texture": "#0"},
				"down": {"uv": [2, 7, 1, 7.6], "texture": "#0"}
			}
		},
		{
			"from": [7, 9, 2.2],
			"to": [8, 10, 3],
			"rotation": {"angle": 0, "axis": "y", "origin": [11, 10, 2]},
			"faces": {
				"north": {"uv": [11, 0, 14, 4], "texture": "#0"},
				"east": {"uv": [12, 0, 12.6, 1], "texture": "#0"},
				"south": {"uv": [1, 7, 2, 8], "texture": "#0"},
				"west": {"uv": [12, 0, 12.6, 4], "texture": "#0"},
				"up": {"uv": [1, 7, 2, 7.6], "texture": "#0"},
				"down": {"uv": [1, 7, 2, 7.6], "texture": "#0"}
			}
		},
		{
			"from": [8, 9, 2.2],
			"to": [9, 10, 3],
			"rotation": {"angle": 0, "axis": "y", "origin": [5, 10, 2]},
			"faces": {
				"north": {"uv": [14, 0, 11, 4], "texture": "#0"},
				"east": {"uv": [12.6, 0, 12, 4], "texture": "#0"},
				"south": {"uv": [2, 7, 1, 8], "texture": "#0"},
				"west": {"uv": [12.6, 0, 12, 1], "texture": "#0"},
				"up": {"uv": [2, 7, 1, 7.6], "texture": "#0"},
				"down": {"uv": [2, 7, 1, 7.6], "texture": "#0"}
			}
		},
		{
			"from": [7, 5, -1.8],
			"to": [8, 8, -1],
			"rotation": {"angle": 0, "axis": "y", "origin": [11, 7, -2]},
			"faces": {
				"north": {"uv": [16, 0, 14, 7], "texture": "#0"},
				"east": {"uv": [14, 0, 14.8, 7], "texture": "#0"},
				"south": {"uv": [0, 0, 2, 3], "texture": "#0"},
				"west": {"uv": [14, 0, 14.8, 7], "texture": "#0"},
				"up": {"uv": [1, 7, 2, 7.8], "texture": "#0"},
				"down": {"uv": [14, 0, 16, 0.8], "texture": "#0"}
			}
		},
		{
			"from": [8, 5, -1.8],
			"to": [9, 8, -1],
			"rotation": {"angle": 0, "axis": "y", "origin": [5, 7, -2]},
			"faces": {
				"north": {"uv": [14, 0, 16, 7], "texture": "#0"},
				"east": {"uv": [14.8, 0, 14, 7], "texture": "#0"},
				"south": {"uv": [2, 0, 0, 3], "texture": "#0"},
				"west": {"uv": [14.8, 0, 14, 7], "texture": "#0"},
				"up": {"uv": [2, 7, 1, 7.8], "texture": "#0"},
				"down": {"uv": [16, 0, 14, 0.8], "texture": "#0"}
			}
		},
		{
			"from": [9, 1, -1.8],
			"to": [10, 2, -1],
			"rotation": {"angle": 0, "axis": "y", "origin": [13, 2, -2]},
			"faces": {
				"north": {"uv": [0, 7, 1, 8], "texture": "#0"},
				"east": {"uv": [0, 7, 1, 8], "texture": "#0"},
				"south": {"uv": [0, 7, 1, 8], "texture": "#0"},
				"west": {"uv": [0, 7, 1, 8], "texture": "#0"},
				"up": {"uv": [0, 7, 1, 8], "texture": "#0"},
				"down": {"uv": [0, 7, 1, 8], "texture": "#0"}
			}
		},
		{
			"from": [6, 1, -1.8],
			"to": [7, 2, -1],
			"rotation": {"angle": 0, "axis": "y", "origin": [10, 2, -2]},
			"faces": {
				"north": {"uv": [0, 7, 1, 8], "texture": "#0"},
				"east": {"uv": [0, 7, 1, 8], "texture": "#0"},
				"south": {"uv": [0, 7, 1, 8], "texture": "#0"},
				"west": {"uv": [0, 7, 1, 8], "texture": "#0"},
				"up": {"uv": [0, 7, 1, 8], "texture": "#0"},
				"down": {"uv": [0, 7, 1, 8], "texture": "#0"}
			}
		},
		{
			"from": [7, 2, -1.8],
			"to": [9, 5, -1],
			"rotation": {"angle": 0, "axis": "y", "origin": [11, 3, -2]},
			"faces": {
				"north": {"uv": [2, 7, 7, 16], "texture": "#0"},
				"east": {"uv": [2, 9, 2.8, 10], "texture": "#0"},
				"south": {"uv": [0, 7, 1, 8], "texture": "#0"},
				"west": {"uv": [6, 9, 6.8, 10], "texture": "#0"},
				"up": {"uv": [0, 7, 1, 7.8], "texture": "#0"},
				"down": {"uv": [0, 7, 1, 7.8], "texture": "#0"}
			}
		},
		{
			"from": [10, 1, -1.6],
			"to": [11, 2, -1],
			"rotation": {"angle": 0, "axis": "y", "origin": [7, 2, -2]},
			"faces": {
				"north": {"uv": [0, 7, 1, 8], "texture": "#0"},
				"east": {"uv": [0, 7, 1, 8], "texture": "#0"},
				"south": {"uv": [0, 7, 1, 8], "texture": "#0"},
				"west": {"uv": [0, 7, 1, 8], "texture": "#0"},
				"up": {"uv": [0, 7, 1, 8], "texture": "#0"},
				"down": {"uv": [0, 7, 1, 8], "texture": "#0"}
			}
		},
		{
			"from": [4, 8, 3],
			"to": [12, 10, 6],
			"rotation": {"angle": 0, "axis": "y", "origin": [12, 14, 17]},
			"faces": {
				"north": {"uv": [0, 0, 8, 2], "texture": "#0"},
				"east": {"uv": [15, 1, 11, 7], "rotation": 270, "texture": "#0"},
				"south": {"uv": [0, 0, 8, 2], "texture": "#0"},
				"west": {"uv": [11, 1, 15, 7], "rotation": 90, "texture": "#0"},
				"up": {"uv": [1, 7, 2, 8], "texture": "#0"},
				"down": {"uv": [0, 0, 8, 3], "texture": "#0"}
			}
		},
		{
			"from": [5, 7, 6],
			"to": [7, 9, 7],
			"rotation": {"angle": 0, "axis": "y", "origin": [9, 14, 18]},
			"faces": {
				"north": {"uv": [0, 0, 8, 3], "texture": "#0"},
				"east": {"uv": [1, 7, 2, 8], "texture": "#0"},
				"south": {"uv": [6, 2, 8, 5], "rotation": 270, "texture": "#0"},
				"west": {"uv": [1, 7, 2, 8], "texture": "#0"},
				"up": {"uv": [1, 7, 2, 8], "texture": "#0"},
				"down": {"uv": [1, 7, 2, 8], "texture": "#0"}
			}
		},
		{
			"from": [9, 7, 6],
			"to": [11, 9, 7],
			"rotation": {"angle": 0, "axis": "y", "origin": [7, 14, 18]},
			"faces": {
				"north": {"uv": [8, 0, 0, 3], "texture": "#0"},
				"east": {"uv": [2, 7, 1, 8], "texture": "#0"},
				"south": {"uv": [6, 5, 8, 2], "rotation": 270, "texture": "#0"},
				"west": {"uv": [2, 7, 1, 8], "texture": "#0"},
				"up": {"uv": [2, 7, 1, 8], "texture": "#0"},
				"down": {"uv": [2, 7, 1, 8], "texture": "#0"}
			}
		},
		{
			"from": [4, 7, 6],
			"to": [5, 9, 7],
			"rotation": {"angle": 0, "axis": "y", "origin": [8, 14, 18]},
			"faces": {
				"north": {"uv": [0, 0, 8, 3], "texture": "#0"},
				"east": {"uv": [1, 7, 2, 8], "texture": "#0"},
				"south": {"uv": [6, 2, 10, 5], "rotation": 270, "texture": "#0"},
				"west": {"uv": [1, 7, 2, 8], "texture": "#0"},
				"up": {"uv": [1, 7, 2, 8], "texture": "#0"},
				"down": {"uv": [1, 7, 2, 8], "texture": "#0"}
			}
		},
		{
			"from": [11, 7, 6],
			"to": [12, 9, 7],
			"rotation": {"angle": 0, "axis": "y", "origin": [8, 14, 18]},
			"faces": {
				"north": {"uv": [8, 0, 0, 3], "texture": "#0"},
				"east": {"uv": [2, 7, 1, 8], "texture": "#0"},
				"south": {"uv": [6, 5, 10, 2], "rotation": 270, "texture": "#0"},
				"west": {"uv": [2, 7, 1, 8], "texture": "#0"},
				"up": {"uv": [2, 7, 1, 8], "texture": "#0"},
				"down": {"uv": [2, 7, 1, 8], "texture": "#0"}
			}
		},
		{
			"from": [7, 7, 6],
			"to": [9, 9, 7],
			"rotation": {"angle": 0, "axis": "y", "origin": [11, 14, 18]},
			"faces": {
				"north": {"uv": [0, 0, 8, 3], "texture": "#0"},
				"east": {"uv": [1, 7, 2, 8], "texture": "#0"},
				"south": {"uv": [1, 7, 2, 8], "rotation": 270, "texture": "#0"},
				"west": {"uv": [1, 7, 2, 8], "texture": "#0"},
				"up": {"uv": [1, 7, 2, 8], "texture": "#0"},
				"down": {"uv": [1, 7, 2, 8], "texture": "#0"}
			}
		},
		{
			"from": [7, 1, 17],
			"to": [9, 2, 18],
			"rotation": {"angle": 0, "axis": "y", "origin": [11, 8, 29]},
			"faces": {
				"north": {"uv": [0, 0, 8, 3], "texture": "#0"},
				"east": {"uv": [1, 7, 2, 8], "texture": "#0"},
				"south": {"uv": [1, 7, 2, 8], "rotation": 270, "texture": "#0"},
				"west": {"uv": [1, 7, 2, 8], "texture": "#0"},
				"up": {"uv": [1, 7, 2, 8], "texture": "#0"},
				"down": {"uv": [1, 7, 2, 8], "texture": "#0"}
			}
		},
		{
			"from": [6, 9, 6],
			"to": [10, 10, 7],
			"rotation": {"angle": 0, "axis": "y", "origin": [12, 16, 18]},
			"faces": {
				"north": {"uv": [0, 0, 8, 3], "texture": "#0"},
				"east": {"uv": [1, 7, 2, 8], "texture": "#0"},
				"south": {"uv": [15, 7, 16, 14], "rotation": 270, "texture": "#0"},
				"west": {"uv": [1, 7, 2, 8], "texture": "#0"},
				"up": {"uv": [1, 7, 2, 8], "texture": "#0"},
				"down": {"uv": [1, 7, 2, 8], "texture": "#0"}
			}
		},
		{
			"from": [4, 9, 6],
			"to": [6, 10, 7],
			"rotation": {"angle": 0, "axis": "y", "origin": [8, 16, 18]},
			"faces": {
				"north": {"uv": [0, 0, 8, 3], "texture": "#0"},
				"east": {"uv": [1, 7, 2, 8], "texture": "#0"},
				"south": {"uv": [15, 7, 16, 10], "rotation": 270, "texture": "#0"},
				"west": {"uv": [1, 7, 2, 8], "texture": "#0"},
				"up": {"uv": [1, 7, 2, 8], "texture": "#0"},
				"down": {"uv": [1, 7, 2, 8], "texture": "#0"}
			}
		},
		{
			"from": [4, 1, 17],
			"to": [6, 2, 18],
			"rotation": {"angle": 0, "axis": "y", "origin": [8, 8, 29]},
			"faces": {
				"north": {"uv": [1, 7, 2, 8], "texture": "#0"},
				"east": {"uv": [1, 7, 2, 8], "texture": "#0"},
				"south": {"uv": [14, 7, 15, 10], "rotation": 270, "texture": "#0"},
				"west": {"uv": [1, 7, 2, 8], "texture": "#0"},
				"up": {"uv": [1, 7, 2, 8], "texture": "#0"},
				"down": {"uv": [1, 7, 2, 8], "texture": "#0"}
			}
		},
		{
			"from": [6, 1, 17],
			"to": [7, 2, 18],
			"rotation": {"angle": 0, "axis": "y", "origin": [10, 8, 29]},
			"faces": {
				"north": {"uv": [1, 7, 2, 8], "texture": "#0"},
				"east": {"uv": [1, 7, 2, 8], "texture": "#0"},
				"south": {"uv": [1, 12, 2, 14], "rotation": 90, "texture": "#0"},
				"west": {"uv": [1, 7, 2, 8], "texture": "#0"},
				"up": {"uv": [1, 7, 2, 8], "texture": "#0"},
				"down": {"uv": [1, 7, 2, 8], "texture": "#0"}
			}
		},
		{
			"from": [9, 1, 17],
			"to": [10, 2, 18],
			"rotation": {"angle": 0, "axis": "y", "origin": [6, 8, 29]},
			"faces": {
				"north": {"uv": [2, 7, 1, 8], "texture": "#0"},
				"east": {"uv": [2, 7, 1, 8], "texture": "#0"},
				"south": {"uv": [1, 14, 2, 12], "rotation": 90, "texture": "#0"},
				"west": {"uv": [2, 7, 1, 8], "texture": "#0"},
				"up": {"uv": [2, 7, 1, 8], "texture": "#0"},
				"down": {"uv": [2, 7, 1, 8], "texture": "#0"}
			}
		},
		{
			"from": [10, 9, 6],
			"to": [12, 10, 7],
			"rotation": {"angle": 0, "axis": "y", "origin": [8, 16, 18]},
			"faces": {
				"north": {"uv": [8, 0, 0, 3], "texture": "#0"},
				"east": {"uv": [2, 7, 1, 8], "texture": "#0"},
				"south": {"uv": [15, 10, 16, 7], "rotation": 270, "texture": "#0"},
				"west": {"uv": [2, 7, 1, 8], "texture": "#0"},
				"up": {"uv": [2, 7, 1, 8], "texture": "#0"},
				"down": {"uv": [2, 7, 1, 8], "texture": "#0"}
			}
		},
		{
			"from": [10, 1, 17],
			"to": [12, 2, 18],
			"rotation": {"angle": 0, "axis": "y", "origin": [8, 8, 29]},
			"faces": {
				"north": {"uv": [1, 7, 2, 8], "texture": "#0"},
				"east": {"uv": [2, 7, 1, 8], "texture": "#0"},
				"south": {"uv": [14, 10, 15, 7], "rotation": 270, "texture": "#0"},
				"west": {"uv": [2, 7, 1, 8], "texture": "#0"},
				"up": {"uv": [2, 7, 1, 8], "texture": "#0"},
				"down": {"uv": [2, 7, 1, 8], "texture": "#0"}
			}
		},
		{
			"from": [5, 2, 7],
			"to": [11, 5, 10],
			"rotation": {"angle": 0, "axis": "y", "origin": [12, 10, 12]},
			"faces": {
				"north": {"uv": [1, 3, 2, 4], "texture": "#0"},
				"east": {"uv": [1, 3, 2, 4], "texture": "#0"},
				"south": {"uv": [1, 3, 4, 4], "texture": "#0"},
				"west": {"uv": [1, 3, 2, 4], "texture": "#0"},
				"up": {"uv": [1, 3, 4, 4], "texture": "#0"},
				"down": {"uv": [1, 3, 4, 4], "texture": "#0"}
			}
		},
		{
			"from": [7, 1, 7],
			"to": [9, 2, 17],
			"rotation": {"angle": 0, "axis": "y", "origin": [12, 9, 19]},
			"faces": {
				"north": {"uv": [9, 0, 10, 1], "texture": "#0"},
				"east": {"uv": [9, 0, 11, 2], "texture": "#0"},
				"south": {"uv": [9, 0, 10, 1], "texture": "#0"},
				"west": {"uv": [9, 0, 11, 2], "texture": "#0"},
				"up": {"uv": [9, 0, 10, 2], "texture": "#0"},
				"down": {"uv": [9, 0, 11, 2], "texture": "#0"}
			}
		}
	],
	"display": {
		"thirdperson_righthand": {
			"translation": [0, 4, 0],
			"scale": [0.5, 0.5, 0.5]
		},
		"thirdperson_lefthand": {
			"translation": [0, 4, 0],
			"scale": [0.5, 0.5, 0.5]
		},
		"firstperson_righthand": {
			"translation": [0, 6, 3.75]
		},
		"firstperson_lefthand": {
			"translation": [0, 9.5, 0]
		},
		"ground": {
			"scale": [0.5, 0.5, 0.5]
		},
		"gui": {
			"rotation": [34, 134, 0],
			"translation": [0, 3, 0],
			"scale": [0.8, 0.8, 0.8]
		},
		"head": {
			"translation": [0, 14.5, 0.5]
		},
		"fixed": {
			"rotation": [-90, 0, 0],
			"translation": [0, 1, -8]
		}
	}
}