{
	"credit": "Made with Blockbench",
	"textures": {
		"0": "item/charcoal/36",
		"particle": "item/charcoal/36"
	},
	"elements": [
		{
			"from": [4, 0, -1],
			"to": [6, 2, 1],
			"faces": {
				"north": {"uv": [1, 0, 0, 2], "texture": "#0"},
				"east": {"uv": [2, 0, 0, 2], "texture": "#0"},
				"south": {"uv": [2, 0, 1, 2], "texture": "#0"},
				"west": {"uv": [5, 2, 0, 7], "texture": "#0"},
				"up": {"uv": [1, 0, 0, 2], "texture": "#0"},
				"down": {"uv": [2, 0, 1, 2], "texture": "#0"}
			}
		},
		{
			"from": [10, 0, -1],
			"to": [12, 2, 1],
			"faces": {
				"north": {"uv": [0, 0, 1, 2], "texture": "#0"},
				"east": {"uv": [0, 2, 5, 7], "texture": "#0"},
				"south": {"uv": [1, 0, 2, 2], "texture": "#0"},
				"west": {"uv": [0, 0, 2, 2], "texture": "#0"},
				"up": {"uv": [0, 0, 1, 2], "texture": "#0"},
				"down": {"uv": [1, 0, 2, 2], "texture": "#0"}
			}
		},
		{
			"from": [4, 0, 14],
			"to": [7, 2, 16],
			"faces": {
				"north": {"uv": [2, 0, 0, 2], "texture": "#0"},
				"east": {"uv": [2, 0, 0, 2], "texture": "#0"},
				"south": {"uv": [2, 0, 0, 2], "texture": "#0"},
				"west": {"uv": [5, 2, 0, 7], "texture": "#0"},
				"up": {"uv": [2, 0, 0, 2], "texture": "#0"},
				"down": {"uv": [2, 0, 0, 2], "texture": "#0"}
			}
		},
		{
			"from": [9, 0, 14],
			"to": [12, 2, 16],
			"faces": {
				"north": {"uv": [0, 0, 2, 2], "texture": "#0"},
				"east": {"uv": [0, 2, 5, 7], "texture": "#0"},
				"south": {"uv": [0, 0, 2, 2], "texture": "#0"},
				"west": {"uv": [0, 0, 2, 2], "texture": "#0"},
				"up": {"uv": [0, 0, 2, 2], "texture": "#0"},
				"down": {"uv": [0, 0, 2, 2], "texture": "#0"}
			}
		},
		{
			"from": [4, 0, 17],
			"to": [7, 2, 19],
			"faces": {
				"north": {"uv": [2, 0, 0, 2], "texture": "#0"},
				"east": {"uv": [2, 0, 0, 2], "texture": "#0"},
				"south": {"uv": [2, 0, 0, 2], "texture": "#0"},
				"west": {"uv": [5, 2, 0, 7], "texture": "#0"},
				"up": {"uv": [2, 0, 0, 2], "texture": "#0"},
				"down": {"uv": [2, 0, 0, 2], "texture": "#0"}
			}
		},
		{
			"from": [9, 0, 17],
			"to": [12, 2, 19],
			"faces": {
				"north": {"uv": [0, 0, 2, 2], "texture": "#0"},
				"east": {"uv": [0, 2, 5, 7], "texture": "#0"},
				"south": {"uv": [0, 0, 2, 2], "texture": "#0"},
				"west": {"uv": [0, 0, 2, 2], "texture": "#0"},
				"up": {"uv": [0, 0, 2, 2], "texture": "#0"},
				"down": {"uv": [0, 0, 2, 2], "texture": "#0"}
			}
		},
		{
			"from": [6, 1, -2],
			"to": [10, 5, 3],
			"faces": {
				"north": {"uv": [0, 7, 5, 13], "texture": "#0"},
				"east": {"uv": [16, 0, 10, 3], "texture": "#0"},
				"south": {"uv": [0, 7, 5, 12], "texture": "#0"},
				"west": {"uv": [10, 0, 16, 3], "texture": "#0"},
				"up": {"uv": [14, 0, 16, 2], "texture": "#0"},
				"down": {"uv": [1, 8, 4, 12], "texture": "#0"}
			}
		},
		{
			"from": [5, 2, 3],
			"to": [11, 7, 6],
			"rotation": {"angle": 0, "axis": "y", "origin": [8, 9, 8]},
			"faces": {
				"north": {"uv": [7, 3, 16, 8], "texture": "#0"},
				"east": {"uv": [5, 3, 8, 8], "texture": "#0"},
				"south": {"uv": [0, 0, 2, 2], "texture": "#0"},
				"west": {"uv": [5, 3, 8, 8], "texture": "#0"},
				"up": {"uv": [14, 9, 16, 16], "rotation": 270, "texture": "#0"},
				"down": {"uv": [0, 0, 2, 2], "texture": "#0"}
			}
		},
		{
			"from": [4, 2, 6],
			"to": [12, 8, 11],
			"rotation": {"angle": 0, "axis": "y", "origin": [8, 9, 8]},
			"faces": {
				"north": {"uv": [7, 4, 16, 12], "texture": "#0"},
				"east": {"uv": [14, 8, 9, 16], "texture": "#0"},
				"south": {"uv": [13, 0, 16, 2], "texture": "#0"},
				"west": {"uv": [9, 8, 14, 16], "texture": "#0"},
				"up": {"uv": [0, 12, 9, 16], "texture": "#0"},
				"down": {"uv": [0, 0, 2, 2], "texture": "#0"}
			}
		},
		{
			"from": [5, 1, 3],
			"to": [11, 2, 12],
			"faces": {
				"north": {"uv": [6, 2, 7, 3], "texture": "#0"},
				"east": {"uv": [6, 2, 7, 3], "texture": "#0"},
				"south": {"uv": [6, 2, 7, 3], "texture": "#0"},
				"west": {"uv": [6, 2, 7, 3], "texture": "#0"},
				"up": {"uv": [6, 2, 7, 3], "texture": "#0"},
				"down": {"uv": [0, 8, 5, 12], "texture": "#0"}
			}
		},
		{
			"from": [5, 1, 20],
			"to": [11, 2, 21],
			"faces": {
				"north": {"uv": [6, 2, 7, 3], "texture": "#0"},
				"east": {"uv": [5, 7, 6, 8], "texture": "#0"},
				"south": {"uv": [5, 7, 7, 12], "rotation": 90, "texture": "#0"},
				"west": {"uv": [5, 7, 6, 8], "texture": "#0"},
				"up": {"uv": [8, 5, 15, 6], "texture": "#0"},
				"down": {"uv": [8, 5, 15, 6], "texture": "#0"}
			}
		},
		{
			"from": [7, 1, 12],
			"to": [9, 2, 20],
			"faces": {
				"north": {"uv": [9, 6, 14, 8], "texture": "#0"},
				"east": {"uv": [9, 6, 14, 8], "texture": "#0"},
				"south": {"uv": [9, 6, 14, 8], "texture": "#0"},
				"west": {"uv": [9, 6, 14, 8], "texture": "#0"},
				"up": {"uv": [9, 6, 14, 8], "texture": "#0"},
				"down": {"uv": [9, 6, 14, 8], "texture": "#0"}
			}
		},
		{
			"from": [7, 2, 15],
			"to": [9, 3, 17],
			"faces": {
				"north": {"uv": [6, 2, 7, 3], "texture": "#0"},
				"east": {"uv": [6, 2, 7, 3], "texture": "#0"},
				"south": {"uv": [6, 2, 7, 3], "texture": "#0"},
				"west": {"uv": [6, 2, 7, 3], "texture": "#0"},
				"up": {"uv": [6, 2, 7, 3], "texture": "#0"},
				"down": {"uv": [6, 2, 7, 3], "texture": "#0"}
			}
		},
		{
			"from": [11, 1, 11],
			"to": [12, 10, 12],
			"faces": {
				"north": {"uv": [7, 2, 8, 3], "texture": "#0"},
				"east": {"uv": [7, 2, 8, 3], "texture": "#0"},
				"south": {"uv": [7, 2, 8, 3], "texture": "#0"},
				"west": {"uv": [7, 2, 8, 3], "texture": "#0"},
				"up": {"uv": [7, 2, 8, 3], "texture": "#0"},
				"down": {"uv": [7, 2, 8, 3], "texture": "#0"}
			}
		},
		{
			"from": [4, 1, 11],
			"to": [5, 10, 12],
			"faces": {
				"north": {"uv": [7, 2, 8, 3], "texture": "#0"},
				"east": {"uv": [7, 2, 8, 3], "texture": "#0"},
				"south": {"uv": [7, 2, 8, 3], "texture": "#0"},
				"west": {"uv": [7, 2, 8, 3], "texture": "#0"},
				"up": {"uv": [7, 2, 8, 3], "texture": "#0"},
				"down": {"uv": [7, 2, 8, 3], "texture": "#0"}
			}
		},
		{
			"from": [4, 1, -2.5],
			"to": [12, 2, -2],
			"faces": {
				"north": {"uv": [2, 0, 3, 1], "texture": "#0"},
				"east": {"uv": [2, 0, 2.5, 1], "texture": "#0"},
				"south": {"uv": [2, 0, 3, 1], "texture": "#0"},
				"west": {"uv": [2, 0, 2.5, 1], "texture": "#0"},
				"up": {"uv": [2, 0, 3, 0.5], "texture": "#0"},
				"down": {"uv": [2, 0, 3, 0.5], "texture": "#0"}
			}
		},
		{
			"from": [10, 2.3, -2],
			"to": [12, 2.9, -1.5],
			"faces": {
				"north": {"uv": [2, 0, 9, 2], "texture": "#0"},
				"east": {"uv": [9, 0, 9.5, 1], "texture": "#0"},
				"south": {"uv": [9, 0, 10, 1], "texture": "#0"},
				"west": {"uv": [9, 0, 9.5, 1], "texture": "#0"},
				"up": {"uv": [9, 0, 10, 0.5], "texture": "#0"},
				"down": {"uv": [9, 0, 10, 0.5], "texture": "#0"}
			}
		},
		{
			"from": [4, 2.3, -2],
			"to": [6, 2.9, -1.5],
			"faces": {
				"north": {"uv": [9, 0, 2, 2], "texture": "#0"},
				"east": {"uv": [9.5, 0, 9, 1], "texture": "#0"},
				"south": {"uv": [10, 0, 9, 1], "texture": "#0"},
				"west": {"uv": [9.5, 0, 9, 1], "texture": "#0"},
				"up": {"uv": [10, 0, 9, 0.5], "texture": "#0"},
				"down": {"uv": [10, 0, 9, 0.5], "texture": "#0"}
			}
		},
		{
			"from": [4, 2.3, 0],
			"to": [5, 2.9, 0.5],
			"faces": {
				"north": {"uv": [6, 2, 5, 3], "texture": "#0"},
				"east": {"uv": [5.5, 2, 5, 3], "texture": "#0"},
				"south": {"uv": [6, 2, 5, 3], "texture": "#0"},
				"west": {"uv": [5.5, 2, 5, 3], "texture": "#0"},
				"up": {"uv": [6, 2, 5, 2.5], "texture": "#0"},
				"down": {"uv": [6, 2, 5, 2.5], "texture": "#0"}
			}
		},
		{
			"from": [11, 2.3, 0],
			"to": [12, 2.9, 0.5],
			"faces": {
				"north": {"uv": [6, 2, 5, 3], "texture": "#0"},
				"east": {"uv": [5.5, 2, 5, 3], "texture": "#0"},
				"south": {"uv": [6, 2, 5, 3], "texture": "#0"},
				"west": {"uv": [5.5, 2, 5, 3], "texture": "#0"},
				"up": {"uv": [6, 2, 5, 2.5], "texture": "#0"},
				"down": {"uv": [6, 2, 5, 2.5], "texture": "#0"}
			}
		},
		{
			"from": [10, 2, -2],
			"to": [12, 2.3, 3],
			"faces": {
				"north": {"uv": [8, 0, 9, 1.3], "texture": "#0"},
				"east": {"uv": [9, 0, 10, 1.3], "texture": "#0"},
				"south": {"uv": [9, 0, 10, 1.3], "texture": "#0"},
				"west": {"uv": [9, 0, 10, 1.3], "texture": "#0"},
				"up": {"uv": [9, 0, 10, 1], "texture": "#0"},
				"down": {"uv": [9, 0, 10, 1], "texture": "#0"}
			}
		},
		{
			"from": [4, 2, -2],
			"to": [6, 2.3, 3],
			"faces": {
				"north": {"uv": [9, 0, 8, 1.3], "texture": "#0"},
				"east": {"uv": [10, 0, 9, 1.3], "texture": "#0"},
				"south": {"uv": [10, 0, 9, 1.3], "texture": "#0"},
				"west": {"uv": [10, 0, 9, 1.3], "texture": "#0"},
				"up": {"uv": [10, 0, 9, 1], "texture": "#0"},
				"down": {"uv": [10, 0, 9, 1], "texture": "#0"}
			}
		},
		{
			"from": [10, 2.9, -2],
			"to": [12, 3.2, -1.5],
			"faces": {
				"north": {"uv": [8, 0, 9, 1.3], "texture": "#0"},
				"east": {"uv": [9, 0, 10, 1.3], "texture": "#0"},
				"south": {"uv": [9, 0, 10, 1.3], "texture": "#0"},
				"west": {"uv": [9, 0, 10, 1.3], "texture": "#0"},
				"up": {"uv": [9, 0, 10, 1], "texture": "#0"},
				"down": {"uv": [9, 0, 10, 1], "texture": "#0"}
			}
		},
		{
			"from": [4, 2.9, -2],
			"to": [6, 3.2, -1.5],
			"faces": {
				"north": {"uv": [9, 0, 8, 1.3], "texture": "#0"},
				"east": {"uv": [10, 0, 9, 1.3], "texture": "#0"},
				"south": {"uv": [10, 0, 9, 1.3], "texture": "#0"},
				"west": {"uv": [10, 0, 9, 1.3], "texture": "#0"},
				"up": {"uv": [10, 0, 9, 1], "texture": "#0"},
				"down": {"uv": [10, 0, 9, 1], "texture": "#0"}
			}
		}
	],
	"display": {
		"thirdperson_righthand": {
			"translation": [0, 4, 0],
			"scale": [0.5, 0.5, 0.5]
		},
		"thirdperson_lefthand": {
			"translation": [0, 4, 0],
			"scale": [0.5, 0.5, 0.5]
		},
		"firstperson_righthand": {
			"translation": [0, 9, 0]
		},
		"firstperson_lefthand": {
			"translation": [0, 9.5, 0]
		},
		"ground": {
			"scale": [0.5, 0.5, 0.5]
		},
		"gui": {
			"rotation": [34, 134, 0],
			"translation": [-0.5, 3, 0],
			"scale": [0.8, 0.8, 0.8]
		},
		"head": {
			"translation": [0, 14.5, 0.5]
		},
		"fixed": {
			"rotation": [-90, 0, 0],
			"translation": [0, 0, -7.75]
		}
	}
}