{
	"credit": "Made with Blockbench",
	"textures": {
		"0": "item/charcoal/40",
		"particle": "item/charcoal/40"
	},
	"elements": [
		{
			"from": [4.2, -7, 3],
			"to": [6.8, -5, 8],
			"rotation": {"angle": 0, "axis": "y", "origin": [6, 4, 7]},
			"faces": {
				"north": {"uv": [1, 15.5, 2, 16], "texture": "#0"},
				"east": {"uv": [1, 15.5, 2, 16], "texture": "#0"},
				"south": {"uv": [3, 15.5, 4, 16], "texture": "#0"},
				"west": {"uv": [1, 15.5, 2, 16], "texture": "#0"},
				"up": {"uv": [6, 16, 5, 15.5], "rotation": 90, "texture": "#0"},
				"down": {"uv": [3, 12, 2, 12.25], "rotation": 180, "texture": "#0"}
			}
		},
		{
			"from": [9.2, -7, 3],
			"to": [11.8, -5, 8],
			"rotation": {"angle": 0, "axis": "y", "origin": [10, 4, 7]},
			"faces": {
				"north": {"uv": [2, 15.5, 1, 16], "texture": "#0"},
				"east": {"uv": [2, 15.5, 1, 16], "texture": "#0"},
				"south": {"uv": [4, 15.5, 3, 16], "texture": "#0"},
				"west": {"uv": [2, 15.5, 1, 16], "texture": "#0"},
				"up": {"uv": [6, 15.5, 5, 16], "rotation": 90, "texture": "#0"},
				"down": {"uv": [2, 12, 3, 12.25], "rotation": 180, "texture": "#0"}
			}
		},
		{
			"from": [4.2, -7, 9],
			"to": [6.8, -5, 12],
			"rotation": {"angle": 0, "axis": "y", "origin": [6, 4, 10]},
			"faces": {
				"north": {"uv": [4, 15.5, 3, 16], "texture": "#0"},
				"east": {"uv": [2, 15.5, 1, 16], "texture": "#0"},
				"south": {"uv": [2, 15.5, 1, 16], "texture": "#0"},
				"west": {"uv": [2, 15.5, 1, 16], "texture": "#0"},
				"up": {"uv": [5, 16, 6, 15.5], "rotation": 90, "texture": "#0"},
				"down": {"uv": [3, 12.25, 2, 12], "rotation": 180, "texture": "#0"}
			}
		},
		{
			"from": [9.2, -7, 9],
			"to": [11.8, -5, 12],
			"rotation": {"angle": 0, "axis": "y", "origin": [10, 4, 10]},
			"faces": {
				"north": {"uv": [3, 15.5, 4, 16], "texture": "#0"},
				"east": {"uv": [1, 15.5, 2, 16], "texture": "#0"},
				"south": {"uv": [1, 15.5, 2, 16], "texture": "#0"},
				"west": {"uv": [1, 15.5, 2, 16], "texture": "#0"},
				"up": {"uv": [5, 15.5, 6, 16], "rotation": 90, "texture": "#0"},
				"down": {"uv": [2, 12.25, 3, 12], "rotation": 180, "texture": "#0"}
			}
		},
		{
			"from": [4.4, -5, 4],
			"to": [6.6, -4, 8],
			"rotation": {"angle": 0, "axis": "y", "origin": [6, 6, 7]},
			"faces": {
				"north": {"uv": [1.25, 15.25, 1.75, 15.75], "texture": "#0"},
				"east": {"uv": [1.25, 15.25, 1.75, 15.75], "texture": "#0"},
				"south": {"uv": [7.25, 15.5, 7.75, 16], "texture": "#0"},
				"west": {"uv": [1.25, 15.25, 1.75, 15.75], "texture": "#0"},
				"up": {"uv": [7.75, 16, 7.25, 15.5], "rotation": 90, "texture": "#0"},
				"down": {"uv": [3, 12, 2, 12.25], "rotation": 180, "texture": "#0"}
			}
		},
		{
			"from": [9.4, -5, 4],
			"to": [11.6, -4, 8],
			"rotation": {"angle": 0, "axis": "y", "origin": [10, 6, 7]},
			"faces": {
				"north": {"uv": [1.75, 15.25, 1.25, 15.75], "texture": "#0"},
				"east": {"uv": [1.75, 15.25, 1.25, 15.75], "texture": "#0"},
				"south": {"uv": [7.75, 15.5, 7.25, 16], "texture": "#0"},
				"west": {"uv": [1.75, 15.25, 1.25, 15.75], "texture": "#0"},
				"up": {"uv": [7.75, 15.5, 7.25, 16], "rotation": 90, "texture": "#0"},
				"down": {"uv": [2, 12, 3, 12.25], "rotation": 180, "texture": "#0"}
			}
		},
		{
			"from": [4.4, -5, 9],
			"to": [6.6, -4, 11],
			"rotation": {"angle": 0, "axis": "y", "origin": [6, 6, 10]},
			"faces": {
				"north": {"uv": [7.75, 15.5, 7.25, 16], "texture": "#0"},
				"east": {"uv": [1.75, 15.25, 1.25, 15.75], "texture": "#0"},
				"south": {"uv": [1.75, 15.25, 1.25, 15.75], "texture": "#0"},
				"west": {"uv": [1.75, 15.25, 1.25, 15.75], "texture": "#0"},
				"up": {"uv": [7.25, 16, 7.75, 15.5], "rotation": 90, "texture": "#0"},
				"down": {"uv": [3, 12.25, 2, 12], "rotation": 180, "texture": "#0"}
			}
		},
		{
			"from": [9.4, -5, 9],
			"to": [11.6, -4, 11],
			"rotation": {"angle": 0, "axis": "y", "origin": [10, 6, 10]},
			"faces": {
				"north": {"uv": [7.25, 15.5, 7.75, 16], "texture": "#0"},
				"east": {"uv": [1.25, 15.25, 1.75, 15.75], "texture": "#0"},
				"south": {"uv": [1.25, 15.25, 1.75, 15.75], "texture": "#0"},
				"west": {"uv": [1.25, 15.25, 1.75, 15.75], "texture": "#0"},
				"up": {"uv": [7.25, 15.5, 7.75, 16], "rotation": 90, "texture": "#0"},
				"down": {"uv": [2, 12.25, 3, 12], "rotation": 180, "texture": "#0"}
			}
		},
		{
			"from": [4.01, -6, 6],
			"to": [7.01, -2, 10],
			"rotation": {"angle": 0, "axis": "y", "origin": [5.5, -5, 8]},
			"faces": {
				"north": {"uv": [5, 14.5, 6, 16], "texture": "#0"},
				"east": {"uv": [4, 14.5, 5, 16], "texture": "#0"},
				"south": {"uv": [7, 14.5, 8, 16], "texture": "#0"},
				"west": {"uv": [6, 14.5, 7, 16], "texture": "#0"},
				"up": {"uv": [6, 14.25, 5, 13.25], "texture": "#0"},
				"down": {"uv": [7, 12, 6, 13], "texture": "#0"}
			}
		},
		{
			"from": [8.99, -6, 6],
			"to": [11.99, -2, 10],
			"rotation": {"angle": 0, "axis": "y", "origin": [10.5, -5, 8]},
			"faces": {
				"north": {"uv": [6, 14.5, 5, 16], "texture": "#0"},
				"east": {"uv": [7, 14.5, 6, 16], "texture": "#0"},
				"south": {"uv": [8, 14.5, 7, 16], "texture": "#0"},
				"west": {"uv": [5, 14.5, 4, 16], "texture": "#0"},
				"up": {"uv": [5, 14.25, 6, 13.25], "texture": "#0"},
				"down": {"uv": [6, 12, 7, 13], "texture": "#0"}
			}
		},
		{
			"from": [4.5, -2, 6.5],
			"to": [6.5, 1, 9.5],
			"rotation": {"angle": 0, "axis": "y", "origin": [5.5, -1, 8]},
			"faces": {
				"north": {"uv": [5, 13.25, 6, 14.75], "texture": "#0"},
				"east": {"uv": [4, 13.25, 5, 14.75], "texture": "#0"},
				"south": {"uv": [7, 13.25, 8, 14.75], "texture": "#0"},
				"west": {"uv": [6, 13.25, 7, 14.75], "texture": "#0"},
				"up": {"uv": [6, 14.25, 5, 13.25], "texture": "#0"},
				"down": {"uv": [7, 13.25, 6, 14.25], "texture": "#0"}
			}
		},
		{
			"from": [9.5, -2, 6.5],
			"to": [11.5, 1, 9.5],
			"rotation": {"angle": 0, "axis": "y", "origin": [10.5, -1, 8]},
			"faces": {
				"north": {"uv": [6, 13.25, 5, 14.75], "texture": "#0"},
				"east": {"uv": [7, 13.25, 6, 14.75], "texture": "#0"},
				"south": {"uv": [8, 13.25, 7, 14.75], "texture": "#0"},
				"west": {"uv": [5, 13.25, 4, 14.75], "texture": "#0"},
				"up": {"uv": [5, 14.25, 6, 13.25], "texture": "#0"},
				"down": {"uv": [6, 13.25, 7, 14.25], "texture": "#0"}
			}
		},
		{
			"from": [5, 1, 7.5],
			"to": [6, 2, 8.5],
			"rotation": {"angle": 0, "axis": "y", "origin": [4.5, 2, 8]},
			"faces": {
				"north": {"uv": [8, 15.25, 8.25, 16], "texture": "#0"},
				"east": {"uv": [9.75, 15.25, 10, 16], "texture": "#0"},
				"south": {"uv": [8.75, 15.25, 9, 16], "texture": "#0"},
				"west": {"uv": [9.25, 15.25, 9.5, 16], "texture": "#0"},
				"up": {"uv": [10.25, 16, 10, 15.75], "texture": "#0"},
				"down": {"uv": [10.5, 15.25, 10.25, 15.5], "texture": "#0"}
			}
		},
		{
			"from": [10, 1, 7.5],
			"to": [11, 2, 8.5],
			"rotation": {"angle": 0, "axis": "y", "origin": [11.5, 2, 8]},
			"faces": {
				"north": {"uv": [8.25, 15.25, 8, 16], "texture": "#0"},
				"east": {"uv": [9.5, 15.25, 9.25, 16], "texture": "#0"},
				"south": {"uv": [9, 15.25, 8.75, 16], "texture": "#0"},
				"west": {"uv": [10, 15.25, 9.75, 16], "texture": "#0"},
				"up": {"uv": [10, 16, 10.25, 15.75], "texture": "#0"},
				"down": {"uv": [10.25, 15.25, 10.5, 15.5], "texture": "#0"}
			}
		},
		{
			"from": [4.4, -2.1, 6.4],
			"to": [6.6, 1.1, 9.6],
			"rotation": {"angle": 0, "axis": "y", "origin": [5.5, -1, 8]},
			"faces": {
				"north": {"uv": [1, 13.25, 2, 14.75], "texture": "#0"},
				"east": {"uv": [3.25, 13.25, 1.75, 14.75], "texture": "#0"},
				"south": {"uv": [3, 13.25, 4, 14.75], "texture": "#0"},
				"west": {"uv": [1.75, 13.25, 3.25, 14.75], "texture": "#0"},
				"up": {"uv": [2, 13.5, 1, 12.5], "texture": "#0"},
				"down": {"uv": [2, 12.25, 1, 13.25], "texture": "#0"}
			}
		},
		{
			"from": [9.4, -2.1, 6.4],
			"to": [11.6, 1.1, 9.6],
			"rotation": {"angle": 0, "axis": "y", "origin": [10.5, -1, 8]},
			"faces": {
				"north": {"uv": [2, 13.25, 1, 14.75], "texture": "#0"},
				"east": {"uv": [3.25, 13.25, 1.75, 14.75], "texture": "#0"},
				"south": {"uv": [4, 13.25, 3, 14.75], "texture": "#0"},
				"west": {"uv": [1.75, 13.25, 3.25, 14.75], "texture": "#0"},
				"up": {"uv": [1, 13.5, 2, 12.5], "texture": "#0"},
				"down": {"uv": [1, 12.25, 2, 13.25], "texture": "#0"}
			}
		},
		{
			"from": [4, -6, 8],
			"to": [7, -2, 10],
			"rotation": {"angle": 22.5, "axis": "x", "origin": [5.5, -5, 8]},
			"faces": {
				"north": {"uv": [5, 14.5, 6, 16], "texture": "#0"},
				"east": {"uv": [4, 15, 5, 16], "texture": "#0"},
				"south": {"uv": [3, 7, 4, 8.75], "texture": "#0"},
				"west": {"uv": [6, 14.75, 7, 16], "texture": "#0"},
				"up": {"uv": [6, 14.25, 5, 13.25], "texture": "#0"},
				"down": {"uv": [7, 12, 6, 13], "texture": "#0"}
			}
		},
		{
			"from": [9, -6, 8],
			"to": [12, -2, 10],
			"rotation": {"angle": 22.5, "axis": "x", "origin": [10.5, -5, 8]},
			"faces": {
				"north": {"uv": [6, 14.5, 5, 16], "texture": "#0"},
				"east": {"uv": [7, 14.75, 6, 16], "texture": "#0"},
				"south": {"uv": [4, 7, 3, 8.75], "texture": "#0"},
				"west": {"uv": [5, 15, 4, 16], "texture": "#0"},
				"up": {"uv": [5, 14.25, 6, 13.25], "texture": "#0"},
				"down": {"uv": [6, 12, 7, 13], "texture": "#0"}
			}
		},
		{
			"from": [4, -6, 7],
			"to": [7, -2, 9],
			"rotation": {"angle": -45, "axis": "x", "origin": [5.5, -5, 8]},
			"faces": {
				"north": {"uv": [1, 7.25, 2, 7.75], "texture": "#0"},
				"east": {"uv": [3, 6.25, 4, 7.5], "rotation": 270, "texture": "#0"},
				"south": {"uv": [7, 14.5, 8, 16], "texture": "#0"},
				"west": {"uv": [1.5, 7, 2.5, 7.5], "texture": "#0"},
				"up": {"uv": [2, 7.5, 1, 5.75], "texture": "#0"},
				"down": {"uv": [7, 12, 6, 13], "texture": "#0"}
			}
		},
		{
			"from": [9, -6, 7],
			"to": [12, -2, 9],
			"rotation": {"angle": -45, "axis": "x", "origin": [10.5, -5, 8]},
			"faces": {
				"north": {"uv": [2, 7.25, 1, 7.75], "texture": "#0"},
				"east": {"uv": [2.5, 7, 1.5, 7.5], "texture": "#0"},
				"south": {"uv": [8, 14.5, 7, 16], "texture": "#0"},
				"west": {"uv": [3, 7.5, 4, 6.25], "rotation": 270, "texture": "#0"},
				"up": {"uv": [1, 7.5, 2, 5.75], "texture": "#0"},
				"down": {"uv": [6, 12, 7, 13], "texture": "#0"}
			}
		},
		{
			"from": [3.9, -4.8, 6.9],
			"to": [7.1, -2.6, 9.1],
			"rotation": {"angle": 0, "axis": "y", "origin": [6, 5, 8]},
			"faces": {
				"north": {"uv": [1, 12, 2, 13.5], "texture": "#0"},
				"east": {"uv": [2, 14.75, 3, 15.75], "rotation": 90, "texture": "#0"},
				"south": {"uv": [1, 12, 2, 13.5], "texture": "#0"},
				"west": {"uv": [0, 14.75, 1, 15.75], "rotation": 90, "texture": "#0"},
				"up": {"uv": [6.25, 12.5, 5.25, 11.5], "texture": "#0"},
				"down": {"uv": [6.5, 9.25, 5.5, 10.25], "texture": "#0"}
			}
		},
		{
			"from": [8.9, -4.8, 6.9],
			"to": [12.1, -2.6, 9.1],
			"rotation": {"angle": 0, "axis": "y", "origin": [10, 5, 8]},
			"faces": {
				"north": {"uv": [2, 12, 1, 13.5], "texture": "#0"},
				"east": {"uv": [0, 15.75, 1, 14.75], "rotation": 90, "texture": "#0"},
				"south": {"uv": [2, 12, 1, 13.5], "texture": "#0"},
				"west": {"uv": [2, 15.75, 3, 14.75], "rotation": 90, "texture": "#0"},
				"up": {"uv": [5.25, 12.5, 6.25, 11.5], "texture": "#0"},
				"down": {"uv": [5.5, 9.25, 6.5, 10.25], "texture": "#0"}
			}
		},
		{
			"from": [7, 3, 5],
			"to": [9, 5, 6],
			"rotation": {"angle": 0, "axis": "x", "origin": [8, 7, 6]},
			"faces": {
				"north": {"uv": [5.25, 7.25, 6.75, 7.75], "texture": "#0"},
				"east": {"uv": [6.5, 7.25, 7.25, 7.75], "texture": "#0"},
				"south": {"uv": [7, 7.25, 9, 7.75], "texture": "#0"},
				"west": {"uv": [7.75, 7.25, 8.5, 7.75], "texture": "#0"},
				"up": {"uv": [7, 7.75, 5, 7.25], "texture": "#0"},
				"down": {"uv": [7.75, 7.25, 5.75, 7.75], "texture": "#0"}
			}
		},
		{
			"from": [4, 3, 5],
			"to": [7, 5, 6],
			"rotation": {"angle": 22.5, "axis": "y", "origin": [7, 4, 5]},
			"faces": {
				"north": {"uv": [5.25, 7.25, 6.75, 7.75], "texture": "#0"},
				"east": {"uv": [6.5, 7.25, 7.25, 7.75], "texture": "#0"},
				"south": {"uv": [7, 7.25, 9, 7.75], "texture": "#0"},
				"west": {"uv": [7.75, 7.25, 8.5, 7.75], "texture": "#0"},
				"up": {"uv": [7, 7.75, 5, 7.25], "texture": "#0"},
				"down": {"uv": [7.75, 7.25, 5.75, 7.75], "texture": "#0"}
			}
		},
		{
			"from": [4, 2, 4],
			"to": [6, 5, 5],
			"rotation": {"angle": 22.5, "axis": "y", "origin": [7, 4, 5]},
			"faces": {
				"north": {"uv": [6.25, 11.25, 6.75, 12], "texture": "#0"},
				"east": {"uv": [7.25, 11.25, 7.75, 12], "texture": "#0"},
				"south": {"uv": [4.75, 11, 5.25, 11.75], "texture": "#0"},
				"west": {"uv": [7.25, 11.25, 7.75, 12], "texture": "#0"},
				"up": {"uv": [5.25, 11, 4.75, 11.25], "texture": "#0"},
				"down": {"uv": [5.25, 11.5, 4.75, 11.75], "texture": "#0"}
			}
		},
		{
			"from": [5, 3, 11],
			"to": [6, 5, 12],
			"rotation": {"angle": -22.5, "axis": "y", "origin": [7, 4, 11]},
			"faces": {
				"north": {"uv": [7.75, 11.25, 7.25, 12], "texture": "#0"},
				"east": {"uv": [7.75, 11.25, 7.25, 12], "texture": "#0"},
				"south": {"uv": [7.75, 11.25, 7.25, 12], "texture": "#0"},
				"west": {"uv": [7.75, 11.25, 7.25, 12], "texture": "#0"},
				"up": {"uv": [5.25, 11.25, 4.75, 11], "texture": "#0"},
				"down": {"uv": [5.25, 11.75, 4.75, 11.5], "texture": "#0"}
			}
		},
		{
			"from": [9, 3, 4],
			"to": [11, 5, 5],
			"rotation": {"angle": -22.5, "axis": "y", "origin": [9, 4, 5]},
			"faces": {
				"north": {"uv": [8.5, 11, 8, 11.75], "texture": "#0"},
				"east": {"uv": [7.75, 11.25, 7.25, 12], "texture": "#0"},
				"south": {"uv": [5.25, 11, 4.75, 11.75], "texture": "#0"},
				"west": {"uv": [7.75, 11.25, 7.25, 12], "texture": "#0"},
				"up": {"uv": [4.75, 11, 5.25, 11.25], "texture": "#0"},
				"down": {"uv": [4.75, 11.5, 5.25, 11.75], "texture": "#0"}
			}
		},
		{
			"from": [11, 3, 7],
			"to": [12, 5, 9],
			"rotation": {"angle": 22.5, "axis": "y", "origin": [11, 4, 6]},
			"faces": {
				"north": {"uv": [7.75, 11.25, 7.25, 12], "texture": "#0"},
				"east": {"uv": [8.5, 11, 8, 11.75], "texture": "#0"},
				"south": {"uv": [7.75, 11.25, 7.25, 12], "texture": "#0"},
				"west": {"uv": [5.25, 11, 4.75, 11.75], "texture": "#0"},
				"up": {"uv": [4.75, 11, 5.25, 11.25], "rotation": 90, "texture": "#0"},
				"down": {"uv": [4.75, 11.5, 5.25, 11.75], "rotation": 270, "texture": "#0"}
			}
		},
		{
			"from": [4, 3, 7],
			"to": [5, 5, 9],
			"rotation": {"angle": 22.5, "axis": "y", "origin": [5, 4, 10]},
			"faces": {
				"north": {"uv": [7.75, 11.25, 7.25, 12], "texture": "#0"},
				"east": {"uv": [5.25, 11, 4.75, 11.75], "texture": "#0"},
				"south": {"uv": [7.75, 11.25, 7.25, 12], "texture": "#0"},
				"west": {"uv": [8.5, 11, 8, 11.75], "texture": "#0"},
				"up": {"uv": [5.25, 11.25, 4.75, 11], "rotation": 90, "texture": "#0"},
				"down": {"uv": [5.25, 11.75, 4.75, 11.5], "rotation": 270, "texture": "#0"}
			}
		},
		{
			"from": [4, 3, 10],
			"to": [7, 5, 11],
			"rotation": {"angle": -22.5, "axis": "y", "origin": [7, 4, 11]},
			"faces": {
				"north": {"uv": [9, 7.25, 7, 7.75], "texture": "#0"},
				"east": {"uv": [7.25, 7.25, 6.5, 7.75], "texture": "#0"},
				"south": {"uv": [6.75, 7.25, 5.25, 7.75], "texture": "#0"},
				"west": {"uv": [8.5, 7.25, 7.75, 7.75], "texture": "#0"},
				"up": {"uv": [7, 7.25, 5, 7.75], "texture": "#0"},
				"down": {"uv": [7.75, 7.75, 5.75, 7.25], "texture": "#0"}
			}
		},
		{
			"from": [9, 3, 5],
			"to": [12, 5, 6],
			"rotation": {"angle": -22.5, "axis": "y", "origin": [9, 4, 5]},
			"faces": {
				"north": {"uv": [6.75, 7.25, 5.25, 7.75], "texture": "#0"},
				"east": {"uv": [8.5, 7.25, 7.75, 7.75], "texture": "#0"},
				"south": {"uv": [9, 7.25, 7, 7.75], "texture": "#0"},
				"west": {"uv": [7.25, 7.25, 6.5, 7.75], "texture": "#0"},
				"up": {"uv": [5, 7.75, 7, 7.25], "texture": "#0"},
				"down": {"uv": [5.75, 7.25, 7.75, 7.75], "texture": "#0"}
			}
		},
		{
			"from": [9, 3, 10],
			"to": [12, 5, 11],
			"rotation": {"angle": 22.5, "axis": "y", "origin": [9, 4, 11]},
			"faces": {
				"north": {"uv": [7, 7.25, 9, 7.75], "texture": "#0"},
				"east": {"uv": [7.75, 7.25, 8.5, 7.75], "texture": "#0"},
				"south": {"uv": [5.25, 7.25, 6.75, 7.75], "texture": "#0"},
				"west": {"uv": [6.5, 7.25, 7.25, 7.75], "texture": "#0"},
				"up": {"uv": [5, 7.25, 7, 7.75], "texture": "#0"},
				"down": {"uv": [5.75, 7.75, 7.75, 7.25], "texture": "#0"}
			}
		},
		{
			"from": [5, 3, 6],
			"to": [11, 5, 7],
			"rotation": {"angle": 0, "axis": "x", "origin": [7, 7, 6]},
			"faces": {
				"north": {"uv": [5.25, 7.25, 6.75, 7.75], "texture": "#0"},
				"east": {"uv": [6.5, 7.25, 7.25, 7.75], "texture": "#0"},
				"south": {"uv": [7, 7.25, 9, 7.75], "texture": "#0"},
				"west": {"uv": [7.75, 7.25, 8.5, 7.75], "texture": "#0"},
				"up": {"uv": [7, 7.75, 5, 7.25], "texture": "#0"},
				"down": {"uv": [7.75, 7.25, 5.75, 7.75], "texture": "#0"}
			}
		},
		{
			"from": [5, 3, 9],
			"to": [11, 5, 10],
			"rotation": {"angle": 0, "axis": "x", "origin": [7, 7, 9]},
			"faces": {
				"north": {"uv": [5.25, 7.25, 6.75, 7.75], "texture": "#0"},
				"east": {"uv": [6.5, 7.25, 7.25, 7.75], "texture": "#0"},
				"south": {"uv": [7, 7.25, 9, 7.75], "texture": "#0"},
				"west": {"uv": [7.75, 7.25, 8.5, 7.75], "texture": "#0"},
				"up": {"uv": [7, 7.75, 5, 7.25], "texture": "#0"},
				"down": {"uv": [7.75, 7.25, 5.75, 7.75], "texture": "#0"}
			}
		},
		{
			"from": [7, 3, 10],
			"to": [9, 5, 11],
			"rotation": {"angle": 0, "axis": "x", "origin": [8, 7, 10]},
			"faces": {
				"north": {"uv": [5.25, 7.25, 6.75, 7.75], "texture": "#0"},
				"east": {"uv": [6.5, 7.25, 7.25, 7.75], "texture": "#0"},
				"south": {"uv": [7, 7.25, 9, 7.75], "texture": "#0"},
				"west": {"uv": [7.75, 7.25, 8.5, 7.75], "texture": "#0"},
				"up": {"uv": [7, 7.75, 5, 7.25], "texture": "#0"},
				"down": {"uv": [7.75, 7.25, 5.75, 7.75], "texture": "#0"}
			}
		},
		{
			"from": [4, 3, 7],
			"to": [6, 5, 9],
			"rotation": {"angle": 0, "axis": "x", "origin": [5, 7, 8]},
			"faces": {
				"north": {"uv": [5.25, 7.25, 6.75, 7.75], "texture": "#0"},
				"east": {"uv": [6.5, 7.25, 7.25, 7.75], "texture": "#0"},
				"south": {"uv": [7, 7.25, 9, 7.75], "texture": "#0"},
				"west": {"uv": [7.75, 7.25, 8.5, 7.75], "texture": "#0"},
				"up": {"uv": [7, 7.75, 5, 7.25], "texture": "#0"},
				"down": {"uv": [7.75, 7.25, 5.75, 7.75], "texture": "#0"}
			}
		},
		{
			"from": [0, 10, 7],
			"to": [3, 13, 10],
			"rotation": {"angle": 0, "axis": "x", "origin": [2, 14, 8]},
			"faces": {
				"north": {"uv": [11, 5, 12, 5.75], "texture": "#0"},
				"east": {"uv": [10, 5, 11, 5.75], "texture": "#0"},
				"south": {"uv": [13, 5, 14, 5.75], "texture": "#0"},
				"west": {"uv": [12, 5, 13, 5.75], "texture": "#0"},
				"up": {"uv": [12, 5, 11, 4], "texture": "#0"},
				"down": {"uv": [12, 4, 11, 5], "texture": "#0"}
			}
		},
		{
			"from": [13, 10, 7],
			"to": [16, 13, 10],
			"rotation": {"angle": 0, "axis": "x", "origin": [14, 14, 8]},
			"faces": {
				"north": {"uv": [12, 5, 11, 5.75], "texture": "#0"},
				"east": {"uv": [13, 5, 12, 5.75], "texture": "#0"},
				"south": {"uv": [14, 5, 13, 5.75], "texture": "#0"},
				"west": {"uv": [11, 5, 10, 5.75], "texture": "#0"},
				"up": {"uv": [11, 5, 12, 4], "texture": "#0"},
				"down": {"uv": [11, 4, 12, 5], "texture": "#0"}
			}
		},
		{
			"from": [12, 14, 7],
			"to": [17, 15, 9],
			"rotation": {"angle": 0, "axis": "x", "origin": [14, 16, 8]},
			"faces": {
				"north": {"uv": [12, 5, 11, 5.75], "texture": "#0"},
				"east": {"uv": [12.5, 9.5, 11.5, 9.75], "texture": "#0"},
				"south": {"uv": [13, 9.5, 12, 9.75], "texture": "#0"},
				"west": {"uv": [11, 9.75, 10, 10], "texture": "#0"},
				"up": {"uv": [10.5, 10, 11.5, 9], "rotation": 90, "texture": "#0"},
				"down": {"uv": [10, 9, 11, 9.75], "texture": "#0"}
			}
		},
		{
			"from": [12, 14, 6],
			"to": [17, 15, 7],
			"rotation": {"angle": -22.5, "axis": "x", "origin": [14.5, 15, 7]},
			"faces": {
				"north": {"uv": [13, 9.5, 12, 9.75], "texture": "#0"},
				"east": {"uv": [12.5, 9.5, 11.5, 9.75], "texture": "#0"},
				"south": {"uv": [14, 5, 13, 5.75], "texture": "#0"},
				"west": {"uv": [12.25, 9.5, 11.25, 9.75], "texture": "#0"},
				"up": {"uv": [13.5, 10, 14, 9], "rotation": 90, "texture": "#0"},
				"down": {"uv": [11, 8, 11.5, 9], "texture": "#0"}
			}
		},
		{
			"from": [12, 14, 9],
			"to": [16, 15, 11],
			"rotation": {"angle": 22.5, "axis": "x", "origin": [14.5, 15, 9]},
			"faces": {
				"north": {"uv": [13, 5, 14, 5.75], "texture": "#0"},
				"east": {"uv": [10.25, 9.75, 11.25, 10], "texture": "#0"},
				"south": {"uv": [10.25, 9.75, 11.25, 10], "texture": "#0"},
				"west": {"uv": [11.75, 9.5, 12.75, 9.75], "texture": "#0"},
				"up": {"uv": [10, 9.25, 11, 10], "rotation": 270, "texture": "#0"},
				"down": {"uv": [10, 9.5, 11, 9], "texture": "#0"}
			}
		},
		{
			"from": [12, 13.61732, 4.07612],
			"to": [16, 14.61732, 6.07612],
			"rotation": {"angle": -45, "axis": "x", "origin": [14, 14.61732, 6.07612]},
			"faces": {
				"north": {"uv": [13.25, 9.5, 12.25, 9.75], "texture": "#0"},
				"east": {"uv": [13.25, 9.5, 12.25, 9.75], "texture": "#0"},
				"south": {"uv": [14, 5, 13, 5.75], "texture": "#0"},
				"west": {"uv": [12.75, 9.5, 11.75, 9.75], "texture": "#0"},
				"up": {"uv": [11.25, 9.75, 11.5, 9], "rotation": 90, "texture": "#0"},
				"down": {"uv": [10, 9, 11, 9.75], "texture": "#0"}
			}
		},
		{
			"from": [1, 5, 8],
			"to": [2, 8, 9],
			"rotation": {"angle": 0, "axis": "x", "origin": [2, 11, 8]},
			"faces": {
				"north": {"uv": [11, 7.25, 12, 7.5], "texture": "#0"},
				"east": {"uv": [10, 7.25, 11, 7.5], "texture": "#0"},
				"south": {"uv": [13, 7.25, 14, 7.5], "texture": "#0"},
				"west": {"uv": [12, 7.25, 13, 7.5], "texture": "#0"},
				"up": {"uv": [12, 7.5, 11, 7.25], "texture": "#0"},
				"down": {"uv": [12.25, 7.25, 11.25, 7.5], "texture": "#0"}
			}
		},
		{
			"from": [1, 2, 8],
			"to": [2, 5, 9],
			"rotation": {"angle": 22.5, "axis": "x", "origin": [1.5, 5, 8.5]},
			"faces": {
				"north": {"uv": [11, 6.25, 12, 7.25], "texture": "#0"},
				"east": {"uv": [10, 6.25, 11, 7.25], "texture": "#0"},
				"south": {"uv": [13, 6.25, 14, 7.25], "texture": "#0"},
				"west": {"uv": [12, 6.25, 13, 7.25], "texture": "#0"},
				"up": {"uv": [12, 7.25, 11, 6.25], "texture": "#0"},
				"down": {"uv": [12.25, 6.25, 11.25, 7.25], "texture": "#0"}
			}
		},
		{
			"from": [0.5, 0, 7.5],
			"to": [2.2, 2, 9.5],
			"rotation": {"angle": 22.5, "axis": "x", "origin": [1.5, 5, 8.5]},
			"faces": {
				"north": {"uv": [10.75, 7.5, 11.25, 8], "texture": "#0"},
				"east": {"uv": [10.75, 7.5, 11.25, 8], "texture": "#0"},
				"south": {"uv": [10.75, 7.5, 11.25, 8], "texture": "#0"},
				"west": {"uv": [10.75, 7.5, 11.25, 8], "texture": "#0"},
				"up": {"uv": [11.25, 8, 10.75, 7.5], "texture": "#0"},
				"down": {"uv": [11.25, 7.5, 10.75, 8], "texture": "#0"}
			}
		},
		{
			"from": [13.8, 0, 7.5],
			"to": [15.5, 2, 9.5],
			"rotation": {"angle": 22.5, "axis": "x", "origin": [14.5, 5, 8.5]},
			"faces": {
				"north": {"uv": [11.25, 7.5, 10.75, 8], "texture": "#0"},
				"east": {"uv": [11.25, 7.5, 10.75, 8], "texture": "#0"},
				"south": {"uv": [11.25, 7.5, 10.75, 8], "texture": "#0"},
				"west": {"uv": [11.25, 7.5, 10.75, 8], "texture": "#0"},
				"up": {"uv": [10.75, 8, 11.25, 7.5], "texture": "#0"},
				"down": {"uv": [10.75, 7.5, 11.25, 8], "texture": "#0"}
			}
		},
		{
			"from": [0.8, -1, 8.65],
			"to": [3, 0, 9.45],
			"rotation": {"angle": 22.5, "axis": "x", "origin": [1.5, 5, 8.5]},
			"faces": {
				"north": {"uv": [10.25, 7.5, 10.75, 8], "texture": "#0"},
				"east": {"uv": [10.25, 7.5, 10.75, 8], "texture": "#0"},
				"south": {"uv": [10.25, 7.5, 10.75, 8], "texture": "#0"},
				"west": {"uv": [10.25, 7.5, 10.75, 8], "texture": "#0"},
				"up": {"uv": [10.75, 8, 10.25, 7.5], "texture": "#0"},
				"down": {"uv": [10.75, 7.5, 10.25, 8], "texture": "#0"}
			}
		},
		{
			"from": [13, -1, 8.65],
			"to": [15.2, 0, 9.45],
			"rotation": {"angle": 22.5, "axis": "x", "origin": [14.5, 5, 8.5]},
			"faces": {
				"north": {"uv": [10.75, 7.5, 10.25, 8], "texture": "#0"},
				"east": {"uv": [10.75, 7.5, 10.25, 8], "texture": "#0"},
				"south": {"uv": [10.75, 7.5, 10.25, 8], "texture": "#0"},
				"west": {"uv": [10.75, 7.5, 10.25, 8], "texture": "#0"},
				"up": {"uv": [10.25, 8, 10.75, 7.5], "texture": "#0"},
				"down": {"uv": [10.25, 7.5, 10.75, 8], "texture": "#0"}
			}
		},
		{
			"from": [0.8, 4.05, 3.9],
			"to": [3, 4.85, 4.9],
			"rotation": {"angle": -45, "axis": "x", "origin": [1.5, 5, 8.5]},
			"faces": {
				"north": {"uv": [10.75, 7.5, 10.25, 8], "rotation": 180, "texture": "#0"},
				"east": {"uv": [10.25, 7.5, 10.75, 8], "rotation": 270, "texture": "#0"},
				"south": {"uv": [10.75, 8, 10.25, 7.5], "texture": "#0"},
				"west": {"uv": [10.25, 7.5, 10.75, 8], "rotation": 90, "texture": "#0"},
				"up": {"uv": [10.25, 7.5, 10.75, 8], "rotation": 180, "texture": "#0"},
				"down": {"uv": [10.25, 7.5, 10.75, 8], "texture": "#0"}
			}
		},
		{
			"from": [13, 4.05, 3.9],
			"to": [15.2, 4.85, 4.9],
			"rotation": {"angle": -45, "axis": "x", "origin": [14.5, 5, 8.5]},
			"faces": {
				"north": {"uv": [10.25, 7.5, 10.75, 8], "rotation": 180, "texture": "#0"},
				"east": {"uv": [10.25, 8, 10.75, 7.5], "rotation": 90, "texture": "#0"},
				"south": {"uv": [10.25, 8, 10.75, 7.5], "texture": "#0"},
				"west": {"uv": [10.25, 8, 10.75, 7.5], "rotation": 270, "texture": "#0"},
				"up": {"uv": [10.75, 7.5, 10.25, 8], "rotation": 180, "texture": "#0"},
				"down": {"uv": [10.75, 7.5, 10.25, 8], "texture": "#0"}
			}
		},
		{
			"from": [0.7, -1, 7.6],
			"to": [2.9, 0, 8.4],
			"rotation": {"angle": 22.5, "axis": "x", "origin": [1.5, 5, 8.5]},
			"faces": {
				"north": {"uv": [10.25, 7.5, 10.75, 8], "texture": "#0"},
				"east": {"uv": [10.25, 7.5, 10.75, 8], "texture": "#0"},
				"south": {"uv": [10.25, 7.5, 10.75, 8], "texture": "#0"},
				"west": {"uv": [10.25, 7.5, 10.75, 8], "texture": "#0"},
				"up": {"uv": [10.75, 8, 10.25, 7.5], "texture": "#0"},
				"down": {"uv": [10.75, 7.5, 10.25, 8], "texture": "#0"}
			}
		},
		{
			"from": [13.1, -1, 7.6],
			"to": [15.3, 0, 8.4],
			"rotation": {"angle": 22.5, "axis": "x", "origin": [14.5, 5, 8.5]},
			"faces": {
				"north": {"uv": [10.75, 7.5, 10.25, 8], "texture": "#0"},
				"east": {"uv": [10.75, 7.5, 10.25, 8], "texture": "#0"},
				"south": {"uv": [10.75, 7.5, 10.25, 8], "texture": "#0"},
				"west": {"uv": [10.75, 7.5, 10.25, 8], "texture": "#0"},
				"up": {"uv": [10.25, 8, 10.75, 7.5], "texture": "#0"},
				"down": {"uv": [10.25, 7.5, 10.75, 8], "texture": "#0"}
			}
		},
		{
			"from": [4.5, 2, 7],
			"to": [6.5, 3, 9],
			"rotation": {"angle": 0, "axis": "x", "origin": [5, 6, 8]},
			"faces": {
				"north": {"uv": [4.25, 13, 4.75, 13.25], "texture": "#0"},
				"east": {"uv": [4.75, 7.75, 5.25, 8], "texture": "#0"},
				"south": {"uv": [4.25, 13, 4.75, 13.25], "texture": "#0"},
				"west": {"uv": [4.25, 13, 4.75, 13.25], "texture": "#0"},
				"up": {"uv": [4.75, 8, 4.25, 7.75], "texture": "#0"},
				"down": {"uv": [4.75, 7.75, 4.25, 8], "texture": "#0"}
			}
		},
		{
			"from": [7, 2, 6],
			"to": [9, 3, 10],
			"rotation": {"angle": 0, "axis": "x", "origin": [7, 6, 8]},
			"faces": {
				"north": {"uv": [7.25, 7.75, 7.75, 8], "texture": "#0"},
				"east": {"uv": [7.25, 7.75, 7.75, 8], "texture": "#0"},
				"south": {"uv": [7, 7.75, 7.5, 8], "texture": "#0"},
				"west": {"uv": [7.75, 7.75, 8.25, 8], "texture": "#0"},
				"up": {"uv": [9.25, 8, 8.75, 7.75], "texture": "#0"},
				"down": {"uv": [8, 7.75, 7.5, 8], "texture": "#0"}
			}
		},
		{
			"from": [6, 3, 7],
			"to": [10, 5, 9],
			"rotation": {"angle": 0, "axis": "x", "origin": [7, 8, 8]},
			"faces": {
				"north": {"uv": [7.25, 7.75, 7.75, 8], "texture": "#0"},
				"east": {"uv": [7.25, 7.75, 7.75, 8], "texture": "#0"},
				"south": {"uv": [7, 7.75, 7.5, 8], "texture": "#0"},
				"west": {"uv": [7.75, 7.75, 8.25, 8], "texture": "#0"},
				"up": {"uv": [9.25, 8, 8.75, 7.75], "texture": "#0"},
				"down": {"uv": [8, 7.75, 7.5, 8], "texture": "#0"}
			}
		},
		{
			"from": [4.02, 7, 6],
			"to": [11.98, 12, 11],
			"rotation": {"angle": 0, "axis": "x", "origin": [7, 12, 8]},
			"faces": {
				"north": {"uv": [7.25, 7.75, 7.75, 8], "texture": "#0"},
				"east": {"uv": [8.25, 5.25, 6.75, 6.5], "texture": "#0"},
				"south": {"uv": [8, 5.5, 10, 6.75], "texture": "#0"},
				"west": {"uv": [6.75, 5.25, 8.25, 6.5], "texture": "#0"},
				"up": {"uv": [9.25, 8, 8.75, 7.75], "texture": "#0"},
				"down": {"uv": [6.75, 6.25, 5.25, 6.5], "rotation": 90, "texture": "#0"}
			}
		},
		{
			"from": [4.02, 8, 11],
			"to": [11.98, 15, 15],
			"rotation": {"angle": 0, "axis": "x", "origin": [7, 13, 13]},
			"faces": {
				"north": {"uv": [8.25, 9.5, 8.75, 9.75], "texture": "#0"},
				"east": {"uv": [8.5, 9.25, 8.25, 10.5], "texture": "#0"},
				"south": {"uv": [8.25, 9.25, 9.75, 10.5], "texture": "#0"},
				"west": {"uv": [8.25, 9.25, 8.5, 10.5], "texture": "#0"},
				"up": {"uv": [8.25, 10.5, 8.5, 9.5], "rotation": 270, "texture": "#0"},
				"down": {"uv": [9.75, 10, 9, 10.25], "rotation": 90, "texture": "#0"}
			}
		},
		{
			"from": [10.02, 15, 13],
			"to": [10.98, 32, 14],
			"rotation": {"angle": 0, "axis": "x", "origin": [7, 20, 13]},
			"faces": {
				"north": {"uv": [8.25, 9.5, 8.5, 10.5], "texture": "#0"},
				"east": {"uv": [8.5, 9.25, 8.25, 10.5], "texture": "#0"},
				"south": {"uv": [8.25, 9.25, 8.5, 10.5], "texture": "#0"},
				"west": {"uv": [8.25, 9.25, 8.5, 10.5], "texture": "#0"},
				"up": {"uv": [8.25, 10.5, 8.5, 9.5], "rotation": 270, "texture": "#0"},
				"down": {"uv": [9.75, 10, 9, 10.25], "rotation": 90, "texture": "#0"}
			}
		},
		{
			"from": [3.02, 20, 8],
			"to": [3.98, 27, 9],
			"rotation": {"angle": 0, "axis": "x", "origin": [0, 20, 8]},
			"faces": {
				"north": {"uv": [8.25, 9.5, 8.5, 10.5], "texture": "#0"},
				"east": {"uv": [8.5, 9.25, 8.25, 10.5], "texture": "#0"},
				"south": {"uv": [8.25, 9.25, 8.5, 10.5], "texture": "#0"},
				"west": {"uv": [8.25, 9.25, 8.5, 10.5], "texture": "#0"},
				"up": {"uv": [8.25, 10.5, 8.5, 9.5], "rotation": 270, "texture": "#0"},
				"down": {"uv": [9.75, 10, 9, 10.25], "rotation": 90, "texture": "#0"}
			}
		},
		{
			"from": [3.02, 9, 6],
			"to": [12.98, 12, 10.99],
			"rotation": {"angle": 0, "axis": "x", "origin": [6, 12, 8]},
			"faces": {
				"north": {"uv": [6.75, 6.5, 7.25, 6.75], "texture": "#0"},
				"east": {"uv": [5.25, 5.25, 3.5, 6.25], "texture": "#0"},
				"south": {"uv": [8, 5.5, 10, 6.75], "texture": "#0"},
				"west": {"uv": [3.5, 5.25, 5.25, 6.25], "texture": "#0"},
				"up": {"uv": [9.25, 8, 8.75, 7.75], "texture": "#0"},
				"down": {"uv": [6.75, 6.25, 5.5, 6.5], "rotation": 90, "texture": "#0"}
			}
		},
		{
			"from": [3, 12, 8],
			"to": [13, 14, 11],
			"rotation": {"angle": 0, "axis": "x", "origin": [7, 14, 8]},
			"faces": {
				"north": {"uv": [7.25, 7.75, 7.75, 8], "texture": "#0"},
				"east": {"uv": [8, 6.25, 7, 6.75], "rotation": 180, "texture": "#0"},
				"south": {"uv": [8, 5, 10, 5.5], "texture": "#0"},
				"west": {"uv": [7, 6.25, 8, 6.75], "rotation": 180, "texture": "#0"},
				"up": {"uv": [7, 4.5, 5, 4], "texture": "#0"},
				"down": {"uv": [8.25, 6, 7.25, 6.25], "rotation": 90, "texture": "#0"}
			}
		},
		{
			"from": [4, 7, 6],
			"to": [12, 11, 8],
			"rotation": {"angle": -22.5, "axis": "x", "origin": [8, 7, 6]},
			"faces": {
				"north": {"uv": [5, 5.5, 7, 6.75], "texture": "#0"},
				"east": {"uv": [4.75, 5.5, 5.25, 6.75], "texture": "#0"},
				"south": {"uv": [7, 7.75, 7.5, 8], "texture": "#0"},
				"west": {"uv": [6.75, 5.5, 7.25, 6.75], "texture": "#0"},
				"up": {"uv": [9.25, 8, 8.75, 7.75], "texture": "#0"},
				"down": {"uv": [8, 7.75, 7.5, 8], "texture": "#0"}
			}
		},
		{
			"from": [3.01, 10.69552, 4.46927],
			"to": [12.99, 15.69552, 6.46927],
			"rotation": {"angle": 45, "axis": "x", "origin": [8, 10.69552, 4.46927]},
			"faces": {
				"north": {"uv": [5, 4.5, 7, 5.5], "texture": "#0"},
				"east": {"uv": [4.75, 5, 5.25, 6], "texture": "#0"},
				"south": {"uv": [8, 6, 8.5, 6.25], "texture": "#0"},
				"west": {"uv": [6.75, 5, 7.25, 6], "texture": "#0"},
				"up": {"uv": [7, 4.5, 5, 4.25], "texture": "#0"},
				"down": {"uv": [7, 5.75, 6.5, 6], "texture": "#0"}
			}
		},
		{
			"from": [7.25, 5, 7.25],
			"to": [8.75, 7, 8.75],
			"rotation": {"angle": 0, "axis": "x", "origin": [8, 5, 8]},
			"faces": {
				"north": {"uv": [5.75, 6.75, 6.25, 7.25], "texture": "#0"},
				"east": {"uv": [6, 7, 6.5, 7.25], "texture": "#0"},
				"south": {"uv": [8.75, 6.75, 9.25, 7.25], "texture": "#0"},
				"west": {"uv": [5.5, 7, 6, 7.25], "texture": "#0"},
				"up": {"uv": [9.25, 7, 8.75, 6.75], "texture": "#0"},
				"down": {"uv": [6.25, 7, 5.75, 7.25], "texture": "#0"}
			}
		},
		{
			"from": [0.75, 8, 7.75],
			"to": [2.25, 10, 9.25],
			"rotation": {"angle": 0, "axis": "x", "origin": [1, 8, 8]},
			"faces": {
				"north": {"uv": [11, 5.75, 12, 6.25], "texture": "#0"},
				"east": {"uv": [10, 5.75, 11, 6.25], "texture": "#0"},
				"south": {"uv": [13, 5.75, 14, 6.25], "texture": "#0"},
				"west": {"uv": [12, 5.75, 13, 6.25], "texture": "#0"},
				"up": {"uv": [11.75, 6.25, 11.25, 6], "texture": "#0"},
				"down": {"uv": [12, 5.75, 11.5, 6], "texture": "#0"}
			}
		},
		{
			"from": [13.5, 5, 7.5],
			"to": [15.5, 7, 9.5],
			"rotation": {"angle": 0, "axis": "x", "origin": [15, 5, 8]},
			"faces": {
				"north": {"uv": [7.5, 3.25, 6.5, 3.5], "texture": "#0"},
				"east": {"uv": [7.5, 3, 6.5, 3.25], "texture": "#0"},
				"south": {"uv": [7.75, 3, 6.75, 3.25], "texture": "#0"},
				"west": {"uv": [7.25, 3, 6.25, 3.25], "texture": "#0"},
				"up": {"uv": [7, 3.25, 7.5, 3], "texture": "#0"},
				"down": {"uv": [6.25, 3, 6.75, 3.25], "texture": "#0"}
			}
		},
		{
			"from": [13.5, 3, 7.5],
			"to": [15.5, 5, 9.5],
			"rotation": {"angle": 22.5, "axis": "x", "origin": [14.5, 5, 8.5]},
			"faces": {
				"north": {"uv": [7.5, 3.25, 6.5, 3.5], "texture": "#0"},
				"east": {"uv": [7.5, 3, 6.5, 3.25], "texture": "#0"},
				"south": {"uv": [7.75, 3, 6.75, 3.25], "texture": "#0"},
				"west": {"uv": [7.25, 3, 6.25, 3.25], "texture": "#0"},
				"up": {"uv": [7, 3.25, 7.5, 3], "texture": "#0"},
				"down": {"uv": [6.25, 3, 6.75, 3.25], "texture": "#0"}
			}
		},
		{
			"from": [13.5, 2, 7.5],
			"to": [15.5, 3, 9.5],
			"rotation": {"angle": 22.5, "axis": "x", "origin": [14.5, 5, 8.5]},
			"faces": {
				"north": {"uv": [8.5, 4.5, 7.5, 4.75], "texture": "#0"},
				"east": {"uv": [8.5, 4.75, 7.5, 5], "texture": "#0"},
				"south": {"uv": [8.5, 4.25, 7.5, 4.5], "texture": "#0"},
				"west": {"uv": [8.5, 4, 7.5, 4.25], "texture": "#0"},
				"up": {"uv": [8, 4.5, 8.5, 4.25], "texture": "#0"},
				"down": {"uv": [7.5, 4.5, 8, 4.75], "texture": "#0"}
			}
		},
		{
			"from": [13.5, 7, 7.5],
			"to": [15.5, 10, 9.5],
			"rotation": {"angle": 0, "axis": "x", "origin": [15, 8, 8]},
			"faces": {
				"north": {"uv": [5, 7.75, 4, 8], "texture": "#0"},
				"east": {"uv": [5.25, 7.75, 4.25, 8], "texture": "#0"},
				"south": {"uv": [5, 7.75, 4, 8], "texture": "#0"},
				"west": {"uv": [5, 7.75, 4, 8], "texture": "#0"},
				"up": {"uv": [4.75, 8, 5.25, 7.75], "texture": "#0"},
				"down": {"uv": [4.25, 7.75, 4.75, 8], "texture": "#0"}
			}
		},
		{
			"from": [13.4, 4.4, 7.4],
			"to": [15.6, 6.6, 9.6],
			"rotation": {"angle": 0, "axis": "x", "origin": [15, 4, 8]},
			"faces": {
				"north": {"uv": [14, 14.25, 13, 15.25], "texture": "#0"},
				"east": {"uv": [15, 14.25, 14, 15.25], "texture": "#0"},
				"south": {"uv": [16, 14.25, 15, 15.25], "texture": "#0"},
				"west": {"uv": [13, 14.25, 12, 15.25], "texture": "#0"},
				"up": {"uv": [13.75, 14.25, 14.25, 14], "texture": "#0"},
				"down": {"uv": [13.5, 13, 14, 13.25], "texture": "#0"}
			}
		},
		{
			"from": [0.75, 4, 7.75],
			"to": [2.25, 6, 9.25],
			"rotation": {"angle": 0, "axis": "x", "origin": [1, 4, 8]},
			"faces": {
				"north": {"uv": [11, 10, 12, 11.5], "texture": "#0"},
				"east": {"uv": [10, 10, 11, 11.5], "texture": "#0"},
				"south": {"uv": [13, 10, 14, 11.5], "texture": "#0"},
				"west": {"uv": [12, 10, 13, 11.5], "texture": "#0"},
				"up": {"uv": [11.75, 10.75, 11.25, 10.5], "texture": "#0"},
				"down": {"uv": [11.75, 10.25, 11.25, 10.5], "texture": "#0"}
			}
		},
		{
			"from": [7.25, 13, 7.25],
			"to": [8.75, 17, 8.75],
			"rotation": {"angle": 0, "axis": "x", "origin": [8, 13, 8]},
			"faces": {
				"north": {"uv": [5.75, 6.75, 6.25, 7.25], "texture": "#0"},
				"east": {"uv": [6, 7, 6.5, 7.25], "texture": "#0"},
				"south": {"uv": [8.75, 6.75, 9.25, 7.25], "texture": "#0"},
				"west": {"uv": [5.5, 7, 6, 7.25], "texture": "#0"},
				"up": {"uv": [9.25, 7, 8.75, 6.75], "texture": "#0"},
				"down": {"uv": [6.25, 7, 5.75, 7.25], "texture": "#0"}
			}
		},
		{
			"from": [6.5, 4, 7.5],
			"to": [7.5, 8, 8.5],
			"rotation": {"angle": 22.5, "axis": "z", "origin": [7, 5, 8]},
			"faces": {
				"north": {"uv": [5.75, 6.75, 6.25, 7.25], "texture": "#0"},
				"east": {"uv": [6, 7, 6.5, 7.25], "texture": "#0"},
				"south": {"uv": [8.75, 6.75, 9.25, 7.25], "texture": "#0"},
				"west": {"uv": [5.5, 7, 6, 7.25], "texture": "#0"},
				"up": {"uv": [9.25, 7, 8.75, 6.75], "texture": "#0"},
				"down": {"uv": [6.25, 7, 5.75, 7.25], "texture": "#0"}
			}
		},
		{
			"from": [8.5, 4, 7.5],
			"to": [9.5, 8, 8.5],
			"rotation": {"angle": -22.5, "axis": "z", "origin": [9, 5, 8]},
			"faces": {
				"north": {"uv": [5.75, 6.75, 6.25, 7.25], "texture": "#0"},
				"east": {"uv": [6, 7, 6.5, 7.25], "texture": "#0"},
				"south": {"uv": [8.75, 6.75, 9.25, 7.25], "texture": "#0"},
				"west": {"uv": [5.5, 7, 6, 7.25], "texture": "#0"},
				"up": {"uv": [9.25, 7, 8.75, 6.75], "texture": "#0"},
				"down": {"uv": [6.25, 7, 5.75, 7.25], "texture": "#0"}
			}
		},
		{
			"from": [9.5, 2, 7],
			"to": [11.5, 3, 9],
			"rotation": {"angle": 0, "axis": "x", "origin": [11, 6, 8]},
			"faces": {
				"north": {"uv": [4.75, 13, 4.25, 13.25], "texture": "#0"},
				"east": {"uv": [4.75, 13, 4.25, 13.25], "texture": "#0"},
				"south": {"uv": [4.75, 13, 4.25, 13.25], "texture": "#0"},
				"west": {"uv": [5.25, 7.75, 4.75, 8], "texture": "#0"},
				"up": {"uv": [4.25, 8, 4.75, 7.75], "texture": "#0"},
				"down": {"uv": [4.25, 7.75, 4.75, 8], "texture": "#0"}
			}
		},
		{
			"from": [10, 3, 7],
			"to": [12, 5, 9],
			"rotation": {"angle": 0, "axis": "x", "origin": [11, 7, 8]},
			"faces": {
				"north": {"uv": [6.75, 7.25, 5.25, 7.75], "texture": "#0"},
				"east": {"uv": [8.5, 7.25, 7.75, 7.75], "texture": "#0"},
				"south": {"uv": [9, 7.25, 7, 7.75], "texture": "#0"},
				"west": {"uv": [7.25, 7.25, 6.5, 7.75], "texture": "#0"},
				"up": {"uv": [5, 7.75, 7, 7.25], "texture": "#0"},
				"down": {"uv": [5.75, 7.25, 7.75, 7.75], "texture": "#0"}
			}
		},
		{
			"from": [5, 16, 6],
			"to": [11, 19, 11],
			"rotation": {"angle": 0, "axis": "z", "origin": [8, 17, 8]},
			"faces": {
				"north": {"uv": [2, 2.5, 4, 3.5], "texture": "#0"},
				"east": {"uv": [0, 2.5, 2, 3.5], "texture": "#0"},
				"south": {"uv": [6, 2.5, 8, 3.5], "texture": "#0"},
				"west": {"uv": [4, 2.5, 6, 3.5], "texture": "#0"},
				"up": {"uv": [3.5, 3.25, 2.5, 2.25], "texture": "#0"},
				"down": {"uv": [6, 2.5, 5.25, 3.5], "texture": "#0"}
			}
		},
		{
			"from": [6, 17, 11],
			"to": [10, 19, 12],
			"rotation": {"angle": 0, "axis": "z", "origin": [8, 18, 9]},
			"faces": {
				"north": {"uv": [2, 2.5, 4, 3.5], "texture": "#0"},
				"east": {"uv": [0, 2.5, 2, 3.5], "texture": "#0"},
				"south": {"uv": [6, 2.75, 8, 3.5], "texture": "#0"},
				"west": {"uv": [4, 2.5, 6, 3.5], "texture": "#0"},
				"up": {"uv": [3.5, 3.25, 2.5, 2.25], "texture": "#0"},
				"down": {"uv": [6, 2.5, 5.25, 3.5], "texture": "#0"}
			}
		},
		{
			"from": [6, 19, 11],
			"to": [10, 21, 12],
			"rotation": {"angle": 0, "axis": "z", "origin": [8, 20, 8]},
			"faces": {
				"north": {"uv": [11.75, 2, 12.75, 2.75], "texture": "#0"},
				"east": {"uv": [11.75, 2, 12.75, 2.75], "texture": "#0"},
				"south": {"uv": [14, 2, 16, 2.75], "texture": "#0"},
				"west": {"uv": [9.25, 2, 10.25, 2.75], "texture": "#0"},
				"up": {"uv": [12, 1.25, 10, 0.75], "texture": "#0"},
				"down": {"uv": [11.5, 0.25, 10.75, 1.25], "texture": "#0"}
			}
		},
		{
			"from": [6, 21, 10],
			"to": [10, 22, 11],
			"rotation": {"angle": 0, "axis": "z", "origin": [8, 22, 7]},
			"faces": {
				"north": {"uv": [9.25, 2, 10.25, 2.5], "texture": "#0"},
				"east": {"uv": [11.75, 2, 12.75, 2.5], "texture": "#0"},
				"south": {"uv": [10, 0.5, 12, 1], "texture": "#0"},
				"west": {"uv": [9.25, 2, 10.25, 2.5], "texture": "#0"},
				"up": {"uv": [12, 1.5, 10, 1], "texture": "#0"},
				"down": {"uv": [12, 1.25, 11.5, 2.25], "texture": "#0"}
			}
		},
		{
			"from": [6, 22, 6],
			"to": [10, 23, 10],
			"rotation": {"angle": 0, "axis": "z", "origin": [8, 23, 6]},
			"faces": {
				"north": {"uv": [9.25, 2, 10.25, 2.5], "texture": "#0"},
				"east": {"uv": [10, 1.25, 10.5, 0.25], "rotation": 90, "texture": "#0"},
				"south": {"uv": [10, 0, 12, 0.5], "rotation": 180, "texture": "#0"},
				"west": {"uv": [9.25, 2, 10.25, 2.5], "texture": "#0"},
				"up": {"uv": [12, 1.75, 10, 0], "texture": "#0"},
				"down": {"uv": [12, 1.25, 11.5, 2.25], "texture": "#0"}
			}
		},
		{
			"from": [10, 21, 6],
			"to": [11, 22, 10],
			"rotation": {"angle": 0, "axis": "y", "origin": [7, 22, 8]},
			"faces": {
				"north": {"uv": [9.25, 2, 10.25, 2.5], "texture": "#0"},
				"east": {"uv": [11.75, 2, 12.75, 2.5], "texture": "#0"},
				"south": {"uv": [11.75, 2, 12.75, 2.5], "texture": "#0"},
				"west": {"uv": [9.25, 2, 10.25, 2.5], "texture": "#0"},
				"up": {"uv": [10.5, 2.25, 10, 1.25], "rotation": 270, "texture": "#0"},
				"down": {"uv": [12, 1.25, 11.5, 2.25], "rotation": 90, "texture": "#0"}
			}
		},
		{
			"from": [5, 21, 6],
			"to": [6, 22, 10],
			"rotation": {"angle": 0, "axis": "y", "origin": [9, 22, 8]},
			"faces": {
				"north": {"uv": [9.25, 2, 10.25, 2.5], "texture": "#0"},
				"east": {"uv": [11.75, 2, 12.75, 2.5], "texture": "#0"},
				"south": {"uv": [11.75, 2, 12.75, 2.5], "texture": "#0"},
				"west": {"uv": [9.25, 2, 10.25, 2.5], "texture": "#0"},
				"up": {"uv": [10.5, 2.25, 10, 1.25], "rotation": 270, "texture": "#0"},
				"down": {"uv": [12, 1.25, 11.5, 2.25], "rotation": 90, "texture": "#0"}
			}
		},
		{
			"from": [6, 21, 5],
			"to": [10, 22, 6],
			"rotation": {"angle": 0, "axis": "z", "origin": [8, 22, 2]},
			"faces": {
				"north": {"uv": [9.25, 2, 10.25, 2.5], "texture": "#0"},
				"east": {"uv": [11.75, 2, 12.75, 2.5], "texture": "#0"},
				"south": {"uv": [11.75, 2, 12.75, 2.5], "texture": "#0"},
				"west": {"uv": [9.25, 2, 10.25, 2.5], "texture": "#0"},
				"up": {"uv": [10.5, 2.25, 10, 1.25], "texture": "#0"},
				"down": {"uv": [12, 1.25, 11.5, 2.25], "texture": "#0"}
			}
		},
		{
			"from": [7, 21, 4],
			"to": [9, 22, 5],
			"rotation": {"angle": 0, "axis": "z", "origin": [8, 22, 1]},
			"faces": {
				"north": {"uv": [10.5, 1.5, 11.5, 2], "texture": "#0"},
				"east": {"uv": [10.5, 0.5, 11.5, 1], "texture": "#0"},
				"south": {"uv": [11.75, 2, 12.75, 2.5], "texture": "#0"},
				"west": {"uv": [10.5, 0.75, 11.5, 1.25], "texture": "#0"},
				"up": {"uv": [11.5, 1.75, 10.5, 1], "texture": "#0"},
				"down": {"uv": [12, 1.25, 11.5, 2.25], "texture": "#0"}
			}
		},
		{
			"from": [7, 22, 5],
			"to": [9, 23, 6],
			"rotation": {"angle": 0, "axis": "z", "origin": [8, 23, 2]},
			"faces": {
				"north": {"uv": [10.5, 1.25, 11.5, 1.75], "texture": "#0"},
				"east": {"uv": [10.5, 1.25, 11.5, 1.75], "texture": "#0"},
				"south": {"uv": [11.75, 2, 12.75, 2.5], "texture": "#0"},
				"west": {"uv": [10.5, 0.25, 11.5, 0.75], "texture": "#0"},
				"up": {"uv": [11.5, 0.75, 10.5, 0.25], "texture": "#0"},
				"down": {"uv": [12, 1.25, 11.5, 2.25], "texture": "#0"}
			}
		},
		{
			"from": [10, 19, 10],
			"to": [11, 21, 11],
			"rotation": {"angle": 0, "axis": "z", "origin": [9, 20, 7]},
			"faces": {
				"north": {"uv": [11.75, 2, 12.75, 2.75], "texture": "#0"},
				"east": {"uv": [11.75, 2, 12.75, 2.75], "texture": "#0"},
				"south": {"uv": [9.25, 2, 10.25, 2.75], "texture": "#0"},
				"west": {"uv": [9.25, 2, 10.25, 2.75], "texture": "#0"},
				"up": {"uv": [10.5, 2, 10, 1], "texture": "#0"},
				"down": {"uv": [11.5, 0.25, 10.75, 1.25], "texture": "#0"}
			}
		},
		{
			"from": [5, 19, 10],
			"to": [6, 21, 11],
			"rotation": {"angle": 0, "axis": "z", "origin": [4, 20, 7]},
			"faces": {
				"north": {"uv": [11.75, 2, 12.75, 2.75], "texture": "#0"},
				"east": {"uv": [11.75, 2, 12.75, 2.75], "texture": "#0"},
				"south": {"uv": [9.25, 2, 10.25, 2.75], "texture": "#0"},
				"west": {"uv": [9.25, 2, 10.25, 2.75], "texture": "#0"},
				"up": {"uv": [10.5, 2, 10, 1], "texture": "#0"},
				"down": {"uv": [11.5, 0.25, 10.75, 1.25], "texture": "#0"}
			}
		},
		{
			"from": [5, 19, 5],
			"to": [6, 21, 6],
			"rotation": {"angle": 0, "axis": "z", "origin": [4, 20, 2]},
			"faces": {
				"north": {"uv": [11.75, 2, 12.75, 2.75], "texture": "#0"},
				"east": {"uv": [11.75, 2, 12.75, 2.75], "texture": "#0"},
				"south": {"uv": [9.25, 2, 10.25, 2.75], "texture": "#0"},
				"west": {"uv": [9.25, 2, 10.25, 2.75], "texture": "#0"},
				"up": {"uv": [10.5, 2, 10, 1], "texture": "#0"},
				"down": {"uv": [11.5, 0.25, 10.75, 1.25], "texture": "#0"}
			}
		},
		{
			"from": [5, 15, 5],
			"to": [6, 17, 6],
			"rotation": {"angle": 0, "axis": "z", "origin": [4, 16, 2]},
			"faces": {
				"north": {"uv": [10, 3.5, 12, 4], "texture": "#0"},
				"east": {"uv": [9.5, 3.25, 10, 3.75], "texture": "#0"},
				"south": {"uv": [10, 3.5, 11, 4], "texture": "#0"},
				"west": {"uv": [11, 3.5, 12, 4], "texture": "#0"},
				"up": {"uv": [11.5, 4, 10.5, 3.5], "texture": "#0"},
				"down": {"uv": [11.5, 3.5, 10, 4], "texture": "#0"}
			}
		},
		{
			"from": [10, 19, 5],
			"to": [11, 21, 6],
			"rotation": {"angle": 0, "axis": "z", "origin": [9, 20, 2]},
			"faces": {
				"north": {"uv": [11.75, 2, 12.75, 2.75], "texture": "#0"},
				"east": {"uv": [11.75, 2, 12.75, 2.75], "texture": "#0"},
				"south": {"uv": [9.25, 2, 10.25, 2.75], "texture": "#0"},
				"west": {"uv": [9.25, 2, 10.25, 2.75], "texture": "#0"},
				"up": {"uv": [10.5, 2, 10, 1], "texture": "#0"},
				"down": {"uv": [11.5, 0.25, 10.75, 1.25], "texture": "#0"}
			}
		},
		{
			"from": [10, 15, 5],
			"to": [11, 17, 6],
			"rotation": {"angle": 0, "axis": "z", "origin": [9, 16, 2]},
			"faces": {
				"north": {"uv": [10, 3.5, 12, 4], "texture": "#0"},
				"east": {"uv": [9.5, 3.25, 10, 3.75], "texture": "#0"},
				"south": {"uv": [10, 3.5, 11, 4], "texture": "#0"},
				"west": {"uv": [11, 3.5, 12, 4], "texture": "#0"},
				"up": {"uv": [11.5, 4, 10.5, 3.5], "texture": "#0"},
				"down": {"uv": [11.5, 3.5, 10, 4], "texture": "#0"}
			}
		},
		{
			"from": [6, 19, 4],
			"to": [10, 21, 5],
			"rotation": {"angle": 0, "axis": "z", "origin": [8, 20, 8]},
			"faces": {
				"north": {"uv": [10, 2, 12, 2.75], "texture": "#0"},
				"east": {"uv": [11.75, 2, 12.75, 2.75], "texture": "#0"},
				"south": {"uv": [9.25, 2, 10.25, 2.75], "texture": "#0"},
				"west": {"uv": [9.25, 2, 10.25, 2.75], "texture": "#0"},
				"up": {"uv": [10.5, 2, 10, 1], "texture": "#0"},
				"down": {"uv": [11.5, 0.25, 10.75, 1.25], "texture": "#0"}
			}
		},
		{
			"from": [6, 15, 4],
			"to": [10, 17, 5],
			"rotation": {"angle": 0, "axis": "z", "origin": [8, 16, 8]},
			"faces": {
				"north": {"uv": [10, 3.5, 12, 4], "texture": "#0"},
				"east": {"uv": [9.5, 3.25, 10, 3.75], "texture": "#0"},
				"south": {"uv": [10, 3.5, 11, 4], "texture": "#0"},
				"west": {"uv": [11, 3.5, 12, 4], "texture": "#0"},
				"up": {"uv": [11.5, 4, 10.5, 3.5], "texture": "#0"},
				"down": {"uv": [11.5, 3.5, 10, 4], "texture": "#0"}
			}
		},
		{
			"from": [11, 19, 6],
			"to": [12, 21, 10],
			"rotation": {"angle": 0, "axis": "y", "origin": [8, 20, 8]},
			"faces": {
				"north": {"uv": [11.75, 2, 12.75, 2.75], "texture": "#0"},
				"east": {"uv": [11.75, 2, 12.75, 2.75], "texture": "#0"},
				"south": {"uv": [9.25, 2, 10.25, 2.75], "texture": "#0"},
				"west": {"uv": [9.25, 2, 10.25, 2.75], "texture": "#0"},
				"up": {"uv": [10.5, 2, 10, 1], "rotation": 90, "texture": "#0"},
				"down": {"uv": [11.5, 0.25, 10.75, 1.25], "rotation": 270, "texture": "#0"}
			}
		},
		{
			"from": [11, 15, 6],
			"to": [12, 17, 8],
			"rotation": {"angle": 0, "axis": "y", "origin": [8, 16, 8]},
			"faces": {
				"north": {"uv": [10, 3.5, 12, 4], "texture": "#0"},
				"east": {"uv": [9.5, 3.25, 10, 3.75], "texture": "#0"},
				"south": {"uv": [10, 3.5, 11, 4], "texture": "#0"},
				"west": {"uv": [11, 3.5, 12, 4], "texture": "#0"},
				"up": {"uv": [11.5, 4, 10.5, 3.5], "rotation": 90, "texture": "#0"},
				"down": {"uv": [11.5, 3.5, 10, 4], "rotation": 270, "texture": "#0"}
			}
		},
		{
			"from": [4, 15, 6],
			"to": [5, 17, 8],
			"rotation": {"angle": 0, "axis": "y", "origin": [8, 16, 8]},
			"faces": {
				"north": {"uv": [12, 3.5, 10, 4], "texture": "#0"},
				"east": {"uv": [12, 3.5, 11, 4], "texture": "#0"},
				"south": {"uv": [11, 3.5, 10, 4], "texture": "#0"},
				"west": {"uv": [10, 3.25, 9.5, 3.75], "texture": "#0"},
				"up": {"uv": [11.5, 3.5, 10.5, 4], "rotation": 90, "texture": "#0"},
				"down": {"uv": [11.5, 4, 10, 3.5], "rotation": 270, "texture": "#0"}
			}
		},
		{
			"from": [11, 16, 7],
			"to": [12, 19, 9],
			"rotation": {"angle": 0, "axis": "y", "origin": [8, 18, 9]},
			"faces": {
				"north": {"uv": [10, 3.5, 12, 4], "texture": "#0"},
				"east": {"uv": [9.5, 3.25, 10, 3.75], "texture": "#0"},
				"south": {"uv": [10, 3.5, 11, 4], "texture": "#0"},
				"west": {"uv": [11, 3.5, 12, 4], "texture": "#0"},
				"up": {"uv": [11.5, 4, 10.5, 3.5], "rotation": 90, "texture": "#0"},
				"down": {"uv": [11.5, 3.5, 10, 4], "rotation": 270, "texture": "#0"}
			}
		},
		{
			"from": [12, 18, 7],
			"to": [13, 20, 9],
			"rotation": {"angle": 0, "axis": "y", "origin": [9, 19, 9]},
			"faces": {
				"north": {"uv": [11, 10.25, 11.25, 11.25], "texture": "#0"},
				"east": {"uv": [10, 10.25, 11, 11.25], "texture": "#0"},
				"south": {"uv": [11, 10.25, 11.25, 11.25], "texture": "#0"},
				"west": {"uv": [10, 10.25, 11, 11.25], "texture": "#0"},
				"up": {"uv": [14, 11.25, 13.75, 10.25], "texture": "#0"},
				"down": {"uv": [14, 10.25, 13.75, 11.25], "rotation": 180, "texture": "#0"}
			}
		},
		{
			"from": [3, 18, 7],
			"to": [4, 20, 9],
			"rotation": {"angle": 0, "axis": "y", "origin": [7, 19, 9]},
			"faces": {
				"north": {"uv": [11.25, 10.25, 11, 11.25], "texture": "#0"},
				"east": {"uv": [11, 10.25, 10, 11.25], "texture": "#0"},
				"south": {"uv": [11.25, 10.25, 11, 11.25], "texture": "#0"},
				"west": {"uv": [11, 10.25, 10, 11.25], "texture": "#0"},
				"up": {"uv": [13.75, 11.25, 14, 10.25], "texture": "#0"},
				"down": {"uv": [13.75, 10.25, 14, 11.25], "rotation": 180, "texture": "#0"}
			}
		},
		{
			"from": [4, 16, 7],
			"to": [5, 19, 9],
			"rotation": {"angle": 0, "axis": "y", "origin": [8, 18, 9]},
			"faces": {
				"north": {"uv": [12, 3.5, 10, 4], "texture": "#0"},
				"east": {"uv": [12, 3.5, 11, 4], "texture": "#0"},
				"south": {"uv": [11, 3.5, 10, 4], "texture": "#0"},
				"west": {"uv": [10, 3.25, 9.5, 3.75], "texture": "#0"},
				"up": {"uv": [11.5, 3.5, 10.5, 4], "rotation": 90, "texture": "#0"},
				"down": {"uv": [11.5, 4, 10, 3.5], "rotation": 270, "texture": "#0"}
			}
		},
		{
			"from": [4, 19, 6],
			"to": [5, 21, 10],
			"rotation": {"angle": 0, "axis": "y", "origin": [8, 20, 8]},
			"faces": {
				"north": {"uv": [11.75, 2, 12.75, 2.75], "texture": "#0"},
				"east": {"uv": [11.75, 2, 12.75, 2.75], "texture": "#0"},
				"south": {"uv": [9.25, 2, 10.25, 2.75], "texture": "#0"},
				"west": {"uv": [9.25, 2, 10.25, 2.75], "texture": "#0"},
				"up": {"uv": [10.5, 2, 10, 1], "rotation": 90, "texture": "#0"},
				"down": {"uv": [11.5, 0.25, 10.75, 1.25], "rotation": 270, "texture": "#0"}
			}
		}
	],
	"display": {
		"thirdperson_righthand": {
			"translation": [0, -2.5, -0.5],
			"scale": [0.3, 0.3, 0.3]
		},
		"thirdperson_lefthand": {
			"translation": [0, 3.5, 0],
			"scale": [0.3, 0.3, 0.3]
		},
		"firstperson_righthand": {
			"translation": [0, -2.75, 0.25],
			"scale": [0.3, 0.3, 0.3]
		},
		"firstperson_lefthand": {
			"translation": [0, 9.5, 0]
		},
		"ground": {
			"translation": [0, 3, 0],
			"scale": [0.5, 0.5, 0.5]
		},
		"gui": {
			"rotation": [34, 134, 0],
			"translation": [-0.5, 0, 0],
			"scale": [0.5, 0.5, 0.5]
		},
		"head": {
			"translation": [0, 21, 0.5]
		},
		"fixed": {
			"rotation": [-90, 0, 0],
			"translation": [0, 0, -15]
		}
	}
}