{
	"credit": "Made with Blockbench",
	"textures": {
		"voxels_atlas": "item/charcoal/43"
	},
	"elements": [
		{
			"name": "Voxels",
			"from": [-2.25, -8.25, 0.25],
			"to": [-0.25, -3, 2],
			"faces": {
				"north": {"uv": [3, 13.5625, 2.5, 14.875], "texture": "#voxels_atlas"},
				"east": {"uv": [0.9375, 8.4375, 0.5, 9.75], "texture": "#voxels_atlas"},
				"south": {"uv": [3, 13.5625, 3.5, 14.875], "texture": "#voxels_atlas"},
				"west": {"uv": [0.5, 9.75, 0.9375, 11.0625], "texture": "#voxels_atlas"},
				"up": {"uv": [6.1875, 15.5, 6.6875, 15.0625], "texture": "#voxels_atlas"},
				"down": {"uv": [5.6875, 15.0625, 6.1875, 15.5], "texture": "#voxels_atlas"}
			}
		},
		{
			"name": "Voxels",
			"from": [-2.25, -8, -0.25],
			"to": [-0.25, -3.25, 0.25],
			"faces": {
				"north": {"uv": [3, 12.125, 2.5, 13.3125], "texture": "#voxels_atlas"},
				"east": {"uv": [6, 8.5625, 5.875, 9.75], "texture": "#voxels_atlas"},
				"south": {"uv": [3, 12.125, 3.5, 13.3125], "texture": "#voxels_atlas"},
				"west": {"uv": [6, 8.5625, 6.125, 9.75], "texture": "#voxels_atlas"},
				"up": {"uv": [1.875, 8.125, 2.375, 8], "texture": "#voxels_atlas"},
				"down": {"uv": [5.1875, 14.875, 5.6875, 15], "texture": "#voxels_atlas"}
			}
		},
		{
			"name": "Voxels",
			"from": [-2.25, -8, 2],
			"to": [-0.25, -3.25, 2.5],
			"faces": {
				"north": {"uv": [0.5, 9.875, 0, 11.0625], "texture": "#voxels_atlas"},
				"east": {"uv": [7.0625, 12.0625, 6.9375, 13.25], "texture": "#voxels_atlas"},
				"south": {"uv": [0, 8.6875, 0.5, 9.875], "texture": "#voxels_atlas"},
				"west": {"uv": [5.75, 8.5625, 5.875, 9.75], "texture": "#voxels_atlas"},
				"up": {"uv": [2.5, 13.5625, 3, 13.4375], "texture": "#voxels_atlas"},
				"down": {"uv": [5.6875, 14.9375, 6.1875, 15.0625], "texture": "#voxels_atlas"}
			}
		},
		{
			"name": "Voxels",
			"from": [-2.25, -7.75, -0.75],
			"to": [-0.25, -3.5, -0.25],
			"faces": {
				"north": {"uv": [3.375, 10, 2.875, 11.0625], "texture": "#voxels_atlas"},
				"east": {"uv": [7.375, 8.25, 7.25, 9.3125], "texture": "#voxels_atlas"},
				"south": {"uv": [2.375, 10, 2.875, 11.0625], "texture": "#voxels_atlas"},
				"west": {"uv": [7.375, 14.75, 7.5, 15.8125], "texture": "#voxels_atlas"},
				"up": {"uv": [3, 13.5625, 3.5, 13.4375], "texture": "#voxels_atlas"},
				"down": {"uv": [2.5, 13.3125, 3, 13.4375], "texture": "#voxels_atlas"}
			}
		},
		{
			"name": "Voxels",
			"from": [-2.25, -7.75, 2.5],
			"to": [-0.25, -3.5, 3],
			"faces": {
				"north": {"uv": [2.375, 10, 1.875, 11.0625], "texture": "#voxels_atlas"},
				"east": {"uv": [3.5, 10, 3.375, 11.0625], "texture": "#voxels_atlas"},
				"south": {"uv": [1.375, 10, 1.875, 11.0625], "texture": "#voxels_atlas"},
				"west": {"uv": [7.25, 13.5625, 7.375, 14.625], "texture": "#voxels_atlas"},
				"up": {"uv": [1.375, 8.125, 1.875, 8], "texture": "#voxels_atlas"},
				"down": {"uv": [3, 13.3125, 3.5, 13.4375], "texture": "#voxels_atlas"}
			}
		},
		{
			"name": "Voxels",
			"from": [-2.25, -7.5, -1],
			"to": [-0.25, -3.75, -0.75],
			"faces": {
				"north": {"uv": [1.875, 9.0625, 1.375, 10], "texture": "#voxels_atlas"},
				"east": {"uv": [8.0625, 11.6875, 8, 12.625], "texture": "#voxels_atlas"},
				"south": {"uv": [1.375, 8.125, 1.875, 9.0625], "texture": "#voxels_atlas"},
				"west": {"uv": [8, 10.75, 8.0625, 11.6875], "texture": "#voxels_atlas"},
				"up": {"uv": [12, 15.375, 12.5, 15.3125], "texture": "#voxels_atlas"},
				"down": {"uv": [12.5, 15.3125, 13, 15.375], "texture": "#voxels_atlas"}
			}
		},
		{
			"name": "Voxels",
			"from": [-2.25, -7.5, 3],
			"to": [-0.25, -3.75, 3.25],
			"faces": {
				"north": {"uv": [2.375, 9.0625, 1.875, 10], "texture": "#voxels_atlas"},
				"east": {"uv": [7.8125, 8.3125, 7.75, 9.25], "texture": "#voxels_atlas"},
				"south": {"uv": [1.875, 8.125, 2.375, 9.0625], "texture": "#voxels_atlas"},
				"west": {"uv": [7.6875, 8.3125, 7.75, 9.25], "texture": "#voxels_atlas"},
				"up": {"uv": [14, 15.375, 14.5, 15.3125], "texture": "#voxels_atlas"},
				"down": {"uv": [11.5, 15.3125, 12, 15.375], "texture": "#voxels_atlas"}
			}
		},
		{
			"name": "Voxels",
			"from": [-2.25, -7, -1.25],
			"to": [-0.25, -4.25, -1],
			"faces": {
				"north": {"uv": [5.1875, 14.8125, 4.6875, 15.5], "texture": "#voxels_atlas"},
				"east": {"uv": [8.1875, 9.875, 8.125, 10.5625], "texture": "#voxels_atlas"},
				"south": {"uv": [0, 8, 0.5, 8.6875], "texture": "#voxels_atlas"},
				"west": {"uv": [8.5, 10.5625, 8.5625, 11.25], "texture": "#voxels_atlas"},
				"up": {"uv": [13, 15.375, 13.5, 15.3125], "texture": "#voxels_atlas"},
				"down": {"uv": [13.5, 15.3125, 14, 15.375], "texture": "#voxels_atlas"}
			}
		},
		{
			"name": "Voxels",
			"from": [-2.25, -7, 3.25],
			"to": [-0.25, -4.25, 3.5],
			"faces": {
				"north": {"uv": [4.1875, 14.8125, 3.6875, 15.5], "texture": "#voxels_atlas"},
				"east": {"uv": [8.4375, 9.875, 8.375, 10.5625], "texture": "#voxels_atlas"},
				"south": {"uv": [4.1875, 14.8125, 4.6875, 15.5], "texture": "#voxels_atlas"},
				"west": {"uv": [8.3125, 9.875, 8.375, 10.5625], "texture": "#voxels_atlas"},
				"up": {"uv": [5.1875, 14.875, 5.6875, 14.8125], "texture": "#voxels_atlas"},
				"down": {"uv": [4.5625, 11.3125, 5.0625, 11.375], "texture": "#voxels_atlas"}
			}
		},
		{
			"name": "Voxels",
			"from": [-2.25, -6.75, -1.5],
			"to": [-0.25, -4.75, -1.25],
			"faces": {
				"north": {"uv": [3.375, 8.0625, 2.875, 8.5625], "texture": "#voxels_atlas"},
				"east": {"uv": [6.1875, 8.0625, 6.125, 8.5625], "texture": "#voxels_atlas"},
				"south": {"uv": [5.1875, 15, 5.6875, 15.5], "texture": "#voxels_atlas"},
				"west": {"uv": [6.1875, 8.0625, 6.25, 8.5625], "texture": "#voxels_atlas"},
				"up": {"uv": [2.875, 8.0625, 3.375, 8], "texture": "#voxels_atlas"},
				"down": {"uv": [3, 11.5625, 3.5, 11.625], "texture": "#voxels_atlas"}
			}
		},
		{
			"name": "Voxels",
			"from": [-2.25, -6.5, 3.5],
			"to": [-0.25, -4.75, 3.75],
			"faces": {
				"north": {"uv": [5.0625, 11.375, 4.5625, 11.8125], "texture": "#voxels_atlas"},
				"east": {"uv": [8.6875, 13.375, 8.625, 13.8125], "texture": "#voxels_atlas"},
				"south": {"uv": [5.0625, 11.375, 5.5625, 11.8125], "texture": "#voxels_atlas"},
				"west": {"uv": [8.625, 12.9375, 8.6875, 13.375], "texture": "#voxels_atlas"},
				"up": {"uv": [15.5, 16, 16, 15.9375], "texture": "#voxels_atlas"},
				"down": {"uv": [11, 15.3125, 11.5, 15.375], "texture": "#voxels_atlas"}
			}
		},
		{
			"name": "Voxels",
			"from": [-2, -8.5, 0.25],
			"to": [-0.25, -8.25, 2],
			"faces": {
				"north": {"uv": [11.3125, 15.0625, 10.875, 15.125], "texture": "#voxels_atlas"},
				"east": {"uv": [10, 15.0625, 9.5625, 15.125], "texture": "#voxels_atlas"},
				"south": {"uv": [10.4375, 15.0625, 10.875, 15.125], "texture": "#voxels_atlas"},
				"west": {"uv": [10, 15.0625, 10.4375, 15.125], "texture": "#voxels_atlas"},
				"up": {"uv": [4.4375, 11.1875, 4.875, 10.75], "texture": "#voxels_atlas"},
				"down": {"uv": [4.875, 10.75, 5.3125, 11.1875], "texture": "#voxels_atlas"}
			}
		},
		{
			"name": "Voxels",
			"from": [-2, -8.25, -0.25],
			"to": [-0.25, -8, 0.25],
			"faces": {
				"north": {"uv": [9.5625, 15.0625, 9.125, 15.125], "texture": "#voxels_atlas"},
				"east": {"uv": [8.8125, 8.9375, 8.6875, 9], "texture": "#voxels_atlas"},
				"south": {"uv": [8.6875, 15.0625, 9.125, 15.125], "texture": "#voxels_atlas"},
				"west": {"uv": [8.8125, 8.9375, 8.9375, 9], "texture": "#voxels_atlas"},
				"up": {"uv": [8.125, 12.5625, 8.5625, 12.4375], "texture": "#voxels_atlas"},
				"down": {"uv": [8.125, 12.3125, 8.5625, 12.4375], "texture": "#voxels_atlas"}
			}
		},
		{
			"name": "Voxels",
			"from": [-2, -8.25, 2],
			"to": [-0.25, -8, 2.5],
			"faces": {
				"north": {"uv": [16, 15.125, 15.5625, 15.1875], "texture": "#voxels_atlas"},
				"east": {"uv": [3.5, 8, 3.375, 8.0625], "texture": "#voxels_atlas"},
				"south": {"uv": [15.125, 15.125, 15.5625, 15.1875], "texture": "#voxels_atlas"},
				"west": {"uv": [3.875, 8, 4, 8.0625], "texture": "#voxels_atlas"},
				"up": {"uv": [15.4375, 15.6875, 15.875, 15.5625], "texture": "#voxels_atlas"},
				"down": {"uv": [6.5, 9.75, 6.9375, 9.875], "texture": "#voxels_atlas"}
			}
		},
		{
			"name": "Voxels",
			"from": [-2, -8, -0.75],
			"to": [-0.25, -7.75, -0.25],
			"faces": {
				"north": {"uv": [15.125, 15.125, 14.6875, 15.1875], "texture": "#voxels_atlas"},
				"east": {"uv": [2.5, 11.6875, 2.375, 11.75], "texture": "#voxels_atlas"},
				"south": {"uv": [14.25, 15.125, 14.6875, 15.1875], "texture": "#voxels_atlas"},
				"west": {"uv": [1.9375, 11.6875, 2.0625, 11.75], "texture": "#voxels_atlas"},
				"up": {"uv": [8.125, 14.4375, 8.5625, 14.3125], "texture": "#voxels_atlas"},
				"down": {"uv": [8.125, 14.4375, 8.5625, 14.5625], "texture": "#voxels_atlas"}
			}
		},
		{
			"name": "Voxels",
			"from": [-2, -8, 2.5],
			"to": [-0.25, -7.75, 3],
			"faces": {
				"north": {"uv": [14.375, 15.0625, 13.9375, 15.125], "texture": "#voxels_atlas"},
				"east": {"uv": [6.25, 8, 6.125, 8.0625], "texture": "#voxels_atlas"},
				"south": {"uv": [13.5, 15.0625, 13.9375, 15.125], "texture": "#voxels_atlas"},
				"west": {"uv": [6, 8, 6.125, 8.0625], "texture": "#voxels_atlas"},
				"up": {"uv": [14.6875, 15.5625, 15.125, 15.4375], "texture": "#voxels_atlas"},
				"down": {"uv": [15.125, 15.4375, 15.5625, 15.5625], "texture": "#voxels_atlas"}
			}
		},
		{
			"name": "Voxels",
			"from": [-2, -7.75, -1],
			"to": [-0.25, -7.5, -0.75],
			"faces": {
				"north": {"uv": [12.625, 15.0625, 12.1875, 15.125], "texture": "#voxels_atlas"},
				"east": {"uv": [13.0625, 14.9375, 13, 15], "texture": "#voxels_atlas"},
				"south": {"uv": [14.9375, 15.3125, 15.375, 15.375], "texture": "#voxels_atlas"},
				"west": {"uv": [13.0625, 14.9375, 13.125, 15], "texture": "#voxels_atlas"},
				"up": {"uv": [12.625, 15.125, 13.0625, 15.0625], "texture": "#voxels_atlas"},
				"down": {"uv": [13.0625, 15.0625, 13.5, 15.125], "texture": "#voxels_atlas"}
			}
		},
		{
			"name": "Voxels",
			"from": [-2, -7.75, 3],
			"to": [-0.25, -7.5, 3.25],
			"faces": {
				"north": {"uv": [11.5, 15.1875, 11.0625, 15.25], "texture": "#voxels_atlas"},
				"east": {"uv": [8.9375, 9.875, 8.875, 9.9375], "texture": "#voxels_atlas"},
				"south": {"uv": [11.0625, 15.25, 11.5, 15.3125], "texture": "#voxels_atlas"},
				"west": {"uv": [11.9375, 14.9375, 12, 15], "texture": "#voxels_atlas"},
				"up": {"uv": [10.1875, 15.3125, 10.625, 15.25], "texture": "#voxels_atlas"},
				"down": {"uv": [6.4375, 11.3125, 6.875, 11.375], "texture": "#voxels_atlas"}
			}
		},
		{
			"name": "Voxels",
			"from": [-2, -7.5, -1.25],
			"to": [-0.25, -7, -1],
			"faces": {
				"north": {"uv": [8.5625, 14.5625, 8.125, 14.6875], "texture": "#voxels_atlas"},
				"east": {"uv": [7.5, 9, 7.4375, 9.125], "texture": "#voxels_atlas"},
				"south": {"uv": [8.125, 14.6875, 8.5625, 14.8125], "texture": "#voxels_atlas"},
				"west": {"uv": [7.3125, 8, 7.375, 8.125], "texture": "#voxels_atlas"},
				"up": {"uv": [5.5625, 11.375, 6, 11.3125], "texture": "#voxels_atlas"},
				"down": {"uv": [10.625, 15.1875, 11.0625, 15.25], "texture": "#voxels_atlas"}
			}
		},
		{
			"name": "Voxels",
			"from": [-2, -7.5, 3.25],
			"to": [-0.25, -7, 3.5],
			"faces": {
				"north": {"uv": [8.5625, 14.8125, 8.125, 14.9375], "texture": "#voxels_atlas"},
				"east": {"uv": [9, 14.4375, 8.9375, 14.5625], "texture": "#voxels_atlas"},
				"south": {"uv": [8.125, 14.9375, 8.5625, 15.0625], "texture": "#voxels_atlas"},
				"west": {"uv": [8.9375, 14.5625, 9, 14.6875], "texture": "#voxels_atlas"},
				"up": {"uv": [10.625, 15.3125, 11.0625, 15.25], "texture": "#voxels_atlas"},
				"down": {"uv": [10.1875, 15.1875, 10.625, 15.25], "texture": "#voxels_atlas"}
			}
		},
		{
			"name": "Voxels",
			"from": [-2, -7, -1.5],
			"to": [-0.25, -6.75, -1.25],
			"faces": {
				"north": {"uv": [9.75, 15.1875, 9.3125, 15.25], "texture": "#voxels_atlas"},
				"east": {"uv": [10.75, 14.9375, 10.6875, 15], "texture": "#voxels_atlas"},
				"south": {"uv": [9.3125, 15.25, 9.75, 15.3125], "texture": "#voxels_atlas"},
				"west": {"uv": [13.125, 14.9375, 13.1875, 15], "texture": "#voxels_atlas"},
				"up": {"uv": [9.75, 15.3125, 10.1875, 15.25], "texture": "#voxels_atlas"},
				"down": {"uv": [9.75, 15.1875, 10.1875, 15.25], "texture": "#voxels_atlas"}
			}
		},
		{
			"name": "Voxels",
			"from": [-2, -7, 3.5],
			"to": [-0.25, -6.5, 3.75],
			"faces": {
				"north": {"uv": [2.5, 11.5625, 2.0625, 11.6875], "texture": "#voxels_atlas"},
				"east": {"uv": [9, 14.1875, 8.9375, 14.3125], "texture": "#voxels_atlas"},
				"south": {"uv": [1.625, 11.5625, 2.0625, 11.6875], "texture": "#voxels_atlas"},
				"west": {"uv": [8.9375, 14.3125, 9, 14.4375], "texture": "#voxels_atlas"},
				"up": {"uv": [14.5, 15.375, 14.9375, 15.3125], "texture": "#voxels_atlas"},
				"down": {"uv": [15.375, 15.3125, 15.8125, 15.375], "texture": "#voxels_atlas"}
			}
		},
		{
			"name": "Voxels",
			"from": [-2, -6.5, -1.75],
			"to": [-0.25, -4.75, -1.5],
			"faces": {
				"north": {"uv": [6.875, 11.375, 6.4375, 11.8125], "texture": "#voxels_atlas"},
				"east": {"uv": [8.625, 14.25, 8.5625, 14.6875], "texture": "#voxels_atlas"},
				"south": {"uv": [4, 10.75, 4.4375, 11.1875], "texture": "#voxels_atlas"},
				"west": {"uv": [8.5625, 14.6875, 8.625, 15.125], "texture": "#voxels_atlas"},
				"up": {"uv": [9, 15.1875, 9.4375, 15.125], "texture": "#voxels_atlas"},
				"down": {"uv": [6, 11.3125, 6.4375, 11.375], "texture": "#voxels_atlas"}
			}
		},
		{
			"name": "Voxels",
			"from": [-2, -6.5, 3.75],
			"to": [-0.25, -4.75, 4],
			"faces": {
				"north": {"uv": [6.4375, 11.375, 6, 11.8125], "texture": "#voxels_atlas"},
				"east": {"uv": [8.625, 13.375, 8.5625, 13.8125], "texture": "#voxels_atlas"},
				"south": {"uv": [5.5625, 11.375, 6, 11.8125], "texture": "#voxels_atlas"},
				"west": {"uv": [8.5625, 13.8125, 8.625, 14.25], "texture": "#voxels_atlas"},
				"up": {"uv": [9.875, 15.1875, 10.3125, 15.125], "texture": "#voxels_atlas"},
				"down": {"uv": [9.4375, 15.125, 9.875, 15.1875], "texture": "#voxels_atlas"}
			}
		},
		{
			"name": "Voxels",
			"from": [-2, -4.75, -1.5],
			"to": [-0.25, -4.25, -1.25],
			"faces": {
				"north": {"uv": [8.5625, 13.0625, 8.125, 13.1875], "texture": "#voxels_atlas"},
				"east": {"uv": [8.75, 8.4375, 8.6875, 8.5625], "texture": "#voxels_atlas"},
				"south": {"uv": [8.125, 13.1875, 8.5625, 13.3125], "texture": "#voxels_atlas"},
				"west": {"uv": [8.875, 8.5625, 8.9375, 8.6875], "texture": "#voxels_atlas"},
				"up": {"uv": [10.75, 15.1875, 11.1875, 15.125], "texture": "#voxels_atlas"},
				"down": {"uv": [10.3125, 15.125, 10.75, 15.1875], "texture": "#voxels_atlas"}
			}
		},
		{
			"name": "Voxels",
			"from": [-2, -4.75, 3.5],
			"to": [-0.25, -4.25, 3.75],
			"faces": {
				"north": {"uv": [8.5625, 13.9375, 8.125, 14.0625], "texture": "#voxels_atlas"},
				"east": {"uv": [8.875, 8.4375, 8.8125, 8.5625], "texture": "#voxels_atlas"},
				"south": {"uv": [8.125, 13.8125, 8.5625, 13.9375], "texture": "#voxels_atlas"},
				"west": {"uv": [8.75, 8.4375, 8.8125, 8.5625], "texture": "#voxels_atlas"},
				"up": {"uv": [11.625, 15.1875, 12.0625, 15.125], "texture": "#voxels_atlas"},
				"down": {"uv": [11.1875, 15.125, 11.625, 15.1875], "texture": "#voxels_atlas"}
			}
		},
		{
			"name": "Voxels",
			"from": [-2, -4.25, -1.25],
			"to": [-0.25, -3.75, -1],
			"faces": {
				"north": {"uv": [8.5625, 13.6875, 8.125, 13.8125], "texture": "#voxels_atlas"},
				"east": {"uv": [8.75, 8.3125, 8.6875, 8.4375], "texture": "#voxels_atlas"},
				"south": {"uv": [8.125, 13.5625, 8.5625, 13.6875], "texture": "#voxels_atlas"},
				"west": {"uv": [8.875, 8.4375, 8.9375, 8.5625], "texture": "#voxels_atlas"},
				"up": {"uv": [12.5, 15.1875, 12.9375, 15.125], "texture": "#voxels_atlas"},
				"down": {"uv": [12.0625, 15.125, 12.5, 15.1875], "texture": "#voxels_atlas"}
			}
		},
		{
			"name": "Voxels",
			"from": [-2, -4.25, 3.25],
			"to": [-0.25, -3.75, 3.5],
			"faces": {
				"north": {"uv": [8.5625, 13.4375, 8.125, 13.5625], "texture": "#voxels_atlas"},
				"east": {"uv": [8.75, 8.1875, 8.6875, 8.3125], "texture": "#voxels_atlas"},
				"south": {"uv": [8.125, 13.3125, 8.5625, 13.4375], "texture": "#voxels_atlas"},
				"west": {"uv": [8.875, 8.3125, 8.9375, 8.4375], "texture": "#voxels_atlas"},
				"up": {"uv": [13.375, 15.1875, 13.8125, 15.125], "texture": "#voxels_atlas"},
				"down": {"uv": [12.9375, 15.125, 13.375, 15.1875], "texture": "#voxels_atlas"}
			}
		},
		{
			"name": "Voxels",
			"from": [-2, -3.75, -1],
			"to": [-0.25, -3.5, -0.75],
			"faces": {
				"north": {"uv": [11.9375, 15.1875, 11.5, 15.25], "texture": "#voxels_atlas"},
				"east": {"uv": [12.4375, 14.9375, 12.375, 15], "texture": "#voxels_atlas"},
				"south": {"uv": [11.9375, 15.25, 12.375, 15.3125], "texture": "#voxels_atlas"},
				"west": {"uv": [12.4375, 14.9375, 12.5, 15], "texture": "#voxels_atlas"},
				"up": {"uv": [11.5, 15.3125, 11.9375, 15.25], "texture": "#voxels_atlas"},
				"down": {"uv": [13.8125, 15.125, 14.25, 15.1875], "texture": "#voxels_atlas"}
			}
		},
		{
			"name": "Voxels",
			"from": [-2, -3.75, 3],
			"to": [-0.25, -3.5, 3.25],
			"faces": {
				"north": {"uv": [12.8125, 15.1875, 12.375, 15.25], "texture": "#voxels_atlas"},
				"east": {"uv": [8.9375, 8.75, 8.875, 8.8125], "texture": "#voxels_atlas"},
				"south": {"uv": [12.8125, 15.25, 13.25, 15.3125], "texture": "#voxels_atlas"},
				"west": {"uv": [8.875, 8.6875, 8.9375, 8.75], "texture": "#voxels_atlas"},
				"up": {"uv": [12.375, 15.3125, 12.8125, 15.25], "texture": "#voxels_atlas"},
				"down": {"uv": [11.9375, 15.1875, 12.375, 15.25], "texture": "#voxels_atlas"}
			}
		},
		{
			"name": "Voxels",
			"from": [-2, -3.5, -0.75],
			"to": [-0.25, -3.25, -0.25],
			"faces": {
				"north": {"uv": [15, 15.1875, 14.5625, 15.25], "texture": "#voxels_atlas"},
				"east": {"uv": [10.1875, 14.9375, 10.0625, 15], "texture": "#voxels_atlas"},
				"south": {"uv": [15, 15.25, 15.4375, 15.3125], "texture": "#voxels_atlas"},
				"west": {"uv": [9.9375, 14.9375, 10.0625, 15], "texture": "#voxels_atlas"},
				"up": {"uv": [8.125, 15.4375, 8.5625, 15.3125], "texture": "#voxels_atlas"},
				"down": {"uv": [15.5625, 15.4375, 16, 15.5625], "texture": "#voxels_atlas"}
			}
		},
		{
			"name": "Voxels",
			"from": [-2, -3.5, 2.5],
			"to": [-0.25, -3.25, 3],
			"faces": {
				"north": {"uv": [9, 15.125, 8.5625, 15.1875], "texture": "#voxels_atlas"},
				"east": {"uv": [9.8125, 14.9375, 9.6875, 15], "texture": "#voxels_atlas"},
				"south": {"uv": [15.4375, 15.1875, 15.875, 15.25], "texture": "#voxels_atlas"},
				"west": {"uv": [9.8125, 14.9375, 9.9375, 15], "texture": "#voxels_atlas"},
				"up": {"uv": [8.125, 15.3125, 8.5625, 15.1875], "texture": "#voxels_atlas"},
				"down": {"uv": [8.125, 15.0625, 8.5625, 15.1875], "texture": "#voxels_atlas"}
			}
		},
		{
			"name": "Voxels",
			"from": [-2, -3.25, -0.25],
			"to": [-0.25, -3, 0.25],
			"faces": {
				"north": {"uv": [15.875, 15.25, 15.4375, 15.3125], "texture": "#voxels_atlas"},
				"east": {"uv": [9.5625, 14.9375, 9.4375, 15], "texture": "#voxels_atlas"},
				"south": {"uv": [15, 15.1875, 15.4375, 15.25], "texture": "#voxels_atlas"},
				"west": {"uv": [9.5625, 14.9375, 9.6875, 15], "texture": "#voxels_atlas"},
				"up": {"uv": [8.125, 12.8125, 8.5625, 12.6875], "texture": "#voxels_atlas"},
				"down": {"uv": [8.125, 12.5625, 8.5625, 12.6875], "texture": "#voxels_atlas"}
			}
		},
		{
			"name": "Voxels",
			"from": [-2, -3.25, 2],
			"to": [-0.25, -3, 2.5],
			"faces": {
				"north": {"uv": [15, 15.25, 14.5625, 15.3125], "texture": "#voxels_atlas"},
				"east": {"uv": [9.3125, 14.9375, 9.1875, 15], "texture": "#voxels_atlas"},
				"south": {"uv": [14.125, 15.1875, 14.5625, 15.25], "texture": "#voxels_atlas"},
				"west": {"uv": [9.3125, 14.9375, 9.4375, 15], "texture": "#voxels_atlas"},
				"up": {"uv": [8.125, 13.0625, 8.5625, 12.9375], "texture": "#voxels_atlas"},
				"down": {"uv": [8.125, 12.8125, 8.5625, 12.9375], "texture": "#voxels_atlas"}
			}
		},
		{
			"name": "Voxels",
			"from": [-2, -3, 0.25],
			"to": [-0.25, -2.75, 2],
			"faces": {
				"north": {"uv": [14.5625, 15.25, 14.125, 15.3125], "texture": "#voxels_atlas"},
				"east": {"uv": [13.6875, 15.1875, 13.25, 15.25], "texture": "#voxels_atlas"},
				"south": {"uv": [13.6875, 15.1875, 14.125, 15.25], "texture": "#voxels_atlas"},
				"west": {"uv": [13.6875, 15.25, 14.125, 15.3125], "texture": "#voxels_atlas"},
				"up": {"uv": [0.5, 8.4375, 0.9375, 8], "texture": "#voxels_atlas"},
				"down": {"uv": [0.9375, 8, 1.375, 8.4375], "texture": "#voxels_atlas"}
			}
		},
		{
			"name": "Voxels",
			"from": [-1.25, -8.75, 0.25],
			"to": [-0.25, -8.5, 2],
			"faces": {
				"north": {"uv": [8.9375, 13.75, 8.6875, 13.8125], "texture": "#voxels_atlas"},
				"east": {"uv": [13.25, 15.1875, 12.8125, 15.25], "texture": "#voxels_atlas"},
				"south": {"uv": [8.6875, 13.8125, 8.9375, 13.875], "texture": "#voxels_atlas"},
				"west": {"uv": [13.25, 15.25, 13.6875, 15.3125], "texture": "#voxels_atlas"},
				"up": {"uv": [2.625, 8.5625, 2.875, 8.125], "texture": "#voxels_atlas"},
				"down": {"uv": [2.375, 8.125, 2.625, 8.5625], "texture": "#voxels_atlas"}
			}
		},
		{
			"name": "Voxels",
			"from": [-1.25, -8.5, -0.25],
			"to": [-0.25, -8.25, 0.25],
			"faces": {
				"north": {"uv": [8.9375, 14.25, 8.6875, 14.3125], "texture": "#voxels_atlas"},
				"east": {"uv": [9.0625, 14.9375, 8.9375, 15], "texture": "#voxels_atlas"},
				"south": {"uv": [8.6875, 14.3125, 8.9375, 14.375], "texture": "#voxels_atlas"},
				"west": {"uv": [9.0625, 14.9375, 9.1875, 15], "texture": "#voxels_atlas"},
				"up": {"uv": [8.125, 9, 8.375, 8.875], "texture": "#voxels_atlas"},
				"down": {"uv": [8.125, 8.75, 8.375, 8.875], "texture": "#voxels_atlas"}
			}
		},
		{
			"name": "Voxels",
			"from": [-1.25, -8.5, 2],
			"to": [-0.25, -8.25, 2.5],
			"faces": {
				"north": {"uv": [8.9375, 14.625, 8.6875, 14.6875], "texture": "#voxels_atlas"},
				"east": {"uv": [8.9375, 8.0625, 8.8125, 8.125], "texture": "#voxels_atlas"},
				"south": {"uv": [8.6875, 14.6875, 8.9375, 14.75], "texture": "#voxels_atlas"},
				"west": {"uv": [8.8125, 8, 8.9375, 8.0625], "texture": "#voxels_atlas"},
				"up": {"uv": [8.8125, 15.3125, 9.0625, 15.1875], "texture": "#voxels_atlas"},
				"down": {"uv": [9.0625, 15.1875, 9.3125, 15.3125], "texture": "#voxels_atlas"}
			}
		},
		{
			"name": "Voxels",
			"from": [-1.25, -8.25, -0.75],
			"to": [-0.25, -8, -0.25],
			"faces": {
				"north": {"uv": [5.4375, 11.8125, 5.1875, 11.875], "texture": "#voxels_atlas"},
				"east": {"uv": [8.8125, 8.0625, 8.6875, 8.125], "texture": "#voxels_atlas"},
				"south": {"uv": [7.6875, 8, 7.9375, 8.0625], "texture": "#voxels_atlas"},
				"west": {"uv": [8.6875, 8, 8.8125, 8.0625], "texture": "#voxels_atlas"},
				"up": {"uv": [8.25, 8.25, 8.5, 8.125], "texture": "#voxels_atlas"},
				"down": {"uv": [8.25, 8, 8.5, 8.125], "texture": "#voxels_atlas"}
			}
		},
		{
			"name": "Voxels",
			"from": [-1.25, -8.25, 2.5],
			"to": [-0.25, -8, 3],
			"faces": {
				"north": {"uv": [8.9375, 12, 8.6875, 12.0625], "texture": "#voxels_atlas"},
				"east": {"uv": [8.875, 8.25, 8.75, 8.3125], "texture": "#voxels_atlas"},
				"south": {"uv": [8.6875, 11.9375, 8.9375, 12], "texture": "#voxels_atlas"},
				"west": {"uv": [8.75, 8.1875, 8.875, 8.25], "texture": "#voxels_atlas"},
				"up": {"uv": [5.4375, 13.375, 5.6875, 13.25], "texture": "#voxels_atlas"},
				"down": {"uv": [5.6875, 13.375, 5.9375, 13.5], "texture": "#voxels_atlas"}
			}
		},
		{
			"name": "Voxels",
			"from": [-1.25, -8, -1],
			"to": [-0.25, -7.75, -0.75],
			"faces": {
				"north": {"uv": [8.9375, 10.6875, 8.6875, 10.75], "texture": "#voxels_atlas"},
				"east": {"uv": [11.125, 14.9375, 11.0625, 15], "texture": "#voxels_atlas"},
				"south": {"uv": [8.6875, 10.75, 8.9375, 10.8125], "texture": "#voxels_atlas"},
				"west": {"uv": [11, 14.9375, 11.0625, 15], "texture": "#voxels_atlas"},
				"up": {"uv": [8.6875, 11.375, 8.9375, 11.3125], "texture": "#voxels_atlas"},
				"down": {"uv": [8.6875, 11.375, 8.9375, 11.4375], "texture": "#voxels_atlas"}
			}
		},
		{
			"name": "Voxels",
			"from": [-1.25, -8, 3],
			"to": [-0.25, -7.75, 3.25],
			"faces": {
				"north": {"uv": [8.9375, 13.4375, 8.6875, 13.5], "texture": "#voxels_atlas"},
				"east": {"uv": [8.9375, 9.6875, 8.875, 9.75], "texture": "#voxels_atlas"},
				"south": {"uv": [8.6875, 13.375, 8.9375, 13.4375], "texture": "#voxels_atlas"},
				"west": {"uv": [8.875, 10.375, 8.9375, 10.4375], "texture": "#voxels_atlas"},
				"up": {"uv": [8.6875, 11.1875, 8.9375, 11.125], "texture": "#voxels_atlas"},
				"down": {"uv": [8.6875, 11.0625, 8.9375, 11.125], "texture": "#voxels_atlas"}
			}
		},
		{
			"name": "Voxels",
			"from": [-1.25, -7.75, -1.25],
			"to": [-0.25, -7.5, -1],
			"faces": {
				"north": {"uv": [8.9375, 13, 8.6875, 13.0625], "texture": "#voxels_atlas"},
				"east": {"uv": [8.9375, 9.75, 8.875, 9.8125], "texture": "#voxels_atlas"},
				"south": {"uv": [8.6875, 12.9375, 8.9375, 13], "texture": "#voxels_atlas"},
				"west": {"uv": [8.875, 9.8125, 8.9375, 9.875], "texture": "#voxels_atlas"},
				"up": {"uv": [8.6875, 13.125, 8.9375, 13.0625], "texture": "#voxels_atlas"},
				"down": {"uv": [8.6875, 13.125, 8.9375, 13.1875], "texture": "#voxels_atlas"}
			}
		},
		{
			"name": "Voxels",
			"from": [-1.25, -7.75, 3.25],
			"to": [-0.25, -7.5, 3.5],
			"faces": {
				"north": {"uv": [8.9375, 12.625, 8.6875, 12.6875], "texture": "#voxels_atlas"},
				"east": {"uv": [12.0625, 14.9375, 12, 15], "texture": "#voxels_atlas"},
				"south": {"uv": [8.6875, 12.5625, 8.9375, 12.625], "texture": "#voxels_atlas"},
				"west": {"uv": [12.0625, 14.9375, 12.125, 15], "texture": "#voxels_atlas"},
				"up": {"uv": [8.6875, 12.75, 8.9375, 12.6875], "texture": "#voxels_atlas"},
				"down": {"uv": [8.6875, 12.75, 8.9375, 12.8125], "texture": "#voxels_atlas"}
			}
		},
		{
			"name": "Voxels",
			"from": [-1.25, -7.5, -1.5],
			"to": [-0.25, -7, -1.25],
			"faces": {
				"north": {"uv": [7, 10.5, 6.75, 10.625], "texture": "#voxels_atlas"},
				"east": {"uv": [9, 14.8125, 8.9375, 14.9375], "texture": "#voxels_atlas"},
				"south": {"uv": [6.375, 8, 6.625, 8.125], "texture": "#voxels_atlas"},
				"west": {"uv": [8.9375, 14.6875, 9, 14.8125], "texture": "#voxels_atlas"},
				"up": {"uv": [8.6875, 12.375, 8.9375, 12.3125], "texture": "#voxels_atlas"},
				"down": {"uv": [8.6875, 12.375, 8.9375, 12.4375], "texture": "#voxels_atlas"}
			}
		},
		{
			"name": "Voxels",
			"from": [-1.25, -7.5, 3.5],
			"to": [-0.25, -7, 3.75],
			"faces": {
				"north": {"uv": [4.9375, 13.25, 4.6875, 13.375], "texture": "#voxels_atlas"},
				"east": {"uv": [7.6875, 11.375, 7.625, 11.5], "texture": "#voxels_atlas"},
				"south": {"uv": [5.9375, 13.25, 6.1875, 13.375], "texture": "#voxels_atlas"},
				"west": {"uv": [7.875, 9.25, 7.9375, 9.375], "texture": "#voxels_atlas"},
				"up": {"uv": [8.6875, 11.3125, 8.9375, 11.25], "texture": "#voxels_atlas"},
				"down": {"uv": [8.6875, 13.5, 8.9375, 13.5625], "texture": "#voxels_atlas"}
			}
		},
		{
			"name": "Voxels",
			"from": [-1.25, -7, -1.75],
			"to": [-0.25, -6.5, -1.5],
			"faces": {
				"north": {"uv": [5.1875, 13.25, 4.9375, 13.375], "texture": "#voxels_atlas"},
				"east": {"uv": [6.125, 8.0625, 6.0625, 8.1875], "texture": "#voxels_atlas"},
				"south": {"uv": [6.75, 10.625, 7, 10.75], "texture": "#voxels_atlas"},
				"west": {"uv": [7.25, 8.125, 7.3125, 8.25], "texture": "#voxels_atlas"},
				"up": {"uv": [8.6875, 11.0625, 8.9375, 11], "texture": "#voxels_atlas"},
				"down": {"uv": [8.6875, 13.5625, 8.9375, 13.625], "texture": "#voxels_atlas"}
			}
		},
		{
			"name": "Voxels",
			"from": [-1.25, -7, 3.75],
			"to": [-0.25, -6.5, 4],
			"faces": {
				"north": {"uv": [5.4375, 13.25, 5.1875, 13.375], "texture": "#voxels_atlas"},
				"east": {"uv": [7.0625, 10.625, 7, 10.75], "texture": "#voxels_atlas"},
				"south": {"uv": [8.3125, 8.25, 8.5625, 8.375], "texture": "#voxels_atlas"},
				"west": {"uv": [7, 10.5, 7.0625, 10.625], "texture": "#voxels_atlas"},
				"up": {"uv": [8.6875, 14.8125, 8.9375, 14.75], "texture": "#voxels_atlas"},
				"down": {"uv": [14.4375, 15, 14.6875, 15.0625], "texture": "#voxels_atlas"}
			}
		},
		{
			"name": "Voxels",
			"from": [-1.25, -6.5, -2],
			"to": [-0.25, -4.75, -1.75],
			"faces": {
				"north": {"uv": [5.6875, 11.875, 5.4375, 12.3125], "texture": "#voxels_atlas"},
				"east": {"uv": [8.625, 10.3125, 8.5625, 10.75], "texture": "#voxels_atlas"},
				"south": {"uv": [5.1875, 11.875, 5.4375, 12.3125], "texture": "#voxels_atlas"},
				"west": {"uv": [8.625, 10.75, 8.6875, 11.1875], "texture": "#voxels_atlas"},
				"up": {"uv": [8.6875, 12.875, 8.9375, 12.8125], "texture": "#voxels_atlas"},
				"down": {"uv": [8.6875, 12.875, 8.9375, 12.9375], "texture": "#voxels_atlas"}
			}
		},
		{
			"name": "Voxels",
			"from": [-1.25, -6.5, 4],
			"to": [-0.25, -4.75, 4.25],
			"faces": {
				"north": {"uv": [7.9375, 15.375, 7.6875, 15.8125], "texture": "#voxels_atlas"},
				"east": {"uv": [8.625, 9.4375, 8.5625, 9.875], "texture": "#voxels_atlas"},
				"south": {"uv": [6.625, 8.125, 6.875, 8.5625], "texture": "#voxels_atlas"},
				"west": {"uv": [8.5625, 9.875, 8.625, 10.3125], "texture": "#voxels_atlas"},
				"up": {"uv": [8.6875, 12.1875, 8.9375, 12.125], "texture": "#voxels_atlas"},
				"down": {"uv": [8.6875, 13.1875, 8.9375, 13.25], "texture": "#voxels_atlas"}
			}
		},
		{
			"name": "Voxels",
			"from": [-1.25, -4.75, -1.75],
			"to": [-0.25, -4.25, -1.5],
			"faces": {
				"north": {"uv": [4.25, 8.0625, 4, 8.1875], "texture": "#voxels_atlas"},
				"east": {"uv": [7.0625, 10.25, 7, 10.375], "texture": "#voxels_atlas"},
				"south": {"uv": [6.4375, 13.375, 6.6875, 13.5], "texture": "#voxels_atlas"},
				"west": {"uv": [7, 10.375, 7.0625, 10.5], "texture": "#voxels_atlas"},
				"up": {"uv": [8.6875, 12.3125, 8.9375, 12.25], "texture": "#voxels_atlas"},
				"down": {"uv": [8.6875, 12.1875, 8.9375, 12.25], "texture": "#voxels_atlas"}
			}
		},
		{
			"name": "Voxels",
			"from": [-1.25, -4.75, 3.75],
			"to": [-0.25, -4.25, 4],
			"faces": {
				"north": {"uv": [6.4375, 13.25, 6.1875, 13.375], "texture": "#voxels_atlas"},
				"east": {"uv": [8.6875, 8.375, 8.625, 8.5], "texture": "#voxels_atlas"},
				"south": {"uv": [6.1875, 13.375, 6.4375, 13.5], "texture": "#voxels_atlas"},
				"west": {"uv": [8.625, 8.5, 8.6875, 8.625], "texture": "#voxels_atlas"},
				"up": {"uv": [8.6875, 12.5625, 8.9375, 12.5], "texture": "#voxels_atlas"},
				"down": {"uv": [8.6875, 12.4375, 8.9375, 12.5], "texture": "#voxels_atlas"}
			}
		},
		{
			"name": "Voxels",
			"from": [-1.25, -4.25, -1.5],
			"to": [-0.25, -3.75, -1.25],
			"faces": {
				"north": {"uv": [6.6875, 13.25, 6.4375, 13.375], "texture": "#voxels_atlas"},
				"east": {"uv": [8.875, 8.8125, 8.8125, 8.9375], "texture": "#voxels_atlas"},
				"south": {"uv": [4, 8.1875, 4.25, 8.3125], "texture": "#voxels_atlas"},
				"west": {"uv": [8.75, 8.8125, 8.8125, 8.9375], "texture": "#voxels_atlas"},
				"up": {"uv": [8.6875, 13.375, 8.9375, 13.3125], "texture": "#voxels_atlas"},
				"down": {"uv": [8.6875, 13.25, 8.9375, 13.3125], "texture": "#voxels_atlas"}
			}
		},
		{
			"name": "Voxels",
			"from": [-1.25, -4.25, 3.5],
			"to": [-0.25, -3.75, 3.75],
			"faces": {
				"north": {"uv": [5.125, 8.125, 4.875, 8.25], "texture": "#voxels_atlas"},
				"east": {"uv": [16, 15.5625, 15.9375, 15.6875], "texture": "#voxels_atlas"},
				"south": {"uv": [4.875, 8, 5.125, 8.125], "texture": "#voxels_atlas"},
				"west": {"uv": [15.875, 15.5625, 15.9375, 15.6875], "texture": "#voxels_atlas"},
				"up": {"uv": [8.6875, 10.875, 8.9375, 10.8125], "texture": "#voxels_atlas"},
				"down": {"uv": [8.6875, 10.875, 8.9375, 10.9375], "texture": "#voxels_atlas"}
			}
		},
		{
			"name": "Voxels",
			"from": [-1.25, -3.75, -1.25],
			"to": [-0.25, -3.5, -1],
			"faces": {
				"north": {"uv": [5.9375, 11.8125, 5.6875, 11.875], "texture": "#voxels_atlas"},
				"east": {"uv": [8.9375, 10, 8.875, 10.0625], "texture": "#voxels_atlas"},
				"south": {"uv": [5.4375, 11.8125, 5.6875, 11.875], "texture": "#voxels_atlas"},
				"west": {"uv": [8.875, 9.9375, 8.9375, 10], "texture": "#voxels_atlas"},
				"up": {"uv": [8.6875, 11.9375, 8.9375, 11.875], "texture": "#voxels_atlas"},
				"down": {"uv": [8.6875, 11.75, 8.9375, 11.8125], "texture": "#voxels_atlas"}
			}
		},
		{
			"name": "Voxels",
			"from": [-1.25, -3.75, 3.25],
			"to": [-0.25, -3.5, 3.5],
			"faces": {
				"north": {"uv": [10.6875, 15, 10.4375, 15.0625], "texture": "#voxels_atlas"},
				"east": {"uv": [8.9375, 10.25, 8.875, 10.3125], "texture": "#voxels_atlas"},
				"south": {"uv": [10.6875, 15, 10.9375, 15.0625], "texture": "#voxels_atlas"},
				"west": {"uv": [8.875, 10.1875, 8.9375, 10.25], "texture": "#voxels_atlas"},
				"up": {"uv": [10.1875, 15.0625, 10.4375, 15], "texture": "#voxels_atlas"},
				"down": {"uv": [9.9375, 15, 10.1875, 15.0625], "texture": "#voxels_atlas"}
			}
		},
		{
			"name": "Voxels",
			"from": [-1.25, -3.5, -1],
			"to": [-0.25, -3.25, -0.75],
			"faces": {
				"north": {"uv": [6.1875, 11.8125, 5.9375, 11.875], "texture": "#voxels_atlas"},
				"east": {"uv": [8.0625, 8, 8, 8.0625], "texture": "#voxels_atlas"},
				"south": {"uv": [6.3125, 10.75, 6.5625, 10.8125], "texture": "#voxels_atlas"},
				"west": {"uv": [15.9375, 15, 16, 15.0625], "texture": "#voxels_atlas"},
				"up": {"uv": [12.1875, 15.0625, 12.4375, 15], "texture": "#voxels_atlas"},
				"down": {"uv": [11.4375, 15, 11.6875, 15.0625], "texture": "#voxels_atlas"}
			}
		},
		{
			"name": "Voxels",
			"from": [-1.25, -3.5, 3],
			"to": [-0.25, -3.25, 3.25],
			"faces": {
				"north": {"uv": [8.9375, 14.1875, 8.6875, 14.25], "texture": "#voxels_atlas"},
				"east": {"uv": [6.625, 10.75, 6.5625, 10.8125], "texture": "#voxels_atlas"},
				"south": {"uv": [8.6875, 14.125, 8.9375, 14.1875], "texture": "#voxels_atlas"},
				"west": {"uv": [6.875, 10.75, 6.9375, 10.8125], "texture": "#voxels_atlas"},
				"up": {"uv": [8.6875, 14.4375, 8.9375, 14.375], "texture": "#voxels_atlas"},
				"down": {"uv": [8.6875, 14.4375, 8.9375, 14.5], "texture": "#voxels_atlas"}
			}
		},
		{
			"name": "Voxels",
			"from": [-1.25, -3.25, -0.75],
			"to": [-0.25, -3, -0.25],
			"faces": {
				"north": {"uv": [8.9375, 14.0625, 8.6875, 14.125], "texture": "#voxels_atlas"},
				"east": {"uv": [16, 15.1875, 15.875, 15.25], "texture": "#voxels_atlas"},
				"south": {"uv": [8.6875, 14, 8.9375, 14.0625], "texture": "#voxels_atlas"},
				"west": {"uv": [15.875, 15.25, 16, 15.3125], "texture": "#voxels_atlas"},
				"up": {"uv": [8.125, 9.125, 8.375, 9], "texture": "#voxels_atlas"},
				"down": {"uv": [8.125, 9.125, 8.375, 9.25], "texture": "#voxels_atlas"}
			}
		},
		{
			"name": "Voxels",
			"from": [-1.25, -3.25, 2.5],
			"to": [-0.25, -3, 3],
			"faces": {
				"north": {"uv": [8.9375, 13.9375, 8.6875, 14], "texture": "#voxels_atlas"},
				"east": {"uv": [8.8125, 9.125, 8.6875, 9.1875], "texture": "#voxels_atlas"},
				"south": {"uv": [8.6875, 13.875, 8.9375, 13.9375], "texture": "#voxels_atlas"},
				"west": {"uv": [15.875, 15.0625, 16, 15.125], "texture": "#voxels_atlas"},
				"up": {"uv": [8.125, 9.5, 8.375, 9.375], "texture": "#voxels_atlas"},
				"down": {"uv": [8.125, 9.25, 8.375, 9.375], "texture": "#voxels_atlas"}
			}
		},
		{
			"name": "Voxels",
			"from": [-1.25, -3, -0.25],
			"to": [-0.25, -2.75, 0.25],
			"faces": {
				"north": {"uv": [8.9375, 13.6875, 8.6875, 13.75], "texture": "#voxels_atlas"},
				"east": {"uv": [8.8125, 9.0625, 8.6875, 9.125], "texture": "#voxels_atlas"},
				"south": {"uv": [8.6875, 13.625, 8.9375, 13.6875], "texture": "#voxels_atlas"},
				"west": {"uv": [8.8125, 9.125, 8.9375, 9.1875], "texture": "#voxels_atlas"},
				"up": {"uv": [7.6875, 8.1875, 7.9375, 8.0625], "texture": "#voxels_atlas"},
				"down": {"uv": [8.125, 9.75, 8.375, 9.875], "texture": "#voxels_atlas"}
			}
		},
		{
			"name": "Voxels",
			"from": [-1.25, -3, 2],
			"to": [-0.25, -2.75, 2.5],
			"faces": {
				"north": {"uv": [14.1875, 15, 13.9375, 15.0625], "texture": "#voxels_atlas"},
				"east": {"uv": [8.8125, 9, 8.6875, 9.0625], "texture": "#voxels_atlas"},
				"south": {"uv": [14.1875, 15, 14.4375, 15.0625], "texture": "#voxels_atlas"},
				"west": {"uv": [8.8125, 9.0625, 8.9375, 9.125], "texture": "#voxels_atlas"},
				"up": {"uv": [8.3125, 8.625, 8.5625, 8.5], "texture": "#voxels_atlas"},
				"down": {"uv": [8.3125, 8.375, 8.5625, 8.5], "texture": "#voxels_atlas"}
			}
		},
		{
			"name": "Voxels",
			"from": [-1.25, -2.75, 0.25],
			"to": [-0.25, -2.5, 2],
			"faces": {
				"north": {"uv": [15.6875, 15, 15.4375, 15.0625], "texture": "#voxels_atlas"},
				"east": {"uv": [11.75, 15.0625, 11.3125, 15.125], "texture": "#voxels_atlas"},
				"south": {"uv": [15.1875, 15, 15.4375, 15.0625], "texture": "#voxels_atlas"},
				"west": {"uv": [11.75, 15.0625, 12.1875, 15.125], "texture": "#voxels_atlas"},
				"up": {"uv": [4.625, 8.4375, 4.875, 8], "texture": "#voxels_atlas"},
				"down": {"uv": [6.375, 8.125, 6.625, 8.5625], "texture": "#voxels_atlas"}
			}
		},
		{
			"name": "Voxels",
			"from": [-0.75, -11.25, 0.25],
			"to": [-0.25, -8.75, 2],
			"faces": {
				"north": {"uv": [7.625, 11.375, 7.5, 12], "texture": "#voxels_atlas"},
				"east": {"uv": [1.625, 11.5625, 1.1875, 12.1875], "texture": "#voxels_atlas"},
				"south": {"uv": [7.375, 8.375, 7.5, 9], "texture": "#voxels_atlas"},
				"west": {"uv": [0.75, 11.5625, 1.1875, 12.1875], "texture": "#voxels_atlas"},
				"up": {"uv": [5.25, 8.4375, 5.375, 8], "texture": "#voxels_atlas"},
				"down": {"uv": [5.375, 8, 5.5, 8.4375], "texture": "#voxels_atlas"}
			}
		},
		{
			"name": "Voxels",
			"from": [-0.75, -2.5, 0.25],
			"to": [-0.25, -0.5, 2],
			"faces": {
				"north": {"uv": [3.5, 8.0625, 3.375, 8.5625], "texture": "#voxels_atlas"},
				"east": {"uv": [4.5625, 11.3125, 4.125, 11.8125], "texture": "#voxels_atlas"},
				"south": {"uv": [5.75, 8.0625, 5.875, 8.5625], "texture": "#voxels_atlas"},
				"west": {"uv": [3.6875, 11.3125, 4.125, 11.8125], "texture": "#voxels_atlas"},
				"up": {"uv": [6.9375, 11.1875, 7.0625, 10.75], "texture": "#voxels_atlas"},
				"down": {"uv": [5.125, 8, 5.25, 8.4375], "texture": "#voxels_atlas"}
			}
		},
		{
			"name": "Voxels",
			"from": [-0.5, -13, 0],
			"to": [13.5, -12.75, 2.25],
			"faces": {
				"north": {"uv": [10.5625, 15.9375, 7.0625, 16], "texture": "#voxels_atlas"},
				"east": {"uv": [16, 15.375, 15.4375, 15.4375], "texture": "#voxels_atlas"},
				"south": {"uv": [10.5625, 15.9375, 14.0625, 16], "texture": "#voxels_atlas"},
				"west": {"uv": [10.4375, 15.3125, 11, 15.375], "texture": "#voxels_atlas"},
				"up": {"uv": [0, 16, 3.5, 15.4375], "texture": "#voxels_atlas"},
				"down": {"uv": [0, 14.875, 3.5, 15.4375], "texture": "#voxels_atlas"}
			}
		},
		{
			"name": "Voxels",
			"from": [-0.5, -12.75, 0],
			"to": [-0.25, -8.5, 0.25],
			"faces": {
				"north": {"uv": [7.875, 11.375, 7.8125, 12.4375], "texture": "#voxels_atlas"},
				"east": {"uv": [7.9375, 12.5625, 7.875, 13.625], "texture": "#voxels_atlas"},
				"south": {"uv": [7.75, 11.375, 7.8125, 12.4375], "texture": "#voxels_atlas"},
				"west": {"uv": [7.6875, 11.375, 7.75, 12.4375], "texture": "#voxels_atlas"},
				"up": {"uv": [8.875, 9.375, 8.9375, 9.3125], "texture": "#voxels_atlas"},
				"down": {"uv": [8.875, 9.375, 8.9375, 9.4375], "texture": "#voxels_atlas"}
			}
		},
		{
			"name": "Voxels",
			"from": [-0.5, -12.75, 0.25],
			"to": [-0.25, -11.25, 2.25],
			"faces": {
				"north": {"uv": [7.4375, 8, 7.375, 8.375], "texture": "#voxels_atlas"},
				"east": {"uv": [5.8125, 10.8125, 5.3125, 11.1875], "texture": "#voxels_atlas"},
				"south": {"uv": [7.4375, 8, 7.5, 8.375], "texture": "#voxels_atlas"},
				"west": {"uv": [5.8125, 10.8125, 6.3125, 11.1875], "texture": "#voxels_atlas"},
				"up": {"uv": [7.625, 12, 7.6875, 11.5], "texture": "#voxels_atlas"},
				"down": {"uv": [8.125, 8.25, 8.1875, 8.75], "texture": "#voxels_atlas"}
			}
		},
		{
			"name": "Voxels",
			"from": [-0.5, -11.25, 2],
			"to": [-0.25, -8.5, 2.25],
			"faces": {
				"north": {"uv": [8.3125, 11.25, 8.25, 11.9375], "texture": "#voxels_atlas"},
				"east": {"uv": [8.5, 11.25, 8.4375, 11.9375], "texture": "#voxels_atlas"},
				"south": {"uv": [8.3125, 11.25, 8.375, 11.9375], "texture": "#voxels_atlas"},
				"west": {"uv": [8.375, 11.25, 8.4375, 11.9375], "texture": "#voxels_atlas"},
				"up": {"uv": [8.875, 8.25, 8.9375, 8.1875], "texture": "#voxels_atlas"},
				"down": {"uv": [8.875, 8.25, 8.9375, 8.3125], "texture": "#voxels_atlas"}
			}
		},
		{
			"name": "Voxels",
			"from": [-0.5, -2.75, 0],
			"to": [-0.25, 1, 0.25],
			"faces": {
				"north": {"uv": [8.0625, 12.625, 8, 13.5625], "texture": "#voxels_atlas"},
				"east": {"uv": [8, 8.875, 7.9375, 9.8125], "texture": "#voxels_atlas"},
				"south": {"uv": [8, 13.5625, 8.0625, 14.5], "texture": "#voxels_atlas"},
				"west": {"uv": [8, 14.5, 8.0625, 15.4375], "texture": "#voxels_atlas"},
				"up": {"uv": [10.625, 15, 10.6875, 14.9375], "texture": "#voxels_atlas"},
				"down": {"uv": [10.5625, 14.9375, 10.625, 15], "texture": "#voxels_atlas"}
			}
		},
		{
			"name": "Voxels",
			"from": [-0.5, -2.75, 2],
			"to": [-0.25, 0.5, 2.25],
			"faces": {
				"north": {"uv": [8.125, 10.0625, 8.0625, 10.875], "texture": "#voxels_atlas"},
				"east": {"uv": [8, 8.0625, 7.9375, 8.875], "texture": "#voxels_atlas"},
				"south": {"uv": [8.0625, 10.875, 8.125, 11.6875], "texture": "#voxels_atlas"},
				"west": {"uv": [8, 8.0625, 8.0625, 8.875], "texture": "#voxels_atlas"},
				"up": {"uv": [7.9375, 8.0625, 8, 8], "texture": "#voxels_atlas"},
				"down": {"uv": [12.75, 15.4375, 12.8125, 15.5], "texture": "#voxels_atlas"}
			}
		},
		{
			"name": "Voxels",
			"from": [-0.5, -0.5, 0.25],
			"to": [-0.25, 1, 1.5],
			"faces": {
				"north": {"uv": [8.6875, 9.25, 8.625, 9.625], "texture": "#voxels_atlas"},
				"east": {"uv": [6.625, 10.8125, 6.3125, 11.1875], "texture": "#voxels_atlas"},
				"south": {"uv": [8.625, 9.625, 8.6875, 10], "texture": "#voxels_atlas"},
				"west": {"uv": [6.625, 10.8125, 6.9375, 11.1875], "texture": "#voxels_atlas"},
				"up": {"uv": [8.625, 9.25, 8.6875, 8.9375], "texture": "#voxels_atlas"},
				"down": {"uv": [8.625, 8.625, 8.6875, 8.9375], "texture": "#voxels_atlas"}
			}
		},
		{
			"name": "Voxels",
			"from": [-0.5, -0.5, 1.5],
			"to": [-0.25, 0.5, 2],
			"faces": {
				"north": {"uv": [6.375, 11.8125, 6.3125, 12.0625], "texture": "#voxels_atlas"},
				"east": {"uv": [6.3125, 11.8125, 6.1875, 12.0625], "texture": "#voxels_atlas"},
				"south": {"uv": [6.5, 11.8125, 6.5625, 12.0625], "texture": "#voxels_atlas"},
				"west": {"uv": [6.375, 11.8125, 6.5, 12.0625], "texture": "#voxels_atlas"},
				"up": {"uv": [8.125, 8.125, 8.1875, 8], "texture": "#voxels_atlas"},
				"down": {"uv": [8.1875, 8.125, 8.25, 8.25], "texture": "#voxels_atlas"}
			}
		},
		{
			"name": "Voxels",
			"from": [-0.25, 0.5, -0.25],
			"to": [13.25, 1, 0.75],
			"faces": {
				"north": {"uv": [7.0625, 15.625, 3.6875, 15.75], "texture": "#voxels_atlas"},
				"east": {"uv": [8.8125, 15.1875, 8.5625, 15.3125], "texture": "#voxels_atlas"},
				"south": {"uv": [3.6875, 15.5, 7.0625, 15.625], "texture": "#voxels_atlas"},
				"west": {"uv": [8.3125, 8.625, 8.5625, 8.75], "texture": "#voxels_atlas"},
				"up": {"uv": [0, 11.3125, 3.375, 11.0625], "texture": "#voxels_atlas"},
				"down": {"uv": [0, 11.3125, 3.375, 11.5625], "texture": "#voxels_atlas"}
			}
		},
		{
			"name": "Voxels",
			"from": [-0.25, 0.5, 0.75],
			"to": [0.75, 1, 3.75],
			"faces": {
				"north": {"uv": [6.1875, 13.375, 5.9375, 13.5], "texture": "#voxels_atlas"},
				"east": {"uv": [7, 10.25, 6.25, 10.375], "texture": "#voxels_atlas"},
				"south": {"uv": [5.6875, 13.25, 5.9375, 13.375], "texture": "#voxels_atlas"},
				"west": {"uv": [6.25, 10.375, 7, 10.5], "texture": "#voxels_atlas"},
				"up": {"uv": [4, 10, 4.25, 9.25], "texture": "#voxels_atlas"},
				"down": {"uv": [4, 10, 4.25, 10.75], "texture": "#voxels_atlas"}
			}
		},
		{
			"name": "Voxels",
			"from": [-0.25, 1, 0],
			"to": [13.25, 1.25, 0.5],
			"faces": {
				"north": {"uv": [7.0625, 11.1875, 3.6875, 11.25], "texture": "#voxels_atlas"},
				"east": {"uv": [6.375, 8, 6.25, 8.0625], "texture": "#voxels_atlas"},
				"south": {"uv": [3.6875, 11.25, 7.0625, 11.3125], "texture": "#voxels_atlas"},
				"west": {"uv": [15.875, 15.75, 16, 15.8125], "texture": "#voxels_atlas"},
				"up": {"uv": [3.6875, 16, 7.0625, 15.875], "texture": "#voxels_atlas"},
				"down": {"uv": [3.6875, 15.75, 7.0625, 15.875], "texture": "#voxels_atlas"}
			}
		},
		{
			"name": "Voxels",
			"from": [-0.25, 1, 0.5],
			"to": [0.75, 1.25, 0.75],
			"faces": {
				"north": {"uv": [8.9375, 10.5625, 8.6875, 10.625], "texture": "#voxels_atlas"},
				"east": {"uv": [12.25, 14.9375, 12.1875, 15], "texture": "#voxels_atlas"},
				"south": {"uv": [8.6875, 11.4375, 8.9375, 11.5], "texture": "#voxels_atlas"},
				"west": {"uv": [12.125, 14.9375, 12.1875, 15], "texture": "#voxels_atlas"},
				"up": {"uv": [8.6875, 10.6875, 8.9375, 10.625], "texture": "#voxels_atlas"},
				"down": {"uv": [8.6875, 10.9375, 8.9375, 11], "texture": "#voxels_atlas"}
			}
		},
		{
			"name": "Voxels",
			"from": [-0.25, 1, 0.75],
			"to": [0.5, 1.25, 2.25],
			"faces": {
				"north": {"uv": [8.875, 9.8125, 8.6875, 9.875], "texture": "#voxels_atlas"},
				"east": {"uv": [14.8125, 15.5625, 14.4375, 15.625], "texture": "#voxels_atlas"},
				"south": {"uv": [8.6875, 9.875, 8.875, 9.9375], "texture": "#voxels_atlas"},
				"west": {"uv": [6.6875, 14.8125, 7.0625, 14.875], "texture": "#voxels_atlas"},
				"up": {"uv": [7.5, 9, 7.6875, 8.625], "texture": "#voxels_atlas"},
				"down": {"uv": [7.5, 8.25, 7.6875, 8.625], "texture": "#voxels_atlas"}
			}
		},
		{
			"name": "Voxels",
			"from": [0, 1, 2.25],
			"to": [0.5, 1.25, 3.75],
			"faces": {
				"north": {"uv": [8.875, 8.6875, 8.75, 8.75], "texture": "#voxels_atlas"},
				"east": {"uv": [15.125, 15.0625, 14.75, 15.125], "texture": "#voxels_atlas"},
				"south": {"uv": [8.75, 8.75, 8.875, 8.8125], "texture": "#voxels_atlas"},
				"west": {"uv": [14.375, 15.0625, 14.75, 15.125], "texture": "#voxels_atlas"},
				"up": {"uv": [5.875, 8.5625, 6, 8.1875], "texture": "#voxels_atlas"},
				"down": {"uv": [6, 8.1875, 6.125, 8.5625], "texture": "#voxels_atlas"}
			}
		},
		{
			"name": "Voxels",
			"from": [0.25, 0.5, 3.75],
			"to": [6, 0.75, 4],
			"faces": {
				"north": {"uv": [15.5, 15.9375, 14.0625, 16], "texture": "#voxels_atlas"},
				"east": {"uv": [13, 14.9375, 12.9375, 15], "texture": "#voxels_atlas"},
				"south": {"uv": [7.9375, 15.75, 9.375, 15.8125], "texture": "#voxels_atlas"},
				"west": {"uv": [12.875, 14.9375, 12.9375, 15], "texture": "#voxels_atlas"},
				"up": {"uv": [9.375, 15.8125, 10.8125, 15.75], "texture": "#voxels_atlas"},
				"down": {"uv": [10.8125, 15.75, 12.25, 15.8125], "texture": "#voxels_atlas"}
			}
		},
		{
			"name": "Voxels",
			"from": [0.25, 0.5, 4],
			"to": [5.75, 1, 4.25],
			"faces": {
				"north": {"uv": [6, 10.5, 4.625, 10.625], "texture": "#voxels_atlas"},
				"east": {"uv": [8.6875, 8.25, 8.625, 8.375], "texture": "#voxels_atlas"},
				"south": {"uv": [4.625, 10.625, 6, 10.75], "texture": "#voxels_atlas"},
				"west": {"uv": [8.625, 8.125, 8.6875, 8.25], "texture": "#voxels_atlas"},
				"up": {"uv": [12.0625, 15.625, 13.4375, 15.5625], "texture": "#voxels_atlas"},
				"down": {"uv": [13.4375, 15.625, 14.8125, 15.6875], "texture": "#voxels_atlas"}
			}
		},
		{
			"name": "Voxels",
			"from": [0.25, 0.75, 3.75],
			"to": [5.75, 1.25, 4],
			"faces": {
				"north": {"uv": [6.25, 10.375, 4.875, 10.5], "texture": "#voxels_atlas"},
				"east": {"uv": [8.5625, 8, 8.5, 8.125], "texture": "#voxels_atlas"},
				"south": {"uv": [4.875, 10.25, 6.25, 10.375], "texture": "#voxels_atlas"},
				"west": {"uv": [8.5625, 8, 8.625, 8.125], "texture": "#voxels_atlas"},
				"up": {"uv": [10.8125, 15.75, 12.1875, 15.6875], "texture": "#voxels_atlas"},
				"down": {"uv": [12.1875, 15.6875, 13.5625, 15.75], "texture": "#voxels_atlas"}
			}
		},
		{
			"name": "Voxels",
			"from": [0.5, 1, 3.25],
			"to": [0.75, 1.25, 3.75],
			"faces": {
				"north": {"uv": [11.4375, 14.9375, 11.375, 15], "texture": "#voxels_atlas"},
				"east": {"uv": [5.875, 8, 5.75, 8.0625], "texture": "#voxels_atlas"},
				"south": {"uv": [11.4375, 14.9375, 11.5, 15], "texture": "#voxels_atlas"},
				"west": {"uv": [8.8125, 9, 8.9375, 9.0625], "texture": "#voxels_atlas"},
				"up": {"uv": [8.1875, 8.125, 8.25, 8], "texture": "#voxels_atlas"},
				"down": {"uv": [8.5, 8.125, 8.5625, 8.25], "texture": "#voxels_atlas"}
			}
		},
		{
			"name": "Voxels",
			"from": [0.75, 0.5, 3.25],
			"to": [2.25, 1, 3.75],
			"faces": {
				"north": {"uv": [8.5, 12.1875, 8.125, 12.3125], "texture": "#voxels_atlas"},
				"east": {"uv": [7.0625, 9.75, 6.9375, 9.875], "texture": "#voxels_atlas"},
				"south": {"uv": [6.6875, 14.875, 7.0625, 15], "texture": "#voxels_atlas"},
				"west": {"uv": [3.375, 8.5625, 3.5, 8.6875], "texture": "#voxels_atlas"},
				"up": {"uv": [8.125, 12.1875, 8.5, 12.0625], "texture": "#voxels_atlas"},
				"down": {"uv": [8.125, 11.9375, 8.5, 12.0625], "texture": "#voxels_atlas"}
			}
		},
		{
			"name": "Voxels",
			"from": [0.75, 1, 3.5],
			"to": [3.75, 1.25, 3.75],
			"faces": {
				"north": {"uv": [9.3125, 15.375, 8.5625, 15.4375], "texture": "#voxels_atlas"},
				"east": {"uv": [11.875, 14.9375, 11.8125, 15], "texture": "#voxels_atlas"},
				"south": {"uv": [13.75, 15.4375, 14.5, 15.5], "texture": "#voxels_atlas"},
				"west": {"uv": [11.875, 14.9375, 11.9375, 15], "texture": "#voxels_atlas"},
				"up": {"uv": [9.3125, 15.4375, 10.0625, 15.375], "texture": "#voxels_atlas"},
				"down": {"uv": [10.0625, 15.375, 10.8125, 15.4375], "texture": "#voxels_atlas"}
			}
		},
		{
			"name": "Voxels",
			"from": [1.5, 1, 0.5],
			"to": [11.5, 1.25, 0.75],
			"faces": {
				"north": {"uv": [12.25, 15.8125, 9.75, 15.875], "texture": "#voxels_atlas"},
				"east": {"uv": [11.625, 14.9375, 11.5625, 15], "texture": "#voxels_atlas"},
				"south": {"uv": [12.25, 15.8125, 14.75, 15.875], "texture": "#voxels_atlas"},
				"west": {"uv": [11.75, 14.9375, 11.8125, 15], "texture": "#voxels_atlas"},
				"up": {"uv": [7.25, 15.875, 9.75, 15.8125], "texture": "#voxels_atlas"},
				"down": {"uv": [12.6875, 15.875, 15.1875, 15.9375], "texture": "#voxels_atlas"}
			}
		},
		{
			"name": "Voxels",
			"from": [1.75, 1, 4],
			"to": [5.75, 1.25, 4.25],
			"faces": {
				"north": {"uv": [14.4375, 15.5625, 13.4375, 15.625], "texture": "#voxels_atlas"},
				"east": {"uv": [8.9375, 10.3125, 8.875, 10.375], "texture": "#voxels_atlas"},
				"south": {"uv": [9.8125, 15.5, 10.8125, 15.5625], "texture": "#voxels_atlas"},
				"west": {"uv": [11.5, 14.9375, 11.5625, 15], "texture": "#voxels_atlas"},
				"up": {"uv": [14.9375, 15.75, 15.9375, 15.6875], "texture": "#voxels_atlas"},
				"down": {"uv": [14.75, 15.8125, 15.75, 15.875], "texture": "#voxels_atlas"}
			}
		},
		{
			"name": "Voxels",
			"from": [2.25, 0.5, 3.5],
			"to": [13.25, 1, 3.75],
			"faces": {
				"north": {"uv": [6.4375, 14.5625, 3.6875, 14.6875], "texture": "#voxels_atlas"},
				"east": {"uv": [7.0625, 10, 7, 10.125], "texture": "#voxels_atlas"},
				"south": {"uv": [3.6875, 14.6875, 6.4375, 14.8125], "texture": "#voxels_atlas"},
				"west": {"uv": [7, 10.125, 7.0625, 10.25], "texture": "#voxels_atlas"},
				"up": {"uv": [7.1875, 15.9375, 9.9375, 15.875], "texture": "#voxels_atlas"},
				"down": {"uv": [9.9375, 15.875, 12.6875, 15.9375], "texture": "#voxels_atlas"}
			}
		},
		{
			"name": "Voxels",
			"from": [3, 0.5, 4.25],
			"to": [5.75, 1, 4.5],
			"faces": {
				"north": {"uv": [8.625, 15.5625, 7.9375, 15.6875], "texture": "#voxels_atlas"},
				"east": {"uv": [6.0625, 8.0625, 6, 8.1875], "texture": "#voxels_atlas"},
				"south": {"uv": [8.625, 15.5625, 9.3125, 15.6875], "texture": "#voxels_atlas"},
				"west": {"uv": [7, 9.875, 7.0625, 10], "texture": "#voxels_atlas"},
				"up": {"uv": [12.875, 15.4375, 13.5625, 15.375], "texture": "#voxels_atlas"},
				"down": {"uv": [12.1875, 15.375, 12.875, 15.4375], "texture": "#voxels_atlas"}
			}
		},
		{
			"name": "Voxels",
			"from": [4.5, 1, 4.25],
			"to": [5.25, 1.25, 4.5],
			"faces": {
				"north": {"uv": [8.875, 10.125, 8.6875, 10.1875], "texture": "#voxels_atlas"},
				"east": {"uv": [10.8125, 14.9375, 10.75, 15], "texture": "#voxels_atlas"},
				"south": {"uv": [8.6875, 10.0625, 8.875, 10.125], "texture": "#voxels_atlas"},
				"west": {"uv": [10.8125, 14.9375, 10.875, 15], "texture": "#voxels_atlas"},
				"up": {"uv": [8.6875, 10.375, 8.875, 10.3125], "texture": "#voxels_atlas"},
				"down": {"uv": [8.6875, 10.375, 8.875, 10.4375], "texture": "#voxels_atlas"}
			}
		},
		{
			"name": "Voxels",
			"from": [5, 0.5, 3.25],
			"to": [8, 1, 3.5],
			"faces": {
				"north": {"uv": [6.75, 10.625, 6, 10.75], "texture": "#voxels_atlas"},
				"east": {"uv": [7.3125, 8, 7.25, 8.125], "texture": "#voxels_atlas"},
				"south": {"uv": [6, 10.5, 6.75, 10.625], "texture": "#voxels_atlas"},
				"west": {"uv": [7.3125, 8.125, 7.375, 8.25], "texture": "#voxels_atlas"},
				"up": {"uv": [15.1875, 15.9375, 15.9375, 15.875], "texture": "#voxels_atlas"},
				"down": {"uv": [15.125, 15.75, 15.875, 15.8125], "texture": "#voxels_atlas"}
			}
		},
		{
			"name": "Voxels",
			"from": [5.25, 0.5, 2.75],
			"to": [7.75, 1, 3.25],
			"faces": {
				"north": {"uv": [9.1875, 15.4375, 8.5625, 15.5625], "texture": "#voxels_atlas"},
				"east": {"uv": [2.5, 11.75, 2.375, 11.875], "texture": "#voxels_atlas"},
				"south": {"uv": [9.1875, 15.4375, 9.8125, 15.5625], "texture": "#voxels_atlas"},
				"west": {"uv": [1.9375, 11.75, 2.0625, 11.875], "texture": "#voxels_atlas"},
				"up": {"uv": [6.4375, 14.6875, 7.0625, 14.5625], "texture": "#voxels_atlas"},
				"down": {"uv": [6.4375, 14.6875, 7.0625, 14.8125], "texture": "#voxels_atlas"}
			}
		},
		{
			"name": "Voxels",
			"from": [5.25, 1, 3.25],
			"to": [7.75, 1.25, 3.5],
			"faces": {
				"north": {"uv": [9.8125, 15.3125, 9.1875, 15.375], "texture": "#voxels_atlas"},
				"east": {"uv": [12.3125, 14.9375, 12.25, 15], "texture": "#voxels_atlas"},
				"south": {"uv": [14.8125, 15.375, 15.4375, 15.4375], "texture": "#voxels_atlas"},
				"west": {"uv": [12.3125, 14.9375, 12.375, 15], "texture": "#voxels_atlas"},
				"up": {"uv": [9.8125, 15.375, 10.4375, 15.3125], "texture": "#voxels_atlas"},
				"down": {"uv": [8.5625, 15.3125, 9.1875, 15.375], "texture": "#voxels_atlas"}
			}
		},
		{
			"name": "Voxels",
			"from": [5.25, 1, 3.5],
			"to": [6, 1.25, 3.75],
			"faces": {
				"north": {"uv": [8.875, 9.4375, 8.6875, 9.5], "texture": "#voxels_atlas"},
				"east": {"uv": [8.9375, 9.5, 8.875, 9.5625], "texture": "#voxels_atlas"},
				"south": {"uv": [8.6875, 9.375, 8.875, 9.4375], "texture": "#voxels_atlas"},
				"west": {"uv": [8.875, 9.4375, 8.9375, 9.5], "texture": "#voxels_atlas"},
				"up": {"uv": [8.6875, 9.5625, 8.875, 9.5], "texture": "#voxels_atlas"},
				"down": {"uv": [8.6875, 9.5625, 8.875, 9.625], "texture": "#voxels_atlas"}
			}
		},
		{
			"name": "Voxels",
			"from": [5.5, 0.5, 0.75],
			"to": [7.5, 1, 2.75],
			"faces": {
				"north": {"uv": [7, 9.875, 6.5, 10], "texture": "#voxels_atlas"},
				"east": {"uv": [6.6875, 14.9375, 6.1875, 15.0625], "texture": "#voxels_atlas"},
				"south": {"uv": [6.5, 10, 7, 10.125], "texture": "#voxels_atlas"},
				"west": {"uv": [5.6875, 14.8125, 6.1875, 14.9375], "texture": "#voxels_atlas"},
				"up": {"uv": [2.5, 12.125, 3, 11.625], "texture": "#voxels_atlas"},
				"down": {"uv": [3, 11.625, 3.5, 12.125], "texture": "#voxels_atlas"}
			}
		},
		{
			"name": "Voxels",
			"from": [5.5, 1, 2.75],
			"to": [7.5, 1.25, 3.25],
			"faces": {
				"north": {"uv": [3, 11.5625, 2.5, 11.625], "texture": "#voxels_atlas"},
				"east": {"uv": [10.4375, 14.9375, 10.3125, 15], "texture": "#voxels_atlas"},
				"south": {"uv": [5.8125, 10.75, 6.3125, 10.8125], "texture": "#voxels_atlas"},
				"west": {"uv": [10.1875, 14.9375, 10.3125, 15], "texture": "#voxels_atlas"},
				"up": {"uv": [6.1875, 14.9375, 6.6875, 14.8125], "texture": "#voxels_atlas"},
				"down": {"uv": [6.5, 10.125, 7, 10.25], "texture": "#voxels_atlas"}
			}
		},
		{
			"name": "Voxels",
			"from": [5.75, 1, 0.75],
			"to": [7.25, 1.25, 2.75],
			"faces": {
				"north": {"uv": [9.0625, 15, 8.6875, 15.0625], "texture": "#voxels_atlas"},
				"east": {"uv": [5.5625, 11.3125, 5.0625, 11.375], "texture": "#voxels_atlas"},
				"south": {"uv": [15.125, 15.0625, 15.5, 15.125], "texture": "#voxels_atlas"},
				"west": {"uv": [5.3125, 10.75, 5.8125, 10.8125], "texture": "#voxels_atlas"},
				"up": {"uv": [6.6875, 15.5, 7.0625, 15], "texture": "#voxels_atlas"},
				"down": {"uv": [4.25, 10.25, 4.625, 10.75], "texture": "#voxels_atlas"}
			}
		},
		{
			"name": "Voxels",
			"from": [7, 0.5, 3.75],
			"to": [12.75, 0.75, 4],
			"faces": {
				"north": {"uv": [9.375, 15.6875, 7.9375, 15.75], "texture": "#voxels_atlas"},
				"east": {"uv": [12.625, 14.9375, 12.5625, 15], "texture": "#voxels_atlas"},
				"south": {"uv": [9.375, 15.6875, 10.8125, 15.75], "texture": "#voxels_atlas"},
				"west": {"uv": [12.5, 14.9375, 12.5625, 15], "texture": "#voxels_atlas"},
				"up": {"uv": [13.6875, 15.8125, 15.125, 15.75], "texture": "#voxels_atlas"},
				"down": {"uv": [12.25, 15.75, 13.6875, 15.8125], "texture": "#voxels_atlas"}
			}
		},
		{
			"name": "Voxels",
			"from": [7, 1, 3.5],
			"to": [7.75, 1.25, 3.75],
			"faces": {
				"north": {"uv": [8.875, 9.9375, 8.6875, 10], "texture": "#voxels_atlas"},
				"east": {"uv": [11.25, 14.9375, 11.1875, 15], "texture": "#voxels_atlas"},
				"south": {"uv": [8.6875, 10, 8.875, 10.0625], "texture": "#voxels_atlas"},
				"west": {"uv": [11.125, 14.9375, 11.1875, 15], "texture": "#voxels_atlas"},
				"up": {"uv": [8.6875, 9.8125, 8.875, 9.75], "texture": "#voxels_atlas"},
				"down": {"uv": [8.6875, 9.6875, 8.875, 9.75], "texture": "#voxels_atlas"}
			}
		},
		{
			"name": "Voxels",
			"from": [7.25, 0.5, 4],
			"to": [12.75, 1, 4.25],
			"faces": {
				"north": {"uv": [6.5, 9.75, 5.125, 9.875], "texture": "#voxels_atlas"},
				"east": {"uv": [9, 13.9375, 8.9375, 14.0625], "texture": "#voxels_atlas"},
				"south": {"uv": [5.125, 9.875, 6.5, 10], "texture": "#voxels_atlas"},
				"west": {"uv": [8.9375, 14.0625, 9, 14.1875], "texture": "#voxels_atlas"},
				"up": {"uv": [9.3125, 15.6875, 10.6875, 15.625], "texture": "#voxels_atlas"},
				"down": {"uv": [13.5625, 15.6875, 14.9375, 15.75], "texture": "#voxels_atlas"}
			}
		},
		{
			"name": "Voxels",
			"from": [7.25, 0.5, 4.25],
			"to": [10, 1, 4.5],
			"faces": {
				"north": {"uv": [11.375, 15.5625, 10.6875, 15.6875], "texture": "#voxels_atlas"},
				"east": {"uv": [8.75, 8.5625, 8.6875, 8.6875], "texture": "#voxels_atlas"},
				"south": {"uv": [11.375, 15.5625, 12.0625, 15.6875], "texture": "#voxels_atlas"},
				"west": {"uv": [8.9375, 13.8125, 9, 13.9375], "texture": "#voxels_atlas"},
				"up": {"uv": [10.8125, 15.4375, 11.5, 15.375], "texture": "#voxels_atlas"},
				"down": {"uv": [11.5, 15.375, 12.1875, 15.4375], "texture": "#voxels_atlas"}
			}
		},
		{
			"name": "Voxels",
			"from": [7.25, 0.75, 3.75],
			"to": [12.75, 1.25, 4],
			"faces": {
				"north": {"uv": [6.5, 10, 5.125, 10.125], "texture": "#voxels_atlas"},
				"east": {"uv": [8.875, 8.5625, 8.8125, 8.6875], "texture": "#voxels_atlas"},
				"south": {"uv": [5.125, 10.125, 6.5, 10.25], "texture": "#voxels_atlas"},
				"west": {"uv": [8.75, 8.5625, 8.8125, 8.6875], "texture": "#voxels_atlas"},
				"up": {"uv": [9.3125, 15.625, 10.6875, 15.5625], "texture": "#voxels_atlas"},
				"down": {"uv": [12.0625, 15.625, 13.4375, 15.6875], "texture": "#voxels_atlas"}
			}
		},
		{
			"name": "Voxels",
			"from": [7.25, 1, 4],
			"to": [11.25, 1.25, 4.25],
			"faces": {
				"north": {"uv": [11.8125, 15.4375, 10.8125, 15.5], "texture": "#voxels_atlas"},
				"east": {"uv": [11.6875, 14.9375, 11.625, 15], "texture": "#voxels_atlas"},
				"south": {"uv": [11.8125, 15.5, 12.8125, 15.5625], "texture": "#voxels_atlas"},
				"west": {"uv": [11.6875, 14.9375, 11.75, 15], "texture": "#voxels_atlas"},
				"up": {"uv": [10.8125, 15.5625, 11.8125, 15.5], "texture": "#voxels_atlas"},
				"down": {"uv": [9.8125, 15.4375, 10.8125, 15.5], "texture": "#voxels_atlas"}
			}
		},
		{
			"name": "Voxels",
			"from": [7.75, 1, 4.25],
			"to": [8.5, 1.25, 4.5],
			"faces": {
				"north": {"uv": [8.875, 9.1875, 8.6875, 9.25], "texture": "#voxels_atlas"},
				"east": {"uv": [11.3125, 14.9375, 11.25, 15], "texture": "#voxels_atlas"},
				"south": {"uv": [8.6875, 9.25, 8.875, 9.3125], "texture": "#voxels_atlas"},
				"west": {"uv": [11.3125, 14.9375, 11.375, 15], "texture": "#voxels_atlas"},
				"up": {"uv": [8.6875, 9.375, 8.875, 9.3125], "texture": "#voxels_atlas"},
				"down": {"uv": [8.6875, 9.625, 8.875, 9.6875], "texture": "#voxels_atlas"}
			}
		},
		{
			"name": "Voxels",
			"from": [9.25, 1, 3.5],
			"to": [13, 1.25, 3.75],
			"faces": {
				"north": {"uv": [14.6875, 15.5, 13.75, 15.5625], "texture": "#voxels_atlas"},
				"east": {"uv": [10.9375, 14.9375, 10.875, 15], "texture": "#voxels_atlas"},
				"south": {"uv": [12.8125, 15.4375, 13.75, 15.5], "texture": "#voxels_atlas"},
				"west": {"uv": [10.9375, 14.9375, 11, 15], "texture": "#voxels_atlas"},
				"up": {"uv": [11.8125, 15.5, 12.75, 15.4375], "texture": "#voxels_atlas"},
				"down": {"uv": [12.8125, 15.5, 13.75, 15.5625], "texture": "#voxels_atlas"}
			}
		},
		{
			"name": "Voxels",
			"from": [10.75, 0.5, 3.25],
			"to": [13.25, 1, 3.5],
			"faces": {
				"north": {"uv": [8.5625, 15.4375, 7.9375, 15.5625], "texture": "#voxels_atlas"},
				"east": {"uv": [8.875, 8.3125, 8.8125, 8.4375], "texture": "#voxels_atlas"},
				"south": {"uv": [14.8125, 15.5625, 15.4375, 15.6875], "texture": "#voxels_atlas"},
				"west": {"uv": [8.75, 8.3125, 8.8125, 8.4375], "texture": "#voxels_atlas"},
				"up": {"uv": [13.5625, 15.4375, 14.1875, 15.375], "texture": "#voxels_atlas"},
				"down": {"uv": [14.1875, 15.375, 14.8125, 15.4375], "texture": "#voxels_atlas"}
			}
		},
		{
			"name": "Voxels",
			"from": [12.25, 0.5, 0.75],
			"to": [13.5, 1, 1.5],
			"faces": {
				"north": {"uv": [7.0625, 11.8125, 6.75, 11.9375], "texture": "#voxels_atlas"},
				"east": {"uv": [6.75, 11.8125, 6.5625, 11.9375], "texture": "#voxels_atlas"},
				"south": {"uv": [6.75, 11.9375, 7.0625, 12.0625], "texture": "#voxels_atlas"},
				"west": {"uv": [4.4375, 8.375, 4.625, 8.5], "texture": "#voxels_atlas"},
				"up": {"uv": [2.0625, 11.875, 2.375, 11.6875], "texture": "#voxels_atlas"},
				"down": {"uv": [1.625, 11.6875, 1.9375, 11.875], "texture": "#voxels_atlas"}
			}
		},
		{
			"name": "Voxels",
			"from": [12.25, 0.5, 1.5],
			"to": [13.25, 1, 3.25],
			"faces": {
				"north": {"uv": [2.875, 8, 2.625, 8.125], "texture": "#voxels_atlas"},
				"east": {"uv": [8.5625, 14.1875, 8.125, 14.3125], "texture": "#voxels_atlas"},
				"south": {"uv": [2.375, 8, 2.625, 8.125], "texture": "#voxels_atlas"},
				"west": {"uv": [8.125, 14.0625, 8.5625, 14.1875], "texture": "#voxels_atlas"},
				"up": {"uv": [5.6875, 12.3125, 5.9375, 11.875], "texture": "#voxels_atlas"},
				"down": {"uv": [5.9375, 11.875, 6.1875, 12.3125], "texture": "#voxels_atlas"}
			}
		},
		{
			"name": "Voxels",
			"from": [12.25, 1, 0.5],
			"to": [13.25, 1.25, 0.75],
			"faces": {
				"north": {"uv": [8.9375, 11.6875, 8.6875, 11.75], "texture": "#voxels_atlas"},
				"east": {"uv": [12.8125, 14.9375, 12.75, 15], "texture": "#voxels_atlas"},
				"south": {"uv": [8.6875, 11.5625, 8.9375, 11.625], "texture": "#voxels_atlas"},
				"west": {"uv": [12.8125, 14.9375, 12.875, 15], "texture": "#voxels_atlas"},
				"up": {"uv": [8.6875, 11.875, 8.9375, 11.8125], "texture": "#voxels_atlas"},
				"down": {"uv": [8.6875, 12.0625, 8.9375, 12.125], "texture": "#voxels_atlas"}
			}
		},
		{
			"name": "Voxels",
			"from": [12.25, 1, 3.25],
			"to": [13, 1.25, 3.5],
			"faces": {
				"north": {"uv": [8.875, 10.5, 8.6875, 10.5625], "texture": "#voxels_atlas"},
				"east": {"uv": [12.6875, 14.9375, 12.625, 15], "texture": "#voxels_atlas"},
				"south": {"uv": [8.6875, 10.4375, 8.875, 10.5], "texture": "#voxels_atlas"},
				"west": {"uv": [12.6875, 14.9375, 12.75, 15], "texture": "#voxels_atlas"},
				"up": {"uv": [15.8125, 15.375, 16, 15.3125], "texture": "#voxels_atlas"},
				"down": {"uv": [8.375, 8.75, 8.5625, 8.8125], "texture": "#voxels_atlas"}
			}
		},
		{
			"name": "Voxels",
			"from": [12.5, 1, 0.75],
			"to": [13.25, 1.25, 2.25],
			"faces": {
				"north": {"uv": [8.875, 10.25, 8.6875, 10.3125], "texture": "#voxels_atlas"},
				"east": {"uv": [15.875, 15.0625, 15.5, 15.125], "texture": "#voxels_atlas"},
				"south": {"uv": [8.6875, 10.1875, 8.875, 10.25], "texture": "#voxels_atlas"},
				"west": {"uv": [9.0625, 15, 9.4375, 15.0625], "texture": "#voxels_atlas"},
				"up": {"uv": [4.25, 8.375, 4.4375, 8], "texture": "#voxels_atlas"},
				"down": {"uv": [4.4375, 8, 4.625, 8.375], "texture": "#voxels_atlas"}
			}
		},
		{
			"name": "Voxels",
			"from": [12.5, 1, 2.25],
			"to": [13, 1.25, 3.25],
			"faces": {
				"north": {"uv": [8.8125, 8.125, 8.6875, 8.1875], "texture": "#voxels_atlas"},
				"east": {"uv": [11.1875, 15, 10.9375, 15.0625], "texture": "#voxels_atlas"},
				"south": {"uv": [8.8125, 8.125, 8.9375, 8.1875], "texture": "#voxels_atlas"},
				"west": {"uv": [11.1875, 15, 11.4375, 15.0625], "texture": "#voxels_atlas"},
				"up": {"uv": [3.375, 11.3125, 3.5, 11.0625], "texture": "#voxels_atlas"},
				"down": {"uv": [3.375, 11.3125, 3.5, 11.5625], "texture": "#voxels_atlas"}
			}
		},
		{
			"name": "Voxels",
			"from": [13.25, -12.75, 0],
			"to": [13.5, 1, 0.75],
			"faces": {
				"north": {"uv": [7.125, 9.0625, 7.0625, 12.5], "texture": "#voxels_atlas"},
				"east": {"uv": [3.6875, 9.125, 3.5, 12.5625], "texture": "#voxels_atlas"},
				"south": {"uv": [7.0625, 12.5, 7.125, 15.9375], "texture": "#voxels_atlas"},
				"west": {"uv": [3.5, 12.5625, 3.6875, 16], "texture": "#voxels_atlas"},
				"up": {"uv": [5.9375, 8.1875, 6, 8], "texture": "#voxels_atlas"},
				"down": {"uv": [5.875, 8, 5.9375, 8.1875], "texture": "#voxels_atlas"}
			}
		},
		{
			"name": "Voxels",
			"from": [13.25, -12.75, 0.75],
			"to": [13.5, 0.5, 2.25],
			"faces": {
				"north": {"uv": [7.1875, 12.625, 7.125, 15.9375], "texture": "#voxels_atlas"},
				"east": {"uv": [0.375, 11.5625, 0, 14.875], "texture": "#voxels_atlas"},
				"south": {"uv": [7.125, 9.3125, 7.1875, 12.625], "texture": "#voxels_atlas"},
				"west": {"uv": [0.375, 11.5625, 0.75, 14.875], "texture": "#voxels_atlas"},
				"up": {"uv": [8.625, 10.375, 8.6875, 10], "texture": "#voxels_atlas"},
				"down": {"uv": [8.625, 10.375, 8.6875, 10.75], "texture": "#voxels_atlas"}
			}
		},
		{
			"name": "Voxels",
			"from": [13.25, -8.5, -0.25],
			"to": [14.25, -2.75, 0],
			"faces": {
				"north": {"uv": [2.875, 8.5625, 2.625, 10], "texture": "#voxels_atlas"},
				"east": {"uv": [7.4375, 13.3125, 7.375, 14.75], "texture": "#voxels_atlas"},
				"south": {"uv": [2.375, 8.5625, 2.625, 10], "texture": "#voxels_atlas"},
				"west": {"uv": [7.1875, 9.0625, 7.25, 10.5], "texture": "#voxels_atlas"},
				"up": {"uv": [15.75, 15.875, 16, 15.8125], "texture": "#voxels_atlas"},
				"down": {"uv": [4, 8, 4.25, 8.0625], "texture": "#voxels_atlas"}
			}
		},
		{
			"name": "Voxels",
			"from": [13.25, -8.5, 2.25],
			"to": [14.25, -2.75, 2.5],
			"faces": {
				"north": {"uv": [3.125, 8.5625, 2.875, 10], "texture": "#voxels_atlas"},
				"east": {"uv": [7.4375, 10.4375, 7.375, 11.875], "texture": "#voxels_atlas"},
				"south": {"uv": [3.125, 8.5625, 3.375, 10], "texture": "#voxels_atlas"},
				"west": {"uv": [7.4375, 11.875, 7.5, 13.3125], "texture": "#voxels_atlas"},
				"up": {"uv": [8.6875, 14.5625, 8.9375, 14.5], "texture": "#voxels_atlas"},
				"down": {"uv": [8.6875, 14.5625, 8.9375, 14.625], "texture": "#voxels_atlas"}
			}
		},
		{
			"name": "Voxels",
			"from": [13.25, -8.25, -0.75],
			"to": [14.25, -3, -0.25],
			"faces": {
				"north": {"uv": [4.1875, 13.25, 3.9375, 14.5625], "texture": "#voxels_atlas"},
				"east": {"uv": [3.5, 8.6875, 3.375, 10], "texture": "#voxels_atlas"},
				"south": {"uv": [3.6875, 13.25, 3.9375, 14.5625], "texture": "#voxels_atlas"},
				"west": {"uv": [4.875, 8.25, 5, 9.5625], "texture": "#voxels_atlas"},
				"up": {"uv": [7.6875, 8.3125, 7.9375, 8.1875], "texture": "#voxels_atlas"},
				"down": {"uv": [6.625, 8, 6.875, 8.125], "texture": "#voxels_atlas"}
			}
		},
		{
			"name": "Voxels",
			"from": [13.25, -8.25, 2.5],
			"to": [14.25, -3, 3],
			"faces": {
				"north": {"uv": [4.4375, 13.25, 4.1875, 14.5625], "texture": "#voxels_atlas"},
				"east": {"uv": [5.25, 8.4375, 5.125, 9.75], "texture": "#voxels_atlas"},
				"south": {"uv": [4.4375, 13.25, 4.6875, 14.5625], "texture": "#voxels_atlas"},
				"west": {"uv": [5, 8.25, 5.125, 9.5625], "texture": "#voxels_atlas"},
				"up": {"uv": [8.125, 9.75, 8.375, 9.625], "texture": "#voxels_atlas"},
				"down": {"uv": [8.125, 9.5, 8.375, 9.625], "texture": "#voxels_atlas"}
			}
		},
		{
			"name": "Voxels",
			"from": [13.25, -8, -1],
			"to": [14.25, -3.25, -0.75],
			"faces": {
				"north": {"uv": [4.9375, 13.375, 4.6875, 14.5625], "texture": "#voxels_atlas"},
				"east": {"uv": [7.625, 9, 7.5625, 10.1875], "texture": "#voxels_atlas"},
				"south": {"uv": [4.9375, 13.375, 5.1875, 14.5625], "texture": "#voxels_atlas"},
				"west": {"uv": [7.5, 9, 7.5625, 10.1875], "texture": "#voxels_atlas"},
				"up": {"uv": [12.6875, 15.0625, 12.9375, 15], "texture": "#voxels_atlas"},
				"down": {"uv": [12.4375, 15, 12.6875, 15.0625], "texture": "#voxels_atlas"}
			}
		},
		{
			"name": "Voxels",
			"from": [13.25, -8, 3],
			"to": [14.25, -3.25, 3.25],
			"faces": {
				"north": {"uv": [5.6875, 13.375, 5.4375, 14.5625], "texture": "#voxels_atlas"},
				"east": {"uv": [7.0625, 8.5625, 7, 9.75], "texture": "#voxels_atlas"},
				"south": {"uv": [5.1875, 13.375, 5.4375, 14.5625], "texture": "#voxels_atlas"},
				"west": {"uv": [7.5, 10.1875, 7.5625, 11.375], "texture": "#voxels_atlas"},
				"up": {"uv": [13.6875, 15.0625, 13.9375, 15], "texture": "#voxels_atlas"},
				"down": {"uv": [13.4375, 15, 13.6875, 15.0625], "texture": "#voxels_atlas"}
			}
		},
		{
			"name": "Voxels",
			"from": [13.25, -7.75, -1.25],
			"to": [14.25, -3.5, -1],
			"faces": {
				"north": {"uv": [6.6875, 13.5, 6.4375, 14.5625], "texture": "#voxels_atlas"},
				"east": {"uv": [7.875, 10.3125, 7.8125, 11.375], "texture": "#voxels_atlas"},
				"south": {"uv": [6.1875, 13.5, 6.4375, 14.5625], "texture": "#voxels_atlas"},
				"west": {"uv": [7.75, 10.3125, 7.8125, 11.375], "texture": "#voxels_atlas"},
				"up": {"uv": [14.9375, 15.0625, 15.1875, 15], "texture": "#voxels_atlas"},
				"down": {"uv": [14.6875, 15, 14.9375, 15.0625], "texture": "#voxels_atlas"}
			}
		},
		{
			"name": "Voxels",
			"from": [13.25, -7.75, 3.25],
			"to": [14.25, -3.5, 3.5],
			"faces": {
				"north": {"uv": [6.1875, 13.5, 5.9375, 14.5625], "texture": "#voxels_atlas"},
				"east": {"uv": [7.875, 9.25, 7.8125, 10.3125], "texture": "#voxels_atlas"},
				"south": {"uv": [5.6875, 13.5, 5.9375, 14.5625], "texture": "#voxels_atlas"},
				"west": {"uv": [7.875, 10.3125, 7.9375, 11.375], "texture": "#voxels_atlas"},
				"up": {"uv": [8.6875, 14.875, 8.9375, 14.8125], "texture": "#voxels_atlas"},
				"down": {"uv": [8.6875, 14.875, 8.9375, 14.9375], "texture": "#voxels_atlas"}
			}
		},
		{
			"name": "Voxels",
			"from": [13.25, -7.5, -1.5],
			"to": [14.25, -3.75, -1.25],
			"faces": {
				"north": {"uv": [5.6875, 12.3125, 5.4375, 13.25], "texture": "#voxels_atlas"},
				"east": {"uv": [8, 11.6875, 7.9375, 12.625], "texture": "#voxels_atlas"},
				"south": {"uv": [5.1875, 12.3125, 5.4375, 13.25], "texture": "#voxels_atlas"},
				"west": {"uv": [7.9375, 12.625, 8, 13.5625], "texture": "#voxels_atlas"},
				"up": {"uv": [15.6875, 15.0625, 15.9375, 15], "texture": "#voxels_atlas"},
				"down": {"uv": [8.6875, 14.9375, 8.9375, 15], "texture": "#voxels_atlas"}
			}
		},
		{
			"name": "Voxels",
			"from": [13.25, -7.5, 3.5],
			"to": [14.25, -3.75, 3.75],
			"faces": {
				"north": {"uv": [5.9375, 12.3125, 5.6875, 13.25], "texture": "#voxels_atlas"},
				"east": {"uv": [8, 9.8125, 7.9375, 10.75], "texture": "#voxels_atlas"},
				"south": {"uv": [5.9375, 12.3125, 6.1875, 13.25], "texture": "#voxels_atlas"},
				"west": {"uv": [7.9375, 10.75, 8, 11.6875], "texture": "#voxels_atlas"},
				"up": {"uv": [12.9375, 15.0625, 13.1875, 15], "texture": "#voxels_atlas"},
				"down": {"uv": [13.1875, 15, 13.4375, 15.0625], "texture": "#voxels_atlas"}
			}
		},
		{
			"name": "Voxels",
			"from": [13.25, -7, -1.75],
			"to": [14.25, -4.25, -1.5],
			"faces": {
				"north": {"uv": [5.125, 9.5625, 4.875, 10.25], "texture": "#voxels_atlas"},
				"east": {"uv": [8.5, 10.5625, 8.4375, 11.25], "texture": "#voxels_atlas"},
				"south": {"uv": [4.625, 8.4375, 4.875, 9.125], "texture": "#voxels_atlas"},
				"west": {"uv": [8.375, 10.5625, 8.4375, 11.25], "texture": "#voxels_atlas"},
				"up": {"uv": [9.6875, 15.0625, 9.9375, 15], "texture": "#voxels_atlas"},
				"down": {"uv": [9.4375, 15, 9.6875, 15.0625], "texture": "#voxels_atlas"}
			}
		},
		{
			"name": "Voxels",
			"from": [13.25, -7, 3.75],
			"to": [14.25, -4.25, 4],
			"faces": {
				"north": {"uv": [4.875, 9.125, 4.625, 9.8125], "texture": "#voxels_atlas"},
				"east": {"uv": [8.3125, 9.875, 8.25, 10.5625], "texture": "#voxels_atlas"},
				"south": {"uv": [4.625, 9.8125, 4.875, 10.5], "texture": "#voxels_atlas"},
				"west": {"uv": [8.1875, 9.875, 8.25, 10.5625], "texture": "#voxels_atlas"},
				"up": {"uv": [11.9375, 15.0625, 12.1875, 15], "texture": "#voxels_atlas"},
				"down": {"uv": [11.6875, 15, 11.9375, 15.0625], "texture": "#voxels_atlas"}
			}
		},
		{
			"name": "Voxels",
			"from": [13.25, -6.5, -2],
			"to": [14.25, -4.75, -1.75],
			"faces": {
				"north": {"uv": [7.9375, 14.9375, 7.6875, 15.375], "texture": "#voxels_atlas"},
				"east": {"uv": [8.625, 11.1875, 8.5625, 11.625], "texture": "#voxels_atlas"},
				"south": {"uv": [7.6875, 14.5, 7.9375, 14.9375], "texture": "#voxels_atlas"},
				"west": {"uv": [8.5625, 10.75, 8.625, 11.1875], "texture": "#voxels_atlas"},
				"up": {"uv": [8.6875, 11.25, 8.9375, 11.1875], "texture": "#voxels_atlas"},
				"down": {"uv": [6.625, 10.75, 6.875, 10.8125], "texture": "#voxels_atlas"}
			}
		},
		{
			"name": "Voxels",
			"from": [13.25, -6.5, 4],
			"to": [14.25, -4.75, 4.25],
			"faces": {
				"north": {"uv": [7.9375, 14.0625, 7.6875, 14.5], "texture": "#voxels_atlas"},
				"east": {"uv": [8.625, 12.0625, 8.5625, 12.5], "texture": "#voxels_atlas"},
				"south": {"uv": [7.6875, 13.625, 7.9375, 14.0625], "texture": "#voxels_atlas"},
				"west": {"uv": [8.5625, 11.625, 8.625, 12.0625], "texture": "#voxels_atlas"},
				"up": {"uv": [8.6875, 11.5625, 8.9375, 11.5], "texture": "#voxels_atlas"},
				"down": {"uv": [8.6875, 11.625, 8.9375, 11.6875], "texture": "#voxels_atlas"}
			}
		},
		{
			"name": "Voxels",
			"from": [13.5, -11.25, 0.25],
			"to": [13.75, -0.5, 2],
			"faces": {
				"north": {"uv": [7.25, 13.1875, 7.1875, 15.875], "texture": "#voxels_atlas"},
				"east": {"uv": [1.625, 12.1875, 1.1875, 14.875], "texture": "#voxels_atlas"},
				"south": {"uv": [7.1875, 10.5, 7.25, 13.1875], "texture": "#voxels_atlas"},
				"west": {"uv": [0.75, 12.1875, 1.1875, 14.875], "texture": "#voxels_atlas"},
				"up": {"uv": [8.5625, 13.375, 8.625, 12.9375], "texture": "#voxels_atlas"},
				"down": {"uv": [8.5625, 12.5, 8.625, 12.9375], "texture": "#voxels_atlas"}
			}
		},
		{
			"name": "Voxels",
			"from": [13.5, -8.5, 0],
			"to": [14.25, -2.75, 0.25],
			"faces": {
				"north": {"uv": [4.25, 11.8125, 4.0625, 13.25], "texture": "#voxels_atlas"},
				"east": {"uv": [7.4375, 11.875, 7.375, 13.3125], "texture": "#voxels_atlas"},
				"south": {"uv": [4.25, 11.8125, 4.4375, 13.25], "texture": "#voxels_atlas"},
				"west": {"uv": [7.4375, 13.3125, 7.5, 14.75], "texture": "#voxels_atlas"},
				"up": {"uv": [8.375, 8.875, 8.5625, 8.8125], "texture": "#voxels_atlas"},
				"down": {"uv": [8.375, 8.875, 8.5625, 8.9375], "texture": "#voxels_atlas"}
			}
		},
		{
			"name": "Voxels",
			"from": [13.5, -8.5, 2],
			"to": [14.25, -2.75, 2.25],
			"faces": {
				"north": {"uv": [4.625, 11.8125, 4.4375, 13.25], "texture": "#voxels_atlas"},
				"east": {"uv": [7.4375, 9, 7.375, 10.4375], "texture": "#voxels_atlas"},
				"south": {"uv": [4.625, 11.8125, 4.8125, 13.25], "texture": "#voxels_atlas"},
				"west": {"uv": [7.4375, 10.4375, 7.5, 11.875], "texture": "#voxels_atlas"},
				"up": {"uv": [8.375, 9.0625, 8.5625, 9], "texture": "#voxels_atlas"},
				"down": {"uv": [8.375, 8.9375, 8.5625, 9], "texture": "#voxels_atlas"}
			}
		},
		{
			"name": "Voxels",
			"from": [13.75, -8.75, 0.25],
			"to": [14.25, -2.5, 2],
			"faces": {
				"north": {"uv": [4, 8.0625, 3.875, 9.625], "texture": "#voxels_atlas"},
				"east": {"uv": [2.0625, 13.3125, 1.625, 14.875], "texture": "#voxels_atlas"},
				"south": {"uv": [3.875, 9.625, 4, 11.1875], "texture": "#voxels_atlas"},
				"west": {"uv": [2.0625, 13.3125, 2.5, 14.875], "texture": "#voxels_atlas"},
				"up": {"uv": [5.625, 8.4375, 5.75, 8], "texture": "#voxels_atlas"},
				"down": {"uv": [5.5, 8, 5.625, 8.4375], "texture": "#voxels_atlas"}
			}
		},
		{
			"name": "Voxels",
			"from": [14.25, -8.5, 0.25],
			"to": [15, -2.75, 2],
			"faces": {
				"north": {"uv": [4.0625, 11.8125, 3.875, 13.25], "texture": "#voxels_atlas"},
				"east": {"uv": [2.0625, 11.875, 1.625, 13.3125], "texture": "#voxels_atlas"},
				"south": {"uv": [3.6875, 11.8125, 3.875, 13.25], "texture": "#voxels_atlas"},
				"west": {"uv": [2.0625, 11.875, 2.5, 13.3125], "texture": "#voxels_atlas"},
				"up": {"uv": [7.5, 12.4375, 7.6875, 12], "texture": "#voxels_atlas"},
				"down": {"uv": [7.5, 12.4375, 7.6875, 12.875], "texture": "#voxels_atlas"}
			}
		},
		{
			"name": "Voxels",
			"from": [14.25, -8.25, -0.25],
			"to": [15, -3, 0.25],
			"faces": {
				"north": {"uv": [5.1875, 11.9375, 5, 13.25], "texture": "#voxels_atlas"},
				"east": {"uv": [5.5, 8.4375, 5.375, 9.75], "texture": "#voxels_atlas"},
				"south": {"uv": [4.8125, 11.9375, 5, 13.25], "texture": "#voxels_atlas"},
				"west": {"uv": [5.25, 8.4375, 5.375, 9.75], "texture": "#voxels_atlas"},
				"up": {"uv": [5, 11.9375, 5.1875, 11.8125], "texture": "#voxels_atlas"},
				"down": {"uv": [6.5625, 11.9375, 6.75, 12.0625], "texture": "#voxels_atlas"}
			}
		},
		{
			"name": "Voxels",
			"from": [14.25, -8.25, 2],
			"to": [15, -3, 2.5],
			"faces": {
				"north": {"uv": [6.875, 13.25, 6.6875, 14.5625], "texture": "#voxels_atlas"},
				"east": {"uv": [5.75, 8.4375, 5.625, 9.75], "texture": "#voxels_atlas"},
				"south": {"uv": [6.875, 13.25, 7.0625, 14.5625], "texture": "#voxels_atlas"},
				"west": {"uv": [5.5, 8.4375, 5.625, 9.75], "texture": "#voxels_atlas"},
				"up": {"uv": [6.875, 8.125, 7.0625, 8], "texture": "#voxels_atlas"},
				"down": {"uv": [4.8125, 11.8125, 5, 11.9375], "texture": "#voxels_atlas"}
			}
		},
		{
			"name": "Voxels",
			"from": [14.25, -8, -0.75],
			"to": [15, -3.25, -0.25],
			"faces": {
				"north": {"uv": [6.9375, 12.0625, 6.75, 13.25], "texture": "#voxels_atlas"},
				"east": {"uv": [6.875, 8.5625, 6.75, 9.75], "texture": "#voxels_atlas"},
				"south": {"uv": [6.5625, 12.0625, 6.75, 13.25], "texture": "#voxels_atlas"},
				"west": {"uv": [6.625, 8.5625, 6.75, 9.75], "texture": "#voxels_atlas"},
				"up": {"uv": [7.5, 8.125, 7.6875, 8], "texture": "#voxels_atlas"},
				"down": {"uv": [7.75, 12.4375, 7.9375, 12.5625], "texture": "#voxels_atlas"}
			}
		},
		{
			"name": "Voxels",
			"from": [14.25, -8, 2.5],
			"to": [15, -3.25, 3],
			"faces": {
				"north": {"uv": [6.375, 12.0625, 6.1875, 13.25], "texture": "#voxels_atlas"},
				"east": {"uv": [7.375, 14.625, 7.25, 15.8125], "texture": "#voxels_atlas"},
				"south": {"uv": [6.375, 12.0625, 6.5625, 13.25], "texture": "#voxels_atlas"},
				"west": {"uv": [6.875, 8.5625, 7, 9.75], "texture": "#voxels_atlas"},
				"up": {"uv": [7.5, 8.25, 7.6875, 8.125], "texture": "#voxels_atlas"},
				"down": {"uv": [4.4375, 8.5, 4.625, 8.625], "texture": "#voxels_atlas"}
			}
		},
		{
			"name": "Voxels",
			"from": [14.25, -7.75, -1],
			"to": [15, -3.5, -0.75],
			"faces": {
				"north": {"uv": [3.6875, 8.0625, 3.5, 9.125], "texture": "#voxels_atlas"},
				"east": {"uv": [7.9375, 11.375, 7.875, 12.4375], "texture": "#voxels_atlas"},
				"south": {"uv": [3.6875, 10.125, 3.875, 11.1875], "texture": "#voxels_atlas"},
				"west": {"uv": [7.6875, 10.3125, 7.75, 11.375], "texture": "#voxels_atlas"},
				"up": {"uv": [8.375, 9.625, 8.5625, 9.5625], "texture": "#voxels_atlas"},
				"down": {"uv": [8.375, 9.8125, 8.5625, 9.875], "texture": "#voxels_atlas"}
			}
		},
		{
			"name": "Voxels",
			"from": [14.25, -7.75, 3],
			"to": [15, -3.5, 3.25],
			"faces": {
				"north": {"uv": [3.875, 9.0625, 3.6875, 10.125], "texture": "#voxels_atlas"},
				"east": {"uv": [7.75, 9.25, 7.6875, 10.3125], "texture": "#voxels_atlas"},
				"south": {"uv": [3.6875, 8, 3.875, 9.0625], "texture": "#voxels_atlas"},
				"west": {"uv": [7.75, 9.25, 7.8125, 10.3125], "texture": "#voxels_atlas"},
				"up": {"uv": [8.375, 9.375, 8.5625, 9.3125], "texture": "#voxels_atlas"},
				"down": {"uv": [8.375, 9.375, 8.5625, 9.4375], "texture": "#voxels_atlas"}
			}
		},
		{
			"name": "Voxels",
			"from": [14.25, -7.5, -1.25],
			"to": [15, -3.75, -1],
			"faces": {
				"north": {"uv": [4.4375, 8.375, 4.25, 9.3125], "texture": "#voxels_atlas"},
				"east": {"uv": [8.125, 12.625, 8.0625, 13.5625], "texture": "#voxels_atlas"},
				"south": {"uv": [4.4375, 9.3125, 4.625, 10.25], "texture": "#voxels_atlas"},
				"west": {"uv": [8.0625, 11.6875, 8.125, 12.625], "texture": "#voxels_atlas"},
				"up": {"uv": [6.875, 11.375, 7.0625, 11.3125], "texture": "#voxels_atlas"},
				"down": {"uv": [8.375, 9.625, 8.5625, 9.6875], "texture": "#voxels_atlas"}
			}
		},
		{
			"name": "Voxels",
			"from": [14.25, -7.5, 3.25],
			"to": [15, -3.75, 3.5],
			"faces": {
				"north": {"uv": [4.4375, 9.3125, 4.25, 10.25], "texture": "#voxels_atlas"},
				"east": {"uv": [8.125, 14.5, 8.0625, 15.4375], "texture": "#voxels_atlas"},
				"south": {"uv": [4, 8.3125, 4.1875, 9.25], "texture": "#voxels_atlas"},
				"west": {"uv": [8.0625, 13.5625, 8.125, 14.5], "texture": "#voxels_atlas"},
				"up": {"uv": [8.375, 9.125, 8.5625, 9.0625], "texture": "#voxels_atlas"},
				"down": {"uv": [8.375, 9.1875, 8.5625, 9.25], "texture": "#voxels_atlas"}
			}
		},
		{
			"name": "Voxels",
			"from": [14.25, -7, -1.5],
			"to": [15, -4.25, -1.25],
			"faces": {
				"north": {"uv": [7.6875, 13.75, 7.5, 14.4375], "texture": "#voxels_atlas"},
				"east": {"uv": [8.375, 10.5625, 8.3125, 11.25], "texture": "#voxels_atlas"},
				"south": {"uv": [7.5, 14.4375, 7.6875, 15.125], "texture": "#voxels_atlas"},
				"west": {"uv": [8.0625, 8, 8.125, 8.6875], "texture": "#voxels_atlas"},
				"up": {"uv": [8.375, 9.3125, 8.5625, 9.25], "texture": "#voxels_atlas"},
				"down": {"uv": [8.375, 9.125, 8.5625, 9.1875], "texture": "#voxels_atlas"}
			}
		},
		{
			"name": "Voxels",
			"from": [14.25, -7, 3.5],
			"to": [15, -4.25, 3.75],
			"faces": {
				"north": {"uv": [7.6875, 15.125, 7.5, 15.8125], "texture": "#voxels_atlas"},
				"east": {"uv": [8.5625, 9.875, 8.5, 10.5625], "texture": "#voxels_atlas"},
				"south": {"uv": [4.4375, 8.625, 4.625, 9.3125], "texture": "#voxels_atlas"},
				"west": {"uv": [8.4375, 9.875, 8.5, 10.5625], "texture": "#voxels_atlas"},
				"up": {"uv": [8.375, 9.75, 8.5625, 9.6875], "texture": "#voxels_atlas"},
				"down": {"uv": [8.375, 9.75, 8.5625, 9.8125], "texture": "#voxels_atlas"}
			}
		},
		{
			"name": "Voxels",
			"from": [14.25, -6.5, -1.75],
			"to": [15, -4.75, -1.5],
			"faces": {
				"north": {"uv": [7.0625, 11.375, 6.875, 11.8125], "texture": "#voxels_atlas"},
				"east": {"uv": [8.625, 8.5625, 8.5625, 9], "texture": "#voxels_atlas"},
				"south": {"uv": [6.875, 8.125, 7.0625, 8.5625], "texture": "#voxels_atlas"},
				"west": {"uv": [8.5625, 9, 8.625, 9.4375], "texture": "#voxels_atlas"},
				"up": {"uv": [3.5, 8.0625, 3.6875, 8], "texture": "#voxels_atlas"},
				"down": {"uv": [14.5, 15.4375, 14.6875, 15.5], "texture": "#voxels_atlas"}
			}
		},
		{
			"name": "Voxels",
			"from": [14.25, -6.5, 3.75],
			"to": [15, -4.75, 4],
			"faces": {
				"north": {"uv": [7.6875, 13.3125, 7.5, 13.75], "texture": "#voxels_atlas"},
				"east": {"uv": [8.6875, 14.6875, 8.625, 15.125], "texture": "#voxels_atlas"},
				"south": {"uv": [7.5, 12.875, 7.6875, 13.3125], "texture": "#voxels_atlas"},
				"west": {"uv": [8.5625, 8.125, 8.625, 8.5625], "texture": "#voxels_atlas"},
				"up": {"uv": [8.375, 9.5, 8.5625, 9.4375], "texture": "#voxels_atlas"},
				"down": {"uv": [8.375, 9.5, 8.5625, 9.5625], "texture": "#voxels_atlas"}
			}
		},
		{
			"name": "Voxels",
			"from": [15, -8.25, 0.25],
			"to": [15.25, -3, 2],
			"faces": {
				"north": {"uv": [7.5, 9.125, 7.4375, 10.4375], "texture": "#voxels_atlas"},
				"east": {"uv": [1.375, 9.75, 0.9375, 11.0625], "texture": "#voxels_atlas"},
				"south": {"uv": [7.125, 8, 7.1875, 9.3125], "texture": "#voxels_atlas"},
				"west": {"uv": [0.9375, 8.4375, 1.375, 9.75], "texture": "#voxels_atlas"},
				"up": {"uv": [8.625, 14.25, 8.6875, 13.8125], "texture": "#voxels_atlas"},
				"down": {"uv": [8.625, 14.25, 8.6875, 14.6875], "texture": "#voxels_atlas"}
			}
		},
		{
			"name": "Voxels",
			"from": [15, -8, -0.25],
			"to": [15.25, -3.25, 0.25],
			"faces": {
				"north": {"uv": [7.6875, 9, 7.625, 10.1875], "texture": "#voxels_atlas"},
				"east": {"uv": [6.375, 8.5625, 6.25, 9.75], "texture": "#voxels_atlas"},
				"south": {"uv": [7.6875, 12.4375, 7.75, 13.625], "texture": "#voxels_atlas"},
				"west": {"uv": [6.125, 8.5625, 6.25, 9.75], "texture": "#voxels_atlas"},
				"up": {"uv": [8.6875, 8.9375, 8.75, 8.8125], "texture": "#voxels_atlas"},
				"down": {"uv": [8.625, 8, 8.6875, 8.125], "texture": "#voxels_atlas"}
			}
		},
		{
			"name": "Voxels",
			"from": [15, -8, 2],
			"to": [15.25, -3.25, 2.5],
			"faces": {
				"north": {"uv": [7.625, 10.1875, 7.5625, 11.375], "texture": "#voxels_atlas"},
				"east": {"uv": [6.625, 8.5625, 6.5, 9.75], "texture": "#voxels_atlas"},
				"south": {"uv": [7.625, 10.1875, 7.6875, 11.375], "texture": "#voxels_atlas"},
				"west": {"uv": [6.375, 8.5625, 6.5, 9.75], "texture": "#voxels_atlas"},
				"up": {"uv": [8.6875, 8.8125, 8.75, 8.6875], "texture": "#voxels_atlas"},
				"down": {"uv": [8.875, 8.8125, 8.9375, 8.9375], "texture": "#voxels_atlas"}
			}
		},
		{
			"name": "Voxels",
			"from": [15, -7.75, -0.75],
			"to": [15.25, -3.5, -0.25],
			"faces": {
				"north": {"uv": [7.125, 8, 7.0625, 9.0625], "texture": "#voxels_atlas"},
				"east": {"uv": [7.375, 12.5, 7.25, 13.5625], "texture": "#voxels_atlas"},
				"south": {"uv": [7.1875, 8, 7.25, 9.0625], "texture": "#voxels_atlas"},
				"west": {"uv": [7.25, 11.4375, 7.375, 12.5], "texture": "#voxels_atlas"},
				"up": {"uv": [8.5, 12.1875, 8.5625, 12.0625], "texture": "#voxels_atlas"},
				"down": {"uv": [8.5, 12.1875, 8.5625, 12.3125], "texture": "#voxels_atlas"}
			}
		},
		{
			"name": "Voxels",
			"from": [15, -7.75, 2.5],
			"to": [15.25, -3.5, 3],
			"faces": {
				"north": {"uv": [7.8125, 12.5625, 7.75, 13.625], "texture": "#voxels_atlas"},
				"east": {"uv": [7.375, 9.3125, 7.25, 10.375], "texture": "#voxels_atlas"},
				"south": {"uv": [7.8125, 12.5625, 7.875, 13.625], "texture": "#voxels_atlas"},
				"west": {"uv": [7.25, 10.375, 7.375, 11.4375], "texture": "#voxels_atlas"},
				"up": {"uv": [8.125, 8.25, 8.1875, 8.125], "texture": "#voxels_atlas"},
				"down": {"uv": [8.5, 11.9375, 8.5625, 12.0625], "texture": "#voxels_atlas"}
			}
		},
		{
			"name": "Voxels",
			"from": [15, -7.5, -1],
			"to": [15.25, -3.75, -0.75],
			"faces": {
				"north": {"uv": [8, 13.5625, 7.9375, 14.5], "texture": "#voxels_atlas"},
				"east": {"uv": [7.875, 8.3125, 7.8125, 9.25], "texture": "#voxels_atlas"},
				"south": {"uv": [7.9375, 14.5, 8, 15.4375], "texture": "#voxels_atlas"},
				"west": {"uv": [7.875, 8.3125, 7.9375, 9.25], "texture": "#voxels_atlas"},
				"up": {"uv": [8.875, 10.1875, 8.9375, 10.125], "texture": "#voxels_atlas"},
				"down": {"uv": [8.875, 10.0625, 8.9375, 10.125], "texture": "#voxels_atlas"}
			}
		},
		{
			"name": "Voxels",
			"from": [15, -7.5, 3],
			"to": [15.25, -3.75, 3.25],
			"faces": {
				"north": {"uv": [7.9375, 9.375, 7.875, 10.3125], "texture": "#voxels_atlas"},
				"east": {"uv": [8.0625, 8.875, 8, 9.8125], "texture": "#voxels_atlas"},
				"south": {"uv": [4.1875, 8.3125, 4.25, 9.25], "texture": "#voxels_atlas"},
				"west": {"uv": [8, 9.8125, 8.0625, 10.75], "texture": "#voxels_atlas"},
				"up": {"uv": [8.875, 10.5625, 8.9375, 10.5], "texture": "#voxels_atlas"},
				"down": {"uv": [8.875, 10.4375, 8.9375, 10.5], "texture": "#voxels_atlas"}
			}
		},
		{
			"name": "Voxels",
			"from": [15, -7, -1.25],
			"to": [15.25, -4.25, -1],
			"faces": {
				"north": {"uv": [8.3125, 10.5625, 8.25, 11.25], "texture": "#voxels_atlas"},
				"east": {"uv": [8.5625, 11.25, 8.5, 11.9375], "texture": "#voxels_atlas"},
				"south": {"uv": [8.1875, 10.5625, 8.25, 11.25], "texture": "#voxels_atlas"},
				"west": {"uv": [8.125, 10.5625, 8.1875, 11.25], "texture": "#voxels_atlas"},
				"up": {"uv": [15.9375, 15.9375, 16, 15.875], "texture": "#voxels_atlas"},
				"down": {"uv": [15.9375, 15.6875, 16, 15.75], "texture": "#voxels_atlas"}
			}
		},
		{
			"name": "Voxels",
			"from": [15, -7, 3.25],
			"to": [15.25, -4.25, 3.5],
			"faces": {
				"north": {"uv": [8.25, 11.25, 8.1875, 11.9375], "texture": "#voxels_atlas"},
				"east": {"uv": [8.125, 9.375, 8.0625, 10.0625], "texture": "#voxels_atlas"},
				"south": {"uv": [8.125, 11.25, 8.1875, 11.9375], "texture": "#voxels_atlas"},
				"west": {"uv": [8.0625, 8.6875, 8.125, 9.375], "texture": "#voxels_atlas"},
				"up": {"uv": [10.4375, 15, 10.5, 14.9375], "texture": "#voxels_atlas"},
				"down": {"uv": [10.5, 14.9375, 10.5625, 15], "texture": "#voxels_atlas"}
			}
		},
		{
			"name": "Voxels",
			"from": [15, -6.75, -1.5],
			"to": [15.25, -4.75, -1.25],
			"faces": {
				"north": {"uv": [8.3125, 8.25, 8.25, 8.75], "texture": "#voxels_atlas"},
				"east": {"uv": [6.3125, 8.0625, 6.25, 8.5625], "texture": "#voxels_atlas"},
				"south": {"uv": [8.1875, 8.25, 8.25, 8.75], "texture": "#voxels_atlas"},
				"west": {"uv": [6.3125, 8.0625, 6.375, 8.5625], "texture": "#voxels_atlas"},
				"up": {"uv": [8.875, 9.3125, 8.9375, 9.25], "texture": "#voxels_atlas"},
				"down": {"uv": [8.875, 9.1875, 8.9375, 9.25], "texture": "#voxels_atlas"}
			}
		},
		{
			"name": "Voxels",
			"from": [15, -6.5, 3.5],
			"to": [15.25, -4.75, 3.75],
			"faces": {
				"north": {"uv": [8.6875, 12.5, 8.625, 12.9375], "texture": "#voxels_atlas"},
				"east": {"uv": [8.6875, 11.1875, 8.625, 11.625], "texture": "#voxels_atlas"},
				"south": {"uv": [8.625, 12.0625, 8.6875, 12.5], "texture": "#voxels_atlas"},
				"west": {"uv": [8.625, 11.625, 8.6875, 12.0625], "texture": "#voxels_atlas"},
				"up": {"uv": [8.875, 9.6875, 8.9375, 9.625], "texture": "#voxels_atlas"},
				"down": {"uv": [8.875, 9.5625, 8.9375, 9.625], "texture": "#voxels_atlas"}
			}
		}
	],
	"display": {
		"thirdperson_righthand": {
			"rotation": [-90, 0, 0],
			"translation": [0.6956, 0.35, -3.776],
			"scale": [0.2938, 0.2938, 0.2938]
		},
		"thirdperson_lefthand": {
			"rotation": [-90, 0, 0],
			"translation": [0.6956, 0.35, -3.776],
			"scale": [0.2938, 0.2938, 0.2938]
		},
		"firstperson_righthand": {
			"rotation": [10, 5, 0],
			"translation": [6.2853, 4.5708, 0],
			"scale": [0.6271, 0.6271, 0.6271]
		},
		"firstperson_lefthand": {
			"rotation": [10, 5, 0],
			"translation": [6.2853, 4.5708, 0],
			"scale": [0.6271, 0.6271, 0.6271]
		},
		"ground": {
			"rotation": [90, 0, 0],
			"translation": [0.7663, -6.276, 8.9782],
			"scale": [0.6538, 0.6538, 0.6538]
		},
		"gui": {
			"rotation": [81, -2, 26],
			"translation": [-3.243, -4.659, 1.1874],
			"scale": [0.7156, 0.7156, 0.7156]
		},
		"head": {
			"rotation": [90, 0, -180],
			"translation": [-1.51, -7.722, -14.15]
		},
		"fixed": {
			"rotation": [-90, 180, 0],
			"translation": [-1.852, -5.516, -12.72]
		}
	}
}