{
	"credit": "Made with Blockbench",
	"textures": {
		"texture": "item/charcoal/44-2",
		"mesh_atlas": "item/charcoal/44"
	},
	"elements": [
		{
			"name": "PlaneZ1",
			"from": [10, 6.5, 0],
			"to": [15, 9.5, 0.001],
			"faces": {
				"north": {"uv": [1.5625, 0.03125, 16, 9.625], "texture": "#texture"},
				"south": {"uv": [10, 6.5, 15, 9.5], "texture": "#texture"}
			}
		},
		{
			"name": "PlaneZ1",
			"from": [13.875, 6.5, 0],
			"to": [14.5625, 7, 0.001],
			"faces": {
				"north": {"uv": [4, 2.34375, 5, 4.875], "texture": "#texture"},
				"south": {"uv": [10, 6.5, 15, 9.5], "texture": "#texture"}
			}
		},
		{
			"name": "PlaneZ1",
			"from": [1, 6.5, 0],
			"to": [6, 9.5, 0.001],
			"faces": {
				"north": {"uv": [1.5625, 0.03125, 16, 9.625], "texture": "#texture"},
				"south": {"uv": [10, 6.5, 15, 9.5], "texture": "#texture"}
			}
		},
		{
			"name": "PlaneZ1",
			"from": [4.875, 6.5, 0],
			"to": [5.5625, 7, 0.001],
			"faces": {
				"north": {"uv": [4, 2.34375, 5, 4.875], "texture": "#texture"},
				"south": {"uv": [10, 6.5, 15, 9.5], "texture": "#texture"}
			}
		},
		{
			"name": "Voxels",
			"from": [-1.5, 4.5, 12.5],
			"to": [-0.5, 5, 13],
			"faces": {
				"north": {"uv": [3.75, 6, 3.25, 6.25], "texture": "#mesh_atlas"},
				"east": {"uv": [6.5, 2.5, 6.25, 2.75], "texture": "#mesh_atlas"},
				"south": {"uv": [6, 7.25, 6.5, 7.5], "texture": "#mesh_atlas"},
				"west": {"uv": [6.25, 1.25, 6.5, 1.5], "texture": "#mesh_atlas"},
				"up": {"uv": [3.25, 6.5, 3.75, 6.25], "texture": "#mesh_atlas"},
				"down": {"uv": [3.25, 6.5, 3.75, 6.75], "texture": "#mesh_atlas"}
			}
		},
		{
			"name": "Voxels",
			"from": [-1.5, 5, 13],
			"to": [-0.5, 7.5, 13.5],
			"faces": {
				"north": {"uv": [0.5, 2.25, 0, 3.5], "texture": "#mesh_atlas"},
				"east": {"uv": [1, 0.25, 0.75, 1.5], "texture": "#mesh_atlas"},
				"south": {"uv": [0, 3.5, 0.5, 4.75], "texture": "#mesh_atlas"},
				"west": {"uv": [3.25, 1.5, 3.5, 2.75], "texture": "#mesh_atlas"},
				"up": {"uv": [6, 7, 6.5, 6.75], "texture": "#mesh_atlas"},
				"down": {"uv": [6, 7, 6.5, 7.25], "texture": "#mesh_atlas"}
			}
		},
		{
			"name": "Voxels",
			"from": [-1.5, 7.5, 11.5],
			"to": [-0.5, 8, 13],
			"faces": {
				"north": {"uv": [6.25, 6.25, 5.75, 6.5], "texture": "#mesh_atlas"},
				"east": {"uv": [6.5, 9, 5.75, 9.25], "texture": "#mesh_atlas"},
				"south": {"uv": [5.75, 5, 6.25, 5.25], "texture": "#mesh_atlas"},
				"west": {"uv": [5.75, 8.75, 6.5, 9], "texture": "#mesh_atlas"},
				"up": {"uv": [0, 1, 0.5, 0.25], "texture": "#mesh_atlas"},
				"down": {"uv": [2, 4, 2.5, 4.75], "texture": "#mesh_atlas"}
			}
		},
		{
			"name": "Voxels",
			"from": [-1.5, 8, -0.5],
			"to": [0.5, 8.5, 1],
			"faces": {
				"north": {"uv": [4.75, 5.5, 3.75, 5.75], "texture": "#mesh_atlas"},
				"east": {"uv": [12.5, 9.5, 11.75, 9.75], "texture": "#mesh_atlas"},
				"south": {"uv": [3.75, 5.25, 4.75, 5.5], "texture": "#mesh_atlas"},
				"west": {"uv": [12.5, 9.5, 13.25, 9.75], "texture": "#mesh_atlas"},
				"up": {"uv": [1.5, 12.75, 2.5, 12], "texture": "#mesh_atlas"},
				"down": {"uv": [1.5, 4.75, 2.5, 5.5], "texture": "#mesh_atlas"}
			}
		},
		{
			"name": "Voxels",
			"from": [-1.5, 8, 1],
			"to": [-0.5, 8.5, 11.5],
			"faces": {
				"north": {"uv": [6.25, 4.75, 5.75, 5], "texture": "#mesh_atlas"},
				"east": {"uv": [12, 14, 6.75, 14.25], "texture": "#mesh_atlas"},
				"south": {"uv": [5.75, 3.5, 6.25, 3.75], "texture": "#mesh_atlas"},
				"west": {"uv": [1.5, 14, 6.75, 14.25], "texture": "#mesh_atlas"},
				"up": {"uv": [0, 15.25, 0.5, 10], "texture": "#mesh_atlas"},
				"down": {"uv": [0, 4.75, 0.5, 10], "texture": "#mesh_atlas"}
			}
		},
		{
			"name": "Voxels",
			"from": [-1, 4, 12],
			"to": [-0.5, 5, 12.5],
			"faces": {
				"north": {"uv": [3.75, 11.25, 3.5, 11.75], "texture": "#mesh_atlas"},
				"east": {"uv": [3.75, 9.75, 3.5, 10.25], "texture": "#mesh_atlas"},
				"south": {"uv": [3.5, 10.75, 3.75, 11.25], "texture": "#mesh_atlas"},
				"west": {"uv": [3.5, 10.25, 3.75, 10.75], "texture": "#mesh_atlas"},
				"up": {"uv": [6.25, 4, 6.5, 3.75], "texture": "#mesh_atlas"},
				"down": {"uv": [6.25, 3.5, 6.5, 3.75], "texture": "#mesh_atlas"}
			}
		},
		{
			"name": "Voxels",
			"from": [-1, 4, 12.5],
			"to": [-0.5, 4.5, 13.5],
			"faces": {
				"north": {"uv": [6.5, 4, 6.25, 4.25], "texture": "#mesh_atlas"},
				"east": {"uv": [6.25, 2.5, 5.75, 2.75], "texture": "#mesh_atlas"},
				"south": {"uv": [6.25, 4.25, 6.5, 4.5], "texture": "#mesh_atlas"},
				"west": {"uv": [5.75, 2.75, 6.25, 3], "texture": "#mesh_atlas"},
				"up": {"uv": [6, 3.5, 6.25, 3], "texture": "#mesh_atlas"},
				"down": {"uv": [5.75, 3, 6, 3.5], "texture": "#mesh_atlas"}
			}
		},
		{
			"name": "Voxels",
			"from": [-1, 4.5, 13],
			"to": [-0.5, 5, 13.5],
			"faces": {
				"north": {"uv": [6.5, 5.5, 6.25, 5.75], "texture": "#mesh_atlas"},
				"east": {"uv": [5.5, 7.75, 5.25, 8], "texture": "#mesh_atlas"},
				"south": {"uv": [6.25, 5.75, 6.5, 6], "texture": "#mesh_atlas"},
				"west": {"uv": [15.75, 9.75, 16, 10], "texture": "#mesh_atlas"},
				"up": {"uv": [6.25, 5.5, 6.5, 5.25], "texture": "#mesh_atlas"},
				"down": {"uv": [6.25, 5, 6.5, 5.25], "texture": "#mesh_atlas"}
			}
		},
		{
			"name": "Voxels",
			"from": [-1, 5, 12.5],
			"to": [-0.5, 7.5, 13],
			"faces": {
				"north": {"uv": [1.5, 0, 1.25, 1.25], "texture": "#mesh_atlas"},
				"east": {"uv": [2.75, 1.5, 2.5, 2.75], "texture": "#mesh_atlas"},
				"south": {"uv": [2.5, 0.25, 2.75, 1.5], "texture": "#mesh_atlas"},
				"west": {"uv": [3.5, 2.75, 3.75, 4], "texture": "#mesh_atlas"},
				"up": {"uv": [15.75, 11, 16, 10.75], "texture": "#mesh_atlas"},
				"down": {"uv": [5.25, 8, 5.5, 8.25], "texture": "#mesh_atlas"}
			}
		},
		{
			"name": "Voxels",
			"from": [-1, 5, 13.5],
			"to": [-0.5, 7.5, 14],
			"faces": {
				"north": {"uv": [3, 1.5, 2.75, 2.75], "texture": "#mesh_atlas"},
				"east": {"uv": [1.5, 2.5, 1.25, 3.75], "texture": "#mesh_atlas"},
				"south": {"uv": [3, 1.5, 3.25, 2.75], "texture": "#mesh_atlas"},
				"west": {"uv": [3.5, 1.5, 3.75, 2.75], "texture": "#mesh_atlas"},
				"up": {"uv": [2.75, 0.25, 3, 0], "texture": "#mesh_atlas"},
				"down": {"uv": [15.75, 12, 16, 12.25], "texture": "#mesh_atlas"}
			}
		},
		{
			"name": "Voxels",
			"from": [-1, 7, 11.5],
			"to": [-0.5, 7.5, 12.5],
			"faces": {
				"north": {"uv": [2.75, 0, 2.5, 0.25], "texture": "#mesh_atlas"},
				"east": {"uv": [6.5, 2, 6, 2.25], "texture": "#mesh_atlas"},
				"south": {"uv": [2.25, 7, 2.5, 7.25], "texture": "#mesh_atlas"},
				"west": {"uv": [6, 2.25, 6.5, 2.5], "texture": "#mesh_atlas"},
				"up": {"uv": [5.75, 2.5, 6, 2], "texture": "#mesh_atlas"},
				"down": {"uv": [6.25, 3, 6.5, 3.5], "texture": "#mesh_atlas"}
			}
		},
		{
			"name": "Voxels",
			"from": [-1, 7.5, -0.5],
			"to": [0.5, 8, 1],
			"faces": {
				"north": {"uv": [12, 9.75, 11.25, 10], "texture": "#mesh_atlas"},
				"east": {"uv": [5.5, 0.75, 4.75, 1], "texture": "#mesh_atlas"},
				"south": {"uv": [9.75, 9.75, 10.5, 10], "texture": "#mesh_atlas"},
				"west": {"uv": [7.5, 9.75, 8.25, 10], "texture": "#mesh_atlas"},
				"up": {"uv": [1.5, 3.5, 2.25, 2.75], "texture": "#mesh_atlas"},
				"down": {"uv": [1.5, 2, 2.25, 2.75], "texture": "#mesh_atlas"}
			}
		},
		{
			"name": "Voxels",
			"from": [-1, 7.5, 1],
			"to": [-0.5, 8, 11.5],
			"faces": {
				"north": {"uv": [7.5, 6.75, 7.25, 7], "texture": "#mesh_atlas"},
				"east": {"uv": [12, 13.75, 6.75, 14], "texture": "#mesh_atlas"},
				"south": {"uv": [6.75, 0.5, 7, 0.75], "texture": "#mesh_atlas"},
				"west": {"uv": [9, 14.25, 14.25, 14.5], "texture": "#mesh_atlas"},
				"up": {"uv": [1.25, 14.25, 1.5, 9], "texture": "#mesh_atlas"},
				"down": {"uv": [1, 3.75, 1.25, 9], "texture": "#mesh_atlas"}
			}
		},
		{
			"name": "Voxels",
			"from": [-1, 7.5, 13],
			"to": [-0.5, 8, 13.5],
			"faces": {
				"north": {"uv": [7.5, 8, 7.25, 8.25], "texture": "#mesh_atlas"},
				"east": {"uv": [11.75, 8.5, 11.5, 8.75], "texture": "#mesh_atlas"},
				"south": {"uv": [15, 8.5, 15.25, 8.75], "texture": "#mesh_atlas"},
				"west": {"uv": [11.75, 8.5, 12, 8.75], "texture": "#mesh_atlas"},
				"up": {"uv": [7.25, 8, 7.5, 7.75], "texture": "#mesh_atlas"},
				"down": {"uv": [7.25, 7.5, 7.5, 7.75], "texture": "#mesh_atlas"}
			}
		},
		{
			"name": "Voxels",
			"from": [-1, 8, 11.5],
			"to": [-0.5, 8.5, 13],
			"faces": {
				"north": {"uv": [11.5, 8.5, 11.25, 8.75], "texture": "#mesh_atlas"},
				"east": {"uv": [5.5, 2.5, 4.75, 2.75], "texture": "#mesh_atlas"},
				"south": {"uv": [9.5, 8.5, 9.75, 8.75], "texture": "#mesh_atlas"},
				"west": {"uv": [4.75, 2.25, 5.5, 2.5], "texture": "#mesh_atlas"},
				"up": {"uv": [5.25, 0.75, 5.5, 0], "texture": "#mesh_atlas"},
				"down": {"uv": [5.5, 9, 5.75, 9.75], "texture": "#mesh_atlas"}
			}
		},
		{
			"name": "Voxels",
			"from": [-1, 8.5, -0.5],
			"to": [1, 9, 1],
			"faces": {
				"north": {"uv": [10.5, 10.25, 9.5, 10.5], "texture": "#mesh_atlas"},
				"east": {"uv": [5.5, 5, 4.75, 5.25], "texture": "#mesh_atlas"},
				"south": {"uv": [10.5, 10.25, 11.5, 10.5], "texture": "#mesh_atlas"},
				"west": {"uv": [4.75, 4.75, 5.5, 5], "texture": "#mesh_atlas"},
				"up": {"uv": [1.5, 10.5, 2.5, 9.75], "texture": "#mesh_atlas"},
				"down": {"uv": [1.5, 9, 2.5, 9.75], "texture": "#mesh_atlas"}
			}
		},
		{
			"name": "Voxels",
			"from": [-1, 8.5, 1],
			"to": [-0.5, 9, 11.5],
			"faces": {
				"north": {"uv": [9.5, 8.5, 9.25, 8.75], "texture": "#mesh_atlas"},
				"east": {"uv": [14.25, 14.5, 9, 14.75], "texture": "#mesh_atlas"},
				"south": {"uv": [8.5, 8.5, 8.75, 8.75], "texture": "#mesh_atlas"},
				"west": {"uv": [1.5, 13.75, 6.75, 14], "texture": "#mesh_atlas"},
				"up": {"uv": [1, 14.25, 1.25, 9], "texture": "#mesh_atlas"},
				"down": {"uv": [1.25, 3.75, 1.5, 9], "texture": "#mesh_atlas"}
			}
		},
		{
			"name": "Voxels",
			"from": [-0.5, 7, 0],
			"to": [1.5, 7.5, 0.5],
			"faces": {
				"north": {"uv": [14.5, 10.25, 13.5, 10.5], "texture": "#mesh_atlas"},
				"east": {"uv": [7.25, 0, 7, 0.25], "texture": "#mesh_atlas"},
				"south": {"uv": [14.5, 10.25, 15.5, 10.5], "texture": "#mesh_atlas"},
				"west": {"uv": [8.25, 8.5, 8.5, 8.75], "texture": "#mesh_atlas"},
				"up": {"uv": [12.5, 10.5, 13.5, 10.25], "texture": "#mesh_atlas"},
				"down": {"uv": [11.5, 10.25, 12.5, 10.5], "texture": "#mesh_atlas"}
			}
		},
		{
			"name": "Voxels",
			"from": [-0.5, 7, 0.5],
			"to": [1, 7.5, 1],
			"faces": {
				"north": {"uv": [5.5, 6, 4.75, 6.25], "texture": "#mesh_atlas"},
				"east": {"uv": [7.25, 0.5, 7, 0.75], "texture": "#mesh_atlas"},
				"south": {"uv": [4.75, 6.25, 5.5, 6.5], "texture": "#mesh_atlas"},
				"west": {"uv": [7, 0.25, 7.25, 0.5], "texture": "#mesh_atlas"},
				"up": {"uv": [4.75, 6, 5.5, 5.75], "texture": "#mesh_atlas"},
				"down": {"uv": [4.75, 5.5, 5.5, 5.75], "texture": "#mesh_atlas"}
			}
		},
		{
			"name": "Voxels",
			"from": [-0.5, 9, -0.5],
			"to": [1, 9.5, 0.5],
			"faces": {
				"north": {"uv": [5.5, 6.5, 4.75, 6.75], "texture": "#mesh_atlas"},
				"east": {"uv": [6.5, 1.5, 6, 1.75], "texture": "#mesh_atlas"},
				"south": {"uv": [4.75, 6.75, 5.5, 7], "texture": "#mesh_atlas"},
				"west": {"uv": [6, 1.75, 6.5, 2], "texture": "#mesh_atlas"},
				"up": {"uv": [2.5, 8.25, 3.25, 7.75], "texture": "#mesh_atlas"},
				"down": {"uv": [2.5, 8.25, 3.25, 8.75], "texture": "#mesh_atlas"}
			}
		},
		{
			"name": "Voxels",
			"from": [0, 6.5, 0],
			"to": [1.5, 7, 1],
			"faces": {
				"north": {"uv": [5.5, 2, 4.75, 2.25], "texture": "#mesh_atlas"},
				"east": {"uv": [6.25, 1, 5.75, 1.25], "texture": "#mesh_atlas"},
				"south": {"uv": [3, 0, 3.75, 0.25], "texture": "#mesh_atlas"},
				"west": {"uv": [5.75, 1.25, 6.25, 1.5], "texture": "#mesh_atlas"},
				"up": {"uv": [2.5, 9.75, 3.25, 9.25], "texture": "#mesh_atlas"},
				"down": {"uv": [15.25, 14.75, 16, 15.25], "texture": "#mesh_atlas"}
			}
		},
		{
			"name": "Voxels",
			"from": [0, 7, -0.5],
			"to": [0.5, 7.5, 0],
			"faces": {
				"north": {"uv": [7.25, 3.75, 7, 4], "texture": "#mesh_atlas"},
				"east": {"uv": [7.25, 5, 7, 5.25], "texture": "#mesh_atlas"},
				"south": {"uv": [7, 4, 7.25, 4.25], "texture": "#mesh_atlas"},
				"west": {"uv": [7, 4.25, 7.25, 4.5], "texture": "#mesh_atlas"},
				"up": {"uv": [7, 3.75, 7.25, 3.5], "texture": "#mesh_atlas"},
				"down": {"uv": [7, 0.75, 7.25, 1], "texture": "#mesh_atlas"}
			}
		},
		{
			"name": "Voxels",
			"from": [0, 9, 0.5],
			"to": [1.5, 9.5, 1],
			"faces": {
				"north": {"uv": [8.75, 9.5, 8, 9.75], "texture": "#mesh_atlas"},
				"east": {"uv": [7.25, 5.5, 7, 5.75], "texture": "#mesh_atlas"},
				"south": {"uv": [7.25, 9.5, 8, 9.75], "texture": "#mesh_atlas"},
				"west": {"uv": [7, 5.25, 7.25, 5.5], "texture": "#mesh_atlas"},
				"up": {"uv": [14.75, 9.75, 15.5, 9.5], "texture": "#mesh_atlas"},
				"down": {"uv": [5.75, 9.25, 6.5, 9.5], "texture": "#mesh_atlas"}
			}
		},
		{
			"name": "Voxels",
			"from": [0.5, 6, 0],
			"to": [6.5, 6.5, 1],
			"faces": {
				"north": {"uv": [15, 14, 12, 14.25], "texture": "#mesh_atlas"},
				"east": {"uv": [6.25, 0.5, 5.75, 0.75], "texture": "#mesh_atlas"},
				"south": {"uv": [11.25, 13, 14.25, 13.25], "texture": "#mesh_atlas"},
				"west": {"uv": [5.75, 0.75, 6.25, 1], "texture": "#mesh_atlas"},
				"up": {"uv": [9.5, 15.25, 12.5, 14.75], "texture": "#mesh_atlas"},
				"down": {"uv": [0.5, 14.75, 3.5, 15.25], "texture": "#mesh_atlas"}
			}
		},
		{
			"name": "Voxels",
			"from": [0.5, 6.5, -0.5],
			"to": [1.5, 7, 0],
			"faces": {
				"north": {"uv": [7, 9.25, 6.5, 9.5], "texture": "#mesh_atlas"},
				"east": {"uv": [7.25, 6.5, 7, 6.75], "texture": "#mesh_atlas"},
				"south": {"uv": [7, 9.25, 7.5, 9.5], "texture": "#mesh_atlas"},
				"west": {"uv": [7, 5.75, 7.25, 6], "texture": "#mesh_atlas"},
				"up": {"uv": [5.75, 0.25, 6.25, 0], "texture": "#mesh_atlas"},
				"down": {"uv": [5.75, 0.25, 6.25, 0.5], "texture": "#mesh_atlas"}
			}
		},
		{
			"name": "Voxels",
			"from": [0.5, 7.5, 0],
			"to": [1, 8.5, 1],
			"faces": {
				"north": {"uv": [6.75, 8.25, 6.5, 8.75], "texture": "#mesh_atlas"},
				"east": {"uv": [3.75, 6.75, 3.25, 7.25], "texture": "#mesh_atlas"},
				"south": {"uv": [6.5, 7.75, 6.75, 8.25], "texture": "#mesh_atlas"},
				"west": {"uv": [3.25, 7.25, 3.75, 7.75], "texture": "#mesh_atlas"},
				"up": {"uv": [6.5, 9.25, 6.75, 8.75], "texture": "#mesh_atlas"},
				"down": {"uv": [5.75, 1.5, 6, 2], "texture": "#mesh_atlas"}
			}
		},
		{
			"name": "Voxels",
			"from": [0.5, 9.5, -0.5],
			"to": [6.5, 10, 0],
			"faces": {
				"north": {"uv": [11.25, 12.75, 8.25, 13], "texture": "#mesh_atlas"},
				"east": {"uv": [7, 2.5, 6.75, 2.75], "texture": "#mesh_atlas"},
				"south": {"uv": [8.25, 13, 11.25, 13.25], "texture": "#mesh_atlas"},
				"west": {"uv": [6.75, 2.25, 7, 2.5], "texture": "#mesh_atlas"},
				"up": {"uv": [5.25, 13, 8.25, 12.75], "texture": "#mesh_atlas"},
				"down": {"uv": [5.25, 13, 8.25, 13.25], "texture": "#mesh_atlas"}
			}
		},
		{
			"name": "Voxels",
			"from": [0.5, 9.5, 0],
			"to": [6, 10, 1],
			"faces": {
				"north": {"uv": [8, 12.25, 5.25, 12.5], "texture": "#mesh_atlas"},
				"east": {"uv": [8.5, 9.25, 8, 9.5], "texture": "#mesh_atlas"},
				"south": {"uv": [2.5, 12.25, 5.25, 12.5], "texture": "#mesh_atlas"},
				"west": {"uv": [7.5, 9.25, 8, 9.5], "texture": "#mesh_atlas"},
				"up": {"uv": [6.25, 14.75, 9, 14.25], "texture": "#mesh_atlas"},
				"down": {"uv": [3.5, 14.25, 6.25, 14.75], "texture": "#mesh_atlas"}
			}
		},
		{
			"name": "Voxels",
			"from": [1, 6, -0.5],
			"to": [2, 6.5, 0],
			"faces": {
				"north": {"uv": [10, 9.25, 9.5, 9.5], "texture": "#mesh_atlas"},
				"east": {"uv": [7, 3, 6.75, 3.25], "texture": "#mesh_atlas"},
				"south": {"uv": [10, 9.25, 10.5, 9.5], "texture": "#mesh_atlas"},
				"west": {"uv": [6.75, 2.75, 7, 3], "texture": "#mesh_atlas"},
				"up": {"uv": [9, 9.5, 9.5, 9.25], "texture": "#mesh_atlas"},
				"down": {"uv": [8.5, 9.25, 9, 9.5], "texture": "#mesh_atlas"}
			}
		},
		{
			"name": "Voxels",
			"from": [1, 9, 0],
			"to": [1.5, 9.5, 0.5],
			"faces": {
				"north": {"uv": [7, 3.75, 6.75, 4], "texture": "#mesh_atlas"},
				"east": {"uv": [7, 4.5, 6.75, 4.75], "texture": "#mesh_atlas"},
				"south": {"uv": [6.75, 4, 7, 4.25], "texture": "#mesh_atlas"},
				"west": {"uv": [6.75, 4.25, 7, 4.5], "texture": "#mesh_atlas"},
				"up": {"uv": [6.75, 3.75, 7, 3.5], "texture": "#mesh_atlas"},
				"down": {"uv": [6.75, 3.25, 7, 3.5], "texture": "#mesh_atlas"}
			}
		},
		{
			"name": "Voxels",
			"from": [1, 9.5, -1],
			"to": [2, 10, -0.5],
			"faces": {
				"north": {"uv": [12, 9.25, 11.5, 9.5], "texture": "#mesh_atlas"},
				"east": {"uv": [7, 5.5, 6.75, 5.75], "texture": "#mesh_atlas"},
				"south": {"uv": [13, 9.25, 13.5, 9.5], "texture": "#mesh_atlas"},
				"west": {"uv": [6.75, 5.25, 7, 5.5], "texture": "#mesh_atlas"},
				"up": {"uv": [11, 9.5, 11.5, 9.25], "texture": "#mesh_atlas"},
				"down": {"uv": [10.5, 9.25, 11, 9.5], "texture": "#mesh_atlas"}
			}
		},
		{
			"name": "Voxels",
			"from": [1, 10, -0.5],
			"to": [5.5, 10.5, 0],
			"faces": {
				"north": {"uv": [6, 11.5, 3.75, 11.75], "texture": "#mesh_atlas"},
				"east": {"uv": [7, 6.5, 6.75, 6.75], "texture": "#mesh_atlas"},
				"south": {"uv": [10.5, 11.75, 12.75, 12], "texture": "#mesh_atlas"},
				"west": {"uv": [6.75, 5.75, 7, 6], "texture": "#mesh_atlas"},
				"up": {"uv": [6, 11.75, 8.25, 11.5], "texture": "#mesh_atlas"},
				"down": {"uv": [13.5, 12, 15.75, 12.25], "texture": "#mesh_atlas"}
			}
		},
		{
			"name": "Voxels",
			"from": [1.5, 5.5, 0],
			"to": [5.5, 6, 1],
			"faces": {
				"north": {"uv": [14.5, 11.5, 12.5, 11.75], "texture": "#mesh_atlas"},
				"east": {"uv": [14.5, 9.25, 14, 9.5], "texture": "#mesh_atlas"},
				"south": {"uv": [10.5, 11.5, 12.5, 11.75], "texture": "#mesh_atlas"},
				"west": {"uv": [13.5, 9.25, 14, 9.5], "texture": "#mesh_atlas"},
				"up": {"uv": [8, 13.75, 10, 13.25], "texture": "#mesh_atlas"},
				"down": {"uv": [14, 13.25, 16, 13.75], "texture": "#mesh_atlas"}
			}
		},
		{
			"name": "Voxels",
			"from": [1.5, 6.5, 0.5],
			"to": [2, 7, 1],
			"faces": {
				"north": {"uv": [15, 8.75, 14.75, 9], "texture": "#mesh_atlas"},
				"east": {"uv": [11.75, 8.75, 11.5, 9], "texture": "#mesh_atlas"},
				"south": {"uv": [14.5, 8.75, 14.75, 9], "texture": "#mesh_atlas"},
				"west": {"uv": [11.75, 8.75, 12, 9], "texture": "#mesh_atlas"},
				"up": {"uv": [15, 9, 15.25, 8.75], "texture": "#mesh_atlas"},
				"down": {"uv": [15.75, 8.75, 16, 9], "texture": "#mesh_atlas"}
			}
		},
		{
			"name": "Voxels",
			"from": [1.5, 10, 0],
			"to": [5.5, 10.5, 0.5],
			"faces": {
				"north": {"uv": [15.75, 10.75, 13.75, 11], "texture": "#mesh_atlas"},
				"east": {"uv": [10.75, 8.75, 10.5, 9], "texture": "#mesh_atlas"},
				"south": {"uv": [11.75, 10.75, 13.75, 11], "texture": "#mesh_atlas"},
				"west": {"uv": [11.25, 8.75, 11.5, 9], "texture": "#mesh_atlas"},
				"up": {"uv": [3.75, 11, 5.75, 10.75], "texture": "#mesh_atlas"},
				"down": {"uv": [14, 12.5, 16, 12.75], "texture": "#mesh_atlas"}
			}
		},
		{
			"name": "Voxels",
			"from": [1.5, 10, 0.5],
			"to": [5, 10.5, 1],
			"faces": {
				"north": {"uv": [12.75, 10.5, 11, 10.75], "texture": "#mesh_atlas"},
				"east": {"uv": [9.25, 8.75, 9, 9], "texture": "#mesh_atlas"},
				"south": {"uv": [3.75, 10.25, 5.5, 10.5], "texture": "#mesh_atlas"},
				"west": {"uv": [9.75, 8.75, 10, 9], "texture": "#mesh_atlas"},
				"up": {"uv": [3.75, 8.5, 5.5, 8.25], "texture": "#mesh_atlas"},
				"down": {"uv": [3.75, 9.25, 5.5, 9.5], "texture": "#mesh_atlas"}
			}
		},
		{
			"name": "Voxels",
			"from": [2, 10, -1],
			"to": [5.5, 10.5, -0.5],
			"faces": {
				"north": {"uv": [5.5, 10, 3.75, 10.25], "texture": "#mesh_atlas"},
				"east": {"uv": [8.75, 8.75, 8.5, 9], "texture": "#mesh_atlas"},
				"south": {"uv": [3.75, 9.75, 5.5, 10], "texture": "#mesh_atlas"},
				"west": {"uv": [8.75, 8.75, 9, 9], "texture": "#mesh_atlas"},
				"up": {"uv": [12.75, 10.75, 14.5, 10.5], "texture": "#mesh_atlas"},
				"down": {"uv": [3.75, 9, 5.5, 9.25], "texture": "#mesh_atlas"}
			}
		},
		{
			"name": "Voxels",
			"from": [2.5, 5.5, -0.5],
			"to": [4.5, 6, 0],
			"faces": {
				"north": {"uv": [4.75, 7.25, 3.75, 7.5], "texture": "#mesh_atlas"},
				"east": {"uv": [16, 9, 15.75, 9.25], "texture": "#mesh_atlas"},
				"south": {"uv": [3.75, 7, 4.75, 7.25], "texture": "#mesh_atlas"},
				"west": {"uv": [7.25, 8.75, 7.5, 9], "texture": "#mesh_atlas"},
				"up": {"uv": [3.75, 7.75, 4.75, 7.5], "texture": "#mesh_atlas"},
				"down": {"uv": [15, 11.75, 16, 12], "texture": "#mesh_atlas"}
			}
		},
		{
			"name": "Voxels",
			"from": [4.5, 6, -0.5],
			"to": [6.5, 6.5, 0],
			"faces": {
				"north": {"uv": [4.75, 6.25, 3.75, 6.5], "texture": "#mesh_atlas"},
				"east": {"uv": [6.5, 0, 6.25, 0.25], "texture": "#mesh_atlas"},
				"south": {"uv": [3.75, 6, 4.75, 6.25], "texture": "#mesh_atlas"},
				"west": {"uv": [6.5, 0, 6.75, 0.25], "texture": "#mesh_atlas"},
				"up": {"uv": [3.75, 6.75, 4.75, 6.5], "texture": "#mesh_atlas"},
				"down": {"uv": [3.75, 6.75, 4.75, 7], "texture": "#mesh_atlas"}
			}
		},
		{
			"name": "Voxels",
			"from": [5, 5.5, -0.5],
			"to": [5.5, 6, 0],
			"faces": {
				"north": {"uv": [6.5, 0.75, 6.25, 1], "texture": "#mesh_atlas"},
				"east": {"uv": [10.5, 8.5, 10.25, 8.75], "texture": "#mesh_atlas"},
				"south": {"uv": [6.25, 1, 6.5, 1.25], "texture": "#mesh_atlas"},
				"west": {"uv": [10.5, 8.5, 10.75, 8.75], "texture": "#mesh_atlas"},
				"up": {"uv": [6.25, 0.75, 6.5, 0.5], "texture": "#mesh_atlas"},
				"down": {"uv": [6.25, 0.25, 6.5, 0.5], "texture": "#mesh_atlas"}
			}
		},
		{
			"name": "Voxels",
			"from": [5, 6.5, -0.5],
			"to": [7, 7, 0.5],
			"faces": {
				"north": {"uv": [4.75, 5.75, 3.75, 6], "texture": "#mesh_atlas"},
				"east": {"uv": [15.5, 9.25, 15, 9.5], "texture": "#mesh_atlas"},
				"south": {"uv": [8.5, 10.25, 9.5, 10.5], "texture": "#mesh_atlas"},
				"west": {"uv": [14.5, 9.25, 15, 9.5], "texture": "#mesh_atlas"},
				"up": {"uv": [1.5, 1, 2.5, 0.5], "texture": "#mesh_atlas"},
				"down": {"uv": [1.5, 0, 2.5, 0.5], "texture": "#mesh_atlas"}
			}
		},
		{
			"name": "Voxels",
			"from": [5, 6.5, 0.5],
			"to": [6.5, 7, 1],
			"faces": {
				"north": {"uv": [3.75, 1, 3, 1.25], "texture": "#mesh_atlas"},
				"east": {"uv": [7.5, 8.5, 7.25, 8.75], "texture": "#mesh_atlas"},
				"south": {"uv": [3, 1.25, 3.75, 1.5], "texture": "#mesh_atlas"},
				"west": {"uv": [8, 8.5, 8.25, 8.75], "texture": "#mesh_atlas"},
				"up": {"uv": [3, 1, 3.75, 0.75], "texture": "#mesh_atlas"},
				"down": {"uv": [3, 0.5, 3.75, 0.75], "texture": "#mesh_atlas"}
			}
		},
		{
			"name": "Voxels",
			"from": [5, 9, -0.5],
			"to": [7, 9.5, 0.5],
			"faces": {
				"north": {"uv": [4.75, 1.5, 3.75, 1.75], "texture": "#mesh_atlas"},
				"east": {"uv": [7.25, 9, 6.75, 9.25], "texture": "#mesh_atlas"},
				"south": {"uv": [3.75, 1.25, 4.75, 1.5], "texture": "#mesh_atlas"},
				"west": {"uv": [15.5, 9.25, 16, 9.5], "texture": "#mesh_atlas"},
				"up": {"uv": [2.5, 11.25, 3.5, 10.75], "texture": "#mesh_atlas"},
				"down": {"uv": [2.5, 11.25, 3.5, 11.75], "texture": "#mesh_atlas"}
			}
		},
		{
			"name": "Voxels",
			"from": [5, 9, 0.5],
			"to": [6.5, 9.5, 1],
			"faces": {
				"north": {"uv": [5.5, 1.25, 4.75, 1.5], "texture": "#mesh_atlas"},
				"east": {"uv": [7, 1, 6.75, 1.25], "texture": "#mesh_atlas"},
				"south": {"uv": [15, 9.75, 15.75, 10], "texture": "#mesh_atlas"},
				"west": {"uv": [6.75, 0.75, 7, 1], "texture": "#mesh_atlas"},
				"up": {"uv": [5.75, 9.75, 6.5, 9.5], "texture": "#mesh_atlas"},
				"down": {"uv": [6.5, 9.5, 7.25, 9.75], "texture": "#mesh_atlas"}
			}
		},
		{
			"name": "Voxels",
			"from": [5, 9.5, -1],
			"to": [6.5, 10, -0.5],
			"faces": {
				"north": {"uv": [5.5, 1, 4.75, 1.25], "texture": "#mesh_atlas"},
				"east": {"uv": [7, 5, 6.75, 5.25], "texture": "#mesh_atlas"},
				"south": {"uv": [4.75, 7, 5.5, 7.25], "texture": "#mesh_atlas"},
				"west": {"uv": [6.75, 4.75, 7, 5], "texture": "#mesh_atlas"},
				"up": {"uv": [12, 10, 12.75, 9.75], "texture": "#mesh_atlas"},
				"down": {"uv": [14.25, 9.75, 15, 10], "texture": "#mesh_atlas"}
			}
		},
		{
			"name": "Voxels",
			"from": [5.5, 7, -0.5],
			"to": [7.5, 7.5, 0],
			"faces": {
				"north": {"uv": [8.5, 10, 7.5, 10.25], "texture": "#mesh_atlas"},
				"east": {"uv": [12.25, 8.75, 12, 9], "texture": "#mesh_atlas"},
				"south": {"uv": [8.5, 10, 9.5, 10.25], "texture": "#mesh_atlas"},
				"west": {"uv": [12.25, 8.75, 12.5, 9], "texture": "#mesh_atlas"},
				"up": {"uv": [6.5, 10.25, 7.5, 10], "texture": "#mesh_atlas"},
				"down": {"uv": [5.5, 10, 6.5, 10.25], "texture": "#mesh_atlas"}
			}
		},
		{
			"name": "Voxels",
			"from": [5.5, 7, 0],
			"to": [7, 7.5, 1],
			"faces": {
				"north": {"uv": [5.5, 7.25, 4.75, 7.5], "texture": "#mesh_atlas"},
				"east": {"uv": [8.25, 9, 7.75, 9.25], "texture": "#mesh_atlas"},
				"south": {"uv": [4.75, 7.5, 5.5, 7.75], "texture": "#mesh_atlas"},
				"west": {"uv": [7.25, 9, 7.75, 9.25], "texture": "#mesh_atlas"},
				"up": {"uv": [2.5, 7.25, 3.25, 6.75], "texture": "#mesh_atlas"},
				"down": {"uv": [2.5, 8.75, 3.25, 9.25], "texture": "#mesh_atlas"}
			}
		},
		{
			"name": "Voxels",
			"from": [5.5, 7.5, 0.5],
			"to": [10.5, 9, 1],
			"faces": {
				"north": {"uv": [13.5, 15.25, 11, 16], "texture": "#mesh_atlas"},
				"east": {"uv": [3.75, 5, 3.5, 5.75], "texture": "#mesh_atlas"},
				"south": {"uv": [13.5, 15.25, 16, 16], "texture": "#mesh_atlas"},
				"west": {"uv": [2.25, 2, 2.5, 2.75], "texture": "#mesh_atlas"},
				"up": {"uv": [8, 12.5, 10.5, 12.25], "texture": "#mesh_atlas"},
				"down": {"uv": [10.5, 12.25, 13, 12.5], "texture": "#mesh_atlas"}
			}
		},
		{
			"name": "Voxels",
			"from": [5.5, 8, 0],
			"to": [10, 9, 0.5],
			"faces": {
				"north": {"uv": [6, 13.25, 3.75, 13.75], "texture": "#mesh_atlas"},
				"east": {"uv": [6.75, 4.75, 6.5, 5.25], "texture": "#mesh_atlas"},
				"south": {"uv": [1.5, 13.25, 3.75, 13.75], "texture": "#mesh_atlas"},
				"west": {"uv": [6.5, 5.25, 6.75, 5.75], "texture": "#mesh_atlas"},
				"up": {"uv": [8.25, 11.75, 10.5, 11.5], "texture": "#mesh_atlas"},
				"down": {"uv": [6, 11.75, 8.25, 12], "texture": "#mesh_atlas"}
			}
		},
		{
			"name": "Voxels",
			"from": [5.5, 8.5, -0.5],
			"to": [10.5, 9, 0],
			"faces": {
				"north": {"uv": [15.5, 12.25, 13, 12.5], "texture": "#mesh_atlas"},
				"east": {"uv": [7.75, 8.75, 7.5, 9], "texture": "#mesh_atlas"},
				"south": {"uv": [8.75, 12, 11.25, 12.25], "texture": "#mesh_atlas"},
				"west": {"uv": [8.25, 8.75, 8.5, 9], "texture": "#mesh_atlas"},
				"up": {"uv": [3.75, 12.25, 6.25, 12], "texture": "#mesh_atlas"},
				"down": {"uv": [6.25, 12, 8.75, 12.25], "texture": "#mesh_atlas"}
			}
		},
		{
			"name": "Voxels",
			"from": [5.5, 9, -1],
			"to": [6.5, 9.5, -0.5],
			"faces": {
				"north": {"uv": [10.75, 9, 10.25, 9.25], "texture": "#mesh_atlas"},
				"east": {"uv": [7, 6.75, 6.75, 7], "texture": "#mesh_atlas"},
				"south": {"uv": [10.75, 9, 11.25, 9.25], "texture": "#mesh_atlas"},
				"west": {"uv": [6.75, 7, 7, 7.25], "texture": "#mesh_atlas"},
				"up": {"uv": [9.75, 9.25, 10.25, 9], "texture": "#mesh_atlas"},
				"down": {"uv": [9.25, 9, 9.75, 9.25], "texture": "#mesh_atlas"}
			}
		},
		{
			"name": "Voxels",
			"from": [6, 7.5, -0.5],
			"to": [10, 8.5, 0],
			"faces": {
				"north": {"uv": [3.5, 12.75, 1.5, 13.25], "texture": "#mesh_atlas"},
				"east": {"uv": [6.75, 3.75, 6.5, 4.25], "texture": "#mesh_atlas"},
				"south": {"uv": [10, 13.25, 12, 13.75], "texture": "#mesh_atlas"},
				"west": {"uv": [6.5, 4.25, 6.75, 4.75], "texture": "#mesh_atlas"},
				"up": {"uv": [3.75, 10.75, 5.75, 10.5], "texture": "#mesh_atlas"},
				"down": {"uv": [7.75, 11.25, 9.75, 11.5], "texture": "#mesh_atlas"}
			}
		},
		{
			"name": "Voxels",
			"from": [6, 7.5, 0],
			"to": [10, 8, 0.5],
			"faces": {
				"north": {"uv": [15.75, 11, 13.75, 11.25], "texture": "#mesh_atlas"},
				"east": {"uv": [7.25, 6, 7, 6.25], "texture": "#mesh_atlas"},
				"south": {"uv": [11.75, 11, 13.75, 11.25], "texture": "#mesh_atlas"},
				"west": {"uv": [7, 6.25, 7.25, 6.5], "texture": "#mesh_atlas"},
				"up": {"uv": [3.75, 11.5, 5.75, 11.25], "texture": "#mesh_atlas"},
				"down": {"uv": [5.75, 11.25, 7.75, 11.5], "texture": "#mesh_atlas"}
			}
		},
		{
			"name": "Voxels",
			"from": [6, 8.5, -1],
			"to": [10, 9, -0.5],
			"faces": {
				"north": {"uv": [11.75, 11.25, 9.75, 11.5], "texture": "#mesh_atlas"},
				"east": {"uv": [11.25, 8.5, 11, 8.75], "texture": "#mesh_atlas"},
				"south": {"uv": [11.75, 11.25, 13.75, 11.5], "texture": "#mesh_atlas"},
				"west": {"uv": [10.75, 8.5, 11, 8.75], "texture": "#mesh_atlas"},
				"up": {"uv": [13.75, 11.5, 15.75, 11.25], "texture": "#mesh_atlas"},
				"down": {"uv": [3.75, 11, 5.75, 11.25], "texture": "#mesh_atlas"}
			}
		},
		{
			"name": "Voxels",
			"from": [6.5, 7, -1],
			"to": [7, 8.5, -0.5],
			"faces": {
				"north": {"uv": [2.5, 2.75, 2.25, 3.5], "texture": "#mesh_atlas"},
				"east": {"uv": [6.5, 8, 6.25, 8.75], "texture": "#mesh_atlas"},
				"south": {"uv": [2.25, 7.25, 2.5, 8], "texture": "#mesh_atlas"},
				"west": {"uv": [5.75, 6.75, 6, 7.5], "texture": "#mesh_atlas"},
				"up": {"uv": [15.75, 11.25, 16, 11], "texture": "#mesh_atlas"},
				"down": {"uv": [15.75, 11.25, 16, 11.5], "texture": "#mesh_atlas"}
			}
		},
		{
			"name": "Voxels",
			"from": [7, 7.5, -1],
			"to": [9.5, 8.5, -0.5],
			"faces": {
				"north": {"uv": [3.75, 11.75, 2.5, 12.25], "texture": "#mesh_atlas"},
				"east": {"uv": [6.75, 1.75, 6.5, 2.25], "texture": "#mesh_atlas"},
				"south": {"uv": [14.25, 12.75, 15.5, 13.25], "texture": "#mesh_atlas"},
				"west": {"uv": [6.5, 3.25, 6.75, 3.75], "texture": "#mesh_atlas"},
				"up": {"uv": [2.5, 4.5, 3.75, 4.25], "texture": "#mesh_atlas"},
				"down": {"uv": [2.5, 4, 3.75, 4.25], "texture": "#mesh_atlas"}
			}
		},
		{
			"name": "Voxels",
			"from": [8.5, 7, -0.5],
			"to": [10.5, 7.5, 0],
			"faces": {
				"north": {"uv": [7.5, 9.75, 6.5, 10], "texture": "#mesh_atlas"},
				"east": {"uv": [10.5, 8.75, 10.25, 9], "texture": "#mesh_atlas"},
				"south": {"uv": [5.5, 9.75, 6.5, 10], "texture": "#mesh_atlas"},
				"west": {"uv": [10, 8.75, 10.25, 9], "texture": "#mesh_atlas"},
				"up": {"uv": [15, 14.25, 16, 14], "texture": "#mesh_atlas"},
				"down": {"uv": [15, 13.75, 16, 14], "texture": "#mesh_atlas"}
			}
		},
		{
			"name": "Voxels",
			"from": [9, 6.5, -0.5],
			"to": [11, 7, 0.5],
			"faces": {
				"north": {"uv": [15.5, 10, 14.5, 10.25], "texture": "#mesh_atlas"},
				"east": {"uv": [12.25, 9, 11.75, 9.25], "texture": "#mesh_atlas"},
				"south": {"uv": [9.5, 10, 10.5, 10.25], "texture": "#mesh_atlas"},
				"west": {"uv": [11.25, 9, 11.75, 9.25], "texture": "#mesh_atlas"},
				"up": {"uv": [2.5, 10.25, 3.5, 9.75], "texture": "#mesh_atlas"},
				"down": {"uv": [2.5, 10.25, 3.5, 10.75], "texture": "#mesh_atlas"}
			}
		},
		{
			"name": "Voxels",
			"from": [9, 7, -1],
			"to": [9.5, 7.5, -0.5],
			"faces": {
				"north": {"uv": [13.25, 8.75, 13, 9], "texture": "#mesh_atlas"},
				"east": {"uv": [14.5, 8.75, 14.25, 9], "texture": "#mesh_atlas"},
				"south": {"uv": [13.25, 8.75, 13.5, 9], "texture": "#mesh_atlas"},
				"west": {"uv": [13.5, 8.75, 13.75, 9], "texture": "#mesh_atlas"},
				"up": {"uv": [12.75, 9, 13, 8.75], "texture": "#mesh_atlas"},
				"down": {"uv": [12.5, 8.75, 12.75, 9], "texture": "#mesh_atlas"}
			}
		},
		{
			"name": "Voxels",
			"from": [9, 7, 0],
			"to": [10.5, 7.5, 1],
			"faces": {
				"north": {"uv": [5.5, 2.75, 4.75, 3], "texture": "#mesh_atlas"},
				"east": {"uv": [13.25, 9, 12.75, 9.25], "texture": "#mesh_atlas"},
				"south": {"uv": [4.75, 4.5, 5.5, 4.75], "texture": "#mesh_atlas"},
				"west": {"uv": [12.25, 9, 12.75, 9.25], "texture": "#mesh_atlas"},
				"up": {"uv": [2.5, 6.25, 3.25, 5.75], "texture": "#mesh_atlas"},
				"down": {"uv": [2.5, 7.25, 3.25, 7.75], "texture": "#mesh_atlas"}
			}
		},
		{
			"name": "Voxels",
			"from": [9, 9, -0.5],
			"to": [11, 9.5, 0.5],
			"faces": {
				"north": {"uv": [14.5, 10, 13.5, 10.25], "texture": "#mesh_atlas"},
				"east": {"uv": [14.25, 9, 13.75, 9.25], "texture": "#mesh_atlas"},
				"south": {"uv": [12.5, 10, 13.5, 10.25], "texture": "#mesh_atlas"},
				"west": {"uv": [13.25, 9, 13.75, 9.25], "texture": "#mesh_atlas"},
				"up": {"uv": [1.5, 1.5, 2.5, 1], "texture": "#mesh_atlas"},
				"down": {"uv": [1.5, 1.5, 2.5, 2], "texture": "#mesh_atlas"}
			}
		},
		{
			"name": "Voxels",
			"from": [9.5, 6, -0.5],
			"to": [11.5, 6.5, 1],
			"faces": {
				"north": {"uv": [12.5, 10, 11.5, 10.25], "texture": "#mesh_atlas"},
				"east": {"uv": [11, 9.5, 10.25, 9.75], "texture": "#mesh_atlas"},
				"south": {"uv": [10.5, 10, 11.5, 10.25], "texture": "#mesh_atlas"},
				"west": {"uv": [11, 9.5, 11.75, 9.75], "texture": "#mesh_atlas"},
				"up": {"uv": [1.5, 11.25, 2.5, 10.5], "texture": "#mesh_atlas"},
				"down": {"uv": [1.5, 11.25, 2.5, 12], "texture": "#mesh_atlas"}
			}
		},
		{
			"name": "Voxels",
			"from": [9.5, 6.5, 0.5],
			"to": [11, 7, 1],
			"faces": {
				"north": {"uv": [14, 9.5, 13.25, 9.75], "texture": "#mesh_atlas"},
				"east": {"uv": [7, 1.25, 6.75, 1.5], "texture": "#mesh_atlas"},
				"south": {"uv": [14, 9.5, 14.75, 9.75], "texture": "#mesh_atlas"},
				"west": {"uv": [6.75, 2, 7, 2.25], "texture": "#mesh_atlas"},
				"up": {"uv": [8.75, 9.75, 9.5, 9.5], "texture": "#mesh_atlas"},
				"down": {"uv": [9.5, 9.5, 10.25, 9.75], "texture": "#mesh_atlas"}
			}
		},
		{
			"name": "Voxels",
			"from": [9.5, 9, -1],
			"to": [10.5, 10, -0.5],
			"faces": {
				"north": {"uv": [3.75, 7.75, 3.25, 8.25], "texture": "#mesh_atlas"},
				"east": {"uv": [6.75, 0.75, 6.5, 1.25], "texture": "#mesh_atlas"},
				"south": {"uv": [3.25, 8.25, 3.75, 8.75], "texture": "#mesh_atlas"},
				"west": {"uv": [6.5, 1.25, 6.75, 1.75], "texture": "#mesh_atlas"},
				"up": {"uv": [14.75, 9.25, 15.25, 9], "texture": "#mesh_atlas"},
				"down": {"uv": [14.25, 9, 14.75, 9.25], "texture": "#mesh_atlas"}
			}
		},
		{
			"name": "Voxels",
			"from": [9.5, 9, 0.5],
			"to": [11, 9.5, 1],
			"faces": {
				"north": {"uv": [14.25, 9.75, 13.5, 10], "texture": "#mesh_atlas"},
				"east": {"uv": [7.25, 4.5, 7, 4.75], "texture": "#mesh_atlas"},
				"south": {"uv": [3, 0.25, 3.75, 0.5], "texture": "#mesh_atlas"},
				"west": {"uv": [7, 4.75, 7.25, 5], "texture": "#mesh_atlas"},
				"up": {"uv": [12.75, 10, 13.5, 9.75], "texture": "#mesh_atlas"},
				"down": {"uv": [4.75, 1.75, 5.5, 2], "texture": "#mesh_atlas"}
			}
		},
		{
			"name": "Voxels",
			"from": [9.5, 9.5, -0.5],
			"to": [15.5, 10, 0],
			"faces": {
				"north": {"uv": [8.5, 12.5, 5.5, 12.75], "texture": "#mesh_atlas"},
				"east": {"uv": [7.25, 3, 7, 3.25], "texture": "#mesh_atlas"},
				"south": {"uv": [12, 13.75, 15, 14], "texture": "#mesh_atlas"},
				"west": {"uv": [7, 3.25, 7.25, 3.5], "texture": "#mesh_atlas"},
				"up": {"uv": [2.5, 12.75, 5.5, 12.5], "texture": "#mesh_atlas"},
				"down": {"uv": [11.25, 12.75, 14.25, 13], "texture": "#mesh_atlas"}
			}
		},
		{
			"name": "Voxels",
			"from": [10, 8.5, 0],
			"to": [10.5, 9, 0.5],
			"faces": {
				"north": {"uv": [7.25, 1.75, 7, 2], "texture": "#mesh_atlas"},
				"east": {"uv": [7.25, 1, 7, 1.25], "texture": "#mesh_atlas"},
				"south": {"uv": [7, 1.5, 7.25, 1.75], "texture": "#mesh_atlas"},
				"west": {"uv": [7, 1.25, 7.25, 1.5], "texture": "#mesh_atlas"},
				"up": {"uv": [7, 2.25, 7.25, 2], "texture": "#mesh_atlas"},
				"down": {"uv": [7, 2.75, 7.25, 3], "texture": "#mesh_atlas"}
			}
		},
		{
			"name": "Voxels",
			"from": [10, 9.5, 0],
			"to": [15.5, 10, 1],
			"faces": {
				"north": {"uv": [11.25, 12.5, 8.5, 12.75], "texture": "#mesh_atlas"},
				"east": {"uv": [7.25, 8.75, 6.75, 9], "texture": "#mesh_atlas"},
				"south": {"uv": [11.25, 12.5, 14, 12.75], "texture": "#mesh_atlas"},
				"west": {"uv": [15.25, 9, 15.75, 9.25], "texture": "#mesh_atlas"},
				"up": {"uv": [12.5, 15.25, 15.25, 14.75], "texture": "#mesh_atlas"},
				"down": {"uv": [0.75, 14.25, 3.5, 14.75], "texture": "#mesh_atlas"}
			}
		},
		{
			"name": "Voxels",
			"from": [10.5, 5.5, -0.5],
			"to": [11, 6, 1],
			"faces": {
				"north": {"uv": [9, 8.5, 8.75, 8.75], "texture": "#mesh_atlas"},
				"east": {"uv": [5.5, 1.5, 4.75, 1.75], "texture": "#mesh_atlas"},
				"south": {"uv": [9, 8.5, 9.25, 8.75], "texture": "#mesh_atlas"},
				"west": {"uv": [4.75, 5.25, 5.5, 5.5], "texture": "#mesh_atlas"},
				"up": {"uv": [5, 0.75, 5.25, 0], "texture": "#mesh_atlas"},
				"down": {"uv": [4.75, 0, 5, 0.75], "texture": "#mesh_atlas"}
			}
		},
		{
			"name": "Voxels",
			"from": [10.5, 9.5, -1],
			"to": [11, 10.5, -0.5],
			"faces": {
				"north": {"uv": [6.75, 0.25, 6.5, 0.75], "texture": "#mesh_atlas"},
				"east": {"uv": [7, 7.25, 6.75, 7.75], "texture": "#mesh_atlas"},
				"south": {"uv": [6.75, 8.25, 7, 8.75], "texture": "#mesh_atlas"},
				"west": {"uv": [6.75, 7.75, 7, 8.25], "texture": "#mesh_atlas"},
				"up": {"uv": [10, 8.75, 10.25, 8.5], "texture": "#mesh_atlas"},
				"down": {"uv": [9.75, 8.5, 10, 8.75], "texture": "#mesh_atlas"}
			}
		},
		{
			"name": "Voxels",
			"from": [10.5, 10, -0.5],
			"to": [15, 10.5, 0],
			"faces": {
				"north": {"uv": [13.5, 12, 11.25, 12.25], "texture": "#mesh_atlas"},
				"east": {"uv": [7.5, 8.25, 7.25, 8.5], "texture": "#mesh_atlas"},
				"south": {"uv": [3.75, 11.75, 6, 12], "texture": "#mesh_atlas"},
				"west": {"uv": [15.25, 8.5, 15.5, 8.75], "texture": "#mesh_atlas"},
				"up": {"uv": [12.75, 12, 15, 11.75], "texture": "#mesh_atlas"},
				"down": {"uv": [8.25, 11.75, 10.5, 12], "texture": "#mesh_atlas"}
			}
		},
		{
			"name": "Voxels",
			"from": [10.5, 10, 0],
			"to": [14.5, 10.5, 0.5],
			"faces": {
				"north": {"uv": [9.75, 10.75, 7.75, 11], "texture": "#mesh_atlas"},
				"east": {"uv": [1.25, 0, 1, 0.25], "texture": "#mesh_atlas"},
				"south": {"uv": [5.75, 10.75, 7.75, 11], "texture": "#mesh_atlas"},
				"west": {"uv": [0.75, 0, 1, 0.25], "texture": "#mesh_atlas"},
				"up": {"uv": [9.75, 11, 11.75, 10.75], "texture": "#mesh_atlas"},
				"down": {"uv": [9.75, 11, 11.75, 11.25], "texture": "#mesh_atlas"}
			}
		},
		{
			"name": "Voxels",
			"from": [11, 5.5, 0],
			"to": [14.5, 6, 1],
			"faces": {
				"north": {"uv": [5.5, 9.5, 3.75, 9.75], "texture": "#mesh_atlas"},
				"east": {"uv": [16, 12.25, 15.5, 12.5], "texture": "#mesh_atlas"},
				"south": {"uv": [3.75, 8.75, 5.5, 9], "texture": "#mesh_atlas"},
				"west": {"uv": [0, 0, 0.5, 0.25], "texture": "#mesh_atlas"},
				"up": {"uv": [3.5, 13.25, 5.25, 12.75], "texture": "#mesh_atlas"},
				"down": {"uv": [14.25, 14.25, 16, 14.75], "texture": "#mesh_atlas"}
			}
		},
		{
			"name": "Voxels",
			"from": [11, 10, -1],
			"to": [14, 10.5, -0.5],
			"faces": {
				"north": {"uv": [5.25, 7.75, 3.75, 8], "texture": "#mesh_atlas"},
				"east": {"uv": [6.5, 6, 6.25, 6.25], "texture": "#mesh_atlas"},
				"south": {"uv": [14.5, 11.5, 16, 11.75], "texture": "#mesh_atlas"},
				"west": {"uv": [6.25, 6.25, 6.5, 6.5], "texture": "#mesh_atlas"},
				"up": {"uv": [3.75, 8.25, 5.25, 8], "texture": "#mesh_atlas"},
				"down": {"uv": [14.5, 10.5, 16, 10.75], "texture": "#mesh_atlas"}
			}
		},
		{
			"name": "Voxels",
			"from": [11, 10, 0.5],
			"to": [14.5, 10.5, 1],
			"faces": {
				"north": {"uv": [9.25, 10.5, 7.5, 10.75], "texture": "#mesh_atlas"},
				"east": {"uv": [6.5, 4.5, 6.25, 4.75], "texture": "#mesh_atlas"},
				"south": {"uv": [9.25, 10.5, 11, 10.75], "texture": "#mesh_atlas"},
				"west": {"uv": [6.25, 4.75, 6.5, 5], "texture": "#mesh_atlas"},
				"up": {"uv": [5.75, 10.75, 7.5, 10.5], "texture": "#mesh_atlas"},
				"down": {"uv": [3.75, 8.5, 5.5, 8.75], "texture": "#mesh_atlas"}
			}
		},
		{
			"name": "Voxels",
			"from": [11.5, 5.5, -0.5],
			"to": [13.5, 6, 0],
			"faces": {
				"north": {"uv": [4.75, 4.75, 3.75, 5], "texture": "#mesh_atlas"},
				"east": {"uv": [7.25, 8, 7, 8.25], "texture": "#mesh_atlas"},
				"south": {"uv": [3.75, 5, 4.75, 5.25], "texture": "#mesh_atlas"},
				"west": {"uv": [6.25, 2.75, 6.5, 3], "texture": "#mesh_atlas"},
				"up": {"uv": [3.75, 0.75, 4.75, 0.5], "texture": "#mesh_atlas"},
				"down": {"uv": [3.75, 0.25, 4.75, 0.5], "texture": "#mesh_atlas"}
			}
		},
		{
			"name": "Voxels",
			"from": [11.5, 6, 0],
			"to": [15.5, 6.5, 1],
			"faces": {
				"north": {"uv": [7.75, 11, 5.75, 11.25], "texture": "#mesh_atlas"},
				"east": {"uv": [3.75, 4.75, 3.25, 5], "texture": "#mesh_atlas"},
				"south": {"uv": [7.75, 11, 9.75, 11.25], "texture": "#mesh_atlas"},
				"west": {"uv": [3.25, 5.75, 3.75, 6], "texture": "#mesh_atlas"},
				"up": {"uv": [12, 13.75, 14, 13.25], "texture": "#mesh_atlas"},
				"down": {"uv": [6, 13.25, 8, 13.75], "texture": "#mesh_atlas"}
			}
		},
		{
			"name": "Voxels",
			"from": [14, 6, -0.5],
			"to": [15, 6.5, 0],
			"faces": {
				"north": {"uv": [16, 10, 15.5, 10.25], "texture": "#mesh_atlas"},
				"east": {"uv": [8.25, 8.75, 8, 9], "texture": "#mesh_atlas"},
				"south": {"uv": [15.5, 9.5, 16, 9.75], "texture": "#mesh_atlas"},
				"west": {"uv": [7.75, 8.75, 8, 9], "texture": "#mesh_atlas"},
				"up": {"uv": [15.5, 10.5, 16, 10.25], "texture": "#mesh_atlas"},
				"down": {"uv": [3.25, 4.5, 3.75, 4.75], "texture": "#mesh_atlas"}
			}
		},
		{
			"name": "Voxels",
			"from": [14, 6.5, 0.5],
			"to": [16, 7, 1],
			"faces": {
				"north": {"uv": [4.75, 4, 3.75, 4.25], "texture": "#mesh_atlas"},
				"east": {"uv": [9.75, 8.75, 9.5, 9], "texture": "#mesh_atlas"},
				"south": {"uv": [3.75, 3.75, 4.75, 4], "texture": "#mesh_atlas"},
				"west": {"uv": [9.25, 8.75, 9.5, 9], "texture": "#mesh_atlas"},
				"up": {"uv": [3.75, 4.5, 4.75, 4.25], "texture": "#mesh_atlas"},
				"down": {"uv": [3.75, 4.5, 4.75, 4.75], "texture": "#mesh_atlas"}
			}
		},
		{
			"name": "Voxels",
			"from": [14, 9.5, -1],
			"to": [15, 10, -0.5],
			"faces": {
				"north": {"uv": [6.25, 5.5, 5.75, 5.75], "texture": "#mesh_atlas"},
				"east": {"uv": [11.25, 8.75, 11, 9], "texture": "#mesh_atlas"},
				"south": {"uv": [5.75, 5.25, 6.25, 5.5], "texture": "#mesh_atlas"},
				"west": {"uv": [10.75, 8.75, 11, 9], "texture": "#mesh_atlas"},
				"up": {"uv": [5.75, 6, 6.25, 5.75], "texture": "#mesh_atlas"},
				"down": {"uv": [5.75, 6, 6.25, 6.25], "texture": "#mesh_atlas"}
			}
		},
		{
			"name": "Voxels",
			"from": [14.5, 6.5, -0.5],
			"to": [15.5, 7, 0.5],
			"faces": {
				"north": {"uv": [6.25, 4.5, 5.75, 4.75], "texture": "#mesh_atlas"},
				"east": {"uv": [6.25, 3.75, 5.75, 4], "texture": "#mesh_atlas"},
				"south": {"uv": [5.75, 4.25, 6.25, 4.5], "texture": "#mesh_atlas"},
				"west": {"uv": [5.75, 4, 6.25, 4.25], "texture": "#mesh_atlas"},
				"up": {"uv": [2, 4, 2.5, 3.5], "texture": "#mesh_atlas"},
				"down": {"uv": [15.5, 12.75, 16, 13.25], "texture": "#mesh_atlas"}
			}
		},
		{
			"name": "Voxels",
			"from": [14.5, 7, 0],
			"to": [16.5, 7.5, 0.5],
			"faces": {
				"north": {"uv": [4.75, 3, 3.75, 3.25], "texture": "#mesh_atlas"},
				"east": {"uv": [14.25, 8.75, 14, 9], "texture": "#mesh_atlas"},
				"south": {"uv": [3.75, 2.75, 4.75, 3], "texture": "#mesh_atlas"},
				"west": {"uv": [13.75, 8.75, 14, 9], "texture": "#mesh_atlas"},
				"up": {"uv": [3.75, 3.5, 4.75, 3.25], "texture": "#mesh_atlas"},
				"down": {"uv": [3.75, 3.5, 4.75, 3.75], "texture": "#mesh_atlas"}
			}
		},
		{
			"name": "Voxels",
			"from": [14.5, 9, 0],
			"to": [16.5, 9.5, 0.5],
			"faces": {
				"north": {"uv": [4.75, 2, 3.75, 2.25], "texture": "#mesh_atlas"},
				"east": {"uv": [15.75, 8.75, 15.5, 9], "texture": "#mesh_atlas"},
				"south": {"uv": [3.75, 1.75, 4.75, 2], "texture": "#mesh_atlas"},
				"west": {"uv": [15.25, 8.75, 15.5, 9], "texture": "#mesh_atlas"},
				"up": {"uv": [3.75, 2.5, 4.75, 2.25], "texture": "#mesh_atlas"},
				"down": {"uv": [3.75, 2.5, 4.75, 2.75], "texture": "#mesh_atlas"}
			}
		},
		{
			"name": "Voxels",
			"from": [14.5, 9, 0.5],
			"to": [16, 9.5, 1],
			"faces": {
				"north": {"uv": [5.5, 3.75, 4.75, 4], "texture": "#mesh_atlas"},
				"east": {"uv": [7, 6, 6.75, 6.25], "texture": "#mesh_atlas"},
				"south": {"uv": [4.75, 3.5, 5.5, 3.75], "texture": "#mesh_atlas"},
				"west": {"uv": [6.75, 6.25, 7, 6.5], "texture": "#mesh_atlas"},
				"up": {"uv": [4.75, 4.25, 5.5, 4], "texture": "#mesh_atlas"},
				"down": {"uv": [4.75, 4.25, 5.5, 4.5], "texture": "#mesh_atlas"}
			}
		},
		{
			"name": "Voxels",
			"from": [15, 7, 0.5],
			"to": [16.5, 9, 1],
			"faces": {
				"north": {"uv": [2.25, 8, 1.5, 9], "texture": "#mesh_atlas"},
				"east": {"uv": [2.5, 8, 2.25, 9], "texture": "#mesh_atlas"},
				"south": {"uv": [1.5, 7, 2.25, 8], "texture": "#mesh_atlas"},
				"west": {"uv": [0.5, 0, 0.75, 1], "texture": "#mesh_atlas"},
				"up": {"uv": [4.75, 3.25, 5.5, 3], "texture": "#mesh_atlas"},
				"down": {"uv": [4.75, 3.25, 5.5, 3.5], "texture": "#mesh_atlas"}
			}
		},
		{
			"name": "Voxels",
			"from": [15, 7.5, 0],
			"to": [17, 9, 0.5],
			"faces": {
				"north": {"uv": [2.5, 6.25, 1.5, 7], "texture": "#mesh_atlas"},
				"east": {"uv": [5.75, 7.5, 5.5, 8.25], "texture": "#mesh_atlas"},
				"south": {"uv": [1.5, 5.5, 2.5, 6.25], "texture": "#mesh_atlas"},
				"west": {"uv": [5.5, 8.25, 5.75, 9], "texture": "#mesh_atlas"},
				"up": {"uv": [3.75, 1, 4.75, 0.75], "texture": "#mesh_atlas"},
				"down": {"uv": [3.75, 1, 4.75, 1.25], "texture": "#mesh_atlas"}
			}
		},
		{
			"name": "Voxels",
			"from": [15, 8.5, -0.5],
			"to": [17, 9, 0],
			"faces": {
				"north": {"uv": [7.5, 10.25, 6.5, 10.5], "texture": "#mesh_atlas"},
				"east": {"uv": [7, 1.5, 6.75, 1.75], "texture": "#mesh_atlas"},
				"south": {"uv": [7.5, 10.25, 8.5, 10.5], "texture": "#mesh_atlas"},
				"west": {"uv": [6.75, 1.75, 7, 2], "texture": "#mesh_atlas"},
				"up": {"uv": [5.5, 10.5, 6.5, 10.25], "texture": "#mesh_atlas"},
				"down": {"uv": [3.75, 0, 4.75, 0.25], "texture": "#mesh_atlas"}
			}
		},
		{
			"name": "Voxels",
			"from": [15, 9, -0.5],
			"to": [16.5, 9.5, 0],
			"faces": {
				"north": {"uv": [6.5, 6.5, 5.75, 6.75], "texture": "#mesh_atlas"},
				"east": {"uv": [7, 0, 6.75, 0.25], "texture": "#mesh_atlas"},
				"south": {"uv": [10.5, 9.75, 11.25, 10], "texture": "#mesh_atlas"},
				"west": {"uv": [6.75, 0.25, 7, 0.5], "texture": "#mesh_atlas"},
				"up": {"uv": [9, 10, 9.75, 9.75], "texture": "#mesh_atlas"},
				"down": {"uv": [8.25, 9.75, 9, 10], "texture": "#mesh_atlas"}
			}
		},
		{
			"name": "Voxels",
			"from": [15.5, 6.5, 0],
			"to": [16, 7, 0.5],
			"faces": {
				"north": {"uv": [7.5, 6.5, 7.25, 6.75], "texture": "#mesh_atlas"},
				"east": {"uv": [7.25, 7.25, 7, 7.5], "texture": "#mesh_atlas"},
				"south": {"uv": [7, 7.75, 7.25, 8], "texture": "#mesh_atlas"},
				"west": {"uv": [7, 7.5, 7.25, 7.75], "texture": "#mesh_atlas"},
				"up": {"uv": [7, 8.5, 7.25, 8.25], "texture": "#mesh_atlas"},
				"down": {"uv": [7, 8.5, 7.25, 8.75], "texture": "#mesh_atlas"}
			}
		},
		{
			"name": "Voxels",
			"from": [15.5, 7, -0.5],
			"to": [16, 8.5, 0],
			"faces": {
				"north": {"uv": [5.75, 6.75, 5.5, 7.5], "texture": "#mesh_atlas"},
				"east": {"uv": [5.75, 4.5, 5.5, 5.25], "texture": "#mesh_atlas"},
				"south": {"uv": [5.5, 6, 5.75, 6.75], "texture": "#mesh_atlas"},
				"west": {"uv": [5.5, 5.25, 5.75, 6], "texture": "#mesh_atlas"},
				"up": {"uv": [7, 7, 7.25, 6.75], "texture": "#mesh_atlas"},
				"down": {"uv": [7, 7, 7.25, 7.25], "texture": "#mesh_atlas"}
			}
		},
		{
			"name": "Voxels",
			"from": [16, 7.5, -0.5],
			"to": [17, 8.5, 0],
			"faces": {
				"north": {"uv": [3.75, 9.25, 3.25, 9.75], "texture": "#mesh_atlas"},
				"east": {"uv": [6.75, 6.75, 6.5, 7.25], "texture": "#mesh_atlas"},
				"south": {"uv": [3.25, 8.75, 3.75, 9.25], "texture": "#mesh_atlas"},
				"west": {"uv": [6.5, 7.25, 6.75, 7.75], "texture": "#mesh_atlas"},
				"up": {"uv": [12.5, 9.5, 13, 9.25], "texture": "#mesh_atlas"},
				"down": {"uv": [12, 9.25, 12.5, 9.5], "texture": "#mesh_atlas"}
			}
		},
		{
			"name": "Voxels",
			"from": [16.5, 4, 12],
			"to": [17, 5, 13.5],
			"faces": {
				"north": {"uv": [6.75, 6.25, 6.5, 6.75], "texture": "#mesh_atlas"},
				"east": {"uv": [3.25, 6.25, 2.5, 6.75], "texture": "#mesh_atlas"},
				"south": {"uv": [6.5, 5.75, 6.75, 6.25], "texture": "#mesh_atlas"},
				"west": {"uv": [2.5, 4.5, 3.25, 5], "texture": "#mesh_atlas"},
				"up": {"uv": [5.5, 3.75, 5.75, 3], "texture": "#mesh_atlas"},
				"down": {"uv": [5.5, 3.75, 5.75, 4.5], "texture": "#mesh_atlas"}
			}
		},
		{
			"name": "Voxels",
			"from": [16.5, 5, 12.5],
			"to": [17, 8.5, 13],
			"faces": {
				"north": {"uv": [1.25, 0.25, 1, 2], "texture": "#mesh_atlas"},
				"east": {"uv": [0.75, 1, 0.5, 2.75], "texture": "#mesh_atlas"},
				"south": {"uv": [1, 2, 1.25, 3.75], "texture": "#mesh_atlas"},
				"west": {"uv": [0.75, 1.5, 1, 3.25], "texture": "#mesh_atlas"},
				"up": {"uv": [7, 2.5, 7.25, 2.25], "texture": "#mesh_atlas"},
				"down": {"uv": [7, 2.5, 7.25, 2.75], "texture": "#mesh_atlas"}
			}
		},
		{
			"name": "Voxels",
			"from": [16.5, 5, 13],
			"to": [17.5, 7.5, 13.5],
			"faces": {
				"north": {"uv": [0.5, 1, 0, 2.25], "texture": "#mesh_atlas"},
				"east": {"uv": [3, 0.25, 2.75, 1.5], "texture": "#mesh_atlas"},
				"south": {"uv": [1.5, 3.5, 2, 4.75], "texture": "#mesh_atlas"},
				"west": {"uv": [1.25, 1.25, 1.5, 2.5], "texture": "#mesh_atlas"},
				"up": {"uv": [8.75, 9.25, 9.25, 9], "texture": "#mesh_atlas"},
				"down": {"uv": [8.25, 9, 8.75, 9.25], "texture": "#mesh_atlas"}
			}
		},
		{
			"name": "Voxels",
			"from": [16.5, 5, 13.5],
			"to": [17, 7.5, 14],
			"faces": {
				"north": {"uv": [2.75, 2.75, 2.5, 4], "texture": "#mesh_atlas"},
				"east": {"uv": [3.5, 2.75, 3.25, 4], "texture": "#mesh_atlas"},
				"south": {"uv": [2.75, 2.75, 3, 4], "texture": "#mesh_atlas"},
				"west": {"uv": [3, 2.75, 3.25, 4], "texture": "#mesh_atlas"},
				"up": {"uv": [7.75, 8.75, 8, 8.5], "texture": "#mesh_atlas"},
				"down": {"uv": [7.5, 8.5, 7.75, 8.75], "texture": "#mesh_atlas"}
			}
		},
		{
			"name": "Voxels",
			"from": [16.5, 7, 11.5],
			"to": [17, 8.5, 12.5],
			"faces": {
				"north": {"uv": [5.75, 2.25, 5.5, 3], "texture": "#mesh_atlas"},
				"east": {"uv": [3, 5, 2.5, 5.75], "texture": "#mesh_atlas"},
				"south": {"uv": [5.5, 1.5, 5.75, 2.25], "texture": "#mesh_atlas"},
				"west": {"uv": [3, 5, 3.5, 5.75], "texture": "#mesh_atlas"},
				"up": {"uv": [6.5, 2.75, 6.75, 2.25], "texture": "#mesh_atlas"},
				"down": {"uv": [6.5, 2.75, 6.75, 3.25], "texture": "#mesh_atlas"}
			}
		},
		{
			"name": "Voxels",
			"from": [16.5, 7.5, 0.5],
			"to": [17, 9, 11.5],
			"faces": {
				"north": {"uv": [5.75, 0.75, 5.5, 1.5], "texture": "#mesh_atlas"},
				"east": {"uv": [5.5, 15.25, 0, 16], "texture": "#mesh_atlas"},
				"south": {"uv": [5.5, 0, 5.75, 0.75], "texture": "#mesh_atlas"},
				"west": {"uv": [5.5, 15.25, 11, 16], "texture": "#mesh_atlas"},
				"up": {"uv": [0.75, 8.75, 1, 3.25], "texture": "#mesh_atlas"},
				"down": {"uv": [0.75, 8.75, 1, 14.25], "texture": "#mesh_atlas"}
			}
		},
		{
			"name": "Voxels",
			"from": [16.5, 7.5, 13],
			"to": [17, 8, 13.5],
			"faces": {
				"north": {"uv": [12.75, 8.5, 12.5, 8.75], "texture": "#mesh_atlas"},
				"east": {"uv": [13.5, 8.5, 13.25, 8.75], "texture": "#mesh_atlas"},
				"south": {"uv": [12.75, 8.5, 13, 8.75], "texture": "#mesh_atlas"},
				"west": {"uv": [13, 8.5, 13.25, 8.75], "texture": "#mesh_atlas"},
				"up": {"uv": [12.25, 8.75, 12.5, 8.5], "texture": "#mesh_atlas"},
				"down": {"uv": [12, 8.5, 12.25, 8.75], "texture": "#mesh_atlas"}
			}
		},
		{
			"name": "Voxels",
			"from": [17, 4.5, 12.5],
			"to": [17.5, 5, 13],
			"faces": {
				"north": {"uv": [14.25, 8.5, 14, 8.75], "texture": "#mesh_atlas"},
				"east": {"uv": [15, 8.5, 14.75, 8.75], "texture": "#mesh_atlas"},
				"south": {"uv": [14.25, 8.5, 14.5, 8.75], "texture": "#mesh_atlas"},
				"west": {"uv": [14.5, 8.5, 14.75, 8.75], "texture": "#mesh_atlas"},
				"up": {"uv": [13.75, 8.75, 14, 8.5], "texture": "#mesh_atlas"},
				"down": {"uv": [13.5, 8.5, 13.75, 8.75], "texture": "#mesh_atlas"}
			}
		},
		{
			"name": "Voxels",
			"from": [17, 7.5, 11.5],
			"to": [17.5, 8, 13],
			"faces": {
				"north": {"uv": [15.75, 8.5, 15.5, 8.75], "texture": "#mesh_atlas"},
				"east": {"uv": [6.5, 7.5, 5.75, 7.75], "texture": "#mesh_atlas"},
				"south": {"uv": [15.75, 8.5, 16, 8.75], "texture": "#mesh_atlas"},
				"west": {"uv": [5.75, 7.75, 6.5, 8], "texture": "#mesh_atlas"},
				"up": {"uv": [6, 8.75, 6.25, 8], "texture": "#mesh_atlas"},
				"down": {"uv": [5.75, 8, 6, 8.75], "texture": "#mesh_atlas"}
			}
		},
		{
			"name": "Voxels",
			"from": [17, 8, -0.5],
			"to": [17.5, 8.5, 11.5],
			"faces": {
				"north": {"uv": [7.5, 7.25, 7.25, 7.5], "texture": "#mesh_atlas"},
				"east": {"uv": [9.5, 14.75, 3.5, 15], "texture": "#mesh_atlas"},
				"south": {"uv": [7.25, 7, 7.5, 7.25], "texture": "#mesh_atlas"},
				"west": {"uv": [3.5, 15, 9.5, 15.25], "texture": "#mesh_atlas"},
				"up": {"uv": [0.5, 8.75, 0.75, 2.75], "texture": "#mesh_atlas"},
				"down": {"uv": [0.5, 8.75, 0.75, 14.75], "texture": "#mesh_atlas"}
			}
		}
	],
	"display": {
		"thirdperson_righthand": {
			"translation": [0, -2.086, 0],
			"scale": [0.2086, 0.2086, 0.2086]
		},
		"thirdperson_lefthand": {
			"translation": [0, -2.086, 0],
			"scale": [0.2086, 0.2086, 0.2086]
		},
		"firstperson_righthand": {
			"rotation": [6, 8, 17],
			"translation": [3.4782, 0, 0],
			"scale": [0.513, 0.513, 0.513]
		},
		"firstperson_lefthand": {
			"rotation": [6, 8, 17],
			"translation": [3.4782, 0, 0],
			"scale": [0.513, 0.513, 0.513]
		},
		"ground": {
			"scale": [0.7217, 0.7217, 0.7217]
		},
		"gui": {
			"rotation": [-6, -158, 0],
			"scale": [0.6173, 0.6173, 0.6173]
		},
		"head": {
			"translation": [0, -2.6, -1.391],
			"scale": [0.7565, 0.7565, 0.7565]
		},
		"fixed": {
			"translation": [0, 0, 4.1739]
		}
	}
}