{
	"credit": "Made with Blockbench",
	"textures": {
		"crystal_atlas": "item/charcoal/65"
	},
	"elements": [
		{
			"name": "Voxels",
			"from": [3.5, -7, 7.75],
			"to": [4.75, -6.5, 8.25],
			"faces": {
				"north": {"uv": [4, 14, 2.75, 14.5], "texture": "#crystal_atlas"},
				"east": {"uv": [2.75, 13.5, 2.25, 14], "texture": "#crystal_atlas"},
				"south": {"uv": [4, 14, 5.25, 14.5], "texture": "#crystal_atlas"},
				"west": {"uv": [15.5, 14, 16, 14.5], "texture": "#crystal_atlas"},
				"up": {"uv": [1.5, 14.5, 2.75, 14], "texture": "#crystal_atlas"},
				"down": {"uv": [5.25, 14, 6.5, 14.5], "texture": "#crystal_atlas"}
			}
		},
		{
			"name": "Voxels",
			"from": [3.5, -6.5, 8],
			"to": [4.75, -6.25, 8.25],
			"faces": {
				"north": {"uv": [13.75, 15.75, 12.5, 16], "texture": "#crystal_atlas"},
				"east": {"uv": [2.5, 0, 2.25, 0.25], "texture": "#crystal_atlas"},
				"south": {"uv": [11.25, 15.5, 12.5, 15.75], "texture": "#crystal_atlas"},
				"west": {"uv": [1.75, 1, 2, 1.25], "texture": "#crystal_atlas"},
				"up": {"uv": [10, 15.75, 11.25, 15.5], "texture": "#crystal_atlas"},
				"down": {"uv": [13.75, 15.75, 15, 16], "texture": "#crystal_atlas"}
			}
		},
		{
			"name": "Voxels",
			"from": [3.75, -8, 7.75],
			"to": [4.75, -7, 8.25],
			"faces": {
				"north": {"uv": [1.5, 0.5, 0.5, 1.5], "texture": "#crystal_atlas"},
				"east": {"uv": [2, 8.5, 1.5, 9.5], "texture": "#crystal_atlas"},
				"south": {"uv": [0.5, 1.5, 1.5, 2.5], "texture": "#crystal_atlas"},
				"west": {"uv": [1.5, 7.5, 2, 8.5], "texture": "#crystal_atlas"},
				"up": {"uv": [6.5, 14.5, 7.5, 14], "texture": "#crystal_atlas"},
				"down": {"uv": [0.5, 0, 1.5, 0.5], "texture": "#crystal_atlas"}
			}
		},
		{
			"name": "Voxels",
			"from": [3.75, -7.5, 7.5],
			"to": [4.75, -6, 7.75],
			"faces": {
				"north": {"uv": [1.5, 4, 0.5, 5.5], "texture": "#crystal_atlas"},
				"east": {"uv": [0.5, 1.5, 0.25, 3], "texture": "#crystal_atlas"},
				"south": {"uv": [0.5, 2.5, 1.5, 4], "texture": "#crystal_atlas"},
				"west": {"uv": [0.25, 0, 0.5, 1.5], "texture": "#crystal_atlas"},
				"up": {"uv": [5.75, 13.75, 6.75, 13.5], "texture": "#crystal_atlas"},
				"down": {"uv": [5.75, 13.75, 6.75, 14], "texture": "#crystal_atlas"}
			}
		},
		{
			"name": "Voxels",
			"from": [3.75, -7.5, 8.25],
			"to": [4.75, -5.75, 8.5],
			"faces": {
				"north": {"uv": [1.5, 10.25, 0.5, 12], "texture": "#crystal_atlas"},
				"east": {"uv": [0.25, 2.75, 0, 4.5], "texture": "#crystal_atlas"},
				"south": {"uv": [0.5, 8.5, 1.5, 10.25], "texture": "#crystal_atlas"},
				"west": {"uv": [0, 4.5, 0.25, 6.25], "texture": "#crystal_atlas"},
				"up": {"uv": [12.5, 15.75, 13.5, 15.5], "texture": "#crystal_atlas"},
				"down": {"uv": [15, 15.75, 16, 16], "texture": "#crystal_atlas"}
			}
		},
		{
			"name": "Voxels",
			"from": [3.75, -6.5, 7.75],
			"to": [4.75, -4.75, 8],
			"faces": {
				"north": {"uv": [1.5, 12, 0.5, 13.75], "texture": "#crystal_atlas"},
				"east": {"uv": [0.5, 4.5, 0.25, 6.25], "texture": "#crystal_atlas"},
				"south": {"uv": [0.5, 13.75, 1.5, 15.5], "texture": "#crystal_atlas"},
				"west": {"uv": [0, 1, 0.25, 2.75], "texture": "#crystal_atlas"},
				"up": {"uv": [14.5, 15.75, 15.5, 15.5], "texture": "#crystal_atlas"},
				"down": {"uv": [13.5, 15.5, 14.5, 15.75], "texture": "#crystal_atlas"}
			}
		},
		{
			"name": "Voxels",
			"from": [3.75, -6.25, 8],
			"to": [4.75, -4.75, 8.25],
			"faces": {
				"north": {"uv": [1.5, 5.5, 0.5, 7], "texture": "#crystal_atlas"},
				"east": {"uv": [1.75, 2.5, 1.5, 4], "texture": "#crystal_atlas"},
				"south": {"uv": [0.5, 7, 1.5, 8.5], "texture": "#crystal_atlas"},
				"west": {"uv": [0.25, 3, 0.5, 4.5], "texture": "#crystal_atlas"},
				"up": {"uv": [7.5, 14.25, 8.5, 14], "texture": "#crystal_atlas"},
				"down": {"uv": [7.5, 14.25, 8.5, 14.5], "texture": "#crystal_atlas"}
			}
		},
		{
			"name": "Voxels",
			"from": [3.75, -6, 7.5],
			"to": [4.5, -5.75, 7.75],
			"faces": {
				"north": {"uv": [7.5, 13.5, 6.75, 13.75], "texture": "#crystal_atlas"},
				"east": {"uv": [3, 0, 2.75, 0.25], "texture": "#crystal_atlas"},
				"south": {"uv": [6.75, 13.75, 7.5, 14], "texture": "#crystal_atlas"},
				"west": {"uv": [2.5, 0, 2.75, 0.25], "texture": "#crystal_atlas"},
				"up": {"uv": [9, 14, 9.75, 13.75], "texture": "#crystal_atlas"},
				"down": {"uv": [9, 13.5, 9.75, 13.75], "texture": "#crystal_atlas"}
			}
		},
		{
			"name": "Voxels",
			"from": [3.75, -4.75, 8],
			"to": [4.5, -4.5, 8.25],
			"faces": {
				"north": {"uv": [10.5, 13.5, 9.75, 13.75], "texture": "#crystal_atlas"},
				"east": {"uv": [7.75, 12.75, 7.5, 13], "texture": "#crystal_atlas"},
				"south": {"uv": [9.75, 13.75, 10.5, 14], "texture": "#crystal_atlas"},
				"west": {"uv": [7.5, 13, 7.75, 13.25], "texture": "#crystal_atlas"},
				"up": {"uv": [10.5, 14, 11.25, 13.75], "texture": "#crystal_atlas"},
				"down": {"uv": [13.5, 13.5, 14.25, 13.75], "texture": "#crystal_atlas"}
			}
		},
		{
			"name": "Voxels",
			"from": [4, -8.5, 7.75],
			"to": [4.5, -8, 8.25],
			"faces": {
				"north": {"uv": [10, 14, 9.5, 14.5], "texture": "#crystal_atlas"},
				"east": {"uv": [11.5, 14, 11, 14.5], "texture": "#crystal_atlas"},
				"south": {"uv": [10, 14, 10.5, 14.5], "texture": "#crystal_atlas"},
				"west": {"uv": [10.5, 14, 11, 14.5], "texture": "#crystal_atlas"},
				"up": {"uv": [9, 14.5, 9.5, 14], "texture": "#crystal_atlas"},
				"down": {"uv": [8.5, 14, 9, 14.5], "texture": "#crystal_atlas"}
			}
		},
		{
			"name": "Voxels",
			"from": [4, -8.25, 8.25],
			"to": [4.5, -7.5, 8.5],
			"faces": {
				"north": {"uv": [2, 4, 1.5, 4.75], "texture": "#crystal_atlas"},
				"east": {"uv": [2.5, 12.75, 2.25, 13.5], "texture": "#crystal_atlas"},
				"south": {"uv": [1.5, 4.75, 2, 5.5], "texture": "#crystal_atlas"},
				"west": {"uv": [2.25, 12, 2.5, 12.75], "texture": "#crystal_atlas"},
				"up": {"uv": [15.5, 15.25, 16, 15], "texture": "#crystal_atlas"},
				"down": {"uv": [15.5, 15.25, 16, 15.5], "texture": "#crystal_atlas"}
			}
		},
		{
			"name": "Voxels",
			"from": [4, -8, 7.5],
			"to": [4.5, -7.5, 7.75],
			"faces": {
				"north": {"uv": [12, 14, 11.5, 14.5], "texture": "#crystal_atlas"},
				"east": {"uv": [15.75, 13.5, 15.5, 14], "texture": "#crystal_atlas"},
				"south": {"uv": [12, 14, 12.5, 14.5], "texture": "#crystal_atlas"},
				"west": {"uv": [15.25, 13.5, 15.5, 14], "texture": "#crystal_atlas"},
				"up": {"uv": [15.5, 14.75, 16, 14.5], "texture": "#crystal_atlas"},
				"down": {"uv": [15.5, 14.75, 16, 15], "texture": "#crystal_atlas"}
			}
		},
		{
			"name": "Voxels",
			"from": [4, -7.5, 8.5],
			"to": [4.5, -6.5, 8.75],
			"faces": {
				"north": {"uv": [2, 5.5, 1.5, 6.5], "texture": "#crystal_atlas"},
				"east": {"uv": [1.75, 0, 1.5, 1], "texture": "#crystal_atlas"},
				"south": {"uv": [1.5, 6.5, 2, 7.5], "texture": "#crystal_atlas"},
				"west": {"uv": [0, 0, 0.25, 1], "texture": "#crystal_atlas"},
				"up": {"uv": [3, 13.5, 3.5, 13.25], "texture": "#crystal_atlas"},
				"down": {"uv": [2.5, 13.25, 3, 13.5], "texture": "#crystal_atlas"}
			}
		},
		{
			"name": "Voxels",
			"from": [4, -7.25, 7.25],
			"to": [4.5, -6.75, 7.5],
			"faces": {
				"north": {"uv": [13.5, 14, 13, 14.5], "texture": "#crystal_atlas"},
				"east": {"uv": [2.5, 4.75, 2.25, 5.25], "texture": "#crystal_atlas"},
				"south": {"uv": [13.5, 14, 14, 14.5], "texture": "#crystal_atlas"},
				"west": {"uv": [15.75, 13.5, 16, 14], "texture": "#crystal_atlas"},
				"up": {"uv": [4, 13.5, 4.5, 13.25], "texture": "#crystal_atlas"},
				"down": {"uv": [3.5, 13.25, 4, 13.5], "texture": "#crystal_atlas"}
			}
		},
		{
			"name": "Voxels",
			"from": [4, -6.75, 7.25],
			"to": [4.25, -6.25, 7.5],
			"faces": {
				"north": {"uv": [2.5, 3.25, 2.25, 3.75], "texture": "#crystal_atlas"},
				"east": {"uv": [2.5, 1.75, 2.25, 2.25], "texture": "#crystal_atlas"},
				"south": {"uv": [2.25, 2.75, 2.5, 3.25], "texture": "#crystal_atlas"},
				"west": {"uv": [2.25, 2.25, 2.5, 2.75], "texture": "#crystal_atlas"},
				"up": {"uv": [7.75, 13, 8, 12.75], "texture": "#crystal_atlas"},
				"down": {"uv": [7.75, 13, 8, 13.25], "texture": "#crystal_atlas"}
			}
		},
		{
			"name": "Voxels",
			"from": [4, -6.5, 8.5],
			"to": [4.25, -6.25, 8.75],
			"faces": {
				"north": {"uv": [8.5, 13, 8.25, 13.25], "texture": "#crystal_atlas"},
				"east": {"uv": [8.75, 12.75, 8.5, 13], "texture": "#crystal_atlas"},
				"south": {"uv": [8.25, 12.75, 8.5, 13], "texture": "#crystal_atlas"},
				"west": {"uv": [8.5, 13, 8.75, 13.25], "texture": "#crystal_atlas"},
				"up": {"uv": [8, 13, 8.25, 12.75], "texture": "#crystal_atlas"},
				"down": {"uv": [8, 13, 8.25, 13.25], "texture": "#crystal_atlas"}
			}
		},
		{
			"name": "Voxels",
			"from": [4, -5.75, 7.5],
			"to": [4.5, -4.75, 7.75],
			"faces": {
				"north": {"uv": [2, 9.5, 1.5, 10.5], "texture": "#crystal_atlas"},
				"east": {"uv": [2.25, 11.75, 2, 12.75], "texture": "#crystal_atlas"},
				"south": {"uv": [1.5, 10.5, 2, 11.5], "texture": "#crystal_atlas"},
				"west": {"uv": [1.75, 0, 2, 1], "texture": "#crystal_atlas"},
				"up": {"uv": [6, 13.5, 6.5, 13.25], "texture": "#crystal_atlas"},
				"down": {"uv": [5.5, 13.25, 6, 13.5], "texture": "#crystal_atlas"}
			}
		},
		{
			"name": "Voxels",
			"from": [4, -5.75, 8.25],
			"to": [4.5, -4.5, 8.5],
			"faces": {
				"north": {"uv": [2, 11.5, 1.5, 12.75], "texture": "#crystal_atlas"},
				"east": {"uv": [2.25, 12.75, 2, 14], "texture": "#crystal_atlas"},
				"south": {"uv": [1.5, 12.75, 2, 14], "texture": "#crystal_atlas"},
				"west": {"uv": [1.75, 1.25, 2, 2.5], "texture": "#crystal_atlas"},
				"up": {"uv": [7, 13.5, 7.5, 13.25], "texture": "#crystal_atlas"},
				"down": {"uv": [6.5, 13.25, 7, 13.5], "texture": "#crystal_atlas"}
			}
		},
		{
			"name": "Voxels",
			"from": [4, -4.75, 7.5],
			"to": [4.25, -4.5, 8],
			"faces": {
				"north": {"uv": [9, 13, 8.75, 13.25], "texture": "#crystal_atlas"},
				"east": {"uv": [9.5, 13.25, 9, 13.5], "texture": "#crystal_atlas"},
				"south": {"uv": [8.75, 12.75, 9, 13], "texture": "#crystal_atlas"},
				"west": {"uv": [8.5, 13.25, 9, 13.5], "texture": "#crystal_atlas"},
				"up": {"uv": [2.5, 12.25, 2.75, 11.75], "texture": "#crystal_atlas"},
				"down": {"uv": [2.5, 12.25, 2.75, 12.75], "texture": "#crystal_atlas"}
			}
		},
		{
			"name": "Voxels",
			"from": [4, -4.5, 7.75],
			"to": [4.5, -4, 8.25],
			"faces": {
				"north": {"uv": [4.25, 13.5, 3.75, 14], "texture": "#crystal_atlas"},
				"east": {"uv": [5.75, 13.5, 5.25, 14], "texture": "#crystal_atlas"},
				"south": {"uv": [4.25, 13.5, 4.75, 14], "texture": "#crystal_atlas"},
				"west": {"uv": [4.75, 13.5, 5.25, 14], "texture": "#crystal_atlas"},
				"up": {"uv": [3.25, 14, 3.75, 13.5], "texture": "#crystal_atlas"},
				"down": {"uv": [2.75, 13.5, 3.25, 14], "texture": "#crystal_atlas"}
			}
		},
		{
			"name": "Voxels",
			"from": [4, -4, 6.75],
			"to": [4.75, -3.75, 7],
			"faces": {
				"north": {"uv": [12, 13.5, 11.25, 13.75], "texture": "#crystal_atlas"},
				"east": {"uv": [9.25, 12.75, 9, 13], "texture": "#crystal_atlas"},
				"south": {"uv": [12, 13.75, 12.75, 14], "texture": "#crystal_atlas"},
				"west": {"uv": [9, 13, 9.25, 13.25], "texture": "#crystal_atlas"},
				"up": {"uv": [11.25, 14, 12, 13.75], "texture": "#crystal_atlas"},
				"down": {"uv": [10.5, 13.5, 11.25, 13.75], "texture": "#crystal_atlas"}
			}
		},
		{
			"name": "Voxels",
			"from": [4, -4, 9],
			"to": [4.75, -3.75, 9.25],
			"faces": {
				"north": {"uv": [13.5, 13.5, 12.75, 13.75], "texture": "#crystal_atlas"},
				"east": {"uv": [9.5, 12.75, 9.25, 13], "texture": "#crystal_atlas"},
				"south": {"uv": [13.5, 13.75, 14.25, 14], "texture": "#crystal_atlas"},
				"west": {"uv": [9.25, 13, 9.5, 13.25], "texture": "#crystal_atlas"},
				"up": {"uv": [12.75, 14, 13.5, 13.75], "texture": "#crystal_atlas"},
				"down": {"uv": [12, 13.5, 12.75, 13.75], "texture": "#crystal_atlas"}
			}
		},
		{
			"name": "Voxels",
			"from": [4.25, -8.25, 7.5],
			"to": [4.5, -8, 7.75],
			"faces": {
				"north": {"uv": [10, 13, 9.75, 13.25], "texture": "#crystal_atlas"},
				"east": {"uv": [10.25, 12.75, 10, 13], "texture": "#crystal_atlas"},
				"south": {"uv": [9.75, 12.75, 10, 13], "texture": "#crystal_atlas"},
				"west": {"uv": [10, 13, 10.25, 13.25], "texture": "#crystal_atlas"},
				"up": {"uv": [9.5, 13, 9.75, 12.75], "texture": "#crystal_atlas"},
				"down": {"uv": [9.5, 13, 9.75, 13.25], "texture": "#crystal_atlas"}
			}
		},
		{
			"name": "Voxels",
			"from": [4.25, -7.5, 7.25],
			"to": [4.5, -7.25, 7.5],
			"faces": {
				"north": {"uv": [10.75, 13, 10.5, 13.25], "texture": "#crystal_atlas"},
				"east": {"uv": [11, 12.75, 10.75, 13], "texture": "#crystal_atlas"},
				"south": {"uv": [10.5, 12.75, 10.75, 13], "texture": "#crystal_atlas"},
				"west": {"uv": [10.75, 13, 11, 13.25], "texture": "#crystal_atlas"},
				"up": {"uv": [10.25, 13, 10.5, 12.75], "texture": "#crystal_atlas"},
				"down": {"uv": [10.25, 13, 10.5, 13.25], "texture": "#crystal_atlas"}
			}
		},
		{
			"name": "Voxels",
			"from": [4.25, -4.75, 7.75],
			"to": [4.5, -4.5, 8],
			"faces": {
				"north": {"uv": [11.5, 13, 11.25, 13.25], "texture": "#crystal_atlas"},
				"east": {"uv": [9.5, 12.5, 9.25, 12.75], "texture": "#crystal_atlas"},
				"south": {"uv": [11.25, 12.75, 11.5, 13], "texture": "#crystal_atlas"},
				"west": {"uv": [10, 12.5, 10.25, 12.75], "texture": "#crystal_atlas"},
				"up": {"uv": [11, 13, 11.25, 12.75], "texture": "#crystal_atlas"},
				"down": {"uv": [11, 13, 11.25, 13.25], "texture": "#crystal_atlas"}
			}
		},
		{
			"name": "Voxels",
			"from": [4.25, -4.25, 6.75],
			"to": [4.5, -4, 7],
			"faces": {
				"north": {"uv": [7.25, 12.5, 7, 12.75], "texture": "#crystal_atlas"},
				"east": {"uv": [5, 12.5, 4.75, 12.75], "texture": "#crystal_atlas"},
				"south": {"uv": [5.25, 12.5, 5.5, 12.75], "texture": "#crystal_atlas"},
				"west": {"uv": [5, 12.5, 5.25, 12.75], "texture": "#crystal_atlas"},
				"up": {"uv": [7.25, 12.75, 7.5, 12.5], "texture": "#crystal_atlas"},
				"down": {"uv": [9, 12.5, 9.25, 12.75], "texture": "#crystal_atlas"}
			}
		},
		{
			"name": "Voxels",
			"from": [4.25, -4.25, 9],
			"to": [4.5, -4, 9.25],
			"faces": {
				"north": {"uv": [3.75, 12.5, 3.5, 12.75], "texture": "#crystal_atlas"},
				"east": {"uv": [3.25, 7.75, 3, 8], "texture": "#crystal_atlas"},
				"south": {"uv": [3.25, 12.5, 3.5, 12.75], "texture": "#crystal_atlas"},
				"west": {"uv": [3, 0, 3.25, 0.25], "texture": "#crystal_atlas"},
				"up": {"uv": [3.75, 12.75, 4, 12.5], "texture": "#crystal_atlas"},
				"down": {"uv": [4.5, 12.5, 4.75, 12.75], "texture": "#crystal_atlas"}
			}
		},
		{
			"name": "Voxels",
			"from": [4.25, -4, 6.5],
			"to": [4.5, -3.25, 6.75],
			"faces": {
				"north": {"uv": [2.25, 8, 2, 8.75], "texture": "#crystal_atlas"},
				"east": {"uv": [2.25, 5.75, 2, 6.5], "texture": "#crystal_atlas"},
				"south": {"uv": [2, 7.25, 2.25, 8], "texture": "#crystal_atlas"},
				"west": {"uv": [2, 6.5, 2.25, 7.25], "texture": "#crystal_atlas"},
				"up": {"uv": [3, 8.5, 3.25, 8.25], "texture": "#crystal_atlas"},
				"down": {"uv": [3, 8, 3.25, 8.25], "texture": "#crystal_atlas"}
			}
		},
		{
			"name": "Voxels",
			"from": [4.25, -4, 7],
			"to": [4.5, -3.5, 7.5],
			"faces": {
				"north": {"uv": [2.75, 1.25, 2.5, 1.75], "texture": "#crystal_atlas"},
				"east": {"uv": [15.5, 14, 15, 14.5], "texture": "#crystal_atlas"},
				"south": {"uv": [2.5, 0.75, 2.75, 1.25], "texture": "#crystal_atlas"},
				"west": {"uv": [14.5, 14, 15, 14.5], "texture": "#crystal_atlas"},
				"up": {"uv": [2.5, 2.25, 2.75, 1.75], "texture": "#crystal_atlas"},
				"down": {"uv": [2.5, 2.25, 2.75, 2.75], "texture": "#crystal_atlas"}
			}
		},
		{
			"name": "Voxels",
			"from": [4.25, -4, 7.5],
			"to": [4.5, -3.75, 9],
			"faces": {
				"north": {"uv": [3.25, 8.5, 3, 8.75], "texture": "#crystal_atlas"},
				"east": {"uv": [12.5, 15.75, 11, 16], "texture": "#crystal_atlas"},
				"south": {"uv": [3, 9.25, 3.25, 9.5], "texture": "#crystal_atlas"},
				"west": {"uv": [9.5, 15.75, 11, 16], "texture": "#crystal_atlas"},
				"up": {"uv": [1.5, 2.5, 1.75, 1], "texture": "#crystal_atlas"},
				"down": {"uv": [1.75, 2.5, 2, 4], "texture": "#crystal_atlas"}
			}
		},
		{
			"name": "Voxels",
			"from": [4.25, -4, 9.25],
			"to": [4.5, -3.25, 9.5],
			"faces": {
				"north": {"uv": [2.5, 6, 2.25, 6.75], "texture": "#crystal_atlas"},
				"east": {"uv": [2.25, 5, 2, 5.75], "texture": "#crystal_atlas"},
				"south": {"uv": [2.25, 5.25, 2.5, 6], "texture": "#crystal_atlas"},
				"west": {"uv": [2, 4.25, 2.25, 5], "texture": "#crystal_atlas"},
				"up": {"uv": [3, 10, 3.25, 9.75], "texture": "#crystal_atlas"},
				"down": {"uv": [3, 9.5, 3.25, 9.75], "texture": "#crystal_atlas"}
			}
		},
		{
			"name": "Voxels",
			"from": [4.25, -3.75, 6.75],
			"to": [4.5, -3.5, 7],
			"faces": {
				"north": {"uv": [15.5, 13, 15.25, 13.25], "texture": "#crystal_atlas"},
				"east": {"uv": [13.25, 12.75, 13, 13], "texture": "#crystal_atlas"},
				"south": {"uv": [15, 12.75, 15.25, 13], "texture": "#crystal_atlas"},
				"west": {"uv": [15, 13, 15.25, 13.25], "texture": "#crystal_atlas"},
				"up": {"uv": [15.25, 13, 15.5, 12.75], "texture": "#crystal_atlas"},
				"down": {"uv": [3, 10, 3.25, 10.25], "texture": "#crystal_atlas"}
			}
		},
		{
			"name": "Voxels",
			"from": [4.25, -3.75, 8.5],
			"to": [4.5, -3.5, 9.25],
			"faces": {
				"north": {"uv": [3.25, 4.25, 3, 4.5], "texture": "#crystal_atlas"},
				"east": {"uv": [9, 13.5, 8.25, 13.75], "texture": "#crystal_atlas"},
				"south": {"uv": [3, 5, 3.25, 5.25], "texture": "#crystal_atlas"},
				"west": {"uv": [8.25, 13.75, 9, 14], "texture": "#crystal_atlas"},
				"up": {"uv": [2, 2, 2.25, 1.25], "texture": "#crystal_atlas"},
				"down": {"uv": [2, 0.5, 2.25, 1.25], "texture": "#crystal_atlas"}
			}
		},
		{
			"name": "Voxels",
			"from": [4.25, -3.5, 6],
			"to": [4.5, -3, 6.25],
			"faces": {
				"north": {"uv": [2.75, 0.25, 2.5, 0.75], "texture": "#crystal_atlas"},
				"east": {"uv": [3, 11.75, 2.75, 12.25], "texture": "#crystal_atlas"},
				"south": {"uv": [2.75, 12.75, 3, 13.25], "texture": "#crystal_atlas"},
				"west": {"uv": [2.75, 12.25, 3, 12.75], "texture": "#crystal_atlas"},
				"up": {"uv": [3, 11, 3.25, 10.75], "texture": "#crystal_atlas"},
				"down": {"uv": [3, 7, 3.25, 7.25], "texture": "#crystal_atlas"}
			}
		},
		{
			"name": "Voxels",
			"from": [4.25, -3.5, 6.25],
			"to": [4.5, -3.25, 6.5],
			"faces": {
				"north": {"uv": [14.25, 13, 14, 13.25], "texture": "#crystal_atlas"},
				"east": {"uv": [14, 13, 13.75, 13.25], "texture": "#crystal_atlas"},
				"south": {"uv": [6.5, 12.5, 6.75, 12.75], "texture": "#crystal_atlas"},
				"west": {"uv": [12, 13, 12.25, 13.25], "texture": "#crystal_atlas"},
				"up": {"uv": [13.75, 13, 14, 12.75], "texture": "#crystal_atlas"},
				"down": {"uv": [3, 5.5, 3.25, 5.75], "texture": "#crystal_atlas"}
			}
		},
		{
			"name": "Voxels",
			"from": [4.25, -3.5, 9.5],
			"to": [4.5, -3.25, 10],
			"faces": {
				"north": {"uv": [6.25, 12.5, 6, 12.75], "texture": "#crystal_atlas"},
				"east": {"uv": [12, 13.25, 11.5, 13.5], "texture": "#crystal_atlas"},
				"south": {"uv": [6.25, 12.5, 6.5, 12.75], "texture": "#crystal_atlas"},
				"west": {"uv": [11, 13.25, 11.5, 13.5], "texture": "#crystal_atlas"},
				"up": {"uv": [2.75, 11.25, 3, 10.75], "texture": "#crystal_atlas"},
				"down": {"uv": [2.75, 11.25, 3, 11.75], "texture": "#crystal_atlas"}
			}
		},
		{
			"name": "Voxels",
			"from": [4.25, -3.25, 5.75],
			"to": [4.5, -2.75, 6],
			"faces": {
				"north": {"uv": [3, 10.25, 2.75, 10.75], "texture": "#crystal_atlas"},
				"east": {"uv": [3, 8.75, 2.75, 9.25], "texture": "#crystal_atlas"},
				"south": {"uv": [2.75, 9.75, 3, 10.25], "texture": "#crystal_atlas"},
				"west": {"uv": [2.75, 9.25, 3, 9.75], "texture": "#crystal_atlas"},
				"up": {"uv": [13.5, 13, 13.75, 12.75], "texture": "#crystal_atlas"},
				"down": {"uv": [12.25, 12.75, 12.5, 13], "texture": "#crystal_atlas"}
			}
		},
		{
			"name": "Voxels",
			"from": [4.25, -3.25, 9.75],
			"to": [4.5, -3, 10.25],
			"faces": {
				"north": {"uv": [11.75, 13, 11.5, 13.25], "texture": "#crystal_atlas"},
				"east": {"uv": [13, 13.25, 12.5, 13.5], "texture": "#crystal_atlas"},
				"south": {"uv": [11.5, 12.75, 11.75, 13], "texture": "#crystal_atlas"},
				"west": {"uv": [12, 13.25, 12.5, 13.5], "texture": "#crystal_atlas"},
				"up": {"uv": [2.75, 8.25, 3, 7.75], "texture": "#crystal_atlas"},
				"down": {"uv": [2.75, 8.25, 3, 8.75], "texture": "#crystal_atlas"}
			}
		},
		{
			"name": "Voxels",
			"from": [4.25, -3, 5.25],
			"to": [4.5, -2.5, 5.5],
			"faces": {
				"north": {"uv": [3, 7.25, 2.75, 7.75], "texture": "#crystal_atlas"},
				"east": {"uv": [3, 5.75, 2.75, 6.25], "texture": "#crystal_atlas"},
				"south": {"uv": [2.75, 6.75, 3, 7.25], "texture": "#crystal_atlas"},
				"west": {"uv": [2.75, 6.25, 3, 6.75], "texture": "#crystal_atlas"},
				"up": {"uv": [13.5, 13.25, 13.75, 13], "texture": "#crystal_atlas"},
				"down": {"uv": [12.5, 13, 12.75, 13.25], "texture": "#crystal_atlas"}
			}
		},
		{
			"name": "Voxels",
			"from": [4.25, -3, 5.5],
			"to": [4.5, -2.75, 5.75],
			"faces": {
				"north": {"uv": [16, 13, 15.75, 13.25], "texture": "#crystal_atlas"},
				"east": {"uv": [3.25, 11, 3, 11.25], "texture": "#crystal_atlas"},
				"south": {"uv": [3, 11.5, 3.25, 11.75], "texture": "#crystal_atlas"},
				"west": {"uv": [3, 11.25, 3.25, 11.5], "texture": "#crystal_atlas"},
				"up": {"uv": [15.5, 13.25, 15.75, 13], "texture": "#crystal_atlas"},
				"down": {"uv": [14, 12.75, 14.25, 13], "texture": "#crystal_atlas"}
			}
		},
		{
			"name": "Voxels",
			"from": [4.25, -3, 10],
			"to": [4.5, -2.75, 10.75],
			"faces": {
				"north": {"uv": [3.25, 6.75, 3, 7], "texture": "#crystal_atlas"},
				"east": {"uv": [8.25, 13.75, 7.5, 14], "texture": "#crystal_atlas"},
				"south": {"uv": [3, 5.25, 3.25, 5.5], "texture": "#crystal_atlas"},
				"west": {"uv": [7.5, 13.5, 8.25, 13.75], "texture": "#crystal_atlas"},
				"up": {"uv": [2, 4.25, 2.25, 3.5], "texture": "#crystal_atlas"},
				"down": {"uv": [2, 2.75, 2.25, 3.5], "texture": "#crystal_atlas"}
			}
		},
		{
			"name": "Voxels",
			"from": [4.25, -2.75, 5],
			"to": [4.5, -2.25, 5.25],
			"faces": {
				"north": {"uv": [3, 5.25, 2.75, 5.75], "texture": "#crystal_atlas"},
				"east": {"uv": [3, 3.75, 2.75, 4.25], "texture": "#crystal_atlas"},
				"south": {"uv": [2.75, 4.75, 3, 5.25], "texture": "#crystal_atlas"},
				"west": {"uv": [2.75, 4.25, 3, 4.75], "texture": "#crystal_atlas"},
				"up": {"uv": [3, 3.5, 3.25, 3.25], "texture": "#crystal_atlas"},
				"down": {"uv": [3, 3.5, 3.25, 3.75], "texture": "#crystal_atlas"}
			}
		},
		{
			"name": "Voxels",
			"from": [4.25, -2.75, 10.5],
			"to": [4.5, -2.5, 11],
			"faces": {
				"north": {"uv": [12.25, 12.75, 12, 13], "texture": "#crystal_atlas"},
				"east": {"uv": [14, 13.25, 13.5, 13.5], "texture": "#crystal_atlas"},
				"south": {"uv": [12.25, 13, 12.5, 13.25], "texture": "#crystal_atlas"},
				"west": {"uv": [13, 13.25, 13.5, 13.5], "texture": "#crystal_atlas"},
				"up": {"uv": [2.75, 3.25, 3, 2.75], "texture": "#crystal_atlas"},
				"down": {"uv": [2.75, 3.25, 3, 3.75], "texture": "#crystal_atlas"}
			}
		},
		{
			"name": "Voxels",
			"from": [4.25, -2.5, 4.75],
			"to": [4.5, -2, 5],
			"faces": {
				"north": {"uv": [3, 2.25, 2.75, 2.75], "texture": "#crystal_atlas"},
				"east": {"uv": [3, 0.75, 2.75, 1.25], "texture": "#crystal_atlas"},
				"south": {"uv": [2.75, 1.75, 3, 2.25], "texture": "#crystal_atlas"},
				"west": {"uv": [2.75, 1.25, 3, 1.75], "texture": "#crystal_atlas"},
				"up": {"uv": [13, 13.25, 13.25, 13], "texture": "#crystal_atlas"},
				"down": {"uv": [12.5, 12.75, 12.75, 13], "texture": "#crystal_atlas"}
			}
		},
		{
			"name": "Voxels",
			"from": [4.25, -2.5, 10.75],
			"to": [4.5, -2.25, 11.25],
			"faces": {
				"north": {"uv": [14.75, 13, 14.5, 13.25], "texture": "#crystal_atlas"},
				"east": {"uv": [15, 13.25, 14.5, 13.5], "texture": "#crystal_atlas"},
				"south": {"uv": [14.5, 12.75, 14.75, 13], "texture": "#crystal_atlas"},
				"west": {"uv": [14, 13.25, 14.5, 13.5], "texture": "#crystal_atlas"},
				"up": {"uv": [3, 13.25, 3.25, 12.75], "texture": "#crystal_atlas"},
				"down": {"uv": [2.75, 0.25, 3, 0.75], "texture": "#crystal_atlas"}
			}
		},
		{
			"name": "Voxels",
			"from": [4.25, -2.25, 4.5],
			"to": [4.5, -1.75, 4.75],
			"faces": {
				"north": {"uv": [3.5, 12.75, 3.25, 13.25], "texture": "#crystal_atlas"},
				"east": {"uv": [4.25, 12.75, 4, 13.25], "texture": "#crystal_atlas"},
				"south": {"uv": [3.5, 12.75, 3.75, 13.25], "texture": "#crystal_atlas"},
				"west": {"uv": [3.75, 12.75, 4, 13.25], "texture": "#crystal_atlas"},
				"up": {"uv": [3, 12.5, 3.25, 12.25], "texture": "#crystal_atlas"},
				"down": {"uv": [3, 12.5, 3.25, 12.75], "texture": "#crystal_atlas"}
			}
		},
		{
			"name": "Voxels",
			"from": [4.25, -2.25, 11],
			"to": [4.5, -2, 11.5],
			"faces": {
				"north": {"uv": [3.25, 6.5, 3, 6.75], "texture": "#crystal_atlas"},
				"east": {"uv": [16, 13.25, 15.5, 13.5], "texture": "#crystal_atlas"},
				"south": {"uv": [3, 6.25, 3.25, 6.5], "texture": "#crystal_atlas"},
				"west": {"uv": [15, 13.25, 15.5, 13.5], "texture": "#crystal_atlas"},
				"up": {"uv": [4.5, 13.25, 4.75, 12.75], "texture": "#crystal_atlas"},
				"down": {"uv": [4.25, 12.75, 4.5, 13.25], "texture": "#crystal_atlas"}
			}
		},
		{
			"name": "Voxels",
			"from": [4.25, -2, 4.25],
			"to": [4.5, -1.5, 4.5],
			"faces": {
				"north": {"uv": [5, 12.75, 4.75, 13.25], "texture": "#crystal_atlas"},
				"east": {"uv": [5.75, 12.75, 5.5, 13.25], "texture": "#crystal_atlas"},
				"south": {"uv": [5, 12.75, 5.25, 13.25], "texture": "#crystal_atlas"},
				"west": {"uv": [5.25, 12.75, 5.5, 13.25], "texture": "#crystal_atlas"},
				"up": {"uv": [3, 4.75, 3.25, 4.5], "texture": "#crystal_atlas"},
				"down": {"uv": [3, 4.75, 3.25, 5], "texture": "#crystal_atlas"}
			}
		},
		{
			"name": "Voxels",
			"from": [4.25, -2, 11.25],
			"to": [4.5, -1.75, 11.75],
			"faces": {
				"north": {"uv": [7, 12.5, 6.75, 12.75], "texture": "#crystal_atlas"},
				"east": {"uv": [6.75, 12.75, 6.25, 13], "texture": "#crystal_atlas"},
				"south": {"uv": [10.25, 12.5, 10.5, 12.75], "texture": "#crystal_atlas"},
				"west": {"uv": [6.25, 13, 6.75, 13.25], "texture": "#crystal_atlas"},
				"up": {"uv": [6, 13.25, 6.25, 12.75], "texture": "#crystal_atlas"},
				"down": {"uv": [5.75, 12.75, 6, 13.25], "texture": "#crystal_atlas"}
			}
		},
		{
			"name": "Voxels",
			"from": [4.25, -1.75, 4],
			"to": [4.5, -1.25, 4.25],
			"faces": {
				"north": {"uv": [7, 12.75, 6.75, 13.25], "texture": "#crystal_atlas"},
				"east": {"uv": [2.25, 0, 2, 0.5], "texture": "#crystal_atlas"},
				"south": {"uv": [7, 12.75, 7.25, 13.25], "texture": "#crystal_atlas"},
				"west": {"uv": [7.25, 12.75, 7.5, 13.25], "texture": "#crystal_atlas"},
				"up": {"uv": [11.75, 13, 12, 12.75], "texture": "#crystal_atlas"},
				"down": {"uv": [11.75, 13, 12, 13.25], "texture": "#crystal_atlas"}
			}
		},
		{
			"name": "Voxels",
			"from": [4.25, -1.75, 11.5],
			"to": [4.5, -1.5, 12],
			"faces": {
				"north": {"uv": [13, 13, 12.75, 13.25], "texture": "#crystal_atlas"},
				"east": {"uv": [11, 13.25, 10.5, 13.5], "texture": "#crystal_atlas"},
				"south": {"uv": [12.75, 12.75, 13, 13], "texture": "#crystal_atlas"},
				"west": {"uv": [15.5, 15.5, 16, 15.75], "texture": "#crystal_atlas"},
				"up": {"uv": [14.5, 14, 14.75, 13.5], "texture": "#crystal_atlas"},
				"down": {"uv": [14.25, 13.5, 14.5, 14], "texture": "#crystal_atlas"}
			}
		},
		{
			"name": "Voxels",
			"from": [4.25, -1.5, 3.75],
			"to": [4.5, -1, 4],
			"faces": {
				"north": {"uv": [15, 13.5, 14.75, 14], "texture": "#crystal_atlas"},
				"east": {"uv": [2.5, 3.75, 2.25, 4.25], "texture": "#crystal_atlas"},
				"south": {"uv": [15, 13.5, 15.25, 14], "texture": "#crystal_atlas"},
				"west": {"uv": [2.25, 4.25, 2.5, 4.75], "texture": "#crystal_atlas"},
				"up": {"uv": [13.25, 13, 13.5, 12.75], "texture": "#crystal_atlas"},
				"down": {"uv": [13.25, 13, 13.5, 13.25], "texture": "#crystal_atlas"}
			}
		},
		{
			"name": "Voxels",
			"from": [4.25, -1.5, 11.75],
			"to": [4.5, -1.25, 12.25],
			"faces": {
				"north": {"uv": [14.5, 13, 14.25, 13.25], "texture": "#crystal_atlas"},
				"east": {"uv": [5.5, 13.25, 5, 13.5], "texture": "#crystal_atlas"},
				"south": {"uv": [14.25, 12.75, 14.5, 13], "texture": "#crystal_atlas"},
				"west": {"uv": [4.5, 13.25, 5, 13.5], "texture": "#crystal_atlas"},
				"up": {"uv": [2.25, 1.25, 2.5, 0.75], "texture": "#crystal_atlas"},
				"down": {"uv": [2.25, 1.25, 2.5, 1.75], "texture": "#crystal_atlas"}
			}
		},
		{
			"name": "Voxels",
			"from": [4.25, -1.25, 3.5],
			"to": [4.5, -0.5, 3.75],
			"faces": {
				"north": {"uv": [2.25, 2, 2, 2.75], "texture": "#crystal_atlas"},
				"east": {"uv": [2.5, 8.25, 2.25, 9], "texture": "#crystal_atlas"},
				"south": {"uv": [2.25, 11.25, 2.5, 12], "texture": "#crystal_atlas"},
				"west": {"uv": [2.25, 10.5, 2.5, 11.25], "texture": "#crystal_atlas"},
				"up": {"uv": [14.75, 13, 15, 12.75], "texture": "#crystal_atlas"},
				"down": {"uv": [14.75, 13, 15, 13.25], "texture": "#crystal_atlas"}
			}
		},
		{
			"name": "Voxels",
			"from": [4.25, -1.25, 12],
			"to": [4.5, -1, 12.5],
			"faces": {
				"north": {"uv": [15.75, 12.75, 15.5, 13], "texture": "#crystal_atlas"},
				"east": {"uv": [8.5, 13.25, 8, 13.5], "texture": "#crystal_atlas"},
				"south": {"uv": [15.75, 12.75, 16, 13], "texture": "#crystal_atlas"},
				"west": {"uv": [7.5, 13.25, 8, 13.5], "texture": "#crystal_atlas"},
				"up": {"uv": [2.5, 13.25, 2.75, 12.75], "texture": "#crystal_atlas"},
				"down": {"uv": [2.25, 0.25, 2.5, 0.75], "texture": "#crystal_atlas"}
			}
		},
		{
			"name": "Voxels",
			"from": [4.25, -1, 12.25],
			"to": [4.5, -0.5, 12.5],
			"faces": {
				"north": {"uv": [2.75, 11.25, 2.5, 11.75], "texture": "#crystal_atlas"},
				"east": {"uv": [2.75, 9.75, 2.5, 10.25], "texture": "#crystal_atlas"},
				"south": {"uv": [2.5, 10.75, 2.75, 11.25], "texture": "#crystal_atlas"},
				"west": {"uv": [2.5, 10.25, 2.75, 10.75], "texture": "#crystal_atlas"},
				"up": {"uv": [3, 12, 3.25, 11.75], "texture": "#crystal_atlas"},
				"down": {"uv": [3, 12, 3.25, 12.25], "texture": "#crystal_atlas"}
			}
		},
		{
			"name": "Voxels",
			"from": [4.25, -0.75, 3.25],
			"to": [4.5, 0, 3.5],
			"faces": {
				"north": {"uv": [2.25, 11, 2, 11.75], "texture": "#crystal_atlas"},
				"east": {"uv": [2.5, 9, 2.25, 9.75], "texture": "#crystal_atlas"},
				"south": {"uv": [2.25, 6.75, 2.5, 7.5], "texture": "#crystal_atlas"},
				"west": {"uv": [2.25, 7.5, 2.5, 8.25], "texture": "#crystal_atlas"},
				"up": {"uv": [3, 10.5, 3.25, 10.25], "texture": "#crystal_atlas"},
				"down": {"uv": [3, 10.5, 3.25, 10.75], "texture": "#crystal_atlas"}
			}
		},
		{
			"name": "Voxels",
			"from": [4.25, -0.75, 12.5],
			"to": [4.5, 0, 12.75],
			"faces": {
				"north": {"uv": [2.5, 9.75, 2.25, 10.5], "texture": "#crystal_atlas"},
				"east": {"uv": [2.25, 10.25, 2, 11], "texture": "#crystal_atlas"},
				"south": {"uv": [2, 8.75, 2.25, 9.5], "texture": "#crystal_atlas"},
				"west": {"uv": [2, 9.5, 2.25, 10.25], "texture": "#crystal_atlas"},
				"up": {"uv": [3, 9, 3.25, 8.75], "texture": "#crystal_atlas"},
				"down": {"uv": [3, 9, 3.25, 9.25], "texture": "#crystal_atlas"}
			}
		},
		{
			"name": "Voxels",
			"from": [4.25, -0.25, 3],
			"to": [4.5, 0.25, 3.25],
			"faces": {
				"north": {"uv": [2.75, 9.25, 2.5, 9.75], "texture": "#crystal_atlas"},
				"east": {"uv": [2.75, 7.75, 2.5, 8.25], "texture": "#crystal_atlas"},
				"south": {"uv": [2.5, 8.75, 2.75, 9.25], "texture": "#crystal_atlas"},
				"west": {"uv": [2.5, 8.25, 2.75, 8.75], "texture": "#crystal_atlas"},
				"up": {"uv": [3, 7.5, 3.25, 7.25], "texture": "#crystal_atlas"},
				"down": {"uv": [3, 7.5, 3.25, 7.75], "texture": "#crystal_atlas"}
			}
		},
		{
			"name": "Voxels",
			"from": [4.25, -0.25, 12.75],
			"to": [4.5, 0.25, 13],
			"faces": {
				"north": {"uv": [2.75, 2.75, 2.5, 3.25], "texture": "#crystal_atlas"},
				"east": {"uv": [2.75, 6.25, 2.5, 6.75], "texture": "#crystal_atlas"},
				"south": {"uv": [2.5, 7.25, 2.75, 7.75], "texture": "#crystal_atlas"},
				"west": {"uv": [2.5, 6.75, 2.75, 7.25], "texture": "#crystal_atlas"},
				"up": {"uv": [3, 6, 3.25, 5.75], "texture": "#crystal_atlas"},
				"down": {"uv": [3, 6, 3.25, 6.25], "texture": "#crystal_atlas"}
			}
		},
		{
			"name": "Voxels",
			"from": [4.5, -8.25, 7.75],
			"to": [4.75, -8, 8.25],
			"faces": {
				"north": {"uv": [3.25, 4, 3, 4.25], "texture": "#crystal_atlas"},
				"east": {"uv": [10.5, 13.25, 10, 13.5], "texture": "#crystal_atlas"},
				"south": {"uv": [3, 3.75, 3.25, 4], "texture": "#crystal_atlas"},
				"west": {"uv": [9.5, 13.25, 10, 13.5], "texture": "#crystal_atlas"},
				"up": {"uv": [2.5, 5.75, 2.75, 5.25], "texture": "#crystal_atlas"},
				"down": {"uv": [2.5, 5.75, 2.75, 6.25], "texture": "#crystal_atlas"}
			}
		},
		{
			"name": "Voxels",
			"from": [4.5, -7.75, 7.5],
			"to": [4.75, -7.5, 7.75],
			"faces": {
				"north": {"uv": [3.25, 2.5, 3, 2.75], "texture": "#crystal_atlas"},
				"east": {"uv": [3.25, 1.75, 3, 2], "texture": "#crystal_atlas"},
				"south": {"uv": [3, 2.25, 3.25, 2.5], "texture": "#crystal_atlas"},
				"west": {"uv": [3, 2, 3.25, 2.25], "texture": "#crystal_atlas"},
				"up": {"uv": [3, 3, 3.25, 2.75], "texture": "#crystal_atlas"},
				"down": {"uv": [3, 3, 3.25, 3.25], "texture": "#crystal_atlas"}
			}
		},
		{
			"name": "Voxels",
			"from": [4.5, -7.75, 8.25],
			"to": [4.75, -7.5, 8.5],
			"faces": {
				"north": {"uv": [3.25, 1, 3, 1.25], "texture": "#crystal_atlas"},
				"east": {"uv": [3.25, 0.25, 3, 0.5], "texture": "#crystal_atlas"},
				"south": {"uv": [3, 0.75, 3.25, 1], "texture": "#crystal_atlas"},
				"west": {"uv": [3, 0.5, 3.25, 0.75], "texture": "#crystal_atlas"},
				"up": {"uv": [3, 1.5, 3.25, 1.25], "texture": "#crystal_atlas"},
				"down": {"uv": [3, 1.5, 3.25, 1.75], "texture": "#crystal_atlas"}
			}
		},
		{
			"name": "Voxels",
			"from": [4.5, 0, 3],
			"to": [11.5, 0.25, 3.25],
			"faces": {
				"north": {"uv": [15.5, 14.75, 8.5, 15], "texture": "#crystal_atlas"},
				"east": {"uv": [4.5, 12.5, 4.25, 12.75], "texture": "#crystal_atlas"},
				"south": {"uv": [1.5, 15.25, 8.5, 15.5], "texture": "#crystal_atlas"},
				"west": {"uv": [4, 12.5, 4.25, 12.75], "texture": "#crystal_atlas"},
				"up": {"uv": [8.5, 14.75, 15.5, 14.5], "texture": "#crystal_atlas"},
				"down": {"uv": [1.5, 14.5, 8.5, 14.75], "texture": "#crystal_atlas"}
			}
		},
		{
			"name": "Voxels",
			"from": [4.5, 0, 12.75],
			"to": [11.5, 0.25, 13],
			"faces": {
				"north": {"uv": [15.5, 15, 8.5, 15.25], "texture": "#crystal_atlas"},
				"east": {"uv": [6, 12.5, 5.75, 12.75], "texture": "#crystal_atlas"},
				"south": {"uv": [1.5, 14.75, 8.5, 15], "texture": "#crystal_atlas"},
				"west": {"uv": [5.5, 12.5, 5.75, 12.75], "texture": "#crystal_atlas"},
				"up": {"uv": [1.5, 15.25, 8.5, 15], "texture": "#crystal_atlas"},
				"down": {"uv": [8.5, 15.25, 15.5, 15.5], "texture": "#crystal_atlas"}
			}
		},
		{
			"name": "Voxels",
			"from": [4.75, -7.5, 7.75],
			"to": [5, -7, 8.25],
			"faces": {
				"north": {"uv": [2.75, 3.75, 2.5, 4.25], "texture": "#crystal_atlas"},
				"east": {"uv": [13, 14, 12.5, 14.5], "texture": "#crystal_atlas"},
				"south": {"uv": [2.5, 3.25, 2.75, 3.75], "texture": "#crystal_atlas"},
				"west": {"uv": [14, 14, 14.5, 14.5], "texture": "#crystal_atlas"},
				"up": {"uv": [2.5, 4.75, 2.75, 4.25], "texture": "#crystal_atlas"},
				"down": {"uv": [2.5, 4.75, 2.75, 5.25], "texture": "#crystal_atlas"}
			}
		},
		{
			"name": "Voxels",
			"from": [4.75, -7, 8],
			"to": [5, -6.75, 8.25],
			"faces": {
				"north": {"uv": [8.25, 12.5, 8, 12.75], "texture": "#crystal_atlas"},
				"east": {"uv": [9, 12.5, 8.75, 12.75], "texture": "#crystal_atlas"},
				"south": {"uv": [8.25, 12.5, 8.5, 12.75], "texture": "#crystal_atlas"},
				"west": {"uv": [8.5, 12.5, 8.75, 12.75], "texture": "#crystal_atlas"},
				"up": {"uv": [7.75, 12.75, 8, 12.5], "texture": "#crystal_atlas"},
				"down": {"uv": [7.5, 12.5, 7.75, 12.75], "texture": "#crystal_atlas"}
			}
		},
		{
			"name": "Voxels",
			"from": [11.25, 0, 3.25],
			"to": [11.5, 0.25, 12.75],
			"faces": {
				"north": {"uv": [9.75, 12.5, 9.5, 12.75], "texture": "#crystal_atlas"},
				"east": {"uv": [10, 15.5, 0.5, 15.75], "texture": "#crystal_atlas"},
				"south": {"uv": [9.75, 12.5, 10, 12.75], "texture": "#crystal_atlas"},
				"west": {"uv": [0, 15.75, 9.5, 16], "texture": "#crystal_atlas"},
				"up": {"uv": [0, 15.75, 0.25, 6.25], "texture": "#crystal_atlas"},
				"down": {"uv": [0.25, 6.25, 0.5, 15.75], "texture": "#crystal_atlas"}
			}
		}
	],
	"display": {
		"thirdperson_righthand": {
			"rotation": [94, -90, 0],
			"translation": [0, -1.391, 3.4782],
			"scale": [0.3737, 0.3737, 0.3737]
		},
		"thirdperson_lefthand": {
			"rotation": [94, 90, 0],
			"translation": [0, -1.391, 3.4782],
			"scale": [0.3737, 0.3737, 0.3737]
		},
		"firstperson_righthand": {
			"rotation": [10, 53, -20],
			"translation": [-0.693, 8.3475, 2.7826],
			"scale": [0.3391, 0.3391, 0.3391]
		},
		"firstperson_lefthand": {
			"rotation": [5, -140, 29],
			"translation": [-0.693, 8.3475, 2.7826],
			"scale": [0.3391, 0.3391, 0.3391]
		},
		"ground": {
			"rotation": [0, 0, -90],
			"translation": [9.7391, -6.261, 0]
		},
		"gui": {
			"rotation": [-9, 109, 0],
			"translation": [0, 10.433, 0]
		},
		"head": {
			"rotation": [0, -90, 0],
			"translation": [0, 1.3913, 0]
		},
		"fixed": {
			"rotation": [0, -90, 0],
			"translation": [0, 10.434, 0]
		}
	}
}