{
	"credit": "Made with Blockbench",
	"textures": {
		"voxels_atlas": "item/charcoal/45"
	},
	"elements": [
		{
			"name": "Voxels",
			"from": [2, 2, 1],
			"to": [2.5, 3, 1.5],
			"faces": {
				"north": {"uv": [1.5, 1, 1, 2], "texture": "#voxels_atlas"},
				"east": {"uv": [3, 3.5, 2.5, 4.5], "texture": "#voxels_atlas"},
				"south": {"uv": [1, 0, 1.5, 1], "texture": "#voxels_atlas"},
				"west": {"uv": [2, 3.5, 2.5, 4.5], "texture": "#voxels_atlas"},
				"up": {"uv": [11, 9, 11.5, 8.5], "texture": "#voxels_atlas"},
				"down": {"uv": [10.5, 4.5, 11, 5], "texture": "#voxels_atlas"}
			}
		},
		{
			"name": "Voxels",
			"from": [2, 2.5, -3],
			"to": [10.5, 3, -2.5],
			"faces": {
				"north": {"uv": [8.5, 14.5, 0, 15], "texture": "#voxels_atlas"},
				"east": {"uv": [12.5, 8.5, 12, 9], "texture": "#voxels_atlas"},
				"south": {"uv": [0, 14, 8.5, 14.5], "texture": "#voxels_atlas"},
				"west": {"uv": [11.5, 8.5, 12, 9], "texture": "#voxels_atlas"},
				"up": {"uv": [0, 15.5, 8.5, 15], "texture": "#voxels_atlas"},
				"down": {"uv": [0, 15.5, 8.5, 16], "texture": "#voxels_atlas"}
			}
		},
		{
			"name": "Voxels",
			"from": [2, 2.5, -2.5],
			"to": [2.5, 3, 1],
			"faces": {
				"north": {"uv": [13, 8.5, 12.5, 9], "texture": "#voxels_atlas"},
				"east": {"uv": [12, 15, 8.5, 15.5], "texture": "#voxels_atlas"},
				"south": {"uv": [13, 8.5, 13.5, 9], "texture": "#voxels_atlas"},
				"west": {"uv": [12, 15.5, 15.5, 16], "texture": "#voxels_atlas"},
				"up": {"uv": [1.5, 14, 2, 10.5], "texture": "#voxels_atlas"},
				"down": {"uv": [1.5, 7, 2, 10.5], "texture": "#voxels_atlas"}
			}
		},
		{
			"name": "Voxels",
			"from": [2.5, 1.5, 1],
			"to": [3, 2, 1.5],
			"faces": {
				"north": {"uv": [15, 8.5, 14.5, 9], "texture": "#voxels_atlas"},
				"east": {"uv": [10.5, 8, 10, 8.5], "texture": "#voxels_atlas"},
				"south": {"uv": [9, 8, 9.5, 8.5], "texture": "#voxels_atlas"},
				"west": {"uv": [9.5, 8, 10, 8.5], "texture": "#voxels_atlas"},
				"up": {"uv": [14, 9, 14.5, 8.5], "texture": "#voxels_atlas"},
				"down": {"uv": [13.5, 8.5, 14, 9], "texture": "#voxels_atlas"}
			}
		},
		{
			"name": "Voxels",
			"from": [3, 1, 1],
			"to": [3.5, 1.5, 1.5],
			"faces": {
				"north": {"uv": [12, 8, 11.5, 8.5], "texture": "#voxels_atlas"},
				"east": {"uv": [8.5, 7.5, 8, 8], "texture": "#voxels_atlas"},
				"south": {"uv": [12, 8, 12.5, 8.5], "texture": "#voxels_atlas"},
				"west": {"uv": [12.5, 8, 13, 8.5], "texture": "#voxels_atlas"},
				"up": {"uv": [11, 8.5, 11.5, 8], "texture": "#voxels_atlas"},
				"down": {"uv": [10.5, 8, 11, 8.5], "texture": "#voxels_atlas"}
			}
		},
		{
			"name": "Voxels",
			"from": [3.5, 0, 1],
			"to": [4, 1, 1.5],
			"faces": {
				"north": {"uv": [2.5, 0, 2, 1], "texture": "#voxels_atlas"},
				"east": {"uv": [4, 3.5, 3.5, 4.5], "texture": "#voxels_atlas"},
				"south": {"uv": [2.5, 0, 3, 1], "texture": "#voxels_atlas"},
				"west": {"uv": [3, 3.5, 3.5, 4.5], "texture": "#voxels_atlas"},
				"up": {"uv": [9, 8, 9.5, 7.5], "texture": "#voxels_atlas"},
				"down": {"uv": [8.5, 7.5, 9, 8], "texture": "#voxels_atlas"}
			}
		},
		{
			"name": "Voxels",
			"from": [4, -0.5, 1],
			"to": [4.5, 0, 1.5],
			"faces": {
				"north": {"uv": [11, 7.5, 10.5, 8], "texture": "#voxels_atlas"},
				"east": {"uv": [9, 6, 8.5, 6.5], "texture": "#voxels_atlas"},
				"south": {"uv": [11, 7.5, 11.5, 8], "texture": "#voxels_atlas"},
				"west": {"uv": [11.5, 7.5, 12, 8], "texture": "#voxels_atlas"},
				"up": {"uv": [10, 8, 10.5, 7.5], "texture": "#voxels_atlas"},
				"down": {"uv": [9.5, 7.5, 10, 8], "texture": "#voxels_atlas"}
			}
		},
		{
			"name": "Voxels",
			"from": [4.5, -1.5, 1],
			"to": [5, -0.5, 1.5],
			"faces": {
				"north": {"uv": [4, 1.5, 3.5, 2.5], "texture": "#voxels_atlas"},
				"east": {"uv": [6.5, 6, 6, 7], "texture": "#voxels_atlas"},
				"south": {"uv": [4, 1.5, 4.5, 2.5], "texture": "#voxels_atlas"},
				"west": {"uv": [6, 5, 6.5, 6], "texture": "#voxels_atlas"},
				"up": {"uv": [10, 1, 10.5, 0.5], "texture": "#voxels_atlas"},
				"down": {"uv": [10, 1, 10.5, 1.5], "texture": "#voxels_atlas"}
			}
		},
		{
			"name": "Voxels",
			"from": [5, -12, 1],
			"to": [7, -11.5, 1.5],
			"faces": {
				"north": {"uv": [12.5, 14, 10.5, 14.5], "texture": "#voxels_atlas"},
				"east": {"uv": [11, 5, 10.5, 5.5], "texture": "#voxels_atlas"},
				"south": {"uv": [6, 13, 8, 13.5], "texture": "#voxels_atlas"},
				"west": {"uv": [10, 0, 10.5, 0.5], "texture": "#voxels_atlas"},
				"up": {"uv": [13, 13, 15, 12.5], "texture": "#voxels_atlas"},
				"down": {"uv": [11, 12.5, 13, 13], "texture": "#voxels_atlas"}
			}
		},
		{
			"name": "Voxels",
			"from": [5, -10, 1],
			"to": [7, -9.5, 1.5],
			"faces": {
				"north": {"uv": [9, 12.5, 7, 13], "texture": "#voxels_atlas"},
				"east": {"uv": [16, 5, 15.5, 5.5], "texture": "#voxels_atlas"},
				"south": {"uv": [8.5, 14.5, 10.5, 15], "texture": "#voxels_atlas"},
				"west": {"uv": [15, 5, 15.5, 5.5], "texture": "#voxels_atlas"},
				"up": {"uv": [5, 13, 7, 12.5], "texture": "#voxels_atlas"},
				"down": {"uv": [3, 12.5, 5, 13], "texture": "#voxels_atlas"}
			}
		},
		{
			"name": "Voxels",
			"from": [5, -8, 1],
			"to": [7, -7.5, 1.5],
			"faces": {
				"north": {"uv": [11, 12.5, 9, 13], "texture": "#voxels_atlas"},
				"east": {"uv": [14.5, 4.5, 14, 5], "texture": "#voxels_atlas"},
				"south": {"uv": [8.5, 14, 10.5, 14.5], "texture": "#voxels_atlas"},
				"west": {"uv": [10.5, 4, 11, 4.5], "texture": "#voxels_atlas"},
				"up": {"uv": [12.5, 15, 14.5, 14.5], "texture": "#voxels_atlas"},
				"down": {"uv": [10.5, 14.5, 12.5, 15], "texture": "#voxels_atlas"}
			}
		},
		{
			"name": "Voxels",
			"from": [5, -6, 1],
			"to": [7, -5.5, 1.5],
			"faces": {
				"north": {"uv": [5, 13, 3, 13.5], "texture": "#voxels_atlas"},
				"east": {"uv": [15.5, 4.5, 15, 5], "texture": "#voxels_atlas"},
				"south": {"uv": [6, 13.5, 8, 14], "texture": "#voxels_atlas"},
				"west": {"uv": [14.5, 4.5, 15, 5], "texture": "#voxels_atlas"},
				"up": {"uv": [3, 14, 5, 13.5], "texture": "#voxels_atlas"},
				"down": {"uv": [12.5, 14, 14.5, 14.5], "texture": "#voxels_atlas"}
			}
		},
		{
			"name": "Voxels",
			"from": [5, -4, 1],
			"to": [7, -3.5, 1.5],
			"faces": {
				"north": {"uv": [14, 13.5, 12, 14], "texture": "#voxels_atlas"},
				"east": {"uv": [11.5, 4, 11, 4.5], "texture": "#voxels_atlas"},
				"south": {"uv": [12, 13, 14, 13.5], "texture": "#voxels_atlas"},
				"west": {"uv": [15.5, 4.5, 16, 5], "texture": "#voxels_atlas"},
				"up": {"uv": [9, 13.5, 11, 13], "texture": "#voxels_atlas"},
				"down": {"uv": [9, 13.5, 11, 14], "texture": "#voxels_atlas"}
			}
		},
		{
			"name": "Voxels",
			"from": [5, -2, 1],
			"to": [5.5, -1.5, 1.5],
			"faces": {
				"north": {"uv": [16, 15.5, 15.5, 16], "texture": "#voxels_atlas"},
				"east": {"uv": [4.5, 0.5, 4, 1], "texture": "#voxels_atlas"},
				"south": {"uv": [15.5, 15, 16, 15.5], "texture": "#voxels_atlas"},
				"west": {"uv": [4, 1, 4.5, 1.5], "texture": "#voxels_atlas"},
				"up": {"uv": [11, 2.5, 11.5, 2], "texture": "#voxels_atlas"},
				"down": {"uv": [11, 3.5, 11.5, 4], "texture": "#voxels_atlas"}
			}
		},
		{
			"name": "Voxels",
			"from": [5.5, -12.5, 1],
			"to": [7, -12, 1.5],
			"faces": {
				"north": {"uv": [16, 14, 14.5, 14.5], "texture": "#voxels_atlas"},
				"east": {"uv": [5, 0, 4.5, 0.5], "texture": "#voxels_atlas"},
				"south": {"uv": [3, 12, 4.5, 12.5], "texture": "#voxels_atlas"},
				"west": {"uv": [4, 0, 4.5, 0.5], "texture": "#voxels_atlas"},
				"up": {"uv": [14.5, 15, 16, 14.5], "texture": "#voxels_atlas"},
				"down": {"uv": [3, 4.5, 4.5, 5], "texture": "#voxels_atlas"}
			}
		},
		{
			"name": "Voxels",
			"from": [5.5, -12, 0.5],
			"to": [6.5, -11, 1],
			"faces": {
				"north": {"uv": [15, 13, 14, 14], "texture": "#voxels_atlas"},
				"east": {"uv": [5, 6.5, 4.5, 7.5], "texture": "#voxels_atlas"},
				"south": {"uv": [8, 13, 9, 14], "texture": "#voxels_atlas"},
				"west": {"uv": [4.5, 10.5, 5, 11.5], "texture": "#voxels_atlas"},
				"up": {"uv": [10, 11.5, 11, 11], "texture": "#voxels_atlas"},
				"down": {"uv": [12, 11, 13, 11.5], "texture": "#voxels_atlas"}
			}
		},
		{
			"name": "Voxels",
			"from": [5.5, -12, 1.5],
			"to": [6.5, -11.5, 2],
			"faces": {
				"north": {"uv": [16, 11, 15, 11.5], "texture": "#voxels_atlas"},
				"east": {"uv": [16, 10, 15.5, 10.5], "texture": "#voxels_atlas"},
				"south": {"uv": [5, 10.5, 6, 11], "texture": "#voxels_atlas"},
				"west": {"uv": [5, 0, 5.5, 0.5], "texture": "#voxels_atlas"},
				"up": {"uv": [14, 11.5, 15, 11], "texture": "#voxels_atlas"},
				"down": {"uv": [13, 11, 14, 11.5], "texture": "#voxels_atlas"}
			}
		},
		{
			"name": "Voxels",
			"from": [5.5, -11.5, 1],
			"to": [7, -10, 1.5],
			"faces": {
				"north": {"uv": [1.5, 5, 0, 6.5], "texture": "#voxels_atlas"},
				"east": {"uv": [3, 8, 2.5, 9.5], "texture": "#voxels_atlas"},
				"south": {"uv": [0, 6.5, 1.5, 8], "texture": "#voxels_atlas"},
				"west": {"uv": [2, 8, 2.5, 9.5], "texture": "#voxels_atlas"},
				"up": {"uv": [7.5, 12.5, 9, 12], "texture": "#voxels_atlas"},
				"down": {"uv": [6, 12, 7.5, 12.5], "texture": "#voxels_atlas"}
			}
		},
		{
			"name": "Voxels",
			"from": [5.5, -10.5, 1.5],
			"to": [7, -10, 2],
			"faces": {
				"north": {"uv": [12, 11.5, 10.5, 12], "texture": "#voxels_atlas"},
				"east": {"uv": [6.5, 3, 6, 3.5], "texture": "#voxels_atlas"},
				"south": {"uv": [12, 11.5, 13.5, 12], "texture": "#voxels_atlas"},
				"west": {"uv": [6, 3.5, 6.5, 4], "texture": "#voxels_atlas"},
				"up": {"uv": [9, 12, 10.5, 11.5], "texture": "#voxels_atlas"},
				"down": {"uv": [7.5, 11.5, 9, 12], "texture": "#voxels_atlas"}
			}
		},
		{
			"name": "Voxels",
			"from": [5.5, -10, 0.5],
			"to": [6.5, -9, 1],
			"faces": {
				"north": {"uv": [1, 0, 0, 1], "texture": "#voxels_atlas"},
				"east": {"uv": [5, 7.5, 4.5, 8.5], "texture": "#voxels_atlas"},
				"south": {"uv": [2, 13, 3, 14], "texture": "#voxels_atlas"},
				"west": {"uv": [4.5, 8.5, 5, 9.5], "texture": "#voxels_atlas"},
				"up": {"uv": [3, 1, 4, 0.5], "texture": "#voxels_atlas"},
				"down": {"uv": [3, 1, 4, 1.5], "texture": "#voxels_atlas"}
			}
		},
		{
			"name": "Voxels",
			"from": [5.5, -10, 1.5],
			"to": [6.5, -9.5, 2],
			"faces": {
				"north": {"uv": [7, 11, 6, 11.5], "texture": "#voxels_atlas"},
				"east": {"uv": [6.5, 2, 6, 2.5], "texture": "#voxels_atlas"},
				"south": {"uv": [7, 11, 8, 11.5], "texture": "#voxels_atlas"},
				"west": {"uv": [6, 2.5, 6.5, 3], "texture": "#voxels_atlas"},
				"up": {"uv": [5, 11.5, 6, 11], "texture": "#voxels_atlas"},
				"down": {"uv": [3, 0, 4, 0.5], "texture": "#voxels_atlas"}
			}
		},
		{
			"name": "Voxels",
			"from": [5.5, -9.5, 1],
			"to": [7, -8, 1.5],
			"faces": {
				"north": {"uv": [1.5, 3.5, 0, 5], "texture": "#voxels_atlas"},
				"east": {"uv": [3, 6.5, 2.5, 8], "texture": "#voxels_atlas"},
				"south": {"uv": [0, 2, 1.5, 3.5], "texture": "#voxels_atlas"},
				"west": {"uv": [2, 6.5, 2.5, 8], "texture": "#voxels_atlas"},
				"up": {"uv": [3, 11, 4.5, 10.5], "texture": "#voxels_atlas"},
				"down": {"uv": [3, 11, 4.5, 11.5], "texture": "#voxels_atlas"}
			}
		},
		{
			"name": "Voxels",
			"from": [5.5, -8.5, 1.5],
			"to": [7, -8, 2],
			"faces": {
				"north": {"uv": [4.5, 9, 3, 9.5], "texture": "#voxels_atlas"},
				"east": {"uv": [6.5, 1, 6, 1.5], "texture": "#voxels_atlas"},
				"south": {"uv": [3, 8.5, 4.5, 9], "texture": "#voxels_atlas"},
				"west": {"uv": [6, 1.5, 6.5, 2], "texture": "#voxels_atlas"},
				"up": {"uv": [3, 10, 4.5, 9.5], "texture": "#voxels_atlas"},
				"down": {"uv": [3, 10, 4.5, 10.5], "texture": "#voxels_atlas"}
			}
		},
		{
			"name": "Voxels",
			"from": [5.5, -8, 0.5],
			"to": [6.5, -7, 1],
			"faces": {
				"north": {"uv": [3, 11, 2, 12], "texture": "#voxels_atlas"},
				"east": {"uv": [5, 1.5, 4.5, 2.5], "texture": "#voxels_atlas"},
				"south": {"uv": [2, 12, 3, 13], "texture": "#voxels_atlas"},
				"west": {"uv": [4.5, 2.5, 5, 3.5], "texture": "#voxels_atlas"},
				"up": {"uv": [10.5, 10.5, 11.5, 10], "texture": "#voxels_atlas"},
				"down": {"uv": [9, 10.5, 10, 11], "texture": "#voxels_atlas"}
			}
		},
		{
			"name": "Voxels",
			"from": [5.5, -8, 1.5],
			"to": [6.5, -7.5, 2],
			"faces": {
				"north": {"uv": [3, 4.5, 2, 5], "texture": "#voxels_atlas"},
				"east": {"uv": [6.5, 0, 6, 0.5], "texture": "#voxels_atlas"},
				"south": {"uv": [2, 3, 3, 3.5], "texture": "#voxels_atlas"},
				"west": {"uv": [6, 0.5, 6.5, 1], "texture": "#voxels_atlas"},
				"up": {"uv": [12, 11, 13, 10.5], "texture": "#voxels_atlas"},
				"down": {"uv": [11, 10.5, 12, 11], "texture": "#voxels_atlas"}
			}
		},
		{
			"name": "Voxels",
			"from": [5.5, -7.5, 1],
			"to": [7, -6, 1.5],
			"faces": {
				"north": {"uv": [1.5, 8, 0, 9.5], "texture": "#voxels_atlas"},
				"east": {"uv": [3, 9.5, 2.5, 11], "texture": "#voxels_atlas"},
				"south": {"uv": [0, 12.5, 1.5, 14], "texture": "#voxels_atlas"},
				"west": {"uv": [2, 9.5, 2.5, 11], "texture": "#voxels_atlas"},
				"up": {"uv": [13.5, 12.5, 15, 12], "texture": "#voxels_atlas"},
				"down": {"uv": [12, 12, 13.5, 12.5], "texture": "#voxels_atlas"}
			}
		},
		{
			"name": "Voxels",
			"from": [5.5, -6.5, 1.5],
			"to": [7, -6, 2],
			"faces": {
				"north": {"uv": [6, 11.5, 4.5, 12], "texture": "#voxels_atlas"},
				"east": {"uv": [7.5, 9.5, 7, 10], "texture": "#voxels_atlas"},
				"south": {"uv": [6, 11.5, 7.5, 12], "texture": "#voxels_atlas"},
				"west": {"uv": [6.5, 9.5, 7, 10], "texture": "#voxels_atlas"},
				"up": {"uv": [3, 12, 4.5, 11.5], "texture": "#voxels_atlas"},
				"down": {"uv": [4.5, 12, 6, 12.5], "texture": "#voxels_atlas"}
			}
		},
		{
			"name": "Voxels",
			"from": [5.5, -6, 0.5],
			"to": [6.5, -5, 1],
			"faces": {
				"north": {"uv": [6, 13, 5, 14], "texture": "#voxels_atlas"},
				"east": {"uv": [3.5, 2.5, 3, 3.5], "texture": "#voxels_atlas"},
				"south": {"uv": [11, 13, 12, 14], "texture": "#voxels_atlas"},
				"west": {"uv": [4, 3.5, 4.5, 4.5], "texture": "#voxels_atlas"},
				"up": {"uv": [2, 1.5, 3, 1], "texture": "#voxels_atlas"},
				"down": {"uv": [2, 1.5, 3, 2], "texture": "#voxels_atlas"}
			}
		},
		{
			"name": "Voxels",
			"from": [5.5, -6, 1.5],
			"to": [6.5, -5.5, 2],
			"faces": {
				"north": {"uv": [16, 11.5, 15, 12], "texture": "#voxels_atlas"},
				"east": {"uv": [8.5, 9.5, 8, 10], "texture": "#voxels_atlas"},
				"south": {"uv": [3.5, 3, 4.5, 3.5], "texture": "#voxels_atlas"},
				"west": {"uv": [7.5, 9.5, 8, 10], "texture": "#voxels_atlas"},
				"up": {"uv": [15, 12.5, 16, 12], "texture": "#voxels_atlas"},
				"down": {"uv": [15, 12.5, 16, 13], "texture": "#voxels_atlas"}
			}
		},
		{
			"name": "Voxels",
			"from": [5.5, -5.5, 1],
			"to": [7, -4, 1.5],
			"faces": {
				"north": {"uv": [1.5, 9.5, 0, 11], "texture": "#voxels_atlas"},
				"east": {"uv": [3, 5, 2.5, 6.5], "texture": "#voxels_atlas"},
				"south": {"uv": [0, 11, 1.5, 12.5], "texture": "#voxels_atlas"},
				"west": {"uv": [2, 5, 2.5, 6.5], "texture": "#voxels_atlas"},
				"up": {"uv": [3, 7, 4.5, 6.5], "texture": "#voxels_atlas"},
				"down": {"uv": [3, 7, 4.5, 7.5], "texture": "#voxels_atlas"}
			}
		},
		{
			"name": "Voxels",
			"from": [5.5, -4.5, 1.5],
			"to": [7, -4, 2],
			"faces": {
				"north": {"uv": [4.5, 5.5, 3, 6], "texture": "#voxels_atlas"},
				"east": {"uv": [9.5, 9.5, 9, 10], "texture": "#voxels_atlas"},
				"south": {"uv": [3, 5, 4.5, 5.5], "texture": "#voxels_atlas"},
				"west": {"uv": [8.5, 9.5, 9, 10], "texture": "#voxels_atlas"},
				"up": {"uv": [3, 6.5, 4.5, 6], "texture": "#voxels_atlas"},
				"down": {"uv": [13.5, 11.5, 15, 12], "texture": "#voxels_atlas"}
			}
		},
		{
			"name": "Voxels",
			"from": [5.5, -4, 0.5],
			"to": [6.5, -3, 1],
			"faces": {
				"north": {"uv": [16, 13, 15, 14], "texture": "#voxels_atlas"},
				"east": {"uv": [5, 9.5, 4.5, 10.5], "texture": "#voxels_atlas"},
				"south": {"uv": [0, 1, 1, 2], "texture": "#voxels_atlas"},
				"west": {"uv": [4.5, 5.5, 5, 6.5], "texture": "#voxels_atlas"},
				"up": {"uv": [11, 11.5, 12, 11], "texture": "#voxels_atlas"},
				"down": {"uv": [10, 10.5, 11, 11], "texture": "#voxels_atlas"}
			}
		},
		{
			"name": "Voxels",
			"from": [5.5, -4, 1.5],
			"to": [6.5, -3.5, 2],
			"faces": {
				"north": {"uv": [9, 10.5, 8, 11], "texture": "#voxels_atlas"},
				"east": {"uv": [10.5, 9.5, 10, 10], "texture": "#voxels_atlas"},
				"south": {"uv": [3.5, 2.5, 4.5, 3], "texture": "#voxels_atlas"},
				"west": {"uv": [9.5, 9.5, 10, 10], "texture": "#voxels_atlas"},
				"up": {"uv": [7, 11, 8, 10.5], "texture": "#voxels_atlas"},
				"down": {"uv": [6, 10.5, 7, 11], "texture": "#voxels_atlas"}
			}
		},
		{
			"name": "Voxels",
			"from": [5.5, -3.5, 1],
			"to": [7, -3, 1.5],
			"faces": {
				"north": {"uv": [10.5, 12, 9, 12.5], "texture": "#voxels_atlas"},
				"east": {"uv": [11.5, 9.5, 11, 10], "texture": "#voxels_atlas"},
				"south": {"uv": [10.5, 12, 12, 12.5], "texture": "#voxels_atlas"},
				"west": {"uv": [10.5, 9.5, 11, 10], "texture": "#voxels_atlas"},
				"up": {"uv": [3, 8, 4.5, 7.5], "texture": "#voxels_atlas"},
				"down": {"uv": [3, 8, 4.5, 8.5], "texture": "#voxels_atlas"}
			}
		},
		{
			"name": "Voxels",
			"from": [5.5, -2.5, 1],
			"to": [6, -2, 1.5],
			"faces": {
				"north": {"uv": [13, 9.5, 12.5, 10], "texture": "#voxels_atlas"},
				"east": {"uv": [14.5, 9.5, 14, 10], "texture": "#voxels_atlas"},
				"south": {"uv": [13, 9.5, 13.5, 10], "texture": "#voxels_atlas"},
				"west": {"uv": [13.5, 9.5, 14, 10], "texture": "#voxels_atlas"},
				"up": {"uv": [12, 10, 12.5, 9.5], "texture": "#voxels_atlas"},
				"down": {"uv": [11.5, 9.5, 12, 10], "texture": "#voxels_atlas"}
			}
		},
		{
			"name": "Voxels",
			"from": [6, -13, 1],
			"to": [6.5, -12.5, 1.5],
			"faces": {
				"north": {"uv": [16, 9.5, 15.5, 10], "texture": "#voxels_atlas"},
				"east": {"uv": [8, 9, 7.5, 9.5], "texture": "#voxels_atlas"},
				"south": {"uv": [6.5, 9, 7, 9.5], "texture": "#voxels_atlas"},
				"west": {"uv": [7, 9, 7.5, 9.5], "texture": "#voxels_atlas"},
				"up": {"uv": [15, 10, 15.5, 9.5], "texture": "#voxels_atlas"},
				"down": {"uv": [14.5, 9.5, 15, 10], "texture": "#voxels_atlas"}
			}
		},
		{
			"name": "Voxels",
			"from": [6, -12.5, 0.5],
			"to": [6.5, -12, 1],
			"faces": {
				"north": {"uv": [9.5, 9, 9, 9.5], "texture": "#voxels_atlas"},
				"east": {"uv": [11, 9, 10.5, 9.5], "texture": "#voxels_atlas"},
				"south": {"uv": [9.5, 9, 10, 9.5], "texture": "#voxels_atlas"},
				"west": {"uv": [10, 9, 10.5, 9.5], "texture": "#voxels_atlas"},
				"up": {"uv": [8.5, 9.5, 9, 9], "texture": "#voxels_atlas"},
				"down": {"uv": [8, 9, 8.5, 9.5], "texture": "#voxels_atlas"}
			}
		},
		{
			"name": "Voxels",
			"from": [6, -12.5, 1.5],
			"to": [6.5, -12, 2],
			"faces": {
				"north": {"uv": [12.5, 9, 12, 9.5], "texture": "#voxels_atlas"},
				"east": {"uv": [14, 9, 13.5, 9.5], "texture": "#voxels_atlas"},
				"south": {"uv": [12.5, 9, 13, 9.5], "texture": "#voxels_atlas"},
				"west": {"uv": [13, 9, 13.5, 9.5], "texture": "#voxels_atlas"},
				"up": {"uv": [11.5, 9.5, 12, 9], "texture": "#voxels_atlas"},
				"down": {"uv": [11, 9, 11.5, 9.5], "texture": "#voxels_atlas"}
			}
		},
		{
			"name": "Voxels",
			"from": [6, -11.5, 0],
			"to": [6.5, -11, 0.5],
			"faces": {
				"north": {"uv": [15.5, 9, 15, 9.5], "texture": "#voxels_atlas"},
				"east": {"uv": [7, 8, 6.5, 8.5], "texture": "#voxels_atlas"},
				"south": {"uv": [15.5, 9, 16, 9.5], "texture": "#voxels_atlas"},
				"west": {"uv": [6.5, 8.5, 7, 9], "texture": "#voxels_atlas"},
				"up": {"uv": [14.5, 9.5, 15, 9], "texture": "#voxels_atlas"},
				"down": {"uv": [14, 9, 14.5, 9.5], "texture": "#voxels_atlas"}
			}
		},
		{
			"name": "Voxels",
			"from": [6, -11.5, 1.5],
			"to": [6.5, -10.5, 2],
			"faces": {
				"north": {"uv": [3.5, 1.5, 3, 2.5], "texture": "#voxels_atlas"},
				"east": {"uv": [5, 4.5, 4.5, 5.5], "texture": "#voxels_atlas"},
				"south": {"uv": [5.5, 9, 6, 10], "texture": "#voxels_atlas"},
				"west": {"uv": [4.5, 3.5, 5, 4.5], "texture": "#voxels_atlas"},
				"up": {"uv": [6.5, 7.5, 7, 7], "texture": "#voxels_atlas"},
				"down": {"uv": [6.5, 7.5, 7, 8], "texture": "#voxels_atlas"}
			}
		},
		{
			"name": "Voxels",
			"from": [6, -11, 0.5],
			"to": [7, -10.5, 1],
			"faces": {
				"north": {"uv": [3, 2.5, 2, 3], "texture": "#voxels_atlas"},
				"east": {"uv": [7, 6, 6.5, 6.5], "texture": "#voxels_atlas"},
				"south": {"uv": [2, 2, 3, 2.5], "texture": "#voxels_atlas"},
				"west": {"uv": [6.5, 6.5, 7, 7], "texture": "#voxels_atlas"},
				"up": {"uv": [9, 11.5, 10, 11], "texture": "#voxels_atlas"},
				"down": {"uv": [8, 11, 9, 11.5], "texture": "#voxels_atlas"}
			}
		},
		{
			"name": "Voxels",
			"from": [6, -10.5, 0.5],
			"to": [6.5, -10, 1],
			"faces": {
				"north": {"uv": [7, 4.5, 6.5, 5], "texture": "#voxels_atlas"},
				"east": {"uv": [7, 3, 6.5, 3.5], "texture": "#voxels_atlas"},
				"south": {"uv": [6.5, 4, 7, 4.5], "texture": "#voxels_atlas"},
				"west": {"uv": [6.5, 3.5, 7, 4], "texture": "#voxels_atlas"},
				"up": {"uv": [6.5, 5.5, 7, 5], "texture": "#voxels_atlas"},
				"down": {"uv": [6.5, 5.5, 7, 6], "texture": "#voxels_atlas"}
			}
		},
		{
			"name": "Voxels",
			"from": [6, -10.5, 2],
			"to": [6.5, -10, 2.5],
			"faces": {
				"north": {"uv": [7, 1.5, 6.5, 2], "texture": "#voxels_atlas"},
				"east": {"uv": [7, 0, 6.5, 0.5], "texture": "#voxels_atlas"},
				"south": {"uv": [6.5, 1, 7, 1.5], "texture": "#voxels_atlas"},
				"west": {"uv": [6.5, 0.5, 7, 1], "texture": "#voxels_atlas"},
				"up": {"uv": [6.5, 2.5, 7, 2], "texture": "#voxels_atlas"},
				"down": {"uv": [6.5, 2.5, 7, 3], "texture": "#voxels_atlas"}
			}
		},
		{
			"name": "Voxels",
			"from": [6, -9.5, 0],
			"to": [6.5, -9, 0.5],
			"faces": {
				"north": {"uv": [8.5, 8.5, 8, 9], "texture": "#voxels_atlas"},
				"east": {"uv": [10, 8.5, 9.5, 9], "texture": "#voxels_atlas"},
				"south": {"uv": [8.5, 8.5, 9, 9], "texture": "#voxels_atlas"},
				"west": {"uv": [9, 8.5, 9.5, 9], "texture": "#voxels_atlas"},
				"up": {"uv": [7.5, 9, 8, 8.5], "texture": "#voxels_atlas"},
				"down": {"uv": [7, 8.5, 7.5, 9], "texture": "#voxels_atlas"}
			}
		},
		{
			"name": "Voxels",
			"from": [6, -9.5, 1.5],
			"to": [6.5, -8.5, 2],
			"faces": {
				"north": {"uv": [5, 0.5, 4.5, 1.5], "texture": "#voxels_atlas"},
				"east": {"uv": [5.5, 7.5, 5, 8.5], "texture": "#voxels_atlas"},
				"south": {"uv": [5, 9.5, 5.5, 10.5], "texture": "#voxels_atlas"},
				"west": {"uv": [5, 8.5, 5.5, 9.5], "texture": "#voxels_atlas"},
				"up": {"uv": [10.5, 9, 11, 8.5], "texture": "#voxels_atlas"},
				"down": {"uv": [10, 8.5, 10.5, 9], "texture": "#voxels_atlas"}
			}
		},
		{
			"name": "Voxels",
			"from": [6, -9, 0.5],
			"to": [7, -8.5, 1],
			"faces": {
				"north": {"uv": [16, 10.5, 15, 11], "texture": "#voxels_atlas"},
				"east": {"uv": [16, 8.5, 15.5, 9], "texture": "#voxels_atlas"},
				"south": {"uv": [5.5, 10, 6.5, 10.5], "texture": "#voxels_atlas"},
				"west": {"uv": [15, 8.5, 15.5, 9], "texture": "#voxels_atlas"},
				"up": {"uv": [14, 11, 15, 10.5], "texture": "#voxels_atlas"},
				"down": {"uv": [13, 10.5, 14, 11], "texture": "#voxels_atlas"}
			}
		},
		{
			"name": "Voxels",
			"from": [6, -8.5, 0.5],
			"to": [6.5, -8, 1],
			"faces": {
				"north": {"uv": [7.5, 7, 7, 7.5], "texture": "#voxels_atlas"},
				"east": {"uv": [7.5, 5.5, 7, 6], "texture": "#voxels_atlas"},
				"south": {"uv": [7, 6.5, 7.5, 7], "texture": "#voxels_atlas"},
				"west": {"uv": [7, 6, 7.5, 6.5], "texture": "#voxels_atlas"},
				"up": {"uv": [7, 8, 7.5, 7.5], "texture": "#voxels_atlas"},
				"down": {"uv": [7, 8, 7.5, 8.5], "texture": "#voxels_atlas"}
			}
		},
		{
			"name": "Voxels",
			"from": [6, -8.5, 2],
			"to": [6.5, -8, 2.5],
			"faces": {
				"north": {"uv": [7.5, 4, 7, 4.5], "texture": "#voxels_atlas"},
				"east": {"uv": [7.5, 2.5, 7, 3], "texture": "#voxels_atlas"},
				"south": {"uv": [7, 3.5, 7.5, 4], "texture": "#voxels_atlas"},
				"west": {"uv": [7, 3, 7.5, 3.5], "texture": "#voxels_atlas"},
				"up": {"uv": [7, 5, 7.5, 4.5], "texture": "#voxels_atlas"},
				"down": {"uv": [7, 5, 7.5, 5.5], "texture": "#voxels_atlas"}
			}
		},
		{
			"name": "Voxels",
			"from": [6, -7.5, 0],
			"to": [6.5, -7, 0.5],
			"faces": {
				"north": {"uv": [7.5, 1, 7, 1.5], "texture": "#voxels_atlas"},
				"east": {"uv": [8, 8, 7.5, 8.5], "texture": "#voxels_atlas"},
				"south": {"uv": [7, 0.5, 7.5, 1], "texture": "#voxels_atlas"},
				"west": {"uv": [7, 0, 7.5, 0.5], "texture": "#voxels_atlas"},
				"up": {"uv": [7, 2, 7.5, 1.5], "texture": "#voxels_atlas"},
				"down": {"uv": [7, 2, 7.5, 2.5], "texture": "#voxels_atlas"}
			}
		},
		{
			"name": "Voxels",
			"from": [6, -7.5, 1.5],
			"to": [6.5, -6.5, 2],
			"faces": {
				"north": {"uv": [5.5, 6.5, 5, 7.5], "texture": "#voxels_atlas"},
				"east": {"uv": [5.5, 3.5, 5, 4.5], "texture": "#voxels_atlas"},
				"south": {"uv": [5, 5.5, 5.5, 6.5], "texture": "#voxels_atlas"},
				"west": {"uv": [5, 4.5, 5.5, 5.5], "texture": "#voxels_atlas"},
				"up": {"uv": [8.5, 8.5, 9, 8], "texture": "#voxels_atlas"},
				"down": {"uv": [8, 8, 8.5, 8.5], "texture": "#voxels_atlas"}
			}
		},
		{
			"name": "Voxels",
			"from": [6, -7, 0.5],
			"to": [7, -6.5, 1],
			"faces": {
				"north": {"uv": [9.5, 10, 8.5, 10.5], "texture": "#voxels_atlas"},
				"east": {"uv": [14, 8, 13.5, 8.5], "texture": "#voxels_atlas"},
				"south": {"uv": [9.5, 10, 10.5, 10.5], "texture": "#voxels_atlas"},
				"west": {"uv": [13, 8, 13.5, 8.5], "texture": "#voxels_atlas"},
				"up": {"uv": [7.5, 10.5, 8.5, 10], "texture": "#voxels_atlas"},
				"down": {"uv": [6.5, 10, 7.5, 10.5], "texture": "#voxels_atlas"}
			}
		},
		{
			"name": "Voxels",
			"from": [6, -6.5, 0.5],
			"to": [6.5, -6, 1],
			"faces": {
				"north": {"uv": [15.5, 8, 15, 8.5], "texture": "#voxels_atlas"},
				"east": {"uv": [8, 7, 7.5, 7.5], "texture": "#voxels_atlas"},
				"south": {"uv": [15.5, 8, 16, 8.5], "texture": "#voxels_atlas"},
				"west": {"uv": [7.5, 7.5, 8, 8], "texture": "#voxels_atlas"},
				"up": {"uv": [14.5, 8.5, 15, 8], "texture": "#voxels_atlas"},
				"down": {"uv": [14, 8, 14.5, 8.5], "texture": "#voxels_atlas"}
			}
		},
		{
			"name": "Voxels",
			"from": [6, -6.5, 2],
			"to": [6.5, -6, 2.5],
			"faces": {
				"north": {"uv": [8, 5.5, 7.5, 6], "texture": "#voxels_atlas"},
				"east": {"uv": [8, 4, 7.5, 4.5], "texture": "#voxels_atlas"},
				"south": {"uv": [7.5, 5, 8, 5.5], "texture": "#voxels_atlas"},
				"west": {"uv": [7.5, 4.5, 8, 5], "texture": "#voxels_atlas"},
				"up": {"uv": [7.5, 6.5, 8, 6], "texture": "#voxels_atlas"},
				"down": {"uv": [7.5, 6.5, 8, 7], "texture": "#voxels_atlas"}
			}
		},
		{
			"name": "Voxels",
			"from": [6, -5.5, 0],
			"to": [6.5, -5, 0.5],
			"faces": {
				"north": {"uv": [8, 2.5, 7.5, 3], "texture": "#voxels_atlas"},
				"east": {"uv": [8, 1, 7.5, 1.5], "texture": "#voxels_atlas"},
				"south": {"uv": [7.5, 2, 8, 2.5], "texture": "#voxels_atlas"},
				"west": {"uv": [7.5, 1.5, 8, 2], "texture": "#voxels_atlas"},
				"up": {"uv": [7.5, 3.5, 8, 3], "texture": "#voxels_atlas"},
				"down": {"uv": [7.5, 3.5, 8, 4], "texture": "#voxels_atlas"}
			}
		},
		{
			"name": "Voxels",
			"from": [6, -5.5, 1.5],
			"to": [6.5, -4.5, 2],
			"faces": {
				"north": {"uv": [6.5, 4, 6, 5], "texture": "#voxels_atlas"},
				"east": {"uv": [5.5, 0.5, 5, 1.5], "texture": "#voxels_atlas"},
				"south": {"uv": [5, 2.5, 5.5, 3.5], "texture": "#voxels_atlas"},
				"west": {"uv": [5, 1.5, 5.5, 2.5], "texture": "#voxels_atlas"},
				"up": {"uv": [7.5, 0.5, 8, 0], "texture": "#voxels_atlas"},
				"down": {"uv": [7.5, 0.5, 8, 1], "texture": "#voxels_atlas"}
			}
		},
		{
			"name": "Voxels",
			"from": [6, -5, 0.5],
			"to": [7, -4.5, 1],
			"faces": {
				"north": {"uv": [14.5, 10, 13.5, 10.5], "texture": "#voxels_atlas"},
				"east": {"uv": [13, 7.5, 12.5, 8], "texture": "#voxels_atlas"},
				"south": {"uv": [14.5, 10, 15.5, 10.5], "texture": "#voxels_atlas"},
				"west": {"uv": [12, 7.5, 12.5, 8], "texture": "#voxels_atlas"},
				"up": {"uv": [12.5, 10.5, 13.5, 10], "texture": "#voxels_atlas"},
				"down": {"uv": [11.5, 10, 12.5, 10.5], "texture": "#voxels_atlas"}
			}
		},
		{
			"name": "Voxels",
			"from": [6, -4.5, 0.5],
			"to": [6.5, -4, 1],
			"faces": {
				"north": {"uv": [14.5, 7.5, 14, 8], "texture": "#voxels_atlas"},
				"east": {"uv": [16, 7.5, 15.5, 8], "texture": "#voxels_atlas"},
				"south": {"uv": [14.5, 7.5, 15, 8], "texture": "#voxels_atlas"},
				"west": {"uv": [15, 7.5, 15.5, 8], "texture": "#voxels_atlas"},
				"up": {"uv": [13.5, 8, 14, 7.5], "texture": "#voxels_atlas"},
				"down": {"uv": [13, 7.5, 13.5, 8], "texture": "#voxels_atlas"}
			}
		},
		{
			"name": "Voxels",
			"from": [6, -4.5, 2],
			"to": [6.5, -4, 2.5],
			"faces": {
				"north": {"uv": [8.5, 6, 8, 6.5], "texture": "#voxels_atlas"},
				"east": {"uv": [8.5, 4.5, 8, 5], "texture": "#voxels_atlas"},
				"south": {"uv": [8, 5.5, 8.5, 6], "texture": "#voxels_atlas"},
				"west": {"uv": [8, 5, 8.5, 5.5], "texture": "#voxels_atlas"},
				"up": {"uv": [8, 7, 8.5, 6.5], "texture": "#voxels_atlas"},
				"down": {"uv": [8, 7, 8.5, 7.5], "texture": "#voxels_atlas"}
			}
		},
		{
			"name": "Voxels",
			"from": [6, -3.5, 0],
			"to": [6.5, -3, 0.5],
			"faces": {
				"north": {"uv": [8.5, 3, 8, 3.5], "texture": "#voxels_atlas"},
				"east": {"uv": [8.5, 1.5, 8, 2], "texture": "#voxels_atlas"},
				"south": {"uv": [8, 2.5, 8.5, 3], "texture": "#voxels_atlas"},
				"west": {"uv": [8, 2, 8.5, 2.5], "texture": "#voxels_atlas"},
				"up": {"uv": [8, 4, 8.5, 3.5], "texture": "#voxels_atlas"},
				"down": {"uv": [8, 4, 8.5, 4.5], "texture": "#voxels_atlas"}
			}
		},
		{
			"name": "Voxels",
			"from": [6, -3.5, 1.5],
			"to": [6.5, -3, 2],
			"faces": {
				"north": {"uv": [8.5, 0, 8, 0.5], "texture": "#voxels_atlas"},
				"east": {"uv": [10, 7, 9.5, 7.5], "texture": "#voxels_atlas"},
				"south": {"uv": [8.5, 7, 9, 7.5], "texture": "#voxels_atlas"},
				"west": {"uv": [9, 7, 9.5, 7.5], "texture": "#voxels_atlas"},
				"up": {"uv": [8, 1, 8.5, 0.5], "texture": "#voxels_atlas"},
				"down": {"uv": [8, 1, 8.5, 1.5], "texture": "#voxels_atlas"}
			}
		},
		{
			"name": "Voxels",
			"from": [6, -3, 1],
			"to": [6.5, -2.5, 1.5],
			"faces": {
				"north": {"uv": [11.5, 7, 11, 7.5], "texture": "#voxels_atlas"},
				"east": {"uv": [13, 7, 12.5, 7.5], "texture": "#voxels_atlas"},
				"south": {"uv": [11.5, 7, 12, 7.5], "texture": "#voxels_atlas"},
				"west": {"uv": [12, 7, 12.5, 7.5], "texture": "#voxels_atlas"},
				"up": {"uv": [10.5, 7.5, 11, 7], "texture": "#voxels_atlas"},
				"down": {"uv": [10, 7, 10.5, 7.5], "texture": "#voxels_atlas"}
			}
		},
		{
			"name": "Voxels",
			"from": [6.5, -11.5, 0.5],
			"to": [7, -11, 1],
			"faces": {
				"north": {"uv": [14.5, 7, 14, 7.5], "texture": "#voxels_atlas"},
				"east": {"uv": [16, 7, 15.5, 7.5], "texture": "#voxels_atlas"},
				"south": {"uv": [14.5, 7, 15, 7.5], "texture": "#voxels_atlas"},
				"west": {"uv": [15, 7, 15.5, 7.5], "texture": "#voxels_atlas"},
				"up": {"uv": [13.5, 7.5, 14, 7], "texture": "#voxels_atlas"},
				"down": {"uv": [13, 7, 13.5, 7.5], "texture": "#voxels_atlas"}
			}
		},
		{
			"name": "Voxels",
			"from": [6.5, -11, 1.5],
			"to": [7, -10.5, 2],
			"faces": {
				"north": {"uv": [9, 5.5, 8.5, 6], "texture": "#voxels_atlas"},
				"east": {"uv": [9, 4, 8.5, 4.5], "texture": "#voxels_atlas"},
				"south": {"uv": [8.5, 5, 9, 5.5], "texture": "#voxels_atlas"},
				"west": {"uv": [8.5, 4.5, 9, 5], "texture": "#voxels_atlas"},
				"up": {"uv": [9.5, 1.5, 10, 1], "texture": "#voxels_atlas"},
				"down": {"uv": [8.5, 6.5, 9, 7], "texture": "#voxels_atlas"}
			}
		},
		{
			"name": "Voxels",
			"from": [6.5, -9.5, 0.5],
			"to": [7, -9, 1],
			"faces": {
				"north": {"uv": [9, 2.5, 8.5, 3], "texture": "#voxels_atlas"},
				"east": {"uv": [9, 1, 8.5, 1.5], "texture": "#voxels_atlas"},
				"south": {"uv": [8.5, 2, 9, 2.5], "texture": "#voxels_atlas"},
				"west": {"uv": [8.5, 1.5, 9, 2], "texture": "#voxels_atlas"},
				"up": {"uv": [8.5, 3.5, 9, 3], "texture": "#voxels_atlas"},
				"down": {"uv": [8.5, 3.5, 9, 4], "texture": "#voxels_atlas"}
			}
		},
		{
			"name": "Voxels",
			"from": [6.5, -9, 1.5],
			"to": [7, -8.5, 2],
			"faces": {
				"north": {"uv": [9.5, 6.5, 9, 7], "texture": "#voxels_atlas"},
				"east": {"uv": [11, 6.5, 10.5, 7], "texture": "#voxels_atlas"},
				"south": {"uv": [9.5, 6.5, 10, 7], "texture": "#voxels_atlas"},
				"west": {"uv": [10, 6.5, 10.5, 7], "texture": "#voxels_atlas"},
				"up": {"uv": [8.5, 0.5, 9, 0], "texture": "#voxels_atlas"},
				"down": {"uv": [8.5, 0.5, 9, 1], "texture": "#voxels_atlas"}
			}
		},
		{
			"name": "Voxels",
			"from": [6.5, -7.5, 0.5],
			"to": [7, -7, 1],
			"faces": {
				"north": {"uv": [12.5, 6.5, 12, 7], "texture": "#voxels_atlas"},
				"east": {"uv": [14, 6.5, 13.5, 7], "texture": "#voxels_atlas"},
				"south": {"uv": [12.5, 6.5, 13, 7], "texture": "#voxels_atlas"},
				"west": {"uv": [13, 6.5, 13.5, 7], "texture": "#voxels_atlas"},
				"up": {"uv": [11.5, 7, 12, 6.5], "texture": "#voxels_atlas"},
				"down": {"uv": [11, 6.5, 11.5, 7], "texture": "#voxels_atlas"}
			}
		},
		{
			"name": "Voxels",
			"from": [6.5, -7, 1.5],
			"to": [7, -6.5, 2],
			"faces": {
				"north": {"uv": [15.5, 6.5, 15, 7], "texture": "#voxels_atlas"},
				"east": {"uv": [9.5, 5.5, 9, 6], "texture": "#voxels_atlas"},
				"south": {"uv": [15.5, 6.5, 16, 7], "texture": "#voxels_atlas"},
				"west": {"uv": [9, 6, 9.5, 6.5], "texture": "#voxels_atlas"},
				"up": {"uv": [14.5, 7, 15, 6.5], "texture": "#voxels_atlas"},
				"down": {"uv": [14, 6.5, 14.5, 7], "texture": "#voxels_atlas"}
			}
		},
		{
			"name": "Voxels",
			"from": [6.5, -5.5, 0.5],
			"to": [7, -5, 1],
			"faces": {
				"north": {"uv": [9.5, 4, 9, 4.5], "texture": "#voxels_atlas"},
				"east": {"uv": [9.5, 2.5, 9, 3], "texture": "#voxels_atlas"},
				"south": {"uv": [9, 3.5, 9.5, 4], "texture": "#voxels_atlas"},
				"west": {"uv": [9, 3, 9.5, 3.5], "texture": "#voxels_atlas"},
				"up": {"uv": [9, 5, 9.5, 4.5], "texture": "#voxels_atlas"},
				"down": {"uv": [9, 5, 9.5, 5.5], "texture": "#voxels_atlas"}
			}
		},
		{
			"name": "Voxels",
			"from": [6.5, -5, 1.5],
			"to": [7, -4.5, 2],
			"faces": {
				"north": {"uv": [9.5, 1, 9, 1.5], "texture": "#voxels_atlas"},
				"east": {"uv": [10, 6, 9.5, 6.5], "texture": "#voxels_atlas"},
				"south": {"uv": [9, 0.5, 9.5, 1], "texture": "#voxels_atlas"},
				"west": {"uv": [9, 0, 9.5, 0.5], "texture": "#voxels_atlas"},
				"up": {"uv": [9, 2, 9.5, 1.5], "texture": "#voxels_atlas"},
				"down": {"uv": [9, 2, 9.5, 2.5], "texture": "#voxels_atlas"}
			}
		},
		{
			"name": "Voxels",
			"from": [6.5, -3.5, 0.5],
			"to": [7, -3, 1],
			"faces": {
				"north": {"uv": [11.5, 6, 11, 6.5], "texture": "#voxels_atlas"},
				"east": {"uv": [13, 6, 12.5, 6.5], "texture": "#voxels_atlas"},
				"south": {"uv": [11.5, 6, 12, 6.5], "texture": "#voxels_atlas"},
				"west": {"uv": [12, 6, 12.5, 6.5], "texture": "#voxels_atlas"},
				"up": {"uv": [10.5, 6.5, 11, 6], "texture": "#voxels_atlas"},
				"down": {"uv": [10, 6, 10.5, 6.5], "texture": "#voxels_atlas"}
			}
		},
		{
			"name": "Voxels",
			"from": [6.5, -2.5, 1],
			"to": [7, -2, 1.5],
			"faces": {
				"north": {"uv": [14.5, 6, 14, 6.5], "texture": "#voxels_atlas"},
				"east": {"uv": [16, 6, 15.5, 6.5], "texture": "#voxels_atlas"},
				"south": {"uv": [14.5, 6, 15, 6.5], "texture": "#voxels_atlas"},
				"west": {"uv": [15, 6, 15.5, 6.5], "texture": "#voxels_atlas"},
				"up": {"uv": [13.5, 6.5, 14, 6], "texture": "#voxels_atlas"},
				"down": {"uv": [13, 6, 13.5, 6.5], "texture": "#voxels_atlas"}
			}
		},
		{
			"name": "Voxels",
			"from": [7, -11, 1],
			"to": [7.5, -10.5, 1.5],
			"faces": {
				"north": {"uv": [10, 4.5, 9.5, 5], "texture": "#voxels_atlas"},
				"east": {"uv": [10, 3, 9.5, 3.5], "texture": "#voxels_atlas"},
				"south": {"uv": [9.5, 4, 10, 4.5], "texture": "#voxels_atlas"},
				"west": {"uv": [9.5, 3.5, 10, 4], "texture": "#voxels_atlas"},
				"up": {"uv": [9.5, 5.5, 10, 5], "texture": "#voxels_atlas"},
				"down": {"uv": [9.5, 5.5, 10, 6], "texture": "#voxels_atlas"}
			}
		},
		{
			"name": "Voxels",
			"from": [7, -9, 1],
			"to": [7.5, -8.5, 1.5],
			"faces": {
				"north": {"uv": [10, 1.5, 9.5, 2], "texture": "#voxels_atlas"},
				"east": {"uv": [10, 0, 9.5, 0.5], "texture": "#voxels_atlas"},
				"south": {"uv": [11, 1.5, 11.5, 2], "texture": "#voxels_atlas"},
				"west": {"uv": [9.5, 0.5, 10, 1], "texture": "#voxels_atlas"},
				"up": {"uv": [9.5, 2.5, 10, 2], "texture": "#voxels_atlas"},
				"down": {"uv": [9.5, 2.5, 10, 3], "texture": "#voxels_atlas"}
			}
		},
		{
			"name": "Voxels",
			"from": [7, -7, 1],
			"to": [7.5, -6.5, 1.5],
			"faces": {
				"north": {"uv": [11.5, 5.5, 11, 6], "texture": "#voxels_atlas"},
				"east": {"uv": [13, 5.5, 12.5, 6], "texture": "#voxels_atlas"},
				"south": {"uv": [11.5, 5.5, 12, 6], "texture": "#voxels_atlas"},
				"west": {"uv": [12, 5.5, 12.5, 6], "texture": "#voxels_atlas"},
				"up": {"uv": [10.5, 6, 11, 5.5], "texture": "#voxels_atlas"},
				"down": {"uv": [10, 5.5, 10.5, 6], "texture": "#voxels_atlas"}
			}
		},
		{
			"name": "Voxels",
			"from": [7, -5, 1],
			"to": [7.5, -4.5, 1.5],
			"faces": {
				"north": {"uv": [14.5, 5.5, 14, 6], "texture": "#voxels_atlas"},
				"east": {"uv": [16, 5.5, 15.5, 6], "texture": "#voxels_atlas"},
				"south": {"uv": [14.5, 5.5, 15, 6], "texture": "#voxels_atlas"},
				"west": {"uv": [15, 5.5, 15.5, 6], "texture": "#voxels_atlas"},
				"up": {"uv": [13.5, 6, 14, 5.5], "texture": "#voxels_atlas"},
				"down": {"uv": [13, 5.5, 13.5, 6], "texture": "#voxels_atlas"}
			}
		},
		{
			"name": "Voxels",
			"from": [7, -2, 1],
			"to": [7.5, -1.5, 1.5],
			"faces": {
				"north": {"uv": [10.5, 4, 10, 4.5], "texture": "#voxels_atlas"},
				"east": {"uv": [10.5, 2.5, 10, 3], "texture": "#voxels_atlas"},
				"south": {"uv": [10, 3.5, 10.5, 4], "texture": "#voxels_atlas"},
				"west": {"uv": [10, 3, 10.5, 3.5], "texture": "#voxels_atlas"},
				"up": {"uv": [10, 5, 10.5, 4.5], "texture": "#voxels_atlas"},
				"down": {"uv": [10, 5, 10.5, 5.5], "texture": "#voxels_atlas"}
			}
		},
		{
			"name": "Voxels",
			"from": [7.5, -1.5, 1],
			"to": [8, -0.5, 1.5],
			"faces": {
				"north": {"uv": [6, 8, 5.5, 9], "texture": "#voxels_atlas"},
				"east": {"uv": [6, 5, 5.5, 6], "texture": "#voxels_atlas"},
				"south": {"uv": [5.5, 7, 6, 8], "texture": "#voxels_atlas"},
				"west": {"uv": [5.5, 6, 6, 7], "texture": "#voxels_atlas"},
				"up": {"uv": [10, 2, 10.5, 1.5], "texture": "#voxels_atlas"},
				"down": {"uv": [10, 2, 10.5, 2.5], "texture": "#voxels_atlas"}
			}
		},
		{
			"name": "Voxels",
			"from": [8, -0.5, 1],
			"to": [8.5, 0, 1.5],
			"faces": {
				"north": {"uv": [12.5, 5, 12, 5.5], "texture": "#voxels_atlas"},
				"east": {"uv": [14, 5, 13.5, 5.5], "texture": "#voxels_atlas"},
				"south": {"uv": [12.5, 5, 13, 5.5], "texture": "#voxels_atlas"},
				"west": {"uv": [13, 5, 13.5, 5.5], "texture": "#voxels_atlas"},
				"up": {"uv": [11.5, 5.5, 12, 5], "texture": "#voxels_atlas"},
				"down": {"uv": [11, 5, 11.5, 5.5], "texture": "#voxels_atlas"}
			}
		},
		{
			"name": "Voxels",
			"from": [8.5, 0, 1],
			"to": [9, 1, 1.5],
			"faces": {
				"north": {"uv": [6, 4, 5.5, 5], "texture": "#voxels_atlas"},
				"east": {"uv": [6, 1, 5.5, 2], "texture": "#voxels_atlas"},
				"south": {"uv": [5.5, 3, 6, 4], "texture": "#voxels_atlas"},
				"west": {"uv": [5.5, 2, 6, 3], "texture": "#voxels_atlas"},
				"up": {"uv": [14.5, 5.5, 15, 5], "texture": "#voxels_atlas"},
				"down": {"uv": [14, 5, 14.5, 5.5], "texture": "#voxels_atlas"}
			}
		},
		{
			"name": "Voxels",
			"from": [9, 1, 1],
			"to": [9.5, 1.5, 1.5],
			"faces": {
				"north": {"uv": [11, 2.5, 10.5, 3], "texture": "#voxels_atlas"},
				"east": {"uv": [11, 1, 10.5, 1.5], "texture": "#voxels_atlas"},
				"south": {"uv": [10.5, 2, 11, 2.5], "texture": "#voxels_atlas"},
				"west": {"uv": [10.5, 1.5, 11, 2], "texture": "#voxels_atlas"},
				"up": {"uv": [10.5, 3.5, 11, 3], "texture": "#voxels_atlas"},
				"down": {"uv": [10.5, 3.5, 11, 4], "texture": "#voxels_atlas"}
			}
		},
		{
			"name": "Voxels",
			"from": [9.5, 1.5, 1],
			"to": [10, 2, 1.5],
			"faces": {
				"north": {"uv": [11.5, 4.5, 11, 5], "texture": "#voxels_atlas"},
				"east": {"uv": [13, 4.5, 12.5, 5], "texture": "#voxels_atlas"},
				"south": {"uv": [11.5, 4.5, 12, 5], "texture": "#voxels_atlas"},
				"west": {"uv": [12, 4.5, 12.5, 5], "texture": "#voxels_atlas"},
				"up": {"uv": [10.5, 0.5, 11, 0], "texture": "#voxels_atlas"},
				"down": {"uv": [10.5, 0.5, 11, 1], "texture": "#voxels_atlas"}
			}
		},
		{
			"name": "Voxels",
			"from": [10, 2, 1],
			"to": [10.5, 3, 1.5],
			"faces": {
				"north": {"uv": [6, 0, 5.5, 1], "texture": "#voxels_atlas"},
				"east": {"uv": [6.5, 7, 6, 8], "texture": "#voxels_atlas"},
				"south": {"uv": [6, 9, 6.5, 10], "texture": "#voxels_atlas"},
				"west": {"uv": [6, 8, 6.5, 9], "texture": "#voxels_atlas"},
				"up": {"uv": [13.5, 5, 14, 4.5], "texture": "#voxels_atlas"},
				"down": {"uv": [13, 4.5, 13.5, 5], "texture": "#voxels_atlas"}
			}
		},
		{
			"name": "Voxels",
			"from": [10, 2.5, -2.5],
			"to": [10.5, 3, 1],
			"faces": {
				"north": {"uv": [11.5, 3, 11, 3.5], "texture": "#voxels_atlas"},
				"east": {"uv": [12, 15.5, 8.5, 16], "texture": "#voxels_atlas"},
				"south": {"uv": [11, 2.5, 11.5, 3], "texture": "#voxels_atlas"},
				"west": {"uv": [12, 15, 15.5, 15.5], "texture": "#voxels_atlas"},
				"up": {"uv": [1.5, 7, 2, 3.5], "texture": "#voxels_atlas"},
				"down": {"uv": [1.5, 0, 2, 3.5], "texture": "#voxels_atlas"}
			}
		}
	],
	"display": {
		"thirdperson_righthand": {
			"rotation": [90, 0, 0],
			"translation": [-0.694, -4.163, 2.7826],
			"scale": [0.3826, 0.3826, 0.3826]
		},
		"thirdperson_lefthand": {
			"rotation": [90, 0, 0],
			"translation": [-0.694, -4.163, 2.7826],
			"scale": [0.3826, 0.3826, 0.3826]
		},
		"firstperson_righthand": {
			"rotation": [14, -25, 0],
			"translation": [0, 26.434, 0],
			"scale": [0.9304, 0.9304, 0.9304]
		},
		"firstperson_lefthand": {
			"rotation": [14, -25, 0],
			"translation": [0, 26.434, 0],
			"scale": [0.9304, 0.9304, 0.9304]
		},
		"ground": {
			"translation": [2.0869, 16.695, 7.6521]
		},
		"gui": {
			"rotation": [0, 31, 5],
			"translation": [2.7826, 9.0434, 0],
			"scale": [0.6869, 0.6869, 0.6869]
		},
		"head": {
			"rotation": [0, -180, 0],
			"translation": [-0.694, -4.173, -6.952],
			"scale": [0.4869, 0.4869, 0.4869]
		},
		"fixed": {
			"rotation": [0, -180, 0],
			"translation": [-3.478, 11.13, -7.651]
		}
	}
}