{
	"credit": "Made with Blockbench",
	"textures": {
		"voxels_atlas": "item/charcoal/46"
	},
	"elements": [
		{
			"name": "Voxels",
			"from": [-0.5, 0, 6],
			"to": [0, 2, 10],
			"faces": {
				"north": {"uv": [10.25, 11.25, 10, 12.25], "texture": "#voxels_atlas"},
				"east": {"uv": [2, 11, 0, 12], "texture": "#voxels_atlas"},
				"south": {"uv": [10, 10.25, 10.25, 11.25], "texture": "#voxels_atlas"},
				"west": {"uv": [0, 9, 2, 10], "texture": "#voxels_atlas"},
				"up": {"uv": [6, 10, 6.25, 8], "texture": "#voxels_atlas"},
				"down": {"uv": [6.25, 8, 6.5, 10], "texture": "#voxels_atlas"}
			}
		},
		{
			"name": "Voxels",
			"from": [-0.5, 2, 6.5],
			"to": [0, 2.5, 9.5],
			"faces": {
				"north": {"uv": [13.5, 10.75, 13.25, 11], "texture": "#voxels_atlas"},
				"east": {"uv": [12.75, 15.5, 11.25, 15.75], "texture": "#voxels_atlas"},
				"south": {"uv": [15, 10.75, 15.25, 11], "texture": "#voxels_atlas"},
				"west": {"uv": [12.75, 15.5, 14.25, 15.75], "texture": "#voxels_atlas"},
				"up": {"uv": [6.5, 9.5, 6.75, 8], "texture": "#voxels_atlas"},
				"down": {"uv": [6.75, 8, 7, 9.5], "texture": "#voxels_atlas"}
			}
		},
		{
			"name": "Voxels",
			"from": [-0.5, 2.5, 7],
			"to": [0, 4.5, 9],
			"faces": {
				"north": {"uv": [11, 13.75, 10.75, 14.75], "texture": "#voxels_atlas"},
				"east": {"uv": [3, 8, 2, 9], "texture": "#voxels_atlas"},
				"south": {"uv": [11, 13.75, 11.25, 14.75], "texture": "#voxels_atlas"},
				"west": {"uv": [2, 10, 3, 11], "texture": "#voxels_atlas"},
				"up": {"uv": [10.5, 14.75, 10.75, 13.75], "texture": "#voxels_atlas"},
				"down": {"uv": [10.25, 13.75, 10.5, 14.75], "texture": "#voxels_atlas"}
			}
		},
		{
			"name": "Voxels",
			"from": [-0.5, 3.5, 6],
			"to": [0, 4, 7],
			"faces": {
				"north": {"uv": [15.5, 10.75, 15.25, 11], "texture": "#voxels_atlas"},
				"east": {"uv": [7.5, 11.5, 7, 11.75], "texture": "#voxels_atlas"},
				"south": {"uv": [15.5, 10.75, 15.75, 11], "texture": "#voxels_atlas"},
				"west": {"uv": [4, 8, 4.5, 8.25], "texture": "#voxels_atlas"},
				"up": {"uv": [12, 9, 12.25, 8.5], "texture": "#voxels_atlas"},
				"down": {"uv": [12, 9, 12.25, 9.5], "texture": "#voxels_atlas"}
			}
		},
		{
			"name": "Voxels",
			"from": [-0.5, 3.5, 9],
			"to": [0, 4.5, 9.5],
			"faces": {
				"north": {"uv": [8.25, 8, 8, 8.5], "texture": "#voxels_atlas"},
				"east": {"uv": [9, 8, 8.75, 8.5], "texture": "#voxels_atlas"},
				"south": {"uv": [8.25, 8, 8.5, 8.5], "texture": "#voxels_atlas"},
				"west": {"uv": [8.5, 8, 8.75, 8.5], "texture": "#voxels_atlas"},
				"up": {"uv": [13, 10.25, 13.25, 10], "texture": "#voxels_atlas"},
				"down": {"uv": [13, 10.25, 13.25, 10.5], "texture": "#voxels_atlas"}
			}
		},
		{
			"name": "Voxels",
			"from": [-0.5, 3.5, 9.5],
			"to": [0, 4, 10],
			"faces": {
				"north": {"uv": [13.5, 10.5, 13.25, 10.75], "texture": "#voxels_atlas"},
				"east": {"uv": [14.25, 10.5, 14, 10.75], "texture": "#voxels_atlas"},
				"south": {"uv": [13.5, 10.5, 13.75, 10.75], "texture": "#voxels_atlas"},
				"west": {"uv": [13.75, 10.5, 14, 10.75], "texture": "#voxels_atlas"},
				"up": {"uv": [13, 8.75, 13.25, 8.5], "texture": "#voxels_atlas"},
				"down": {"uv": [13, 9.75, 13.25, 10], "texture": "#voxels_atlas"}
			}
		},
		{
			"name": "Voxels",
			"from": [-0.5, 4, 6.5],
			"to": [0, 4.5, 7],
			"faces": {
				"north": {"uv": [13.5, 10, 13.25, 10.25], "texture": "#voxels_atlas"},
				"east": {"uv": [15.75, 10.25, 15.5, 10.5], "texture": "#voxels_atlas"},
				"south": {"uv": [13.25, 9.75, 13.5, 10], "texture": "#voxels_atlas"},
				"west": {"uv": [15.25, 10.25, 15.5, 10.5], "texture": "#voxels_atlas"},
				"up": {"uv": [13.25, 10.5, 13.5, 10.25], "texture": "#voxels_atlas"},
				"down": {"uv": [15.25, 10.5, 15.5, 10.75], "texture": "#voxels_atlas"}
			}
		},
		{
			"name": "Voxels",
			"from": [-0.5, 4.5, 7.5],
			"to": [0, 5.5, 8.5],
			"faces": {
				"north": {"uv": [13.5, 13.25, 13.25, 13.75], "texture": "#voxels_atlas"},
				"east": {"uv": [11.75, 13.25, 11.25, 13.75], "texture": "#voxels_atlas"},
				"south": {"uv": [13.5, 13.25, 13.75, 13.75], "texture": "#voxels_atlas"},
				"west": {"uv": [10.75, 13.25, 11.25, 13.75], "texture": "#voxels_atlas"},
				"up": {"uv": [13, 13.75, 13.25, 13.25], "texture": "#voxels_atlas"},
				"down": {"uv": [12.75, 13.25, 13, 13.75], "texture": "#voxels_atlas"}
			}
		},
		{
			"name": "Voxels",
			"from": [0, 0, 4.5],
			"to": [0.5, 2.5, 5],
			"faces": {
				"north": {"uv": [8.25, 11, 8, 12.25], "texture": "#voxels_atlas"},
				"east": {"uv": [8.5, 13.5, 8.25, 14.75], "texture": "#voxels_atlas"},
				"south": {"uv": [8, 9.75, 8.25, 11], "texture": "#voxels_atlas"},
				"west": {"uv": [8, 8.5, 8.25, 9.75], "texture": "#voxels_atlas"},
				"up": {"uv": [13.5, 10.25, 13.75, 10], "texture": "#voxels_atlas"},
				"down": {"uv": [15.75, 10.25, 16, 10.5], "texture": "#voxels_atlas"}
			}
		},
		{
			"name": "Voxels",
			"from": [0, 0, 5],
			"to": [0.5, 2, 6],
			"faces": {
				"north": {"uv": [14.75, 13.75, 14.5, 14.75], "texture": "#voxels_atlas"},
				"east": {"uv": [5, 9, 4.5, 10], "texture": "#voxels_atlas"},
				"south": {"uv": [10.5, 8.25, 10.75, 9.25], "texture": "#voxels_atlas"},
				"west": {"uv": [3.5, 8, 4, 9], "texture": "#voxels_atlas"},
				"up": {"uv": [14, 13.75, 14.25, 13.25], "texture": "#voxels_atlas"},
				"down": {"uv": [13.75, 13.25, 14, 13.75], "texture": "#voxels_atlas"}
			}
		},
		{
			"name": "Voxels",
			"from": [0, 0, 10],
			"to": [0.5, 2, 11.5],
			"faces": {
				"north": {"uv": [11, 10.25, 10.75, 11.25], "texture": "#voxels_atlas"},
				"east": {"uv": [6.75, 14.25, 6, 15.25], "texture": "#voxels_atlas"},
				"south": {"uv": [10.75, 9.25, 11, 10.25], "texture": "#voxels_atlas"},
				"west": {"uv": [6.75, 14.25, 7.5, 15.25], "texture": "#voxels_atlas"},
				"up": {"uv": [7.75, 8.75, 8, 8], "texture": "#voxels_atlas"},
				"down": {"uv": [7.5, 8, 7.75, 8.75], "texture": "#voxels_atlas"}
			}
		},
		{
			"name": "Voxels",
			"from": [0, 2, 11],
			"to": [0.5, 2.5, 11.5],
			"faces": {
				"north": {"uv": [10.25, 8, 10, 8.25], "texture": "#voxels_atlas"},
				"east": {"uv": [11.25, 8, 11, 8.25], "texture": "#voxels_atlas"},
				"south": {"uv": [10.25, 8, 10.5, 8.25], "texture": "#voxels_atlas"},
				"west": {"uv": [10.75, 8, 11, 8.25], "texture": "#voxels_atlas"},
				"up": {"uv": [15.75, 15, 16, 14.75], "texture": "#voxels_atlas"},
				"down": {"uv": [15.75, 15, 16, 15.25], "texture": "#voxels_atlas"}
			}
		},
		{
			"name": "Voxels",
			"from": [0.5, 0, 3.5],
			"to": [1, 3.5, 4.5],
			"faces": {
				"north": {"uv": [7.75, 10.5, 7.5, 12.25], "texture": "#voxels_atlas"},
				"east": {"uv": [4, 12.5, 3.5, 14.25], "texture": "#voxels_atlas"},
				"south": {"uv": [7.75, 14, 8, 15.75], "texture": "#voxels_atlas"},
				"west": {"uv": [3, 14.25, 3.5, 16], "texture": "#voxels_atlas"},
				"up": {"uv": [15, 13.75, 15.25, 13.25], "texture": "#voxels_atlas"},
				"down": {"uv": [14.75, 13.25, 15, 13.75], "texture": "#voxels_atlas"}
			}
		},
		{
			"name": "Voxels",
			"from": [0.5, 0, 11.5],
			"to": [1, 3.5, 12.5],
			"faces": {
				"north": {"uv": [7.75, 12.25, 7.5, 14], "texture": "#voxels_atlas"},
				"east": {"uv": [3.5, 9, 3, 10.75], "texture": "#voxels_atlas"},
				"south": {"uv": [7.5, 14, 7.75, 15.75], "texture": "#voxels_atlas"},
				"west": {"uv": [3.5, 14.25, 4, 16], "texture": "#voxels_atlas"},
				"up": {"uv": [15.5, 13.75, 15.75, 13.25], "texture": "#voxels_atlas"},
				"down": {"uv": [15.25, 13.25, 15.5, 13.75], "texture": "#voxels_atlas"}
			}
		},
		{
			"name": "Voxels",
			"from": [1, 0, 3],
			"to": [1.5, 2.5, 3.5],
			"faces": {
				"north": {"uv": [9.5, 12.25, 9.25, 13.5], "texture": "#voxels_atlas"},
				"east": {"uv": [9.5, 8.5, 9.25, 9.75], "texture": "#voxels_atlas"},
				"south": {"uv": [9.25, 11, 9.5, 12.25], "texture": "#voxels_atlas"},
				"west": {"uv": [9.25, 9.75, 9.5, 11], "texture": "#voxels_atlas"},
				"up": {"uv": [11.5, 8.25, 11.75, 8], "texture": "#voxels_atlas"},
				"down": {"uv": [11.25, 8, 11.5, 8.25], "texture": "#voxels_atlas"}
			}
		},
		{
			"name": "Voxels",
			"from": [1, 0, 12.5],
			"to": [1.5, 2.5, 13],
			"faces": {
				"north": {"uv": [9.75, 11, 9.5, 12.25], "texture": "#voxels_atlas"},
				"east": {"uv": [10, 13.5, 9.75, 14.75], "texture": "#voxels_atlas"},
				"south": {"uv": [9.5, 9.75, 9.75, 11], "texture": "#voxels_atlas"},
				"west": {"uv": [9.5, 8.5, 9.75, 9.75], "texture": "#voxels_atlas"},
				"up": {"uv": [13.25, 11.5, 13.5, 11.25], "texture": "#voxels_atlas"},
				"down": {"uv": [11.75, 8, 12, 8.25], "texture": "#voxels_atlas"}
			}
		},
		{
			"name": "Voxels",
			"from": [1.5, 0, 2.5],
			"to": [2, 2, 3],
			"faces": {
				"north": {"uv": [11.75, 12.25, 11.5, 13.25], "texture": "#voxels_atlas"},
				"east": {"uv": [12.5, 12.25, 12.25, 13.25], "texture": "#voxels_atlas"},
				"south": {"uv": [11.75, 12.25, 12, 13.25], "texture": "#voxels_atlas"},
				"west": {"uv": [12, 12.25, 12.25, 13.25], "texture": "#voxels_atlas"},
				"up": {"uv": [13.75, 11.5, 14, 11.25], "texture": "#voxels_atlas"},
				"down": {"uv": [13.5, 11.25, 13.75, 11.5], "texture": "#voxels_atlas"}
			}
		},
		{
			"name": "Voxels",
			"from": [1.5, 0, 13],
			"to": [2, 2, 13.5],
			"faces": {
				"north": {"uv": [13.25, 12.25, 13, 13.25], "texture": "#voxels_atlas"},
				"east": {"uv": [14, 12.25, 13.75, 13.25], "texture": "#voxels_atlas"},
				"south": {"uv": [13.25, 12.25, 13.5, 13.25], "texture": "#voxels_atlas"},
				"west": {"uv": [13.5, 12.25, 13.75, 13.25], "texture": "#voxels_atlas"},
				"up": {"uv": [14.75, 11.5, 15, 11.25], "texture": "#voxels_atlas"},
				"down": {"uv": [14, 11.25, 14.25, 11.5], "texture": "#voxels_atlas"}
			}
		},
		{
			"name": "Voxels",
			"from": [2, 0, 2],
			"to": [2.5, 2, 2.5],
			"faces": {
				"north": {"uv": [14.75, 12.25, 14.5, 13.25], "texture": "#voxels_atlas"},
				"east": {"uv": [15.5, 12.25, 15.25, 13.25], "texture": "#voxels_atlas"},
				"south": {"uv": [14.75, 12.25, 15, 13.25], "texture": "#voxels_atlas"},
				"west": {"uv": [15, 12.25, 15.25, 13.25], "texture": "#voxels_atlas"},
				"up": {"uv": [12.5, 9.75, 12.75, 9.5], "texture": "#voxels_atlas"},
				"down": {"uv": [15, 11.25, 15.25, 11.5], "texture": "#voxels_atlas"}
			}
		},
		{
			"name": "Voxels",
			"from": [2, 0, 13.5],
			"to": [2.5, 2, 14],
			"faces": {
				"north": {"uv": [11.5, 13.75, 11.25, 14.75], "texture": "#voxels_atlas"},
				"east": {"uv": [12.75, 13.75, 12.5, 14.75], "texture": "#voxels_atlas"},
				"south": {"uv": [11.5, 13.75, 11.75, 14.75], "texture": "#voxels_atlas"},
				"west": {"uv": [12.25, 13.75, 12.5, 14.75], "texture": "#voxels_atlas"},
				"up": {"uv": [12.5, 9.25, 12.75, 9], "texture": "#voxels_atlas"},
				"down": {"uv": [12.5, 9.25, 12.75, 9.5], "texture": "#voxels_atlas"}
			}
		},
		{
			"name": "Voxels",
			"from": [2.5, 0, 1.5],
			"to": [3, 2.5, 2],
			"faces": {
				"north": {"uv": [9.75, 13.5, 9.5, 14.75], "texture": "#voxels_atlas"},
				"east": {"uv": [10, 11, 9.75, 12.25], "texture": "#voxels_atlas"},
				"south": {"uv": [9.5, 12.25, 9.75, 13.5], "texture": "#voxels_atlas"},
				"west": {"uv": [9.75, 12.25, 10, 13.5], "texture": "#voxels_atlas"},
				"up": {"uv": [12.5, 8.75, 12.75, 8.5], "texture": "#voxels_atlas"},
				"down": {"uv": [12.5, 8.75, 12.75, 9], "texture": "#voxels_atlas"}
			}
		},
		{
			"name": "Voxels",
			"from": [2.5, 0, 14],
			"to": [3, 2, 14.5],
			"faces": {
				"north": {"uv": [10.25, 9.25, 10, 10.25], "texture": "#voxels_atlas"},
				"east": {"uv": [12.25, 13.75, 12, 14.75], "texture": "#voxels_atlas"},
				"south": {"uv": [10, 8.25, 10.25, 9.25], "texture": "#voxels_atlas"},
				"west": {"uv": [11.75, 13.75, 12, 14.75], "texture": "#voxels_atlas"},
				"up": {"uv": [13.5, 11.25, 13.75, 11], "texture": "#voxels_atlas"},
				"down": {"uv": [12.5, 8.25, 12.75, 8.5], "texture": "#voxels_atlas"}
			}
		},
		{
			"name": "Voxels",
			"from": [3, 0, 1],
			"to": [4, 3.5, 1.5],
			"faces": {
				"north": {"uv": [3.5, 12.5, 3, 14.25], "texture": "#voxels_atlas"},
				"east": {"uv": [7.75, 8.75, 7.5, 10.5], "texture": "#voxels_atlas"},
				"south": {"uv": [3, 10.75, 3.5, 12.5], "texture": "#voxels_atlas"},
				"west": {"uv": [7.75, 12.25, 8, 14], "texture": "#voxels_atlas"},
				"up": {"uv": [7, 10.75, 7.5, 10.5], "texture": "#voxels_atlas"},
				"down": {"uv": [6.5, 10.5, 7, 10.75], "texture": "#voxels_atlas"}
			}
		},
		{
			"name": "Voxels",
			"from": [3, 0, 14.5],
			"to": [4, 2.5, 15],
			"faces": {
				"north": {"uv": [6, 12.75, 5.5, 14], "texture": "#voxels_atlas"},
				"east": {"uv": [8.75, 12.25, 8.5, 13.5], "texture": "#voxels_atlas"},
				"south": {"uv": [5, 12.75, 5.5, 14], "texture": "#voxels_atlas"},
				"west": {"uv": [8.5, 13.5, 8.75, 14.75], "texture": "#voxels_atlas"},
				"up": {"uv": [14.5, 12.25, 15, 12], "texture": "#voxels_atlas"},
				"down": {"uv": [15, 12, 15.5, 12.25], "texture": "#voxels_atlas"}
			}
		},
		{
			"name": "Voxels",
			"from": [3.5, 2.5, 14.5],
			"to": [4, 3.5, 15],
			"faces": {
				"north": {"uv": [14.5, 11.5, 14.25, 12], "texture": "#voxels_atlas"},
				"east": {"uv": [13.75, 11.5, 13.5, 12], "texture": "#voxels_atlas"},
				"south": {"uv": [14, 11.5, 14.25, 12], "texture": "#voxels_atlas"},
				"west": {"uv": [12.5, 9.75, 12.75, 10.25], "texture": "#voxels_atlas"},
				"up": {"uv": [13, 9.25, 13.25, 9], "texture": "#voxels_atlas"},
				"down": {"uv": [13, 8.75, 13.25, 9], "texture": "#voxels_atlas"}
			}
		},
		{
			"name": "Voxels",
			"from": [4, 0, 0.5],
			"to": [5, 2, 1],
			"faces": {
				"north": {"uv": [5, 8, 4.5, 9], "texture": "#voxels_atlas"},
				"east": {"uv": [11.5, 8.25, 11.25, 9.25], "texture": "#voxels_atlas"},
				"south": {"uv": [5.5, 9, 6, 10], "texture": "#voxels_atlas"},
				"west": {"uv": [12.5, 12.25, 12.75, 13.25], "texture": "#voxels_atlas"},
				"up": {"uv": [13.5, 12.25, 14, 12], "texture": "#voxels_atlas"},
				"down": {"uv": [14, 12, 14.5, 12.25], "texture": "#voxels_atlas"}
			}
		},
		{
			"name": "Voxels",
			"from": [4, 0, 15],
			"to": [5, 2.5, 15.5],
			"faces": {
				"north": {"uv": [4.5, 10, 4, 11.25], "texture": "#voxels_atlas"},
				"east": {"uv": [8.75, 11, 8.5, 12.25], "texture": "#voxels_atlas"},
				"south": {"uv": [4, 11.25, 4.5, 12.5], "texture": "#voxels_atlas"},
				"west": {"uv": [8.5, 9.75, 8.75, 11], "texture": "#voxels_atlas"},
				"up": {"uv": [12.5, 12.25, 13, 12], "texture": "#voxels_atlas"},
				"down": {"uv": [13, 12, 13.5, 12.25], "texture": "#voxels_atlas"}
			}
		},
		{
			"name": "Voxels",
			"from": [4, 2, 0.5],
			"to": [4.5, 2.5, 1],
			"faces": {
				"north": {"uv": [14.5, 11, 14.25, 11.25], "texture": "#voxels_atlas"},
				"east": {"uv": [13.25, 11, 13, 11.25], "texture": "#voxels_atlas"},
				"south": {"uv": [14, 11, 14.25, 11.25], "texture": "#voxels_atlas"},
				"west": {"uv": [13.25, 11, 13.5, 11.25], "texture": "#voxels_atlas"},
				"up": {"uv": [14.5, 11.25, 14.75, 11], "texture": "#voxels_atlas"},
				"down": {"uv": [14.75, 11, 15, 11.25], "texture": "#voxels_atlas"}
			}
		},
		{
			"name": "Voxels",
			"from": [4, 2.5, 15],
			"to": [4.5, 3.5, 15.5],
			"faces": {
				"north": {"uv": [11.75, 9.25, 11.5, 9.75], "texture": "#voxels_atlas"},
				"east": {"uv": [16, 13.25, 15.75, 13.75], "texture": "#voxels_atlas"},
				"south": {"uv": [11.5, 9.75, 11.75, 10.25], "texture": "#voxels_atlas"},
				"west": {"uv": [11.5, 10.25, 11.75, 10.75], "texture": "#voxels_atlas"},
				"up": {"uv": [12.5, 8.25, 12.75, 8], "texture": "#voxels_atlas"},
				"down": {"uv": [12.75, 11, 13, 11.25], "texture": "#voxels_atlas"}
			}
		},
		{
			"name": "Voxels",
			"from": [5, 0, 0],
			"to": [11, 2, 0.5],
			"faces": {
				"north": {"uv": [3, 14, 0, 15], "texture": "#voxels_atlas"},
				"east": {"uv": [11.25, 8.25, 11, 9.25], "texture": "#voxels_atlas"},
				"south": {"uv": [0, 13, 3, 14], "texture": "#voxels_atlas"},
				"west": {"uv": [11.25, 12.25, 11.5, 13.25], "texture": "#voxels_atlas"},
				"up": {"uv": [4.5, 15.75, 7.5, 15.5], "texture": "#voxels_atlas"},
				"down": {"uv": [4.5, 15.75, 7.5, 16], "texture": "#voxels_atlas"}
			}
		},
		{
			"name": "Voxels",
			"from": [5, 0, 15.5],
			"to": [11, 2, 16],
			"faces": {
				"north": {"uv": [3, 12, 0, 13], "texture": "#voxels_atlas"},
				"east": {"uv": [11, 8.25, 10.75, 9.25], "texture": "#voxels_atlas"},
				"south": {"uv": [0, 15, 3, 16], "texture": "#voxels_atlas"},
				"west": {"uv": [11, 12.25, 11.25, 13.25], "texture": "#voxels_atlas"},
				"up": {"uv": [4.5, 15.5, 7.5, 15.25], "texture": "#voxels_atlas"},
				"down": {"uv": [4.5, 14, 7.5, 14.25], "texture": "#voxels_atlas"}
			}
		},
		{
			"name": "Voxels",
			"from": [6, 3.5, 0],
			"to": [10, 4, 0.5],
			"faces": {
				"north": {"uv": [9.5, 15.75, 7.5, 16], "texture": "#voxels_atlas"},
				"east": {"uv": [15.75, 11, 15.5, 11.25], "texture": "#voxels_atlas"},
				"south": {"uv": [9.5, 15.75, 11.5, 16], "texture": "#voxels_atlas"},
				"west": {"uv": [15.75, 11, 16, 11.25], "texture": "#voxels_atlas"},
				"up": {"uv": [5.5, 10.25, 7.5, 10], "texture": "#voxels_atlas"},
				"down": {"uv": [5.5, 10.25, 7.5, 10.5], "texture": "#voxels_atlas"}
			}
		},
		{
			"name": "Voxels",
			"from": [6, 3.5, 15.5],
			"to": [10, 4, 16],
			"faces": {
				"north": {"uv": [6.5, 10.75, 4.5, 11], "texture": "#voxels_atlas"},
				"east": {"uv": [15.5, 11.25, 15.25, 11.5], "texture": "#voxels_atlas"},
				"south": {"uv": [4.5, 10.5, 6.5, 10.75], "texture": "#voxels_atlas"},
				"west": {"uv": [15.5, 11.25, 15.75, 11.5], "texture": "#voxels_atlas"},
				"up": {"uv": [4.5, 11.25, 6.5, 11], "texture": "#voxels_atlas"},
				"down": {"uv": [4.5, 11.25, 6.5, 11.5], "texture": "#voxels_atlas"}
			}
		},
		{
			"name": "Voxels",
			"from": [6.5, 2, 0],
			"to": [9.5, 2.5, 0.5],
			"faces": {
				"north": {"uv": [16, 15.75, 14.5, 16], "texture": "#voxels_atlas"},
				"east": {"uv": [13, 9, 12.75, 9.25], "texture": "#voxels_atlas"},
				"south": {"uv": [9.75, 15.25, 11.25, 15.5], "texture": "#voxels_atlas"},
				"west": {"uv": [12.75, 8.75, 13, 9], "texture": "#voxels_atlas"},
				"up": {"uv": [8.25, 15.75, 9.75, 15.5], "texture": "#voxels_atlas"},
				"down": {"uv": [9.75, 15.5, 11.25, 15.75], "texture": "#voxels_atlas"}
			}
		},
		{
			"name": "Voxels",
			"from": [6.5, 2, 15.5],
			"to": [9.5, 2.5, 16],
			"faces": {
				"north": {"uv": [15.75, 15, 14.25, 15.25], "texture": "#voxels_atlas"},
				"east": {"uv": [13, 10.5, 12.75, 10.75], "texture": "#voxels_atlas"},
				"south": {"uv": [8.25, 15, 9.75, 15.25], "texture": "#voxels_atlas"},
				"west": {"uv": [12.75, 10.25, 13, 10.5], "texture": "#voxels_atlas"},
				"up": {"uv": [8.25, 15, 9.75, 14.75], "texture": "#voxels_atlas"},
				"down": {"uv": [14.25, 15.5, 15.75, 15.75], "texture": "#voxels_atlas"}
			}
		},
		{
			"name": "Voxels",
			"from": [6.5, 4, 0],
			"to": [9.5, 4.5, 0.5],
			"faces": {
				"north": {"uv": [11.25, 14.75, 9.75, 15], "texture": "#voxels_atlas"},
				"east": {"uv": [13, 10.75, 12.75, 11], "texture": "#voxels_atlas"},
				"south": {"uv": [8.25, 15.25, 9.75, 15.5], "texture": "#voxels_atlas"},
				"west": {"uv": [13.75, 11, 14, 11.25], "texture": "#voxels_atlas"},
				"up": {"uv": [12.75, 15.25, 14.25, 15], "texture": "#voxels_atlas"},
				"down": {"uv": [11.25, 15, 12.75, 15.25], "texture": "#voxels_atlas"}
			}
		},
		{
			"name": "Voxels",
			"from": [6.5, 4, 15.5],
			"to": [9.5, 4.5, 16],
			"faces": {
				"north": {"uv": [14.25, 15.25, 12.75, 15.5], "texture": "#voxels_atlas"},
				"east": {"uv": [13, 8.25, 12.75, 8.5], "texture": "#voxels_atlas"},
				"south": {"uv": [11.5, 15.75, 13, 16], "texture": "#voxels_atlas"},
				"west": {"uv": [12.75, 8.5, 13, 8.75], "texture": "#voxels_atlas"},
				"up": {"uv": [14.25, 15.5, 15.75, 15.25], "texture": "#voxels_atlas"},
				"down": {"uv": [9.75, 15, 11.25, 15.25], "texture": "#voxels_atlas"}
			}
		},
		{
			"name": "Voxels",
			"from": [7, 2.5, 0],
			"to": [9, 3.5, 0.5],
			"faces": {
				"north": {"uv": [5.5, 10, 4.5, 10.5], "texture": "#voxels_atlas"},
				"east": {"uv": [15, 11.5, 14.75, 12], "texture": "#voxels_atlas"},
				"south": {"uv": [6, 11.75, 7, 12.25], "texture": "#voxels_atlas"},
				"west": {"uv": [14.5, 11.5, 14.75, 12], "texture": "#voxels_atlas"},
				"up": {"uv": [6.5, 11.5, 7.5, 11.25], "texture": "#voxels_atlas"},
				"down": {"uv": [6, 11.5, 7, 11.75], "texture": "#voxels_atlas"}
			}
		},
		{
			"name": "Voxels",
			"from": [7, 2.5, 15.5],
			"to": [9, 3.5, 16],
			"faces": {
				"north": {"uv": [7, 12.25, 6, 12.75], "texture": "#voxels_atlas"},
				"east": {"uv": [12.25, 11.5, 12, 12], "texture": "#voxels_atlas"},
				"south": {"uv": [6.5, 9.5, 7.5, 10], "texture": "#voxels_atlas"},
				"west": {"uv": [11.75, 8.25, 12, 8.75], "texture": "#voxels_atlas"},
				"up": {"uv": [6.5, 11, 7.5, 10.75], "texture": "#voxels_atlas"},
				"down": {"uv": [6.5, 11, 7.5, 11.25], "texture": "#voxels_atlas"}
			}
		},
		{
			"name": "Voxels",
			"from": [7.5, 4.5, 0],
			"to": [8.5, 5.5, 0.5],
			"faces": {
				"north": {"uv": [4.5, 8.25, 4, 8.75], "texture": "#voxels_atlas"},
				"east": {"uv": [9.5, 8, 9.25, 8.5], "texture": "#voxels_atlas"},
				"south": {"uv": [7, 12.25, 7.5, 12.75], "texture": "#voxels_atlas"},
				"west": {"uv": [9, 8, 9.25, 8.5], "texture": "#voxels_atlas"},
				"up": {"uv": [13.75, 15, 14.25, 14.75], "texture": "#voxels_atlas"},
				"down": {"uv": [11.25, 14.75, 11.75, 15], "texture": "#voxels_atlas"}
			}
		},
		{
			"name": "Voxels",
			"from": [7.5, 4.5, 15.5],
			"to": [8.5, 5.5, 16],
			"faces": {
				"north": {"uv": [7.5, 11.75, 7, 12.25], "texture": "#voxels_atlas"},
				"east": {"uv": [10, 8, 9.75, 8.5], "texture": "#voxels_atlas"},
				"south": {"uv": [10.25, 13.25, 10.75, 13.75], "texture": "#voxels_atlas"},
				"west": {"uv": [9.5, 8, 9.75, 8.5], "texture": "#voxels_atlas"},
				"up": {"uv": [12.25, 15, 12.75, 14.75], "texture": "#voxels_atlas"},
				"down": {"uv": [11.75, 14.75, 12.25, 15], "texture": "#voxels_atlas"}
			}
		},
		{
			"name": "Voxels",
			"from": [11, 0, 0.5],
			"to": [12, 2.5, 1],
			"faces": {
				"north": {"uv": [7, 12.75, 6.5, 14], "texture": "#voxels_atlas"},
				"east": {"uv": [9, 13.5, 8.75, 14.75], "texture": "#voxels_atlas"},
				"south": {"uv": [7, 12.75, 7.5, 14], "texture": "#voxels_atlas"},
				"west": {"uv": [8.5, 8.5, 8.75, 9.75], "texture": "#voxels_atlas"},
				"up": {"uv": [13.25, 15, 13.75, 14.75], "texture": "#voxels_atlas"},
				"down": {"uv": [12.75, 14.75, 13.25, 15], "texture": "#voxels_atlas"}
			}
		},
		{
			"name": "Voxels",
			"from": [11, 0, 15],
			"to": [12, 2.5, 15.5],
			"faces": {
				"north": {"uv": [5, 12.75, 4.5, 14], "texture": "#voxels_atlas"},
				"east": {"uv": [9, 11, 8.75, 12.25], "texture": "#voxels_atlas"},
				"south": {"uv": [6, 12.75, 6.5, 14], "texture": "#voxels_atlas"},
				"west": {"uv": [8.75, 12.25, 9, 13.5], "texture": "#voxels_atlas"},
				"up": {"uv": [14.25, 13.75, 14.75, 13.5], "texture": "#voxels_atlas"},
				"down": {"uv": [15.25, 14.75, 15.75, 15], "texture": "#voxels_atlas"}
			}
		},
		{
			"name": "Voxels",
			"from": [11.5, 2.5, 0.5],
			"to": [12, 3.5, 1],
			"faces": {
				"north": {"uv": [11.75, 8.75, 11.5, 9.25], "texture": "#voxels_atlas"},
				"east": {"uv": [12, 11.25, 11.75, 11.75], "texture": "#voxels_atlas"},
				"south": {"uv": [11.5, 8.25, 11.75, 8.75], "texture": "#voxels_atlas"},
				"west": {"uv": [11.75, 11.75, 12, 12.25], "texture": "#voxels_atlas"},
				"up": {"uv": [12.75, 10, 13, 9.75], "texture": "#voxels_atlas"},
				"down": {"uv": [12.75, 10, 13, 10.25], "texture": "#voxels_atlas"}
			}
		},
		{
			"name": "Voxels",
			"from": [11.5, 2.5, 15],
			"to": [12, 3.5, 15.5],
			"faces": {
				"north": {"uv": [12, 10.75, 11.75, 11.25], "texture": "#voxels_atlas"},
				"east": {"uv": [12.75, 11.5, 12.5, 12], "texture": "#voxels_atlas"},
				"south": {"uv": [12, 8, 12.25, 8.5], "texture": "#voxels_atlas"},
				"west": {"uv": [12.25, 11.5, 12.5, 12], "texture": "#voxels_atlas"},
				"up": {"uv": [12.75, 9.5, 13, 9.25], "texture": "#voxels_atlas"},
				"down": {"uv": [12.75, 9.5, 13, 9.75], "texture": "#voxels_atlas"}
			}
		},
		{
			"name": "Voxels",
			"from": [12, 0, 1],
			"to": [13, 2.5, 1.5],
			"faces": {
				"north": {"uv": [4.5, 8.75, 4, 10], "texture": "#voxels_atlas"},
				"east": {"uv": [9, 8.5, 8.75, 9.75], "texture": "#voxels_atlas"},
				"south": {"uv": [5.5, 11.5, 6, 12.75], "texture": "#voxels_atlas"},
				"west": {"uv": [8.75, 9.75, 9, 11], "texture": "#voxels_atlas"},
				"up": {"uv": [14.75, 15, 15.25, 14.75], "texture": "#voxels_atlas"},
				"down": {"uv": [14.25, 14.75, 14.75, 15], "texture": "#voxels_atlas"}
			}
		},
		{
			"name": "Voxels",
			"from": [12, 0, 14.5],
			"to": [13, 2.5, 15],
			"faces": {
				"north": {"uv": [5.5, 11.5, 5, 12.75], "texture": "#voxels_atlas"},
				"east": {"uv": [9.25, 12.25, 9, 13.5], "texture": "#voxels_atlas"},
				"south": {"uv": [4.5, 11.5, 5, 12.75], "texture": "#voxels_atlas"},
				"west": {"uv": [9, 13.5, 9.25, 14.75], "texture": "#voxels_atlas"},
				"up": {"uv": [12, 12.25, 12.5, 12], "texture": "#voxels_atlas"},
				"down": {"uv": [14.25, 13.25, 14.75, 13.5], "texture": "#voxels_atlas"}
			}
		},
		{
			"name": "Voxels",
			"from": [12, 2.5, 1],
			"to": [12.5, 3.5, 1.5],
			"faces": {
				"north": {"uv": [13, 11.5, 12.75, 12], "texture": "#voxels_atlas"},
				"east": {"uv": [15.25, 11.5, 15, 12], "texture": "#voxels_atlas"},
				"south": {"uv": [13, 11.5, 13.25, 12], "texture": "#voxels_atlas"},
				"west": {"uv": [13.25, 11.5, 13.5, 12], "texture": "#voxels_atlas"},
				"up": {"uv": [13, 11, 13.25, 10.75], "texture": "#voxels_atlas"},
				"down": {"uv": [12.75, 8, 13, 8.25], "texture": "#voxels_atlas"}
			}
		},
		{
			"name": "Voxels",
			"from": [12, 2.5, 14.5],
			"to": [12.5, 3.5, 15],
			"faces": {
				"north": {"uv": [15.5, 11.5, 15.25, 12], "texture": "#voxels_atlas"},
				"east": {"uv": [12.25, 9.5, 12, 10], "texture": "#voxels_atlas"},
				"south": {"uv": [11.75, 9.25, 12, 9.75], "texture": "#voxels_atlas"},
				"west": {"uv": [12, 10, 12.25, 10.5], "texture": "#voxels_atlas"},
				"up": {"uv": [13, 10.75, 13.25, 10.5], "texture": "#voxels_atlas"},
				"down": {"uv": [15.75, 10.75, 16, 11], "texture": "#voxels_atlas"}
			}
		},
		{
			"name": "Voxels",
			"from": [13, 0, 1.5],
			"to": [13.5, 2, 2],
			"faces": {
				"north": {"uv": [13.5, 13.75, 13.25, 14.75], "texture": "#voxels_atlas"},
				"east": {"uv": [14.25, 13.75, 14, 14.75], "texture": "#voxels_atlas"},
				"south": {"uv": [13.5, 13.75, 13.75, 14.75], "texture": "#voxels_atlas"},
				"west": {"uv": [13.75, 13.75, 14, 14.75], "texture": "#voxels_atlas"},
				"up": {"uv": [13, 8.25, 13.25, 8], "texture": "#voxels_atlas"},
				"down": {"uv": [13, 8.25, 13.25, 8.5], "texture": "#voxels_atlas"}
			}
		},
		{
			"name": "Voxels",
			"from": [13, 0, 14],
			"to": [13.5, 2, 14.5],
			"faces": {
				"north": {"uv": [14.5, 13.75, 14.25, 14.75], "texture": "#voxels_atlas"},
				"east": {"uv": [15.5, 13.75, 15.25, 14.75], "texture": "#voxels_atlas"},
				"south": {"uv": [14.75, 13.75, 15, 14.75], "texture": "#voxels_atlas"},
				"west": {"uv": [15, 13.75, 15.25, 14.75], "texture": "#voxels_atlas"},
				"up": {"uv": [15, 10.75, 15.25, 10.5], "texture": "#voxels_atlas"},
				"down": {"uv": [14.25, 10.5, 14.5, 10.75], "texture": "#voxels_atlas"}
			}
		},
		{
			"name": "Voxels",
			"from": [13.5, 0, 2],
			"to": [14, 2, 2.5],
			"faces": {
				"north": {"uv": [15.75, 13.75, 15.5, 14.75], "texture": "#voxels_atlas"},
				"east": {"uv": [10.5, 12.25, 10.25, 13.25], "texture": "#voxels_atlas"},
				"south": {"uv": [15.75, 13.75, 16, 14.75], "texture": "#voxels_atlas"},
				"west": {"uv": [13, 13.75, 13.25, 14.75], "texture": "#voxels_atlas"},
				"up": {"uv": [15, 10.5, 15.25, 10.25], "texture": "#voxels_atlas"},
				"down": {"uv": [13.25, 9.5, 13.5, 9.75], "texture": "#voxels_atlas"}
			}
		},
		{
			"name": "Voxels",
			"from": [13.5, 0, 13.5],
			"to": [14, 2, 14],
			"faces": {
				"north": {"uv": [10.5, 11.25, 10.25, 12.25], "texture": "#voxels_atlas"},
				"east": {"uv": [10.5, 8.25, 10.25, 9.25], "texture": "#voxels_atlas"},
				"south": {"uv": [10.25, 10.25, 10.5, 11.25], "texture": "#voxels_atlas"},
				"west": {"uv": [10.25, 9.25, 10.5, 10.25], "texture": "#voxels_atlas"},
				"up": {"uv": [15.75, 15.5, 16, 15.25], "texture": "#voxels_atlas"},
				"down": {"uv": [15.75, 15.5, 16, 15.75], "texture": "#voxels_atlas"}
			}
		},
		{
			"name": "Voxels",
			"from": [14, 0, 2.5],
			"to": [14.5, 2, 3],
			"faces": {
				"north": {"uv": [10.75, 12.25, 10.5, 13.25], "texture": "#voxels_atlas"},
				"east": {"uv": [10.75, 9.25, 10.5, 10.25], "texture": "#voxels_atlas"},
				"south": {"uv": [10.5, 11.25, 10.75, 12.25], "texture": "#voxels_atlas"},
				"west": {"uv": [10.5, 10.25, 10.75, 11.25], "texture": "#voxels_atlas"},
				"up": {"uv": [13.5, 11, 13.75, 10.75], "texture": "#voxels_atlas"},
				"down": {"uv": [10.5, 8, 10.75, 8.25], "texture": "#voxels_atlas"}
			}
		},
		{
			"name": "Voxels",
			"from": [14, 0, 13],
			"to": [14.5, 2, 13.5],
			"faces": {
				"north": {"uv": [11, 12.25, 10.75, 13.25], "texture": "#voxels_atlas"},
				"east": {"uv": [11.25, 10.25, 11, 11.25], "texture": "#voxels_atlas"},
				"south": {"uv": [10.75, 11.25, 11, 12.25], "texture": "#voxels_atlas"},
				"west": {"uv": [11, 11.25, 11.25, 12.25], "texture": "#voxels_atlas"},
				"up": {"uv": [13, 11.5, 13.25, 11.25], "texture": "#voxels_atlas"},
				"down": {"uv": [12.75, 11.25, 13, 11.5], "texture": "#voxels_atlas"}
			}
		},
		{
			"name": "Voxels",
			"from": [14.5, 0, 3],
			"to": [15, 2.5, 3.5],
			"faces": {
				"north": {"uv": [9.25, 11, 9, 12.25], "texture": "#voxels_atlas"},
				"east": {"uv": [9.5, 13.5, 9.25, 14.75], "texture": "#voxels_atlas"},
				"south": {"uv": [9, 9.75, 9.25, 11], "texture": "#voxels_atlas"},
				"west": {"uv": [9, 8.5, 9.25, 9.75], "texture": "#voxels_atlas"},
				"up": {"uv": [14.5, 11.5, 14.75, 11.25], "texture": "#voxels_atlas"},
				"down": {"uv": [14.25, 11.25, 14.5, 11.5], "texture": "#voxels_atlas"}
			}
		},
		{
			"name": "Voxels",
			"from": [14.5, 0, 12.5],
			"to": [15, 2.5, 13],
			"faces": {
				"north": {"uv": [10, 9.75, 9.75, 11], "texture": "#voxels_atlas"},
				"east": {"uv": [10.25, 12.25, 10, 13.5], "texture": "#voxels_atlas"},
				"south": {"uv": [9.75, 8.5, 10, 9.75], "texture": "#voxels_atlas"},
				"west": {"uv": [10, 13.5, 10.25, 14.75], "texture": "#voxels_atlas"},
				"up": {"uv": [12.25, 8.25, 12.5, 8], "texture": "#voxels_atlas"},
				"down": {"uv": [15.75, 11.25, 16, 11.5], "texture": "#voxels_atlas"}
			}
		},
		{
			"name": "Voxels",
			"from": [15, 0, 3.5],
			"to": [15.5, 3.5, 4.5],
			"faces": {
				"north": {"uv": [8.25, 12.25, 8, 14], "texture": "#voxels_atlas"},
				"east": {"uv": [4, 9, 3.5, 10.75], "texture": "#voxels_atlas"},
				"south": {"uv": [8, 14, 8.25, 15.75], "texture": "#voxels_atlas"},
				"west": {"uv": [4, 14.25, 4.5, 16], "texture": "#voxels_atlas"},
				"up": {"uv": [11.75, 10.25, 12, 9.75], "texture": "#voxels_atlas"},
				"down": {"uv": [11.75, 10.25, 12, 10.75], "texture": "#voxels_atlas"}
			}
		},
		{
			"name": "Voxels",
			"from": [15, 0, 11.5],
			"to": [15.5, 3.5, 12.5],
			"faces": {
				"north": {"uv": [8, 8.75, 7.75, 10.5], "texture": "#voxels_atlas"},
				"east": {"uv": [4, 10.75, 3.5, 12.5], "texture": "#voxels_atlas"},
				"south": {"uv": [7.75, 10.5, 8, 12.25], "texture": "#voxels_atlas"},
				"west": {"uv": [4, 12.5, 4.5, 14.25], "texture": "#voxels_atlas"},
				"up": {"uv": [11.75, 9.25, 12, 8.75], "texture": "#voxels_atlas"},
				"down": {"uv": [13.75, 11.5, 14, 12], "texture": "#voxels_atlas"}
			}
		},
		{
			"name": "Voxels",
			"from": [15.5, 0, 4.5],
			"to": [16, 2.5, 5],
			"faces": {
				"north": {"uv": [8.5, 12.25, 8.25, 13.5], "texture": "#voxels_atlas"},
				"east": {"uv": [8.5, 8.5, 8.25, 9.75], "texture": "#voxels_atlas"},
				"south": {"uv": [8.25, 11, 8.5, 12.25], "texture": "#voxels_atlas"},
				"west": {"uv": [8.25, 9.75, 8.5, 11], "texture": "#voxels_atlas"},
				"up": {"uv": [15.25, 11.25, 15.5, 11], "texture": "#voxels_atlas"},
				"down": {"uv": [15, 11, 15.25, 11.25], "texture": "#voxels_atlas"}
			}
		},
		{
			"name": "Voxels",
			"from": [15.5, 0, 5],
			"to": [16, 2, 6],
			"faces": {
				"north": {"uv": [11.25, 9.25, 11, 10.25], "texture": "#voxels_atlas"},
				"east": {"uv": [6, 8, 5.5, 9], "texture": "#voxels_atlas"},
				"south": {"uv": [11.25, 11.25, 11.5, 12.25], "texture": "#voxels_atlas"},
				"west": {"uv": [3, 8, 3.5, 9], "texture": "#voxels_atlas"},
				"up": {"uv": [12, 11, 12.25, 10.5], "texture": "#voxels_atlas"},
				"down": {"uv": [12, 11, 12.25, 11.5], "texture": "#voxels_atlas"}
			}
		},
		{
			"name": "Voxels",
			"from": [15.5, 0, 10],
			"to": [16, 2, 11.5],
			"faces": {
				"north": {"uv": [11.5, 10.25, 11.25, 11.25], "texture": "#voxels_atlas"},
				"east": {"uv": [6, 14.25, 5.25, 15.25], "texture": "#voxels_atlas"},
				"south": {"uv": [11.25, 9.25, 11.5, 10.25], "texture": "#voxels_atlas"},
				"west": {"uv": [4.5, 14.25, 5.25, 15.25], "texture": "#voxels_atlas"},
				"up": {"uv": [11.5, 11.5, 11.75, 10.75], "texture": "#voxels_atlas"},
				"down": {"uv": [11.5, 11.5, 11.75, 12.25], "texture": "#voxels_atlas"}
			}
		},
		{
			"name": "Voxels",
			"from": [15.5, 2, 11],
			"to": [16, 2.5, 11.5],
			"faces": {
				"north": {"uv": [14.25, 10.75, 14, 11], "texture": "#voxels_atlas"},
				"east": {"uv": [15, 10.75, 14.75, 11], "texture": "#voxels_atlas"},
				"south": {"uv": [14.25, 10.75, 14.5, 11], "texture": "#voxels_atlas"},
				"west": {"uv": [14.5, 10.75, 14.75, 11], "texture": "#voxels_atlas"},
				"up": {"uv": [13.75, 11, 14, 10.75], "texture": "#voxels_atlas"},
				"down": {"uv": [13.5, 9.75, 13.75, 10], "texture": "#voxels_atlas"}
			}
		},
		{
			"name": "Voxels",
			"from": [16, 0, 6],
			"to": [16.5, 2, 10],
			"faces": {
				"north": {"uv": [13, 12.25, 12.75, 13.25], "texture": "#voxels_atlas"},
				"east": {"uv": [2, 10, 0, 11], "texture": "#voxels_atlas"},
				"south": {"uv": [14, 12.25, 14.25, 13.25], "texture": "#voxels_atlas"},
				"west": {"uv": [0, 8, 2, 9], "texture": "#voxels_atlas"},
				"up": {"uv": [5, 10, 5.25, 8], "texture": "#voxels_atlas"},
				"down": {"uv": [5.25, 8, 5.5, 10], "texture": "#voxels_atlas"}
			}
		},
		{
			"name": "Voxels",
			"from": [16, 2, 6.5],
			"to": [16.5, 2.5, 9.5],
			"faces": {
				"north": {"uv": [13.25, 9.5, 13, 9.75], "texture": "#voxels_atlas"},
				"east": {"uv": [14.5, 15.75, 13, 16], "texture": "#voxels_atlas"},
				"south": {"uv": [13, 9.25, 13.25, 9.5], "texture": "#voxels_atlas"},
				"west": {"uv": [11.25, 15.25, 12.75, 15.5], "texture": "#voxels_atlas"},
				"up": {"uv": [7, 9.5, 7.25, 8], "texture": "#voxels_atlas"},
				"down": {"uv": [7.25, 8, 7.5, 9.5], "texture": "#voxels_atlas"}
			}
		},
		{
			"name": "Voxels",
			"from": [16, 2.5, 7],
			"to": [16.5, 4.5, 9],
			"faces": {
				"north": {"uv": [16, 12.25, 15.75, 13.25], "texture": "#voxels_atlas"},
				"east": {"uv": [3, 11, 2, 12], "texture": "#voxels_atlas"},
				"south": {"uv": [12.75, 13.75, 13, 14.75], "texture": "#voxels_atlas"},
				"west": {"uv": [2, 9, 3, 10], "texture": "#voxels_atlas"},
				"up": {"uv": [15.5, 13.25, 15.75, 12.25], "texture": "#voxels_atlas"},
				"down": {"uv": [14.25, 12.25, 14.5, 13.25], "texture": "#voxels_atlas"}
			}
		},
		{
			"name": "Voxels",
			"from": [16, 3.5, 6],
			"to": [16.5, 4, 7],
			"faces": {
				"north": {"uv": [14.75, 10.5, 14.5, 10.75], "texture": "#voxels_atlas"},
				"east": {"uv": [12.75, 11.25, 12.25, 11.5], "texture": "#voxels_atlas"},
				"south": {"uv": [14.75, 10.5, 15, 10.75], "texture": "#voxels_atlas"},
				"west": {"uv": [15.5, 12, 16, 12.25], "texture": "#voxels_atlas"},
				"up": {"uv": [15.75, 12, 16, 11.5], "texture": "#voxels_atlas"},
				"down": {"uv": [15.5, 11.5, 15.75, 12], "texture": "#voxels_atlas"}
			}
		},
		{
			"name": "Voxels",
			"from": [16, 3.5, 9],
			"to": [16.5, 4.5, 9.5],
			"faces": {
				"north": {"uv": [12.5, 10.75, 12.25, 11.25], "texture": "#voxels_atlas"},
				"east": {"uv": [12.5, 9.25, 12.25, 9.75], "texture": "#voxels_atlas"},
				"south": {"uv": [12.25, 10.25, 12.5, 10.75], "texture": "#voxels_atlas"},
				"west": {"uv": [12.25, 9.75, 12.5, 10.25], "texture": "#voxels_atlas"},
				"up": {"uv": [15.75, 10.75, 16, 10.5], "texture": "#voxels_atlas"},
				"down": {"uv": [15.5, 10.5, 15.75, 10.75], "texture": "#voxels_atlas"}
			}
		},
		{
			"name": "Voxels",
			"from": [16, 3.5, 9.5],
			"to": [16.5, 4, 10],
			"faces": {
				"north": {"uv": [13.5, 8.75, 13.25, 9], "texture": "#voxels_atlas"},
				"east": {"uv": [13.5, 8, 13.25, 8.25], "texture": "#voxels_atlas"},
				"south": {"uv": [13.25, 8.5, 13.5, 8.75], "texture": "#voxels_atlas"},
				"west": {"uv": [13.25, 8.25, 13.5, 8.5], "texture": "#voxels_atlas"},
				"up": {"uv": [13.25, 9.25, 13.5, 9], "texture": "#voxels_atlas"},
				"down": {"uv": [13.25, 9.25, 13.5, 9.5], "texture": "#voxels_atlas"}
			}
		},
		{
			"name": "Voxels",
			"from": [16, 4, 6.5],
			"to": [16.5, 4.5, 7],
			"faces": {
				"north": {"uv": [14.25, 10.25, 14, 10.5], "texture": "#voxels_atlas"},
				"east": {"uv": [15, 10.25, 14.75, 10.5], "texture": "#voxels_atlas"},
				"south": {"uv": [14.25, 10.25, 14.5, 10.5], "texture": "#voxels_atlas"},
				"west": {"uv": [14.5, 10.25, 14.75, 10.5], "texture": "#voxels_atlas"},
				"up": {"uv": [13.75, 10.5, 14, 10.25], "texture": "#voxels_atlas"},
				"down": {"uv": [13.5, 10.25, 13.75, 10.5], "texture": "#voxels_atlas"}
			}
		},
		{
			"name": "Voxels",
			"from": [16, 4.5, 7.5],
			"to": [16.5, 5.5, 8.5],
			"faces": {
				"north": {"uv": [12.75, 10.75, 12.5, 11.25], "texture": "#voxels_atlas"},
				"east": {"uv": [12.25, 13.25, 11.75, 13.75], "texture": "#voxels_atlas"},
				"south": {"uv": [12.5, 10.25, 12.75, 10.75], "texture": "#voxels_atlas"},
				"west": {"uv": [12.25, 13.25, 12.75, 13.75], "texture": "#voxels_atlas"},
				"up": {"uv": [12.25, 8.75, 12.5, 8.25], "texture": "#voxels_atlas"},
				"down": {"uv": [12.25, 8.75, 12.5, 9.25], "texture": "#voxels_atlas"}
			}
		}
	],
	"display": {
		"thirdperson_righthand": {
			"rotation": [-53, 0, -90],
			"translation": [3.4782, -2.086, -2.782],
			"scale": [0.5129, 0.5129, 0.5129]
		},
		"thirdperson_lefthand": {
			"rotation": [-53, 0, -90],
			"translation": [3.4782, -2.086, -2.782],
			"scale": [0.5129, 0.5129, 0.5129]
		},
		"firstperson_righthand": {
			"scale": [0.0001, 0.0001, 0.0001]
		},
		"firstperson_lefthand": {
			"scale": [0.0001, 0.0001, 0.0001]
		},
		"ground": {
			"translation": [0, 2.0869, 0],
			"scale": [0.7217, 0.7217, 0.7217]
		},
		"gui": {
			"rotation": [44, -52, 0],
			"translation": [0, 2.0869, 0],
			"scale": [0.6521, 0.6521, 0.6521]
		},
		"head": {
			"rotation": [10, 7, 0],
			"translation": [0, 13.216, 2.0869]
		}
	}
}