{
	"credit": "Made with Blockbench",
	"textures": {
		"pukfantexture2": "item/charcoal/47"
	},
	"elements": [
		{
			"name": "Box1",
			"from": [-8.05, -0.25, -0.3375],
			"to": [5.45, 1, 1.1625],
			"rotation": {"angle": 45, "axis": "y", "origin": [-8.05, -0.25, -0.3375]},
			"faces": {
				"north": {"uv": [14.5, 5.5, 15, 13], "rotation": 90, "texture": "#pukfantexture2"},
				"east": {"uv": [14.5, 12.5, 15, 13.5], "rotation": 270, "texture": "#pukfantexture2"},
				"south": {"uv": [14.5, 4.5, 15, 11], "rotation": 270, "texture": "#pukfantexture2"},
				"west": {"uv": [14.5, 12.5, 15, 13.5], "rotation": 270, "texture": "#pukfantexture2"},
				"up": {"uv": [14.5, 5, 15, 12], "rotation": 270, "texture": "#pukfantexture2"},
				"down": {"uv": [14.5, 5, 15, 9.5], "rotation": 270, "texture": "#pukfantexture2"}
			}
		},
		{
			"name": "Box1",
			"from": [-6.8427, -0.25, -1.6727],
			"to": [-5.3427, 0.75, 10.3273],
			"rotation": {"angle": 22.5, "axis": "y", "origin": [-5, -0.25, -2.5]},
			"faces": {
				"north": {"uv": [14.5, 12.5, 15, 13.5], "rotation": 270, "texture": "#pukfantexture2"},
				"east": {"uv": [14.5, 12.5, 15, 13.5], "rotation": 270, "texture": "#pukfantexture2"},
				"south": {"uv": [0, 0.5, 2.5, 1.5], "texture": "#pukfantexture2"},
				"west": {"uv": [0, 0, 3, 0.5], "texture": "#pukfantexture2"},
				"up": {"uv": [14.5, 12.5, 15, 13.5], "rotation": 270, "texture": "#pukfantexture2"},
				"down": {"uv": [14.5, 12.5, 15, 13.5], "rotation": 270, "texture": "#pukfantexture2"}
			}
		},
		{
			"name": "fantop",
			"from": [-8, 0, -6],
			"to": [-2, 0.001, 0.5],
			"rotation": {"angle": -22.5, "axis": "y", "origin": [-8, 0, -6]},
			"faces": {
				"north": {"uv": [4.5, 2, 7.5, 3], "rotation": 90, "texture": "#pukfantexture2"},
				"east": {"uv": [4.5, 2, 7.5, 3], "rotation": 90, "texture": "#pukfantexture2"},
				"south": {"uv": [4.5, 2, 7.5, 3], "rotation": 90, "texture": "#pukfantexture2"},
				"west": {"uv": [4.5, 2, 7.5, 3], "rotation": 90, "texture": "#pukfantexture2"},
				"up": {"uv": [1.5, 11.5, 7, 15], "rotation": 90, "texture": "#pukfantexture2"},
				"down": {"uv": [7, 11.5, 1.5, 15], "rotation": 90, "texture": "#pukfantexture2"}
			}
		},
		{
			"name": "fantop",
			"from": [-8, 0.25, -13],
			"to": [13, 0.251, 13],
			"faces": {
				"north": {"uv": [4.5, 2, 7.5, 3], "rotation": 90, "texture": "#pukfantexture2"},
				"east": {"uv": [4.5, 2, 7.5, 3], "rotation": 90, "texture": "#pukfantexture2"},
				"south": {"uv": [4.5, 2, 7.5, 3], "rotation": 90, "texture": "#pukfantexture2"},
				"west": {"uv": [4.5, 2, 7.5, 3], "rotation": 90, "texture": "#pukfantexture2"},
				"up": {"uv": [3, 5, 12, 10.5], "rotation": 90, "texture": "#pukfantexture2"},
				"down": {"uv": [12, 5, 3, 10.5], "rotation": 90, "texture": "#pukfantexture2"}
			}
		}
	],
	"display": {
		"thirdperson_righthand": {
			"rotation": [0, -20, 90],
			"translation": [-10.75, 14.5, 7]
		},
		"thirdperson_lefthand": {
			"rotation": [0, -20, -90],
			"translation": [4, 14.5, 12]
		},
		"firstperson_righthand": {
			"rotation": [-36, 89, 93],
			"translation": [10.782, 11.129, -2.783]
		},
		"firstperson_lefthand": {
			"rotation": [-36, 81, -81],
			"translation": [12.868, 4.8681, -15.3]
		},
		"ground": {
			"rotation": [-8, -8, -20],
			"translation": [0, 18, 0],
			"scale": [4, 4, 4]
		},
		"gui": {
			"rotation": [0, 78, 78],
			"translation": [5, 7, 8],
			"scale": [0.7, 0.7, 0.7]
		},
		"head": {
			"rotation": [180, -90, 90],
			"translation": [-10, -34, 20.173],
			"scale": [2, 2, 2]
		},
		"fixed": {
			"rotation": [0, 90, 90],
			"translation": [5.5, 5.5, 5.25],
			"scale": [0.7, 0.7, 0.7]
		}
	}
}