{
	"credit": "Made with Blockbench",
	"textures": {
		"pukfantexture2": "item/charcoal/48",
		"particle": "item/charcoal/48-2"
	},
	"elements": [
		{
			"name": "Box1",
			"from": [-5.9393, 0, -8.9393],
			"to": [-4.4393, 1, 4.5607],
			"rotation": {"angle": -22.5, "axis": "y", "origin": [-7, 0, 5]},
			"faces": {
				"north": {"uv": [14.5, 12.5, 15, 13.5], "rotation": 270, "texture": "#pukfantexture2"},
				"east": {"uv": [14.5, 4.5, 15, 11], "rotation": 270, "texture": "#pukfantexture2"},
				"south": {"uv": [14.5, 12.5, 15, 13.5], "rotation": 270, "texture": "#pukfantexture2"},
				"west": {"uv": [14.5, 5.5, 15, 13], "rotation": 90, "texture": "#pukfantexture2"},
				"up": {"uv": [14.5, 5, 15, 12], "rotation": 180, "texture": "#pukfantexture2"},
				"down": {"uv": [14.5, 5, 15, 9.5], "texture": "#pukfantexture2"}
			}
		},
		{
			"name": "Box1",
			"from": [-5.7527, 0, 3.9359],
			"to": [-4.2527, 1, 15.9359],
			"faces": {
				"north": {"uv": [14.5, 12.5, 15, 13.5], "rotation": 270, "texture": "#pukfantexture2"},
				"east": {"uv": [14.5, 12.5, 15, 13.5], "rotation": 270, "texture": "#pukfantexture2"},
				"south": {"uv": [0, 0.5, 2.5, 1.5], "texture": "#pukfantexture2"},
				"west": {"uv": [0, 0, 3, 0.5], "texture": "#pukfantexture2"},
				"up": {"uv": [14.5, 12.5, 15, 13.5], "rotation": 270, "texture": "#pukfantexture2"},
				"down": {"uv": [14.5, 12.5, 15, 13.5], "rotation": 270, "texture": "#pukfantexture2"}
			}
		},
		{
			"name": "fantop",
			"from": [-10.174, 0, -1.3792],
			"to": [-0.674, 0.001, 7.6208],
			"rotation": {"angle": 22.5, "axis": "y", "origin": [-2.5, 0, 5.5]},
			"faces": {
				"north": {"uv": [4.5, 2, 7.5, 3], "rotation": 90, "texture": "#particle"},
				"east": {"uv": [4.5, 2, 7.5, 3], "rotation": 90, "texture": "#particle"},
				"south": {"uv": [4.5, 2, 7.5, 3], "rotation": 90, "texture": "#particle"},
				"west": {"uv": [4.5, 2, 7.5, 3], "rotation": 90, "texture": "#particle"},
				"up": {"uv": [1.125, 2, 7.625, 7.90625], "texture": "#particle"},
				"down": {"uv": [1.125, 2, 7.625, 7.90625], "rotation": 270, "texture": "#particle"}
			}
		},
		{
			"name": "fantop",
			"from": [-8, 0, -10.5],
			"to": [13, 0.001, 20.5],
			"faces": {
				"north": {"uv": [4.5, 2, 7.5, 3], "rotation": 90, "texture": "#pukfantexture2"},
				"east": {"uv": [4.5, 2, 7.5, 3], "rotation": 90, "texture": "#pukfantexture2"},
				"south": {"uv": [4.5, 2, 7.5, 3], "rotation": 90, "texture": "#pukfantexture2"},
				"west": {"uv": [4.5, 2, 7.5, 3], "rotation": 90, "texture": "#pukfantexture2"},
				"up": {"uv": [3, 5, 12, 10.5], "rotation": 90, "texture": "#pukfantexture2"},
				"down": {"uv": [12, 5, 3, 10.5], "rotation": 90, "texture": "#pukfantexture2"}
			}
		}
	],
	"display": {
		"thirdperson_righthand": {
			"rotation": [180, -144, -90],
			"translation": [-8.521, 13.215, 0.1738]
		},
		"thirdperson_lefthand": {
			"rotation": [2, -29, -90],
			"translation": [3.9999, 14.608, 9.2173]
		},
		"firstperson_righthand": {
			"rotation": [-36, 89, 93],
			"translation": [10.782, 11.129, -2.783]
		},
		"firstperson_lefthand": {
			"rotation": [-36, 81, -81],
			"translation": [12.868, 4.8681, -15.3]
		},
		"ground": {
			"rotation": [-8, -8, -20],
			"translation": [0, 18, 0],
			"scale": [4, 4, 4]
		},
		"gui": {
			"rotation": [0, -97, 90],
			"translation": [-1.739, 4.1739, 8],
			"scale": [0.5825, -0.034, 0.5825]
		},
		"head": {
			"rotation": [180, -90, 90],
			"translation": [-10, -34, 20.173],
			"scale": [2, 2, 2]
		},
		"fixed": {
			"rotation": [0, 90, 90],
			"translation": [2.4347, 9.3913, 8]
		}
	}
}