{
	"credit": "Made with Blockbench",
	"textures": {
		"1": "item/charcoal/50",
		"2": "item/charcoal/50-1",
		"particle": "item/charcoal/50"
	},
	"elements": [
		{
			"name": "headphones",
			"from": [0.5, 7, 6.75],
			"to": [2.25, 14.75, 7.25],
			"faces": {
				"north": {"uv": [8.96, 0.96, 11.04, 3.04], "texture": "#1"},
				"east": {"uv": [8.96, 0.96, 11.04, 3.04], "texture": "#1"},
				"south": {"uv": [8.96, 0.96, 11.04, 3.04], "texture": "#1"},
				"west": {"uv": [8.96, 0.96, 11.04, 3.04], "texture": "#1"},
				"up": {"uv": [8.96, 0.96, 11.04, 3.04], "texture": "#1"},
				"down": {"uv": [8.96, 0.96, 11.04, 3.04], "texture": "#1"}
			}
		},
		{
			"name": "headphones1",
			"from": [0.5, 7, 7.25],
			"to": [2.25, 7.25, 8],
			"faces": {
				"north": {"uv": [8.96, 0.96, 11.04, 3.04], "texture": "#1"},
				"east": {"uv": [8.96, 0.96, 11.04, 3.04], "texture": "#1"},
				"south": {"uv": [8.96, 0.96, 11.04, 3.04], "texture": "#1"},
				"west": {"uv": [8.96, 0.96, 11.04, 3.04], "texture": "#1"},
				"up": {"uv": [8.96, 0.96, 11.04, 3.04], "texture": "#1"},
				"down": {"uv": [8.96, 0.96, 11.04, 3.04], "texture": "#1"}
			}
		},
		{
			"name": "leds11",
			"from": [0.5, 7.25, 7.25],
			"to": [0.75, 16, 7.5],
			"faces": {
				"north": {"uv": [4.96, 0.96, 7.04, 3.04], "texture": "#2"},
				"east": {"uv": [4.96, 0.96, 7.04, 3.04], "texture": "#2"},
				"south": {"uv": [4.96, 0.96, 7.04, 3.04], "texture": "#2"},
				"west": {"uv": [4.96, 0.96, 7.04, 3.04], "texture": "#2"},
				"up": {"uv": [4.96, 0.96, 7.04, 3.04], "texture": "#2"},
				"down": {"uv": [4.96, 0.96, 7.04, 3.04], "texture": "#2"}
			}
		},
		{
			"name": "headphones2",
			"from": [0.5, 7.25, 7.5],
			"to": [2.25, 15, 8],
			"faces": {
				"north": {"uv": [8.96, 0.96, 11.04, 3.04], "texture": "#1"},
				"east": {"uv": [8.96, 0.96, 11.04, 3.04], "texture": "#1"},
				"south": {"uv": [8.96, 0.96, 11.04, 3.04], "texture": "#1"},
				"west": {"uv": [8.96, 0.96, 11.04, 3.04], "texture": "#1"},
				"up": {"uv": [8.96, 0.96, 11.04, 3.04], "texture": "#1"},
				"down": {"uv": [8.96, 0.96, 11.04, 3.04], "texture": "#1"}
			}
		},
		{
			"name": "headphones3",
			"from": [0.5, 14.75, 6.75],
			"to": [1.5, 16, 7.25],
			"faces": {
				"north": {"uv": [8.96, 0.96, 11.04, 3.04], "texture": "#1"},
				"east": {"uv": [8.96, 0.96, 11.04, 3.04], "texture": "#1"},
				"south": {"uv": [8.96, 0.96, 11.04, 3.04], "texture": "#1"},
				"west": {"uv": [8.96, 0.96, 11.04, 3.04], "texture": "#1"},
				"up": {"uv": [8.96, 0.96, 11.04, 3.04], "texture": "#1"},
				"down": {"uv": [8.96, 0.96, 11.04, 3.04], "texture": "#1"}
			}
		},
		{
			"name": "headphones4",
			"from": [0.5, 15, 7.5],
			"to": [1.75, 16, 8],
			"faces": {
				"north": {"uv": [8.96, 0.96, 11.04, 3.04], "texture": "#1"},
				"east": {"uv": [8.96, 0.96, 11.04, 3.04], "texture": "#1"},
				"south": {"uv": [8.96, 0.96, 11.04, 3.04], "texture": "#1"},
				"west": {"uv": [8.96, 0.96, 11.04, 3.04], "texture": "#1"},
				"up": {"uv": [8.96, 0.96, 11.04, 3.04], "texture": "#1"},
				"down": {"uv": [8.96, 0.96, 11.04, 3.04], "texture": "#1"}
			}
		},
		{
			"name": "headphones5",
			"from": [0.75, 7, 6.5],
			"to": [2.25, 14.75, 6.75],
			"faces": {
				"north": {"uv": [8.96, 0.96, 11.04, 3.04], "texture": "#1"},
				"east": {"uv": [8.96, 0.96, 11.04, 3.04], "texture": "#1"},
				"south": {"uv": [8.96, 0.96, 11.04, 3.04], "texture": "#1"},
				"west": {"uv": [8.96, 0.96, 11.04, 3.04], "texture": "#1"},
				"up": {"uv": [8.96, 0.96, 11.04, 3.04], "texture": "#1"},
				"down": {"uv": [8.96, 0.96, 11.04, 3.04], "texture": "#1"}
			}
		},
		{
			"name": "headphones6",
			"from": [0.75, 7, 8],
			"to": [2.25, 14.75, 8.25],
			"faces": {
				"north": {"uv": [8.96, 0.96, 11.04, 3.04], "texture": "#1"},
				"east": {"uv": [8.96, 0.96, 11.04, 3.04], "texture": "#1"},
				"south": {"uv": [8.96, 0.96, 11.04, 3.04], "texture": "#1"},
				"west": {"uv": [8.96, 0.96, 11.04, 3.04], "texture": "#1"},
				"up": {"uv": [8.96, 0.96, 11.04, 3.04], "texture": "#1"},
				"down": {"uv": [8.96, 0.96, 11.04, 3.04], "texture": "#1"}
			}
		},
		{
			"name": "headphones7",
			"from": [0.75, 7.25, 7.25],
			"to": [2.25, 10, 7.5],
			"faces": {
				"north": {"uv": [8.96, 0.96, 11.04, 3.04], "texture": "#1"},
				"east": {"uv": [8.96, 0.96, 11.04, 3.04], "texture": "#1"},
				"south": {"uv": [8.96, 0.96, 11.04, 3.04], "texture": "#1"},
				"west": {"uv": [8.96, 0.96, 11.04, 3.04], "texture": "#1"},
				"up": {"uv": [8.96, 0.96, 11.04, 3.04], "texture": "#1"},
				"down": {"uv": [8.96, 0.96, 11.04, 3.04], "texture": "#1"}
			}
		},
		{
			"name": "headphones8",
			"from": [0.75, 10, 7.25],
			"to": [2, 15, 7.5],
			"faces": {
				"north": {"uv": [8.96, 0.96, 11.04, 3.04], "texture": "#1"},
				"east": {"uv": [8.96, 0.96, 11.04, 3.04], "texture": "#1"},
				"south": {"uv": [8.96, 0.96, 11.04, 3.04], "texture": "#1"},
				"west": {"uv": [8.96, 0.96, 11.04, 3.04], "texture": "#1"},
				"up": {"uv": [8.96, 0.96, 11.04, 3.04], "texture": "#1"},
				"down": {"uv": [8.96, 0.96, 11.04, 3.04], "texture": "#1"}
			}
		},
		{
			"name": "headphones9",
			"from": [0.75, 14.75, 6.5],
			"to": [1.5, 15.5, 6.75],
			"faces": {
				"north": {"uv": [8.96, 0.96, 11.04, 3.04], "texture": "#1"},
				"east": {"uv": [8.96, 0.96, 11.04, 3.04], "texture": "#1"},
				"south": {"uv": [8.96, 0.96, 11.04, 3.04], "texture": "#1"},
				"west": {"uv": [8.96, 0.96, 11.04, 3.04], "texture": "#1"},
				"up": {"uv": [8.96, 0.96, 11.04, 3.04], "texture": "#1"},
				"down": {"uv": [8.96, 0.96, 11.04, 3.04], "texture": "#1"}
			}
		},
		{
			"name": "headphones10",
			"from": [0.75, 14.75, 8],
			"to": [1.25, 15.5, 8.25],
			"faces": {
				"north": {"uv": [8.96, 0.96, 11.04, 3.04], "texture": "#1"},
				"east": {"uv": [8.96, 0.96, 11.04, 3.04], "texture": "#1"},
				"south": {"uv": [8.96, 0.96, 11.04, 3.04], "texture": "#1"},
				"west": {"uv": [8.96, 0.96, 11.04, 3.04], "texture": "#1"},
				"up": {"uv": [8.96, 0.96, 11.04, 3.04], "texture": "#1"},
				"down": {"uv": [8.96, 0.96, 11.04, 3.04], "texture": "#1"}
			}
		},
		{
			"name": "headphones11",
			"from": [0.75, 15, 7.25],
			"to": [1.75, 15.75, 7.5],
			"faces": {
				"north": {"uv": [8.96, 0.96, 11.04, 3.04], "texture": "#1"},
				"east": {"uv": [8.96, 0.96, 11.04, 3.04], "texture": "#1"},
				"south": {"uv": [8.96, 0.96, 11.04, 3.04], "texture": "#1"},
				"west": {"uv": [8.96, 0.96, 11.04, 3.04], "texture": "#1"},
				"up": {"uv": [8.96, 0.96, 11.04, 3.04], "texture": "#1"},
				"down": {"uv": [8.96, 0.96, 11.04, 3.04], "texture": "#1"}
			}
		},
		{
			"name": "leds12",
			"from": [0.75, 15.75, 7.25],
			"to": [15, 16, 7.5],
			"faces": {
				"north": {"uv": [4.96, 0.96, 7.04, 3.04], "texture": "#2"},
				"east": {"uv": [4.96, 0.96, 7.04, 3.04], "texture": "#2"},
				"south": {"uv": [4.96, 0.96, 7.04, 3.04], "texture": "#2"},
				"west": {"uv": [4.96, 0.96, 7.04, 3.04], "texture": "#2"},
				"up": {"uv": [4.96, 0.96, 7.04, 3.04], "texture": "#2"},
				"down": {"uv": [4.96, 0.96, 7.04, 3.04], "texture": "#2"}
			}
		},
		{
			"name": "headphones40",
			"from": [2, 9.5, 8.5],
			"to": [2.25, 9.75, 9.75],
			"faces": {
				"north": {"uv": [8.96, 0.96, 11.04, 3.04], "texture": "#1"},
				"east": {"uv": [8.96, 0.96, 11.04, 3.04], "texture": "#1"},
				"south": {"uv": [8.96, 0.96, 11.04, 3.04], "texture": "#1"},
				"west": {"uv": [8.96, 0.96, 11.04, 3.04], "texture": "#1"},
				"up": {"uv": [8.96, 0.96, 11.04, 3.04], "texture": "#1"},
				"down": {"uv": [8.96, 0.96, 11.04, 3.04], "texture": "#1"}
			}
		},
		{
			"name": "headphones13",
			"from": [1, 7, 8.25],
			"to": [2.25, 15.5, 8.5],
			"faces": {
				"north": {"uv": [8.96, 0.96, 11.04, 3.04], "texture": "#1"},
				"east": {"uv": [8.96, 0.96, 11.04, 3.04], "texture": "#1"},
				"south": {"uv": [8.96, 0.96, 11.04, 3.04], "texture": "#1"},
				"west": {"uv": [8.96, 0.96, 11.04, 3.04], "texture": "#1"},
				"up": {"uv": [8.96, 0.96, 11.04, 3.04], "texture": "#1"},
				"down": {"uv": [8.96, 0.96, 11.04, 3.04], "texture": "#1"}
			}
		},
		{
			"name": "headphones14",
			"from": [1, 9.75, 6.25],
			"to": [2, 15.5, 6.5],
			"faces": {
				"north": {"uv": [8.96, 0.96, 11.04, 3.04], "texture": "#1"},
				"east": {"uv": [8.96, 0.96, 11.04, 3.04], "texture": "#1"},
				"south": {"uv": [8.96, 0.96, 11.04, 3.04], "texture": "#1"},
				"west": {"uv": [8.96, 0.96, 11.04, 3.04], "texture": "#1"},
				"up": {"uv": [8.96, 0.96, 11.04, 3.04], "texture": "#1"},
				"down": {"uv": [8.96, 0.96, 11.04, 3.04], "texture": "#1"}
			}
		},
		{
			"name": "headphones15",
			"from": [1.25, 6.25, 6],
			"to": [2.25, 8.25, 6.25],
			"faces": {
				"north": {"uv": [8.96, 0.96, 11.04, 3.04], "texture": "#1"},
				"east": {"uv": [8.96, 0.96, 11.04, 3.04], "texture": "#1"},
				"south": {"uv": [8.96, 0.96, 11.04, 3.04], "texture": "#1"},
				"west": {"uv": [8.96, 0.96, 11.04, 3.04], "texture": "#1"},
				"up": {"uv": [8.96, 0.96, 11.04, 3.04], "texture": "#1"},
				"down": {"uv": [8.96, 0.96, 11.04, 3.04], "texture": "#1"}
			}
		},
		{
			"name": "headphones16",
			"from": [1.25, 6.25, 6.25],
			"to": [2.25, 7, 8.75],
			"faces": {
				"north": {"uv": [8.96, 0.96, 11.04, 3.04], "texture": "#1"},
				"east": {"uv": [8.96, 0.96, 11.04, 3.04], "texture": "#1"},
				"south": {"uv": [8.96, 0.96, 11.04, 3.04], "texture": "#1"},
				"west": {"uv": [8.96, 0.96, 11.04, 3.04], "texture": "#1"},
				"up": {"uv": [8.96, 0.96, 11.04, 3.04], "texture": "#1"},
				"down": {"uv": [8.96, 0.96, 11.04, 3.04], "texture": "#1"}
			}
		},
		{
			"name": "headphones17",
			"from": [1.25, 7, 8.5],
			"to": [2.25, 8.25, 8.75],
			"faces": {
				"north": {"uv": [8.96, 0.96, 11.04, 3.04], "texture": "#1"},
				"east": {"uv": [8.96, 0.96, 11.04, 3.04], "texture": "#1"},
				"south": {"uv": [8.96, 0.96, 11.04, 3.04], "texture": "#1"},
				"west": {"uv": [8.96, 0.96, 11.04, 3.04], "texture": "#1"},
				"up": {"uv": [8.96, 0.96, 11.04, 3.04], "texture": "#1"},
				"down": {"uv": [8.96, 0.96, 11.04, 3.04], "texture": "#1"}
			}
		},
		{
			"name": "headphones18",
			"from": [1.25, 15.25, 8],
			"to": [14.75, 15.5, 8.25],
			"faces": {
				"north": {"uv": [8.96, 0.96, 11.04, 3.04], "texture": "#1"},
				"east": {"uv": [8.96, 0.96, 11.04, 3.04], "texture": "#1"},
				"south": {"uv": [8.96, 0.96, 11.04, 3.04], "texture": "#1"},
				"west": {"uv": [8.96, 0.96, 11.04, 3.04], "texture": "#1"},
				"up": {"uv": [8.96, 0.96, 11.04, 3.04], "texture": "#1"},
				"down": {"uv": [8.96, 0.96, 11.04, 3.04], "texture": "#1"}
			}
		},
		{
			"name": "headphones19",
			"from": [1.5, 6, 5.75],
			"to": [2.25, 8.25, 6],
			"faces": {
				"north": {"uv": [8.96, 0.96, 11.04, 3.04], "texture": "#1"},
				"east": {"uv": [8.96, 0.96, 11.04, 3.04], "texture": "#1"},
				"south": {"uv": [8.96, 0.96, 11.04, 3.04], "texture": "#1"},
				"west": {"uv": [8.96, 0.96, 11.04, 3.04], "texture": "#1"},
				"up": {"uv": [8.96, 0.96, 11.04, 3.04], "texture": "#1"},
				"down": {"uv": [8.96, 0.96, 11.04, 3.04], "texture": "#1"}
			}
		},
		{
			"name": "headphones20",
			"from": [1.5, 6, 6],
			"to": [2.25, 6.25, 9],
			"faces": {
				"north": {"uv": [8.96, 0.96, 11.04, 3.04], "texture": "#1"},
				"east": {"uv": [8.96, 0.96, 11.04, 3.04], "texture": "#1"},
				"south": {"uv": [8.96, 0.96, 11.04, 3.04], "texture": "#1"},
				"west": {"uv": [8.96, 0.96, 11.04, 3.04], "texture": "#1"},
				"up": {"uv": [8.96, 0.96, 11.04, 3.04], "texture": "#1"},
				"down": {"uv": [8.96, 0.96, 11.04, 3.04], "texture": "#1"}
			}
		},
		{
			"name": "headphones21",
			"from": [1.5, 6.25, 8.75],
			"to": [2.25, 8.25, 9],
			"faces": {
				"north": {"uv": [8.96, 0.96, 11.04, 3.04], "texture": "#1"},
				"east": {"uv": [8.96, 0.96, 11.04, 3.04], "texture": "#1"},
				"south": {"uv": [8.96, 0.96, 11.04, 3.04], "texture": "#1"},
				"west": {"uv": [8.96, 0.96, 11.04, 3.04], "texture": "#1"},
				"up": {"uv": [8.96, 0.96, 11.04, 3.04], "texture": "#1"},
				"down": {"uv": [8.96, 0.96, 11.04, 3.04], "texture": "#1"}
			}
		},
		{
			"name": "headphones22",
			"from": [1.5, 14.75, 7],
			"to": [15, 15, 7.25],
			"faces": {
				"north": {"uv": [8.96, 0.96, 11.04, 3.04], "texture": "#1"},
				"east": {"uv": [8.96, 0.96, 11.04, 3.04], "texture": "#1"},
				"south": {"uv": [8.96, 0.96, 11.04, 3.04], "texture": "#1"},
				"west": {"uv": [8.96, 0.96, 11.04, 3.04], "texture": "#1"},
				"up": {"uv": [8.96, 0.96, 11.04, 3.04], "texture": "#1"},
				"down": {"uv": [8.96, 0.96, 11.04, 3.04], "texture": "#1"}
			}
		},
		{
			"name": "headphones23",
			"from": [1.5, 15, 6.75],
			"to": [15, 16, 7],
			"faces": {
				"north": {"uv": [8.96, 0.96, 11.04, 3.04], "texture": "#1"},
				"east": {"uv": [8.96, 0.96, 11.04, 3.04], "texture": "#1"},
				"south": {"uv": [8.96, 0.96, 11.04, 3.04], "texture": "#1"},
				"west": {"uv": [8.96, 0.96, 11.04, 3.04], "texture": "#1"},
				"up": {"uv": [8.96, 0.96, 11.04, 3.04], "texture": "#1"},
				"down": {"uv": [8.96, 0.96, 11.04, 3.04], "texture": "#1"}
			}
		},
		{
			"name": "headphones24",
			"from": [1.5, 15, 7],
			"to": [1.75, 16, 7.25],
			"faces": {
				"north": {"uv": [8.96, 0.96, 11.04, 3.04], "texture": "#1"},
				"east": {"uv": [8.96, 0.96, 11.04, 3.04], "texture": "#1"},
				"south": {"uv": [8.96, 0.96, 11.04, 3.04], "texture": "#1"},
				"west": {"uv": [8.96, 0.96, 11.04, 3.04], "texture": "#1"},
				"up": {"uv": [8.96, 0.96, 11.04, 3.04], "texture": "#1"},
				"down": {"uv": [8.96, 0.96, 11.04, 3.04], "texture": "#1"}
			}
		},
		{
			"name": "headphones25",
			"from": [1.5, 15.25, 6.5],
			"to": [14.75, 15.5, 6.75],
			"faces": {
				"north": {"uv": [8.96, 0.96, 11.04, 3.04], "texture": "#1"},
				"east": {"uv": [8.96, 0.96, 11.04, 3.04], "texture": "#1"},
				"south": {"uv": [8.96, 0.96, 11.04, 3.04], "texture": "#1"},
				"west": {"uv": [8.96, 0.96, 11.04, 3.04], "texture": "#1"},
				"up": {"uv": [8.96, 0.96, 11.04, 3.04], "texture": "#1"},
				"down": {"uv": [8.96, 0.96, 11.04, 3.04], "texture": "#1"}
			}
		},
		{
			"name": "headphones26",
			"from": [1.75, 4.5, 5],
			"to": [2.25, 9.5, 5.75],
			"faces": {
				"north": {"uv": [8.96, 0.96, 11.04, 3.04], "texture": "#1"},
				"east": {"uv": [8.96, 0.96, 11.04, 3.04], "texture": "#1"},
				"south": {"uv": [8.96, 0.96, 11.04, 3.04], "texture": "#1"},
				"west": {"uv": [8.96, 0.96, 11.04, 3.04], "texture": "#1"},
				"up": {"uv": [8.96, 0.96, 11.04, 3.04], "texture": "#1"},
				"down": {"uv": [8.96, 0.96, 11.04, 3.04], "texture": "#1"}
			}
		},
		{
			"name": "headphones27",
			"from": [1.75, 4.5, 5.75],
			"to": [2.25, 6, 9.75],
			"faces": {
				"north": {"uv": [8.96, 0.96, 11.04, 3.04], "texture": "#1"},
				"east": {"uv": [8.96, 0.96, 11.04, 3.04], "texture": "#1"},
				"south": {"uv": [8.96, 0.96, 11.04, 3.04], "texture": "#1"},
				"west": {"uv": [8.96, 0.96, 11.04, 3.04], "texture": "#1"},
				"up": {"uv": [8.96, 0.96, 11.04, 3.04], "texture": "#1"},
				"down": {"uv": [8.96, 0.96, 11.04, 3.04], "texture": "#1"}
			}
		},
		{
			"name": "headphones28",
			"from": [1.75, 6, 9],
			"to": [2.25, 9.5, 9.75],
			"faces": {
				"north": {"uv": [8.96, 0.96, 11.04, 3.04], "texture": "#1"},
				"east": {"uv": [8.96, 0.96, 11.04, 3.04], "texture": "#1"},
				"south": {"uv": [8.96, 0.96, 11.04, 3.04], "texture": "#1"},
				"west": {"uv": [8.96, 0.96, 11.04, 3.04], "texture": "#1"},
				"up": {"uv": [8.96, 0.96, 11.04, 3.04], "texture": "#1"},
				"down": {"uv": [8.96, 0.96, 11.04, 3.04], "texture": "#1"}
			}
		},
		{
			"name": "headphones29",
			"from": [1.75, 8.25, 5.75],
			"to": [2.25, 9.5, 6.25],
			"faces": {
				"north": {"uv": [8.96, 0.96, 11.04, 3.04], "texture": "#1"},
				"east": {"uv": [8.96, 0.96, 11.04, 3.04], "texture": "#1"},
				"south": {"uv": [8.96, 0.96, 11.04, 3.04], "texture": "#1"},
				"west": {"uv": [8.96, 0.96, 11.04, 3.04], "texture": "#1"},
				"up": {"uv": [8.96, 0.96, 11.04, 3.04], "texture": "#1"},
				"down": {"uv": [8.96, 0.96, 11.04, 3.04], "texture": "#1"}
			}
		},
		{
			"name": "headphones30",
			"from": [1.75, 8.25, 8.5],
			"to": [2.25, 9.5, 9],
			"faces": {
				"north": {"uv": [8.96, 0.96, 11.04, 3.04], "texture": "#1"},
				"east": {"uv": [8.96, 0.96, 11.04, 3.04], "texture": "#1"},
				"south": {"uv": [8.96, 0.96, 11.04, 3.04], "texture": "#1"},
				"west": {"uv": [8.96, 0.96, 11.04, 3.04], "texture": "#1"},
				"up": {"uv": [8.96, 0.96, 11.04, 3.04], "texture": "#1"},
				"down": {"uv": [8.96, 0.96, 11.04, 3.04], "texture": "#1"}
			}
		},
		{
			"name": "headphones31",
			"from": [1.75, 15, 7.75],
			"to": [15, 16, 8],
			"faces": {
				"north": {"uv": [8.96, 0.96, 11.04, 3.04], "texture": "#1"},
				"east": {"uv": [8.96, 0.96, 11.04, 3.04], "texture": "#1"},
				"south": {"uv": [8.96, 0.96, 11.04, 3.04], "texture": "#1"},
				"west": {"uv": [8.96, 0.96, 11.04, 3.04], "texture": "#1"},
				"up": {"uv": [8.96, 0.96, 11.04, 3.04], "texture": "#1"},
				"down": {"uv": [8.96, 0.96, 11.04, 3.04], "texture": "#1"}
			}
		},
		{
			"name": "headphones32",
			"from": [1.75, 15.25, 7],
			"to": [15, 15.5, 7.25],
			"faces": {
				"north": {"uv": [8.96, 0.96, 11.04, 3.04], "texture": "#1"},
				"east": {"uv": [8.96, 0.96, 11.04, 3.04], "texture": "#1"},
				"south": {"uv": [8.96, 0.96, 11.04, 3.04], "texture": "#1"},
				"west": {"uv": [8.96, 0.96, 11.04, 3.04], "texture": "#1"},
				"up": {"uv": [8.96, 0.96, 11.04, 3.04], "texture": "#1"},
				"down": {"uv": [8.96, 0.96, 11.04, 3.04], "texture": "#1"}
			}
		},
		{
			"name": "headphones33",
			"from": [1.75, 15.25, 7.25],
			"to": [14.75, 15.5, 7.75],
			"faces": {
				"north": {"uv": [8.96, 0.96, 11.04, 3.04], "texture": "#1"},
				"east": {"uv": [8.96, 0.96, 11.04, 3.04], "texture": "#1"},
				"south": {"uv": [8.96, 0.96, 11.04, 3.04], "texture": "#1"},
				"west": {"uv": [8.96, 0.96, 11.04, 3.04], "texture": "#1"},
				"up": {"uv": [8.96, 0.96, 11.04, 3.04], "texture": "#1"},
				"down": {"uv": [8.96, 0.96, 11.04, 3.04], "texture": "#1"}
			}
		},
		{
			"name": "headphones34",
			"from": [1.75, 15.75, 7],
			"to": [15, 16, 7.25],
			"faces": {
				"north": {"uv": [8.96, 0.96, 11.04, 3.04], "texture": "#1"},
				"east": {"uv": [8.96, 0.96, 11.04, 3.04], "texture": "#1"},
				"south": {"uv": [8.96, 0.96, 11.04, 3.04], "texture": "#1"},
				"west": {"uv": [8.96, 0.96, 11.04, 3.04], "texture": "#1"},
				"up": {"uv": [8.96, 0.96, 11.04, 3.04], "texture": "#1"},
				"down": {"uv": [8.96, 0.96, 11.04, 3.04], "texture": "#1"}
			}
		},
		{
			"name": "headphones35",
			"from": [1.75, 15.75, 7.5],
			"to": [15, 16, 7.75],
			"faces": {
				"north": {"uv": [8.96, 0.96, 11.04, 3.04], "texture": "#1"},
				"east": {"uv": [8.96, 0.96, 11.04, 3.04], "texture": "#1"},
				"south": {"uv": [8.96, 0.96, 11.04, 3.04], "texture": "#1"},
				"west": {"uv": [8.96, 0.96, 11.04, 3.04], "texture": "#1"},
				"up": {"uv": [8.96, 0.96, 11.04, 3.04], "texture": "#1"},
				"down": {"uv": [8.96, 0.96, 11.04, 3.04], "texture": "#1"}
			}
		},
		{
			"name": "headphones36",
			"from": [2, 4.25, 4.75],
			"to": [2.25, 9.75, 5],
			"faces": {
				"north": {"uv": [8.96, 0.96, 11.04, 3.04], "texture": "#1"},
				"east": {"uv": [8.96, 0.96, 11.04, 3.04], "texture": "#1"},
				"south": {"uv": [8.96, 0.96, 11.04, 3.04], "texture": "#1"},
				"west": {"uv": [8.96, 0.96, 11.04, 3.04], "texture": "#1"},
				"up": {"uv": [8.96, 0.96, 11.04, 3.04], "texture": "#1"},
				"down": {"uv": [8.96, 0.96, 11.04, 3.04], "texture": "#1"}
			}
		},
		{
			"name": "headphones37",
			"from": [2, 4.25, 5],
			"to": [2.25, 4.5, 10],
			"faces": {
				"north": {"uv": [8.96, 0.96, 11.04, 3.04], "texture": "#1"},
				"east": {"uv": [8.96, 0.96, 11.04, 3.04], "texture": "#1"},
				"south": {"uv": [8.96, 0.96, 11.04, 3.04], "texture": "#1"},
				"west": {"uv": [8.96, 0.96, 11.04, 3.04], "texture": "#1"},
				"up": {"uv": [8.96, 0.96, 11.04, 3.04], "texture": "#1"},
				"down": {"uv": [8.96, 0.96, 11.04, 3.04], "texture": "#1"}
			}
		},
		{
			"name": "headphones38",
			"from": [2, 4.5, 9.75],
			"to": [2.25, 9.75, 10],
			"faces": {
				"north": {"uv": [8.96, 0.96, 11.04, 3.04], "texture": "#1"},
				"east": {"uv": [8.96, 0.96, 11.04, 3.04], "texture": "#1"},
				"south": {"uv": [8.96, 0.96, 11.04, 3.04], "texture": "#1"},
				"west": {"uv": [8.96, 0.96, 11.04, 3.04], "texture": "#1"},
				"up": {"uv": [8.96, 0.96, 11.04, 3.04], "texture": "#1"},
				"down": {"uv": [8.96, 0.96, 11.04, 3.04], "texture": "#1"}
			}
		},
		{
			"name": "headphones39",
			"from": [2, 9.5, 5],
			"to": [2.25, 9.75, 6.25],
			"faces": {
				"north": {"uv": [8.96, 0.96, 11.04, 3.04], "texture": "#1"},
				"east": {"uv": [8.96, 0.96, 11.04, 3.04], "texture": "#1"},
				"south": {"uv": [8.96, 0.96, 11.04, 3.04], "texture": "#1"},
				"west": {"uv": [8.96, 0.96, 11.04, 3.04], "texture": "#1"},
				"up": {"uv": [8.96, 0.96, 11.04, 3.04], "texture": "#1"},
				"down": {"uv": [8.96, 0.96, 11.04, 3.04], "texture": "#1"}
			}
		},
		{
			"name": "headphones12",
			"from": [1, 7, 6.25],
			"to": [2.25, 9.75, 6.5],
			"faces": {
				"north": {"uv": [8.96, 0.96, 11.04, 3.04], "texture": "#1"},
				"east": {"uv": [8.96, 0.96, 11.04, 3.04], "texture": "#1"},
				"south": {"uv": [8.96, 0.96, 11.04, 3.04], "texture": "#1"},
				"west": {"uv": [8.96, 0.96, 11.04, 3.04], "texture": "#1"},
				"up": {"uv": [8.96, 0.96, 11.04, 3.04], "texture": "#1"},
				"down": {"uv": [8.96, 0.96, 11.04, 3.04], "texture": "#1"}
			}
		},
		{
			"name": "leds2",
			"from": [2, 10, 7.25],
			"to": [2.25, 14.25, 7.5],
			"faces": {
				"north": {"uv": [4.96, 0.96, 7.04, 3.04], "texture": "#2"},
				"east": {"uv": [4.96, 0.96, 7.04, 3.04], "texture": "#2"},
				"south": {"uv": [4.96, 0.96, 7.04, 3.04], "texture": "#2"},
				"west": {"uv": [4.96, 0.96, 7.04, 3.04], "texture": "#2"},
				"up": {"uv": [4.96, 0.96, 7.04, 3.04], "texture": "#2"},
				"down": {"uv": [4.96, 0.96, 7.04, 3.04], "texture": "#2"}
			}
		},
		{
			"name": "headphones41",
			"from": [2, 14.25, 7.25],
			"to": [2.25, 15, 7.5],
			"faces": {
				"north": {"uv": [8.96, 0.96, 11.04, 3.04], "texture": "#1"},
				"east": {"uv": [8.96, 0.96, 11.04, 3.04], "texture": "#1"},
				"south": {"uv": [8.96, 0.96, 11.04, 3.04], "texture": "#1"},
				"west": {"uv": [8.96, 0.96, 11.04, 3.04], "texture": "#1"},
				"up": {"uv": [8.96, 0.96, 11.04, 3.04], "texture": "#1"},
				"down": {"uv": [8.96, 0.96, 11.04, 3.04], "texture": "#1"}
			}
		},
		{
			"name": "headphones42",
			"from": [2, 14.5, 6.25],
			"to": [14.5, 15.5, 6.5],
			"faces": {
				"north": {"uv": [8.96, 0.96, 11.04, 3.04], "texture": "#1"},
				"east": {"uv": [8.96, 0.96, 11.04, 3.04], "texture": "#1"},
				"south": {"uv": [8.96, 0.96, 11.04, 3.04], "texture": "#1"},
				"west": {"uv": [8.96, 0.96, 11.04, 3.04], "texture": "#1"},
				"up": {"uv": [8.96, 0.96, 11.04, 3.04], "texture": "#1"},
				"down": {"uv": [8.96, 0.96, 11.04, 3.04], "texture": "#1"}
			}
		},
		{
			"name": "headphones43",
			"from": [2.25, 4, 4.5],
			"to": [3.25, 10, 4.75],
			"faces": {
				"north": {"uv": [8.96, 0.96, 11.04, 3.04], "texture": "#1"},
				"east": {"uv": [8.96, 0.96, 11.04, 3.04], "texture": "#1"},
				"south": {"uv": [8.96, 0.96, 11.04, 3.04], "texture": "#1"},
				"west": {"uv": [8.96, 0.96, 11.04, 3.04], "texture": "#1"},
				"up": {"uv": [8.96, 0.96, 11.04, 3.04], "texture": "#1"},
				"down": {"uv": [8.96, 0.96, 11.04, 3.04], "texture": "#1"}
			}
		},
		{
			"name": "headphones44",
			"from": [2.25, 4, 4.75],
			"to": [3.25, 4.25, 10.25],
			"faces": {
				"north": {"uv": [8.96, 0.96, 11.04, 3.04], "texture": "#1"},
				"east": {"uv": [8.96, 0.96, 11.04, 3.04], "texture": "#1"},
				"south": {"uv": [8.96, 0.96, 11.04, 3.04], "texture": "#1"},
				"west": {"uv": [8.96, 0.96, 11.04, 3.04], "texture": "#1"},
				"up": {"uv": [8.96, 0.96, 11.04, 3.04], "texture": "#1"},
				"down": {"uv": [8.96, 0.96, 11.04, 3.04], "texture": "#1"}
			}
		},
		{
			"name": "headphones45",
			"from": [2.25, 4.25, 4.75],
			"to": [2.5, 9.75, 10],
			"faces": {
				"north": {"uv": [12.96, 0.96, 15.04, 3.04], "texture": "#1"},
				"east": {"uv": [12.96, 0.96, 15.04, 3.04], "texture": "#1"},
				"south": {"uv": [12.96, 0.96, 15.04, 3.04], "texture": "#1"},
				"west": {"uv": [12.96, 0.96, 15.04, 3.04], "texture": "#1"},
				"up": {"uv": [12.96, 0.96, 15.04, 3.04], "texture": "#1"},
				"down": {"uv": [12.96, 0.96, 15.04, 3.04], "texture": "#1"}
			}
		},
		{
			"name": "headphones46",
			"from": [2.25, 4.25, 10],
			"to": [3.25, 10, 10.25],
			"faces": {
				"north": {"uv": [8.96, 0.96, 11.04, 3.04], "texture": "#1"},
				"east": {"uv": [8.96, 0.96, 11.04, 3.04], "texture": "#1"},
				"south": {"uv": [8.96, 0.96, 11.04, 3.04], "texture": "#1"},
				"west": {"uv": [8.96, 0.96, 11.04, 3.04], "texture": "#1"},
				"up": {"uv": [8.96, 0.96, 11.04, 3.04], "texture": "#1"},
				"down": {"uv": [8.96, 0.96, 11.04, 3.04], "texture": "#1"}
			}
		},
		{
			"name": "headphones47",
			"from": [2.25, 9.75, 4.75],
			"to": [3.25, 10, 10],
			"faces": {
				"north": {"uv": [8.96, 0.96, 11.04, 3.04], "texture": "#1"},
				"east": {"uv": [8.96, 0.96, 11.04, 3.04], "texture": "#1"},
				"south": {"uv": [8.96, 0.96, 11.04, 3.04], "texture": "#1"},
				"west": {"uv": [8.96, 0.96, 11.04, 3.04], "texture": "#1"},
				"up": {"uv": [8.96, 0.96, 11.04, 3.04], "texture": "#1"},
				"down": {"uv": [8.96, 0.96, 11.04, 3.04], "texture": "#1"}
			}
		},
		{
			"name": "headphones48",
			"from": [2.25, 14.25, 6.5],
			"to": [14.75, 14.5, 7.25],
			"faces": {
				"north": {"uv": [8.96, 0.96, 11.04, 3.04], "texture": "#1"},
				"east": {"uv": [8.96, 0.96, 11.04, 3.04], "texture": "#1"},
				"south": {"uv": [8.96, 0.96, 11.04, 3.04], "texture": "#1"},
				"west": {"uv": [8.96, 0.96, 11.04, 3.04], "texture": "#1"},
				"up": {"uv": [8.96, 0.96, 11.04, 3.04], "texture": "#1"},
				"down": {"uv": [8.96, 0.96, 11.04, 3.04], "texture": "#1"}
			}
		},
		{
			"name": "leds1",
			"from": [2.25, 14.25, 7.25],
			"to": [13.25, 14.5, 7.5],
			"faces": {
				"north": {"uv": [4.96, 0.96, 7.04, 3.04], "texture": "#2"},
				"east": {"uv": [4.96, 0.96, 7.04, 3.04], "texture": "#2"},
				"south": {"uv": [4.96, 0.96, 7.04, 3.04], "texture": "#2"},
				"west": {"uv": [4.96, 0.96, 7.04, 3.04], "texture": "#2"},
				"up": {"uv": [4.96, 0.96, 7.04, 3.04], "texture": "#2"},
				"down": {"uv": [4.96, 0.96, 7.04, 3.04], "texture": "#2"}
			}
		},
		{
			"name": "headphones49",
			"from": [2.25, 14.25, 7.5],
			"to": [15, 14.5, 8],
			"faces": {
				"north": {"uv": [8.96, 0.96, 11.04, 3.04], "texture": "#1"},
				"east": {"uv": [8.96, 0.96, 11.04, 3.04], "texture": "#1"},
				"south": {"uv": [8.96, 0.96, 11.04, 3.04], "texture": "#1"},
				"west": {"uv": [8.96, 0.96, 11.04, 3.04], "texture": "#1"},
				"up": {"uv": [8.96, 0.96, 11.04, 3.04], "texture": "#1"},
				"down": {"uv": [8.96, 0.96, 11.04, 3.04], "texture": "#1"}
			}
		},
		{
			"name": "headphones50",
			"from": [2.25, 14.25, 8],
			"to": [14.75, 14.5, 8.25],
			"faces": {
				"north": {"uv": [8.96, 0.96, 11.04, 3.04], "texture": "#1"},
				"east": {"uv": [8.96, 0.96, 11.04, 3.04], "texture": "#1"},
				"south": {"uv": [8.96, 0.96, 11.04, 3.04], "texture": "#1"},
				"west": {"uv": [8.96, 0.96, 11.04, 3.04], "texture": "#1"},
				"up": {"uv": [8.96, 0.96, 11.04, 3.04], "texture": "#1"},
				"down": {"uv": [8.96, 0.96, 11.04, 3.04], "texture": "#1"}
			}
		},
		{
			"name": "headphones51",
			"from": [2.25, 14.25, 8.25],
			"to": [14.5, 15.5, 8.5],
			"faces": {
				"north": {"uv": [8.96, 0.96, 11.04, 3.04], "texture": "#1"},
				"east": {"uv": [8.96, 0.96, 11.04, 3.04], "texture": "#1"},
				"south": {"uv": [8.96, 0.96, 11.04, 3.04], "texture": "#1"},
				"west": {"uv": [8.96, 0.96, 11.04, 3.04], "texture": "#1"},
				"up": {"uv": [8.96, 0.96, 11.04, 3.04], "texture": "#1"},
				"down": {"uv": [8.96, 0.96, 11.04, 3.04], "texture": "#1"}
			}
		},
		{
			"name": "headphones52",
			"from": [2.25, 14.75, 7.25],
			"to": [14.75, 15, 8],
			"faces": {
				"north": {"uv": [8.96, 0.96, 11.04, 3.04], "texture": "#1"},
				"east": {"uv": [8.96, 0.96, 11.04, 3.04], "texture": "#1"},
				"south": {"uv": [8.96, 0.96, 11.04, 3.04], "texture": "#1"},
				"west": {"uv": [8.96, 0.96, 11.04, 3.04], "texture": "#1"},
				"up": {"uv": [8.96, 0.96, 11.04, 3.04], "texture": "#1"},
				"down": {"uv": [8.96, 0.96, 11.04, 3.04], "texture": "#1"}
			}
		},
		{
			"name": "leds6",
			"from": [2.5, 3.75, 4.25],
			"to": [3, 10.25, 4.5],
			"faces": {
				"north": {"uv": [4.96, 0.96, 7.04, 3.04], "texture": "#2"},
				"east": {"uv": [4.96, 0.96, 7.04, 3.04], "texture": "#2"},
				"south": {"uv": [4.96, 0.96, 7.04, 3.04], "texture": "#2"},
				"west": {"uv": [4.96, 0.96, 7.04, 3.04], "texture": "#2"},
				"up": {"uv": [4.96, 0.96, 7.04, 3.04], "texture": "#2"},
				"down": {"uv": [4.96, 0.96, 7.04, 3.04], "texture": "#2"}
			}
		},
		{
			"name": "leds10",
			"from": [2.5, 3.75, 4.5],
			"to": [3, 4, 10.5],
			"faces": {
				"north": {"uv": [4.96, 0.96, 7.04, 3.04], "texture": "#2"},
				"east": {"uv": [4.96, 0.96, 7.04, 3.04], "texture": "#2"},
				"south": {"uv": [4.96, 0.96, 7.04, 3.04], "texture": "#2"},
				"west": {"uv": [4.96, 0.96, 7.04, 3.04], "texture": "#2"},
				"up": {"uv": [4.96, 0.96, 7.04, 3.04], "texture": "#2"},
				"down": {"uv": [4.96, 0.96, 7.04, 3.04], "texture": "#2"}
			}
		},
		{
			"name": "leds9",
			"from": [2.5, 4, 10.25],
			"to": [3, 10.25, 10.5],
			"faces": {
				"north": {"uv": [4.96, 0.96, 7.04, 3.04], "texture": "#2"},
				"east": {"uv": [4.96, 0.96, 7.04, 3.04], "texture": "#2"},
				"south": {"uv": [4.96, 0.96, 7.04, 3.04], "texture": "#2"},
				"west": {"uv": [4.96, 0.96, 7.04, 3.04], "texture": "#2"},
				"up": {"uv": [4.96, 0.96, 7.04, 3.04], "texture": "#2"},
				"down": {"uv": [4.96, 0.96, 7.04, 3.04], "texture": "#2"}
			}
		},
		{
			"name": "leds5",
			"from": [2.5, 10, 4.5],
			"to": [3, 10.25, 10.25],
			"faces": {
				"north": {"uv": [4.96, 0.96, 7.04, 3.04], "texture": "#2"},
				"east": {"uv": [4.96, 0.96, 7.04, 3.04], "texture": "#2"},
				"south": {"uv": [4.96, 0.96, 7.04, 3.04], "texture": "#2"},
				"west": {"uv": [4.96, 0.96, 7.04, 3.04], "texture": "#2"},
				"up": {"uv": [4.96, 0.96, 7.04, 3.04], "texture": "#2"},
				"down": {"uv": [4.96, 0.96, 7.04, 3.04], "texture": "#2"}
			}
		},
		{
			"name": "headphones53",
			"from": [12.25, 4, 4.5],
			"to": [13.25, 10, 4.75],
			"faces": {
				"north": {"uv": [8.96, 0.96, 11.04, 3.04], "texture": "#1"},
				"east": {"uv": [8.96, 0.96, 11.04, 3.04], "texture": "#1"},
				"south": {"uv": [8.96, 0.96, 11.04, 3.04], "texture": "#1"},
				"west": {"uv": [8.96, 0.96, 11.04, 3.04], "texture": "#1"},
				"up": {"uv": [8.96, 0.96, 11.04, 3.04], "texture": "#1"},
				"down": {"uv": [8.96, 0.96, 11.04, 3.04], "texture": "#1"}
			}
		},
		{
			"name": "headphones54",
			"from": [12.25, 4, 4.75],
			"to": [13.25, 4.25, 10.25],
			"faces": {
				"north": {"uv": [8.96, 0.96, 11.04, 3.04], "texture": "#1"},
				"east": {"uv": [8.96, 0.96, 11.04, 3.04], "texture": "#1"},
				"south": {"uv": [8.96, 0.96, 11.04, 3.04], "texture": "#1"},
				"west": {"uv": [8.96, 0.96, 11.04, 3.04], "texture": "#1"},
				"up": {"uv": [8.96, 0.96, 11.04, 3.04], "texture": "#1"},
				"down": {"uv": [8.96, 0.96, 11.04, 3.04], "texture": "#1"}
			}
		},
		{
			"name": "headphones55",
			"from": [12.25, 4.25, 10],
			"to": [13.25, 10, 10.25],
			"faces": {
				"north": {"uv": [8.96, 0.96, 11.04, 3.04], "texture": "#1"},
				"east": {"uv": [8.96, 0.96, 11.04, 3.04], "texture": "#1"},
				"south": {"uv": [8.96, 0.96, 11.04, 3.04], "texture": "#1"},
				"west": {"uv": [8.96, 0.96, 11.04, 3.04], "texture": "#1"},
				"up": {"uv": [8.96, 0.96, 11.04, 3.04], "texture": "#1"},
				"down": {"uv": [8.96, 0.96, 11.04, 3.04], "texture": "#1"}
			}
		},
		{
			"name": "headphones56",
			"from": [12.25, 9.75, 4.75],
			"to": [13.25, 10, 10],
			"faces": {
				"north": {"uv": [8.96, 0.96, 11.04, 3.04], "texture": "#1"},
				"east": {"uv": [8.96, 0.96, 11.04, 3.04], "texture": "#1"},
				"south": {"uv": [8.96, 0.96, 11.04, 3.04], "texture": "#1"},
				"west": {"uv": [8.96, 0.96, 11.04, 3.04], "texture": "#1"},
				"up": {"uv": [8.96, 0.96, 11.04, 3.04], "texture": "#1"},
				"down": {"uv": [8.96, 0.96, 11.04, 3.04], "texture": "#1"}
			}
		},
		{
			"name": "leds3",
			"from": [12.5, 3.75, 4.25],
			"to": [13, 10.25, 4.5],
			"faces": {
				"north": {"uv": [4.96, 0.96, 7.04, 3.04], "texture": "#2"},
				"east": {"uv": [4.96, 0.96, 7.04, 3.04], "texture": "#2"},
				"south": {"uv": [4.96, 0.96, 7.04, 3.04], "texture": "#2"},
				"west": {"uv": [4.96, 0.96, 7.04, 3.04], "texture": "#2"},
				"up": {"uv": [4.96, 0.96, 7.04, 3.04], "texture": "#2"},
				"down": {"uv": [4.96, 0.96, 7.04, 3.04], "texture": "#2"}
			}
		},
		{
			"name": "leds8",
			"from": [12.5, 3.75, 4.5],
			"to": [13, 4, 10.5],
			"faces": {
				"north": {"uv": [4.96, 0.96, 7.04, 3.04], "texture": "#2"},
				"east": {"uv": [4.96, 0.96, 7.04, 3.04], "texture": "#2"},
				"south": {"uv": [4.96, 0.96, 7.04, 3.04], "texture": "#2"},
				"west": {"uv": [4.96, 0.96, 7.04, 3.04], "texture": "#2"},
				"up": {"uv": [4.96, 0.96, 7.04, 3.04], "texture": "#2"},
				"down": {"uv": [4.96, 0.96, 7.04, 3.04], "texture": "#2"}
			}
		},
		{
			"name": "leds7",
			"from": [12.5, 4, 10.25],
			"to": [13, 10.25, 10.5],
			"faces": {
				"north": {"uv": [4.96, 0.96, 7.04, 3.04], "texture": "#2"},
				"east": {"uv": [4.96, 0.96, 7.04, 3.04], "texture": "#2"},
				"south": {"uv": [4.96, 0.96, 7.04, 3.04], "texture": "#2"},
				"west": {"uv": [4.96, 0.96, 7.04, 3.04], "texture": "#2"},
				"up": {"uv": [4.96, 0.96, 7.04, 3.04], "texture": "#2"},
				"down": {"uv": [4.96, 0.96, 7.04, 3.04], "texture": "#2"}
			}
		},
		{
			"name": "leds4",
			"from": [12.5, 10, 4.5],
			"to": [13, 10.25, 10.25],
			"faces": {
				"north": {"uv": [4.96, 0.96, 7.04, 3.04], "texture": "#2"},
				"east": {"uv": [4.96, 0.96, 7.04, 3.04], "texture": "#2"},
				"south": {"uv": [4.96, 0.96, 7.04, 3.04], "texture": "#2"},
				"west": {"uv": [4.96, 0.96, 7.04, 3.04], "texture": "#2"},
				"up": {"uv": [4.96, 0.96, 7.04, 3.04], "texture": "#2"},
				"down": {"uv": [4.96, 0.96, 7.04, 3.04], "texture": "#2"}
			}
		},
		{
			"name": "headphones57",
			"from": [13, 4.25, 4.75],
			"to": [13.25, 9.75, 10],
			"faces": {
				"north": {"uv": [12.96, 0.96, 15.04, 3.04], "texture": "#1"},
				"east": {"uv": [12.96, 0.96, 15.04, 3.04], "texture": "#1"},
				"south": {"uv": [12.96, 0.96, 15.04, 3.04], "texture": "#1"},
				"west": {"uv": [12.96, 0.96, 15.04, 3.04], "texture": "#1"},
				"up": {"uv": [12.96, 0.96, 15.04, 3.04], "texture": "#1"},
				"down": {"uv": [12.96, 0.96, 15.04, 3.04], "texture": "#1"}
			}
		},
		{
			"name": "headphones58",
			"from": [13.25, 4.25, 4.75],
			"to": [13.5, 9.75, 10],
			"faces": {
				"north": {"uv": [8.96, 0.96, 11.04, 3.04], "texture": "#1"},
				"east": {"uv": [8.96, 0.96, 11.04, 3.04], "texture": "#1"},
				"south": {"uv": [8.96, 0.96, 11.04, 3.04], "texture": "#1"},
				"west": {"uv": [8.96, 0.96, 11.04, 3.04], "texture": "#1"},
				"up": {"uv": [8.96, 0.96, 11.04, 3.04], "texture": "#1"},
				"down": {"uv": [8.96, 0.96, 11.04, 3.04], "texture": "#1"}
			}
		},
		{
			"name": "headphones59",
			"from": [13.25, 9.75, 6.5],
			"to": [14.75, 14.25, 7.25],
			"faces": {
				"north": {"uv": [8.96, 0.96, 11.04, 3.04], "texture": "#1"},
				"east": {"uv": [8.96, 0.96, 11.04, 3.04], "texture": "#1"},
				"south": {"uv": [8.96, 0.96, 11.04, 3.04], "texture": "#1"},
				"west": {"uv": [8.96, 0.96, 11.04, 3.04], "texture": "#1"},
				"up": {"uv": [8.96, 0.96, 11.04, 3.04], "texture": "#1"},
				"down": {"uv": [8.96, 0.96, 11.04, 3.04], "texture": "#1"}
			}
		},
		{
			"name": "headphones60",
			"from": [13.25, 9.75, 7.25],
			"to": [14.75, 10, 8.25],
			"faces": {
				"north": {"uv": [8.96, 0.96, 11.04, 3.04], "texture": "#1"},
				"east": {"uv": [8.96, 0.96, 11.04, 3.04], "texture": "#1"},
				"south": {"uv": [8.96, 0.96, 11.04, 3.04], "texture": "#1"},
				"west": {"uv": [8.96, 0.96, 11.04, 3.04], "texture": "#1"},
				"up": {"uv": [8.96, 0.96, 11.04, 3.04], "texture": "#1"},
				"down": {"uv": [8.96, 0.96, 11.04, 3.04], "texture": "#1"}
			}
		},
		{
			"name": "headphones61",
			"from": [13.25, 9.75, 8.25],
			"to": [14.5, 14.25, 8.5],
			"faces": {
				"north": {"uv": [8.96, 0.96, 11.04, 3.04], "texture": "#1"},
				"east": {"uv": [8.96, 0.96, 11.04, 3.04], "texture": "#1"},
				"south": {"uv": [8.96, 0.96, 11.04, 3.04], "texture": "#1"},
				"west": {"uv": [8.96, 0.96, 11.04, 3.04], "texture": "#1"},
				"up": {"uv": [8.96, 0.96, 11.04, 3.04], "texture": "#1"},
				"down": {"uv": [8.96, 0.96, 11.04, 3.04], "texture": "#1"}
			}
		},
		{
			"name": "leds",
			"from": [13.25, 10, 7.25],
			"to": [13.5, 14.25, 7.5],
			"faces": {
				"north": {"uv": [4.96, 0.96, 7.04, 3.04], "texture": "#2"},
				"east": {"uv": [4.96, 0.96, 7.04, 3.04], "texture": "#2"},
				"south": {"uv": [4.96, 0.96, 7.04, 3.04], "texture": "#2"},
				"west": {"uv": [4.96, 0.96, 7.04, 3.04], "texture": "#2"},
				"up": {"uv": [4.96, 0.96, 7.04, 3.04], "texture": "#2"},
				"down": {"uv": [4.96, 0.96, 7.04, 3.04], "texture": "#2"}
			}
		},
		{
			"name": "headphones62",
			"from": [13.25, 10, 7.5],
			"to": [15, 14.25, 8],
			"faces": {
				"north": {"uv": [8.96, 0.96, 11.04, 3.04], "texture": "#1"},
				"east": {"uv": [8.96, 0.96, 11.04, 3.04], "texture": "#1"},
				"south": {"uv": [8.96, 0.96, 11.04, 3.04], "texture": "#1"},
				"west": {"uv": [8.96, 0.96, 11.04, 3.04], "texture": "#1"},
				"up": {"uv": [8.96, 0.96, 11.04, 3.04], "texture": "#1"},
				"down": {"uv": [8.96, 0.96, 11.04, 3.04], "texture": "#1"}
			}
		},
		{
			"name": "headphones63",
			"from": [13.25, 10, 8],
			"to": [14.75, 14.25, 8.25],
			"faces": {
				"north": {"uv": [8.96, 0.96, 11.04, 3.04], "texture": "#1"},
				"east": {"uv": [8.96, 0.96, 11.04, 3.04], "texture": "#1"},
				"south": {"uv": [8.96, 0.96, 11.04, 3.04], "texture": "#1"},
				"west": {"uv": [8.96, 0.96, 11.04, 3.04], "texture": "#1"},
				"up": {"uv": [8.96, 0.96, 11.04, 3.04], "texture": "#1"},
				"down": {"uv": [8.96, 0.96, 11.04, 3.04], "texture": "#1"}
			}
		},
		{
			"name": "headphones64",
			"from": [13.25, 14.25, 7.25],
			"to": [14.75, 14.75, 7.5],
			"faces": {
				"north": {"uv": [8.96, 0.96, 11.04, 3.04], "texture": "#1"},
				"east": {"uv": [8.96, 0.96, 11.04, 3.04], "texture": "#1"},
				"south": {"uv": [8.96, 0.96, 11.04, 3.04], "texture": "#1"},
				"west": {"uv": [8.96, 0.96, 11.04, 3.04], "texture": "#1"},
				"up": {"uv": [8.96, 0.96, 11.04, 3.04], "texture": "#1"},
				"down": {"uv": [8.96, 0.96, 11.04, 3.04], "texture": "#1"}
			}
		},
		{
			"name": "headphones65",
			"from": [13.25, 14.5, 6.5],
			"to": [14.75, 14.75, 7.25],
			"faces": {
				"north": {"uv": [8.96, 0.96, 11.04, 3.04], "texture": "#1"},
				"east": {"uv": [8.96, 0.96, 11.04, 3.04], "texture": "#1"},
				"south": {"uv": [8.96, 0.96, 11.04, 3.04], "texture": "#1"},
				"west": {"uv": [8.96, 0.96, 11.04, 3.04], "texture": "#1"},
				"up": {"uv": [8.96, 0.96, 11.04, 3.04], "texture": "#1"},
				"down": {"uv": [8.96, 0.96, 11.04, 3.04], "texture": "#1"}
			}
		},
		{
			"name": "headphones66",
			"from": [13.25, 14.5, 7.5],
			"to": [15, 14.75, 8],
			"faces": {
				"north": {"uv": [8.96, 0.96, 11.04, 3.04], "texture": "#1"},
				"east": {"uv": [8.96, 0.96, 11.04, 3.04], "texture": "#1"},
				"south": {"uv": [8.96, 0.96, 11.04, 3.04], "texture": "#1"},
				"west": {"uv": [8.96, 0.96, 11.04, 3.04], "texture": "#1"},
				"up": {"uv": [8.96, 0.96, 11.04, 3.04], "texture": "#1"},
				"down": {"uv": [8.96, 0.96, 11.04, 3.04], "texture": "#1"}
			}
		},
		{
			"name": "headphones67",
			"from": [13.25, 14.5, 8],
			"to": [14.75, 14.75, 8.25],
			"faces": {
				"north": {"uv": [8.96, 0.96, 11.04, 3.04], "texture": "#1"},
				"east": {"uv": [8.96, 0.96, 11.04, 3.04], "texture": "#1"},
				"south": {"uv": [8.96, 0.96, 11.04, 3.04], "texture": "#1"},
				"west": {"uv": [8.96, 0.96, 11.04, 3.04], "texture": "#1"},
				"up": {"uv": [8.96, 0.96, 11.04, 3.04], "texture": "#1"},
				"down": {"uv": [8.96, 0.96, 11.04, 3.04], "texture": "#1"}
			}
		},
		{
			"name": "headphones68",
			"from": [13.5, 4.5, 5],
			"to": [13.75, 9.5, 9.75],
			"faces": {
				"north": {"uv": [8.96, 0.96, 11.04, 3.04], "texture": "#1"},
				"east": {"uv": [8.96, 0.96, 11.04, 3.04], "texture": "#1"},
				"south": {"uv": [8.96, 0.96, 11.04, 3.04], "texture": "#1"},
				"west": {"uv": [8.96, 0.96, 11.04, 3.04], "texture": "#1"},
				"up": {"uv": [8.96, 0.96, 11.04, 3.04], "texture": "#1"},
				"down": {"uv": [8.96, 0.96, 11.04, 3.04], "texture": "#1"}
			}
		},
		{
			"name": "headphones69",
			"from": [13.5, 9.5, 6.25],
			"to": [14.5, 14.5, 6.5],
			"faces": {
				"north": {"uv": [8.96, 0.96, 11.04, 3.04], "texture": "#1"},
				"east": {"uv": [8.96, 0.96, 11.04, 3.04], "texture": "#1"},
				"south": {"uv": [8.96, 0.96, 11.04, 3.04], "texture": "#1"},
				"west": {"uv": [8.96, 0.96, 11.04, 3.04], "texture": "#1"},
				"up": {"uv": [8.96, 0.96, 11.04, 3.04], "texture": "#1"},
				"down": {"uv": [8.96, 0.96, 11.04, 3.04], "texture": "#1"}
			}
		},
		{
			"name": "headphones70",
			"from": [13.5, 9.5, 6.5],
			"to": [14.75, 9.75, 8.25],
			"faces": {
				"north": {"uv": [8.96, 0.96, 11.04, 3.04], "texture": "#1"},
				"east": {"uv": [8.96, 0.96, 11.04, 3.04], "texture": "#1"},
				"south": {"uv": [8.96, 0.96, 11.04, 3.04], "texture": "#1"},
				"west": {"uv": [8.96, 0.96, 11.04, 3.04], "texture": "#1"},
				"up": {"uv": [8.96, 0.96, 11.04, 3.04], "texture": "#1"},
				"down": {"uv": [8.96, 0.96, 11.04, 3.04], "texture": "#1"}
			}
		},
		{
			"name": "headphones71",
			"from": [13.5, 9.5, 8.25],
			"to": [14.5, 9.75, 8.5],
			"faces": {
				"north": {"uv": [8.96, 0.96, 11.04, 3.04], "texture": "#1"},
				"east": {"uv": [8.96, 0.96, 11.04, 3.04], "texture": "#1"},
				"south": {"uv": [8.96, 0.96, 11.04, 3.04], "texture": "#1"},
				"west": {"uv": [8.96, 0.96, 11.04, 3.04], "texture": "#1"},
				"up": {"uv": [8.96, 0.96, 11.04, 3.04], "texture": "#1"},
				"down": {"uv": [8.96, 0.96, 11.04, 3.04], "texture": "#1"}
			}
		},
		{
			"name": "headphones72",
			"from": [13.5, 10, 7.25],
			"to": [14.75, 14.25, 7.5],
			"faces": {
				"north": {"uv": [8.96, 0.96, 11.04, 3.04], "texture": "#1"},
				"east": {"uv": [8.96, 0.96, 11.04, 3.04], "texture": "#1"},
				"south": {"uv": [8.96, 0.96, 11.04, 3.04], "texture": "#1"},
				"west": {"uv": [8.96, 0.96, 11.04, 3.04], "texture": "#1"},
				"up": {"uv": [8.96, 0.96, 11.04, 3.04], "texture": "#1"},
				"down": {"uv": [8.96, 0.96, 11.04, 3.04], "texture": "#1"}
			}
		},
		{
			"name": "headphones73",
			"from": [13.75, 6, 5.75],
			"to": [14, 8.25, 9],
			"faces": {
				"north": {"uv": [8.96, 0.96, 11.04, 3.04], "texture": "#1"},
				"east": {"uv": [8.96, 0.96, 11.04, 3.04], "texture": "#1"},
				"south": {"uv": [8.96, 0.96, 11.04, 3.04], "texture": "#1"},
				"west": {"uv": [8.96, 0.96, 11.04, 3.04], "texture": "#1"},
				"up": {"uv": [8.96, 0.96, 11.04, 3.04], "texture": "#1"},
				"down": {"uv": [8.96, 0.96, 11.04, 3.04], "texture": "#1"}
			}
		},
		{
			"name": "headphones74",
			"from": [13.75, 8.25, 6.25],
			"to": [14.5, 9.5, 8.5],
			"faces": {
				"north": {"uv": [8.96, 0.96, 11.04, 3.04], "texture": "#1"},
				"east": {"uv": [8.96, 0.96, 11.04, 3.04], "texture": "#1"},
				"south": {"uv": [8.96, 0.96, 11.04, 3.04], "texture": "#1"},
				"west": {"uv": [8.96, 0.96, 11.04, 3.04], "texture": "#1"},
				"up": {"uv": [8.96, 0.96, 11.04, 3.04], "texture": "#1"},
				"down": {"uv": [8.96, 0.96, 11.04, 3.04], "texture": "#1"}
			}
		},
		{
			"name": "headphones75",
			"from": [13.75, 15, 7],
			"to": [15, 15.25, 7.25],
			"faces": {
				"north": {"uv": [8.96, 0.96, 11.04, 3.04], "texture": "#1"},
				"east": {"uv": [8.96, 0.96, 11.04, 3.04], "texture": "#1"},
				"south": {"uv": [8.96, 0.96, 11.04, 3.04], "texture": "#1"},
				"west": {"uv": [8.96, 0.96, 11.04, 3.04], "texture": "#1"},
				"up": {"uv": [8.96, 0.96, 11.04, 3.04], "texture": "#1"},
				"down": {"uv": [8.96, 0.96, 11.04, 3.04], "texture": "#1"}
			}
		},
		{
			"name": "headphones76",
			"from": [13.75, 15, 7.25],
			"to": [14.75, 15.25, 7.75],
			"faces": {
				"north": {"uv": [8.96, 0.96, 11.04, 3.04], "texture": "#1"},
				"east": {"uv": [8.96, 0.96, 11.04, 3.04], "texture": "#1"},
				"south": {"uv": [8.96, 0.96, 11.04, 3.04], "texture": "#1"},
				"west": {"uv": [8.96, 0.96, 11.04, 3.04], "texture": "#1"},
				"up": {"uv": [8.96, 0.96, 11.04, 3.04], "texture": "#1"},
				"down": {"uv": [8.96, 0.96, 11.04, 3.04], "texture": "#1"}
			}
		},
		{
			"name": "headphones77",
			"from": [13.75, 15.5, 7],
			"to": [15, 15.75, 7.25],
			"faces": {
				"north": {"uv": [8.96, 0.96, 11.04, 3.04], "texture": "#1"},
				"east": {"uv": [8.96, 0.96, 11.04, 3.04], "texture": "#1"},
				"south": {"uv": [8.96, 0.96, 11.04, 3.04], "texture": "#1"},
				"west": {"uv": [8.96, 0.96, 11.04, 3.04], "texture": "#1"},
				"up": {"uv": [8.96, 0.96, 11.04, 3.04], "texture": "#1"},
				"down": {"uv": [8.96, 0.96, 11.04, 3.04], "texture": "#1"}
			}
		},
		{
			"name": "headphones78",
			"from": [13.75, 15.5, 7.25],
			"to": [14.75, 15.75, 7.75],
			"faces": {
				"north": {"uv": [8.96, 0.96, 11.04, 3.04], "texture": "#1"},
				"east": {"uv": [8.96, 0.96, 11.04, 3.04], "texture": "#1"},
				"south": {"uv": [8.96, 0.96, 11.04, 3.04], "texture": "#1"},
				"west": {"uv": [8.96, 0.96, 11.04, 3.04], "texture": "#1"},
				"up": {"uv": [8.96, 0.96, 11.04, 3.04], "texture": "#1"},
				"down": {"uv": [8.96, 0.96, 11.04, 3.04], "texture": "#1"}
			}
		},
		{
			"name": "headphones79",
			"from": [14, 6.25, 6],
			"to": [14.25, 8.25, 8.75],
			"faces": {
				"north": {"uv": [8.96, 0.96, 11.04, 3.04], "texture": "#1"},
				"east": {"uv": [8.96, 0.96, 11.04, 3.04], "texture": "#1"},
				"south": {"uv": [8.96, 0.96, 11.04, 3.04], "texture": "#1"},
				"west": {"uv": [8.96, 0.96, 11.04, 3.04], "texture": "#1"},
				"up": {"uv": [8.96, 0.96, 11.04, 3.04], "texture": "#1"},
				"down": {"uv": [8.96, 0.96, 11.04, 3.04], "texture": "#1"}
			}
		},
		{
			"name": "headphones80",
			"from": [14, 14.75, 6.5],
			"to": [14.75, 15.25, 6.75],
			"faces": {
				"north": {"uv": [8.96, 0.96, 11.04, 3.04], "texture": "#1"},
				"east": {"uv": [8.96, 0.96, 11.04, 3.04], "texture": "#1"},
				"south": {"uv": [8.96, 0.96, 11.04, 3.04], "texture": "#1"},
				"west": {"uv": [8.96, 0.96, 11.04, 3.04], "texture": "#1"},
				"up": {"uv": [8.96, 0.96, 11.04, 3.04], "texture": "#1"},
				"down": {"uv": [8.96, 0.96, 11.04, 3.04], "texture": "#1"}
			}
		},
		{
			"name": "headphones81",
			"from": [14, 14.75, 6.75],
			"to": [15, 15, 7],
			"faces": {
				"north": {"uv": [8.96, 0.96, 11.04, 3.04], "texture": "#1"},
				"east": {"uv": [8.96, 0.96, 11.04, 3.04], "texture": "#1"},
				"south": {"uv": [8.96, 0.96, 11.04, 3.04], "texture": "#1"},
				"west": {"uv": [8.96, 0.96, 11.04, 3.04], "texture": "#1"},
				"up": {"uv": [8.96, 0.96, 11.04, 3.04], "texture": "#1"},
				"down": {"uv": [8.96, 0.96, 11.04, 3.04], "texture": "#1"}
			}
		},
		{
			"name": "headphones82",
			"from": [14.25, 7, 6.25],
			"to": [14.5, 8.25, 8.5],
			"faces": {
				"north": {"uv": [8.96, 0.96, 11.04, 3.04], "texture": "#1"},
				"east": {"uv": [8.96, 0.96, 11.04, 3.04], "texture": "#1"},
				"south": {"uv": [8.96, 0.96, 11.04, 3.04], "texture": "#1"},
				"west": {"uv": [8.96, 0.96, 11.04, 3.04], "texture": "#1"},
				"up": {"uv": [8.96, 0.96, 11.04, 3.04], "texture": "#1"},
				"down": {"uv": [8.96, 0.96, 11.04, 3.04], "texture": "#1"}
			}
		},
		{
			"name": "headphones83",
			"from": [14.5, 7, 6.5],
			"to": [14.75, 9.5, 8.25],
			"faces": {
				"north": {"uv": [8.96, 0.96, 11.04, 3.04], "texture": "#1"},
				"east": {"uv": [8.96, 0.96, 11.04, 3.04], "texture": "#1"},
				"south": {"uv": [8.96, 0.96, 11.04, 3.04], "texture": "#1"},
				"west": {"uv": [8.96, 0.96, 11.04, 3.04], "texture": "#1"},
				"up": {"uv": [8.96, 0.96, 11.04, 3.04], "texture": "#1"},
				"down": {"uv": [8.96, 0.96, 11.04, 3.04], "texture": "#1"}
			}
		},
		{
			"name": "headphones84",
			"from": [14.5, 14.75, 8],
			"to": [14.75, 15.25, 8.25],
			"faces": {
				"north": {"uv": [8.96, 0.96, 11.04, 3.04], "texture": "#1"},
				"east": {"uv": [8.96, 0.96, 11.04, 3.04], "texture": "#1"},
				"south": {"uv": [8.96, 0.96, 11.04, 3.04], "texture": "#1"},
				"west": {"uv": [8.96, 0.96, 11.04, 3.04], "texture": "#1"},
				"up": {"uv": [8.96, 0.96, 11.04, 3.04], "texture": "#1"},
				"down": {"uv": [8.96, 0.96, 11.04, 3.04], "texture": "#1"}
			}
		},
		{
			"name": "headphones85",
			"from": [14.75, 7, 6.75],
			"to": [15, 14.75, 7.25],
			"faces": {
				"north": {"uv": [8.96, 0.96, 11.04, 3.04], "texture": "#1"},
				"east": {"uv": [8.96, 0.96, 11.04, 3.04], "texture": "#1"},
				"south": {"uv": [8.96, 0.96, 11.04, 3.04], "texture": "#1"},
				"west": {"uv": [8.96, 0.96, 11.04, 3.04], "texture": "#1"},
				"up": {"uv": [8.96, 0.96, 11.04, 3.04], "texture": "#1"},
				"down": {"uv": [8.96, 0.96, 11.04, 3.04], "texture": "#1"}
			}
		},
		{
			"name": "headphones86",
			"from": [14.75, 7, 7.25],
			"to": [15, 7.25, 8],
			"faces": {
				"north": {"uv": [8.96, 0.96, 11.04, 3.04], "texture": "#1"},
				"east": {"uv": [8.96, 0.96, 11.04, 3.04], "texture": "#1"},
				"south": {"uv": [8.96, 0.96, 11.04, 3.04], "texture": "#1"},
				"west": {"uv": [8.96, 0.96, 11.04, 3.04], "texture": "#1"},
				"up": {"uv": [8.96, 0.96, 11.04, 3.04], "texture": "#1"},
				"down": {"uv": [8.96, 0.96, 11.04, 3.04], "texture": "#1"}
			}
		},
		{
			"name": "leds13",
			"from": [14.75, 7.25, 7.25],
			"to": [15, 15.75, 7.5],
			"faces": {
				"north": {"uv": [4.96, 0.96, 7.04, 3.04], "texture": "#2"},
				"east": {"uv": [4.96, 0.96, 7.04, 3.04], "texture": "#2"},
				"south": {"uv": [4.96, 0.96, 7.04, 3.04], "texture": "#2"},
				"west": {"uv": [4.96, 0.96, 7.04, 3.04], "texture": "#2"},
				"up": {"uv": [4.96, 0.96, 7.04, 3.04], "texture": "#2"},
				"down": {"uv": [4.96, 0.96, 7.04, 3.04], "texture": "#2"}
			}
		},
		{
			"name": "headphones87",
			"from": [14.75, 7.25, 7.5],
			"to": [15, 10, 8],
			"faces": {
				"north": {"uv": [8.96, 0.96, 11.04, 3.04], "texture": "#1"},
				"east": {"uv": [8.96, 0.96, 11.04, 3.04], "texture": "#1"},
				"south": {"uv": [8.96, 0.96, 11.04, 3.04], "texture": "#1"},
				"west": {"uv": [8.96, 0.96, 11.04, 3.04], "texture": "#1"},
				"up": {"uv": [8.96, 0.96, 11.04, 3.04], "texture": "#1"},
				"down": {"uv": [8.96, 0.96, 11.04, 3.04], "texture": "#1"}
			}
		},
		{
			"name": "headphones88",
			"from": [14.75, 14.75, 7.5],
			"to": [15, 15.75, 7.75],
			"faces": {
				"north": {"uv": [8.96, 0.96, 11.04, 3.04], "texture": "#1"},
				"east": {"uv": [8.96, 0.96, 11.04, 3.04], "texture": "#1"},
				"south": {"uv": [8.96, 0.96, 11.04, 3.04], "texture": "#1"},
				"west": {"uv": [8.96, 0.96, 11.04, 3.04], "texture": "#1"},
				"up": {"uv": [8.96, 0.96, 11.04, 3.04], "texture": "#1"},
				"down": {"uv": [8.96, 0.96, 11.04, 3.04], "texture": "#1"}
			}
		},
		{
			"name": "headphones89",
			"from": [14.75, 14.75, 7.75],
			"to": [15, 15, 8],
			"faces": {
				"north": {"uv": [8.96, 0.96, 11.04, 3.04], "texture": "#1"},
				"east": {"uv": [8.96, 0.96, 11.04, 3.04], "texture": "#1"},
				"south": {"uv": [8.96, 0.96, 11.04, 3.04], "texture": "#1"},
				"west": {"uv": [8.96, 0.96, 11.04, 3.04], "texture": "#1"},
				"up": {"uv": [8.96, 0.96, 11.04, 3.04], "texture": "#1"},
				"down": {"uv": [8.96, 0.96, 11.04, 3.04], "texture": "#1"}
			}
		},
		{
			"name": "leds3",
			"from": [4.75, 0, 4.25],
			"to": [10.75, 0.25, 4.5],
			"faces": {
				"north": {"uv": [4.96, 0.96, 7.04, 3.04], "texture": "#2"},
				"east": {"uv": [4.96, 0.96, 7.04, 3.04], "texture": "#2"},
				"south": {"uv": [4.96, 0.96, 7.04, 3.04], "texture": "#2"},
				"west": {"uv": [4.96, 0.96, 7.04, 3.04], "texture": "#2"},
				"up": {"uv": [4.96, 0.96, 7.04, 3.04], "texture": "#2"},
				"down": {"uv": [4.96, 0.96, 7.04, 3.04], "texture": "#2"}
			}
		},
		{
			"name": "leds",
			"from": [4.75, 0, 4.5],
			"to": [5, 0.25, 10.25],
			"faces": {
				"north": {"uv": [4.96, 0.96, 7.04, 3.04], "texture": "#2"},
				"east": {"uv": [4.96, 0.96, 7.04, 3.04], "texture": "#2"},
				"south": {"uv": [4.96, 0.96, 7.04, 3.04], "texture": "#2"},
				"west": {"uv": [4.96, 0.96, 7.04, 3.04], "texture": "#2"},
				"up": {"uv": [4.96, 0.96, 7.04, 3.04], "texture": "#2"},
				"down": {"uv": [4.96, 0.96, 7.04, 3.04], "texture": "#2"}
			}
		},
		{
			"name": "leds1",
			"from": [5, 0, 10],
			"to": [10.75, 0.25, 10.25],
			"faces": {
				"north": {"uv": [4.96, 0.96, 7.04, 3.04], "texture": "#2"},
				"east": {"uv": [4.96, 0.96, 7.04, 3.04], "texture": "#2"},
				"south": {"uv": [4.96, 0.96, 7.04, 3.04], "texture": "#2"},
				"west": {"uv": [4.96, 0.96, 7.04, 3.04], "texture": "#2"},
				"up": {"uv": [4.96, 0.96, 7.04, 3.04], "texture": "#2"},
				"down": {"uv": [4.96, 0.96, 7.04, 3.04], "texture": "#2"}
			}
		},
		{
			"name": "stojak3",
			"from": [6.75, 0.5, 6.5],
			"to": [8.75, 11.5, 8.5],
			"faces": {
				"north": {"uv": [8.96, 0.96, 11.04, 3.04], "texture": "#1"},
				"east": {"uv": [8.96, 0.96, 11.04, 3.04], "texture": "#1"},
				"south": {"uv": [8.96, 0.96, 11.04, 3.04], "texture": "#1"},
				"west": {"uv": [8.96, 0.96, 11.04, 3.04], "texture": "#1"},
				"up": {"uv": [8.96, 0.96, 11.04, 3.04], "texture": "#1"},
				"down": {"uv": [8.96, 0.96, 11.04, 3.04], "texture": "#1"}
			}
		},
		{
			"name": "stojak4",
			"from": [6.75, 11.5, 6],
			"to": [8.75, 16.5, 6.5],
			"faces": {
				"north": {"uv": [8.96, 0.96, 11.04, 3.04], "texture": "#1"},
				"east": {"uv": [8.96, 0.96, 11.04, 3.04], "texture": "#1"},
				"south": {"uv": [8.96, 0.96, 11.04, 3.04], "texture": "#1"},
				"west": {"uv": [8.96, 0.96, 11.04, 3.04], "texture": "#1"},
				"up": {"uv": [8.96, 0.96, 11.04, 3.04], "texture": "#1"},
				"down": {"uv": [8.96, 0.96, 11.04, 3.04], "texture": "#1"}
			}
		},
		{
			"name": "stojak5",
			"from": [6.75, 11.5, 6.5],
			"to": [7.25, 14.5, 8.75],
			"faces": {
				"north": {"uv": [8.96, 0.96, 11.04, 3.04], "texture": "#1"},
				"east": {"uv": [8.96, 0.96, 11.04, 3.04], "texture": "#1"},
				"south": {"uv": [8.96, 0.96, 11.04, 3.04], "texture": "#1"},
				"west": {"uv": [8.96, 0.96, 11.04, 3.04], "texture": "#1"},
				"up": {"uv": [8.96, 0.96, 11.04, 3.04], "texture": "#1"},
				"down": {"uv": [8.96, 0.96, 11.04, 3.04], "texture": "#1"}
			}
		},
		{
			"name": "stojak6",
			"from": [6.75, 14.5, 8.5],
			"to": [8.75, 16.75, 8.75],
			"faces": {
				"north": {"uv": [8.96, 0.96, 11.04, 3.04], "texture": "#1"},
				"east": {"uv": [8.96, 0.96, 11.04, 3.04], "texture": "#1"},
				"south": {"uv": [8.96, 0.96, 11.04, 3.04], "texture": "#1"},
				"west": {"uv": [8.96, 0.96, 11.04, 3.04], "texture": "#1"},
				"up": {"uv": [8.96, 0.96, 11.04, 3.04], "texture": "#1"},
				"down": {"uv": [8.96, 0.96, 11.04, 3.04], "texture": "#1"}
			}
		},
		{
			"name": "stojak7",
			"from": [7, 0.25, 6.5],
			"to": [8.5, 0.5, 7.25],
			"faces": {
				"north": {"uv": [8.96, 0.96, 11.04, 3.04], "texture": "#1"},
				"east": {"uv": [8.96, 0.96, 11.04, 3.04], "texture": "#1"},
				"south": {"uv": [8.96, 0.96, 11.04, 3.04], "texture": "#1"},
				"west": {"uv": [8.96, 0.96, 11.04, 3.04], "texture": "#1"},
				"up": {"uv": [8.96, 0.96, 11.04, 3.04], "texture": "#1"},
				"down": {"uv": [8.96, 0.96, 11.04, 3.04], "texture": "#1"}
			}
		},
		{
			"name": "stojak8",
			"from": [7, 0.25, 7.25],
			"to": [7.25, 0.5, 7.5],
			"faces": {
				"north": {"uv": [8.96, 0.96, 11.04, 3.04], "texture": "#1"},
				"east": {"uv": [8.96, 0.96, 11.04, 3.04], "texture": "#1"},
				"south": {"uv": [8.96, 0.96, 11.04, 3.04], "texture": "#1"},
				"west": {"uv": [8.96, 0.96, 11.04, 3.04], "texture": "#1"},
				"up": {"uv": [8.96, 0.96, 11.04, 3.04], "texture": "#1"},
				"down": {"uv": [8.96, 0.96, 11.04, 3.04], "texture": "#1"}
			}
		},
		{
			"name": "stojak9",
			"from": [7, 0.5, 6.25],
			"to": [8.5, 11.5, 6.5],
			"faces": {
				"north": {"uv": [8.96, 0.96, 11.04, 3.04], "texture": "#1"},
				"east": {"uv": [8.96, 0.96, 11.04, 3.04], "texture": "#1"},
				"south": {"uv": [8.96, 0.96, 11.04, 3.04], "texture": "#1"},
				"west": {"uv": [8.96, 0.96, 11.04, 3.04], "texture": "#1"},
				"up": {"uv": [8.96, 0.96, 11.04, 3.04], "texture": "#1"},
				"down": {"uv": [8.96, 0.96, 11.04, 3.04], "texture": "#1"}
			}
		},
		{
			"name": "stojak10",
			"from": [7, 11.25, 6],
			"to": [8.5, 11.5, 6.25],
			"faces": {
				"north": {"uv": [8.96, 0.96, 11.04, 3.04], "texture": "#1"},
				"east": {"uv": [8.96, 0.96, 11.04, 3.04], "texture": "#1"},
				"south": {"uv": [8.96, 0.96, 11.04, 3.04], "texture": "#1"},
				"west": {"uv": [8.96, 0.96, 11.04, 3.04], "texture": "#1"},
				"up": {"uv": [8.96, 0.96, 11.04, 3.04], "texture": "#1"},
				"down": {"uv": [8.96, 0.96, 11.04, 3.04], "texture": "#1"}
			}
		},
		{
			"name": "stojak11",
			"from": [7, 11.25, 8.5],
			"to": [8.5, 11.5, 8.75],
			"faces": {
				"north": {"uv": [8.96, 0.96, 11.04, 3.04], "texture": "#1"},
				"east": {"uv": [8.96, 0.96, 11.04, 3.04], "texture": "#1"},
				"south": {"uv": [8.96, 0.96, 11.04, 3.04], "texture": "#1"},
				"west": {"uv": [8.96, 0.96, 11.04, 3.04], "texture": "#1"},
				"up": {"uv": [8.96, 0.96, 11.04, 3.04], "texture": "#1"},
				"down": {"uv": [8.96, 0.96, 11.04, 3.04], "texture": "#1"}
			}
		},
		{
			"name": "stojak12",
			"from": [7, 11.5, 5.75],
			"to": [8.5, 16.5, 6],
			"faces": {
				"north": {"uv": [8.96, 0.96, 11.04, 3.04], "texture": "#1"},
				"east": {"uv": [8.96, 0.96, 11.04, 3.04], "texture": "#1"},
				"south": {"uv": [8.96, 0.96, 11.04, 3.04], "texture": "#1"},
				"west": {"uv": [8.96, 0.96, 11.04, 3.04], "texture": "#1"},
				"up": {"uv": [8.96, 0.96, 11.04, 3.04], "texture": "#1"},
				"down": {"uv": [8.96, 0.96, 11.04, 3.04], "texture": "#1"}
			}
		},
		{
			"name": "stojak13",
			"from": [7, 11.5, 8.75],
			"to": [8.5, 16.75, 9],
			"faces": {
				"north": {"uv": [8.96, 0.96, 11.04, 3.04], "texture": "#1"},
				"east": {"uv": [8.96, 0.96, 11.04, 3.04], "texture": "#1"},
				"south": {"uv": [8.96, 0.96, 11.04, 3.04], "texture": "#1"},
				"west": {"uv": [8.96, 0.96, 11.04, 3.04], "texture": "#1"},
				"up": {"uv": [8.96, 0.96, 11.04, 3.04], "texture": "#1"},
				"down": {"uv": [8.96, 0.96, 11.04, 3.04], "texture": "#1"}
			}
		},
		{
			"name": "stojak14",
			"from": [7, 14.5, 6.5],
			"to": [8.5, 14.75, 8.5],
			"faces": {
				"north": {"uv": [8.96, 0.96, 11.04, 3.04], "texture": "#1"},
				"east": {"uv": [8.96, 0.96, 11.04, 3.04], "texture": "#1"},
				"south": {"uv": [8.96, 0.96, 11.04, 3.04], "texture": "#1"},
				"west": {"uv": [8.96, 0.96, 11.04, 3.04], "texture": "#1"},
				"up": {"uv": [8.96, 0.96, 11.04, 3.04], "texture": "#1"},
				"down": {"uv": [8.96, 0.96, 11.04, 3.04], "texture": "#1"}
			}
		},
		{
			"name": "stojak15",
			"from": [7, 14.75, 8.25],
			"to": [8.5, 16.75, 8.5],
			"faces": {
				"north": {"uv": [8.96, 0.96, 11.04, 3.04], "texture": "#1"},
				"east": {"uv": [8.96, 0.96, 11.04, 3.04], "texture": "#1"},
				"south": {"uv": [8.96, 0.96, 11.04, 3.04], "texture": "#1"},
				"west": {"uv": [8.96, 0.96, 11.04, 3.04], "texture": "#1"},
				"up": {"uv": [8.96, 0.96, 11.04, 3.04], "texture": "#1"},
				"down": {"uv": [8.96, 0.96, 11.04, 3.04], "texture": "#1"}
			}
		},
		{
			"name": "stojak16",
			"from": [7, 16.5, 6],
			"to": [8.5, 16.75, 6.5],
			"faces": {
				"north": {"uv": [8.96, 0.96, 11.04, 3.04], "texture": "#1"},
				"east": {"uv": [8.96, 0.96, 11.04, 3.04], "texture": "#1"},
				"south": {"uv": [8.96, 0.96, 11.04, 3.04], "texture": "#1"},
				"west": {"uv": [8.96, 0.96, 11.04, 3.04], "texture": "#1"},
				"up": {"uv": [8.96, 0.96, 11.04, 3.04], "texture": "#1"},
				"down": {"uv": [8.96, 0.96, 11.04, 3.04], "texture": "#1"}
			}
		},
		{
			"name": "stojak17",
			"from": [7.25, 11.5, 8.25],
			"to": [8.75, 14.5, 8.75],
			"faces": {
				"north": {"uv": [8.96, 0.96, 11.04, 3.04], "texture": "#1"},
				"east": {"uv": [8.96, 0.96, 11.04, 3.04], "texture": "#1"},
				"south": {"uv": [8.96, 0.96, 11.04, 3.04], "texture": "#1"},
				"west": {"uv": [8.96, 0.96, 11.04, 3.04], "texture": "#1"},
				"up": {"uv": [8.96, 0.96, 11.04, 3.04], "texture": "#1"},
				"down": {"uv": [8.96, 0.96, 11.04, 3.04], "texture": "#1"}
			}
		},
		{
			"name": "stojak18",
			"from": [7.25, 11.75, 6.5],
			"to": [8.75, 14.5, 8.25],
			"faces": {
				"north": {"uv": [8.96, 0.96, 11.04, 3.04], "texture": "#1"},
				"east": {"uv": [8.96, 0.96, 11.04, 3.04], "texture": "#1"},
				"south": {"uv": [8.96, 0.96, 11.04, 3.04], "texture": "#1"},
				"west": {"uv": [8.96, 0.96, 11.04, 3.04], "texture": "#1"},
				"up": {"uv": [8.96, 0.96, 11.04, 3.04], "texture": "#1"},
				"down": {"uv": [8.96, 0.96, 11.04, 3.04], "texture": "#1"}
			}
		},
		{
			"name": "stojak19",
			"from": [8.25, 0.25, 7.25],
			"to": [8.5, 0.5, 7.5],
			"faces": {
				"north": {"uv": [8.96, 0.96, 11.04, 3.04], "texture": "#1"},
				"east": {"uv": [8.96, 0.96, 11.04, 3.04], "texture": "#1"},
				"south": {"uv": [8.96, 0.96, 11.04, 3.04], "texture": "#1"},
				"west": {"uv": [8.96, 0.96, 11.04, 3.04], "texture": "#1"},
				"up": {"uv": [8.96, 0.96, 11.04, 3.04], "texture": "#1"},
				"down": {"uv": [8.96, 0.96, 11.04, 3.04], "texture": "#1"}
			}
		},
		{
			"name": "stojak20",
			"from": [8.25, 11.5, 6.5],
			"to": [8.75, 11.75, 8.25],
			"faces": {
				"north": {"uv": [8.96, 0.96, 11.04, 3.04], "texture": "#1"},
				"east": {"uv": [8.96, 0.96, 11.04, 3.04], "texture": "#1"},
				"south": {"uv": [8.96, 0.96, 11.04, 3.04], "texture": "#1"},
				"west": {"uv": [8.96, 0.96, 11.04, 3.04], "texture": "#1"},
				"up": {"uv": [8.96, 0.96, 11.04, 3.04], "texture": "#1"},
				"down": {"uv": [8.96, 0.96, 11.04, 3.04], "texture": "#1"}
			}
		},
		{
			"name": "leds2",
			"from": [10.5, 0, 4.5],
			"to": [10.75, 0.25, 10],
			"faces": {
				"north": {"uv": [4.96, 0.96, 7.04, 3.04], "texture": "#2"},
				"east": {"uv": [4.96, 0.96, 7.04, 3.04], "texture": "#2"},
				"south": {"uv": [4.96, 0.96, 7.04, 3.04], "texture": "#2"},
				"west": {"uv": [4.96, 0.96, 7.04, 3.04], "texture": "#2"},
				"up": {"uv": [4.96, 0.96, 7.04, 3.04], "texture": "#2"},
				"down": {"uv": [4.96, 0.96, 7.04, 3.04], "texture": "#2"}
			}
		},
		{
			"name": "Box127",
			"from": [5, 0, 4.5],
			"to": [10.5, 1, 10],
			"faces": {
				"north": {"uv": [9, 0.5, 12, 3], "texture": "#1"},
				"east": {"uv": [9, 0.5, 12, 3], "texture": "#1"},
				"south": {"uv": [9, 0.5, 12, 3], "texture": "#1"},
				"west": {"uv": [9, 0.5, 12, 3], "texture": "#1"},
				"up": {"uv": [9, 0.5, 12, 3], "texture": "#1"},
				"down": {"uv": [9, 0.5, 12, 3], "texture": "#1"}
			}
		}
	],
	"display": {
		"thirdperson_righthand": {
			"rotation": [90, 90, 0],
			"translation": [0, -2, -5],
			"scale": [0.75, 0.75, 0.75]
		},
		"thirdperson_lefthand": {
			"rotation": [90, 90, 0],
			"translation": [0, -2, -5],
			"scale": [0.75, 0.75, 0.75]
		},
		"ground": {
			"translation": [0, 3.5, 0]
		},
		"gui": {
			"rotation": [0, -30, 0],
			"scale": [0.75, 0.75, 0.75]
		},
		"fixed": {
			"rotation": [-90, 0, 0],
			"translation": [0, 0, -11],
			"scale": [1.25, 1.25, 1.25]
		}
	}
}