{
	"credit": "Made with Blockbench",
	"textures": {
		"1": "item/charcoal/50",
		"2": "item/charcoal/50-1",
		"particle": "item/charcoal/50"
	},
	"elements": [
		{
			"name": "Voxels-0F0F0F",
			"from": [0.5, 7, 6.75],
			"to": [2.25, 14.75, 7.25],
			"faces": {
				"north": {"uv": [8.96, 0.96, 11.04, 3.04], "texture": "#1"},
				"east": {"uv": [8.96, 0.96, 11.04, 3.04], "texture": "#1"},
				"south": {"uv": [8.96, 0.96, 11.04, 3.04], "texture": "#1"},
				"west": {"uv": [8.96, 0.96, 11.04, 3.04], "texture": "#1"},
				"up": {"uv": [8.96, 0.96, 11.04, 3.04], "texture": "#1"},
				"down": {"uv": [8.96, 0.96, 11.04, 3.04], "texture": "#1"}
			}
		},
		{
			"name": "Voxels-0F0F0F",
			"from": [0.5, 7, 7.25],
			"to": [2.25, 7.25, 8],
			"faces": {
				"north": {"uv": [8.96, 0.96, 11.04, 3.04], "texture": "#1"},
				"east": {"uv": [8.96, 0.96, 11.04, 3.04], "texture": "#1"},
				"south": {"uv": [8.96, 0.96, 11.04, 3.04], "texture": "#1"},
				"west": {"uv": [8.96, 0.96, 11.04, 3.04], "texture": "#1"},
				"up": {"uv": [8.96, 0.96, 11.04, 3.04], "texture": "#1"},
				"down": {"uv": [8.96, 0.96, 11.04, 3.04], "texture": "#1"}
			}
		},
		{
			"name": "leds11",
			"from": [0.5, 7.25, 7.25],
			"to": [0.75, 16, 7.5],
			"faces": {
				"north": {"uv": [4.96, 0.96, 7.04, 3.04], "texture": "#2"},
				"east": {"uv": [4.96, 0.96, 7.04, 3.04], "texture": "#2"},
				"south": {"uv": [4.96, 0.96, 7.04, 3.04], "texture": "#2"},
				"west": {"uv": [4.96, 0.96, 7.04, 3.04], "texture": "#2"},
				"up": {"uv": [4.96, 0.96, 7.04, 3.04], "texture": "#2"},
				"down": {"uv": [4.96, 0.96, 7.04, 3.04], "texture": "#2"}
			}
		},
		{
			"name": "Voxels-0F0F0F",
			"from": [0.5, 7.25, 7.5],
			"to": [2.25, 15, 8],
			"faces": {
				"north": {"uv": [8.96, 0.96, 11.04, 3.04], "texture": "#1"},
				"east": {"uv": [8.96, 0.96, 11.04, 3.04], "texture": "#1"},
				"south": {"uv": [8.96, 0.96, 11.04, 3.04], "texture": "#1"},
				"west": {"uv": [8.96, 0.96, 11.04, 3.04], "texture": "#1"},
				"up": {"uv": [8.96, 0.96, 11.04, 3.04], "texture": "#1"},
				"down": {"uv": [8.96, 0.96, 11.04, 3.04], "texture": "#1"}
			}
		},
		{
			"name": "Voxels-0F0F0F",
			"from": [0.5, 14.75, 6.75],
			"to": [1.5, 16, 7.25],
			"faces": {
				"north": {"uv": [8.96, 0.96, 11.04, 3.04], "texture": "#1"},
				"east": {"uv": [8.96, 0.96, 11.04, 3.04], "texture": "#1"},
				"south": {"uv": [8.96, 0.96, 11.04, 3.04], "texture": "#1"},
				"west": {"uv": [8.96, 0.96, 11.04, 3.04], "texture": "#1"},
				"up": {"uv": [8.96, 0.96, 11.04, 3.04], "texture": "#1"},
				"down": {"uv": [8.96, 0.96, 11.04, 3.04], "texture": "#1"}
			}
		},
		{
			"name": "Voxels-0F0F0F",
			"from": [0.5, 15, 7.5],
			"to": [1.75, 16, 8],
			"faces": {
				"north": {"uv": [8.96, 0.96, 11.04, 3.04], "texture": "#1"},
				"east": {"uv": [8.96, 0.96, 11.04, 3.04], "texture": "#1"},
				"south": {"uv": [8.96, 0.96, 11.04, 3.04], "texture": "#1"},
				"west": {"uv": [8.96, 0.96, 11.04, 3.04], "texture": "#1"},
				"up": {"uv": [8.96, 0.96, 11.04, 3.04], "texture": "#1"},
				"down": {"uv": [8.96, 0.96, 11.04, 3.04], "texture": "#1"}
			}
		},
		{
			"name": "Voxels-0F0F0F",
			"from": [0.75, 7, 6.5],
			"to": [2.25, 14.75, 6.75],
			"faces": {
				"north": {"uv": [8.96, 0.96, 11.04, 3.04], "texture": "#1"},
				"east": {"uv": [8.96, 0.96, 11.04, 3.04], "texture": "#1"},
				"south": {"uv": [8.96, 0.96, 11.04, 3.04], "texture": "#1"},
				"west": {"uv": [8.96, 0.96, 11.04, 3.04], "texture": "#1"},
				"up": {"uv": [8.96, 0.96, 11.04, 3.04], "texture": "#1"},
				"down": {"uv": [8.96, 0.96, 11.04, 3.04], "texture": "#1"}
			}
		},
		{
			"name": "Voxels-0F0F0F",
			"from": [0.75, 7, 8],
			"to": [2.25, 14.75, 8.25],
			"faces": {
				"north": {"uv": [8.96, 0.96, 11.04, 3.04], "texture": "#1"},
				"east": {"uv": [8.96, 0.96, 11.04, 3.04], "texture": "#1"},
				"south": {"uv": [8.96, 0.96, 11.04, 3.04], "texture": "#1"},
				"west": {"uv": [8.96, 0.96, 11.04, 3.04], "texture": "#1"},
				"up": {"uv": [8.96, 0.96, 11.04, 3.04], "texture": "#1"},
				"down": {"uv": [8.96, 0.96, 11.04, 3.04], "texture": "#1"}
			}
		},
		{
			"name": "Voxels-0F0F0F",
			"from": [0.75, 7.25, 7.25],
			"to": [2.25, 10, 7.5],
			"faces": {
				"north": {"uv": [8.96, 0.96, 11.04, 3.04], "texture": "#1"},
				"east": {"uv": [8.96, 0.96, 11.04, 3.04], "texture": "#1"},
				"south": {"uv": [8.96, 0.96, 11.04, 3.04], "texture": "#1"},
				"west": {"uv": [8.96, 0.96, 11.04, 3.04], "texture": "#1"},
				"up": {"uv": [8.96, 0.96, 11.04, 3.04], "texture": "#1"},
				"down": {"uv": [8.96, 0.96, 11.04, 3.04], "texture": "#1"}
			}
		},
		{
			"name": "Voxels-0F0F0F",
			"from": [0.75, 10, 7.25],
			"to": [2, 15, 7.5],
			"faces": {
				"north": {"uv": [8.96, 0.96, 11.04, 3.04], "texture": "#1"},
				"east": {"uv": [8.96, 0.96, 11.04, 3.04], "texture": "#1"},
				"south": {"uv": [8.96, 0.96, 11.04, 3.04], "texture": "#1"},
				"west": {"uv": [8.96, 0.96, 11.04, 3.04], "texture": "#1"},
				"up": {"uv": [8.96, 0.96, 11.04, 3.04], "texture": "#1"},
				"down": {"uv": [8.96, 0.96, 11.04, 3.04], "texture": "#1"}
			}
		},
		{
			"name": "Voxels-0F0F0F",
			"from": [0.75, 14.75, 6.5],
			"to": [1.5, 15.5, 6.75],
			"faces": {
				"north": {"uv": [8.96, 0.96, 11.04, 3.04], "texture": "#1"},
				"east": {"uv": [8.96, 0.96, 11.04, 3.04], "texture": "#1"},
				"south": {"uv": [8.96, 0.96, 11.04, 3.04], "texture": "#1"},
				"west": {"uv": [8.96, 0.96, 11.04, 3.04], "texture": "#1"},
				"up": {"uv": [8.96, 0.96, 11.04, 3.04], "texture": "#1"},
				"down": {"uv": [8.96, 0.96, 11.04, 3.04], "texture": "#1"}
			}
		},
		{
			"name": "Voxels-0F0F0F",
			"from": [0.75, 14.75, 8],
			"to": [1.25, 15.5, 8.25],
			"faces": {
				"north": {"uv": [8.96, 0.96, 11.04, 3.04], "texture": "#1"},
				"east": {"uv": [8.96, 0.96, 11.04, 3.04], "texture": "#1"},
				"south": {"uv": [8.96, 0.96, 11.04, 3.04], "texture": "#1"},
				"west": {"uv": [8.96, 0.96, 11.04, 3.04], "texture": "#1"},
				"up": {"uv": [8.96, 0.96, 11.04, 3.04], "texture": "#1"},
				"down": {"uv": [8.96, 0.96, 11.04, 3.04], "texture": "#1"}
			}
		},
		{
			"name": "Voxels-0F0F0F",
			"from": [0.75, 15, 7.25],
			"to": [1.75, 15.75, 7.5],
			"faces": {
				"north": {"uv": [8.96, 0.96, 11.04, 3.04], "texture": "#1"},
				"east": {"uv": [8.96, 0.96, 11.04, 3.04], "texture": "#1"},
				"south": {"uv": [8.96, 0.96, 11.04, 3.04], "texture": "#1"},
				"west": {"uv": [8.96, 0.96, 11.04, 3.04], "texture": "#1"},
				"up": {"uv": [8.96, 0.96, 11.04, 3.04], "texture": "#1"},
				"down": {"uv": [8.96, 0.96, 11.04, 3.04], "texture": "#1"}
			}
		},
		{
			"name": "leds12",
			"from": [0.75, 15.75, 7.25],
			"to": [15, 16, 7.5],
			"faces": {
				"north": {"uv": [4.96, 0.96, 7.04, 3.04], "texture": "#2"},
				"east": {"uv": [4.96, 0.96, 7.04, 3.04], "texture": "#2"},
				"south": {"uv": [4.96, 0.96, 7.04, 3.04], "texture": "#2"},
				"west": {"uv": [4.96, 0.96, 7.04, 3.04], "texture": "#2"},
				"up": {"uv": [4.96, 0.96, 7.04, 3.04], "texture": "#2"},
				"down": {"uv": [4.96, 0.96, 7.04, 3.04], "texture": "#2"}
			}
		},
		{
			"name": "Voxels-0F0F0F",
			"from": [1, 7, 6.25],
			"to": [2.25, 9.75, 6.5],
			"faces": {
				"north": {"uv": [8.96, 0.96, 11.04, 3.04], "texture": "#1"},
				"east": {"uv": [8.96, 0.96, 11.04, 3.04], "texture": "#1"},
				"south": {"uv": [8.96, 0.96, 11.04, 3.04], "texture": "#1"},
				"west": {"uv": [8.96, 0.96, 11.04, 3.04], "texture": "#1"},
				"up": {"uv": [8.96, 0.96, 11.04, 3.04], "texture": "#1"},
				"down": {"uv": [8.96, 0.96, 11.04, 3.04], "texture": "#1"}
			}
		},
		{
			"name": "Voxels-0F0F0F",
			"from": [1, 7, 8.25],
			"to": [2.25, 15.5, 8.5],
			"faces": {
				"north": {"uv": [8.96, 0.96, 11.04, 3.04], "texture": "#1"},
				"east": {"uv": [8.96, 0.96, 11.04, 3.04], "texture": "#1"},
				"south": {"uv": [8.96, 0.96, 11.04, 3.04], "texture": "#1"},
				"west": {"uv": [8.96, 0.96, 11.04, 3.04], "texture": "#1"},
				"up": {"uv": [8.96, 0.96, 11.04, 3.04], "texture": "#1"},
				"down": {"uv": [8.96, 0.96, 11.04, 3.04], "texture": "#1"}
			}
		},
		{
			"name": "Voxels-0F0F0F",
			"from": [1, 9.75, 6.25],
			"to": [2, 15.5, 6.5],
			"faces": {
				"north": {"uv": [8.96, 0.96, 11.04, 3.04], "texture": "#1"},
				"east": {"uv": [8.96, 0.96, 11.04, 3.04], "texture": "#1"},
				"south": {"uv": [8.96, 0.96, 11.04, 3.04], "texture": "#1"},
				"west": {"uv": [8.96, 0.96, 11.04, 3.04], "texture": "#1"},
				"up": {"uv": [8.96, 0.96, 11.04, 3.04], "texture": "#1"},
				"down": {"uv": [8.96, 0.96, 11.04, 3.04], "texture": "#1"}
			}
		},
		{
			"name": "Voxels-0F0F0F",
			"from": [1.25, 6.25, 6],
			"to": [2.25, 8.25, 6.25],
			"faces": {
				"north": {"uv": [8.96, 0.96, 11.04, 3.04], "texture": "#1"},
				"east": {"uv": [8.96, 0.96, 11.04, 3.04], "texture": "#1"},
				"south": {"uv": [8.96, 0.96, 11.04, 3.04], "texture": "#1"},
				"west": {"uv": [8.96, 0.96, 11.04, 3.04], "texture": "#1"},
				"up": {"uv": [8.96, 0.96, 11.04, 3.04], "texture": "#1"},
				"down": {"uv": [8.96, 0.96, 11.04, 3.04], "texture": "#1"}
			}
		},
		{
			"name": "Voxels-0F0F0F",
			"from": [1.25, 6.25, 6.25],
			"to": [2.25, 7, 8.75],
			"faces": {
				"north": {"uv": [8.96, 0.96, 11.04, 3.04], "texture": "#1"},
				"east": {"uv": [8.96, 0.96, 11.04, 3.04], "texture": "#1"},
				"south": {"uv": [8.96, 0.96, 11.04, 3.04], "texture": "#1"},
				"west": {"uv": [8.96, 0.96, 11.04, 3.04], "texture": "#1"},
				"up": {"uv": [8.96, 0.96, 11.04, 3.04], "texture": "#1"},
				"down": {"uv": [8.96, 0.96, 11.04, 3.04], "texture": "#1"}
			}
		},
		{
			"name": "Voxels-0F0F0F",
			"from": [1.25, 7, 8.5],
			"to": [2.25, 8.25, 8.75],
			"faces": {
				"north": {"uv": [8.96, 0.96, 11.04, 3.04], "texture": "#1"},
				"east": {"uv": [8.96, 0.96, 11.04, 3.04], "texture": "#1"},
				"south": {"uv": [8.96, 0.96, 11.04, 3.04], "texture": "#1"},
				"west": {"uv": [8.96, 0.96, 11.04, 3.04], "texture": "#1"},
				"up": {"uv": [8.96, 0.96, 11.04, 3.04], "texture": "#1"},
				"down": {"uv": [8.96, 0.96, 11.04, 3.04], "texture": "#1"}
			}
		},
		{
			"name": "Voxels-0F0F0F",
			"from": [1.25, 15.25, 8],
			"to": [14.75, 15.5, 8.25],
			"faces": {
				"north": {"uv": [8.96, 0.96, 11.04, 3.04], "texture": "#1"},
				"east": {"uv": [8.96, 0.96, 11.04, 3.04], "texture": "#1"},
				"south": {"uv": [8.96, 0.96, 11.04, 3.04], "texture": "#1"},
				"west": {"uv": [8.96, 0.96, 11.04, 3.04], "texture": "#1"},
				"up": {"uv": [8.96, 0.96, 11.04, 3.04], "texture": "#1"},
				"down": {"uv": [8.96, 0.96, 11.04, 3.04], "texture": "#1"}
			}
		},
		{
			"name": "Voxels-0F0F0F",
			"from": [1.5, 6, 5.75],
			"to": [2.25, 8.25, 6],
			"faces": {
				"north": {"uv": [8.96, 0.96, 11.04, 3.04], "texture": "#1"},
				"east": {"uv": [8.96, 0.96, 11.04, 3.04], "texture": "#1"},
				"south": {"uv": [8.96, 0.96, 11.04, 3.04], "texture": "#1"},
				"west": {"uv": [8.96, 0.96, 11.04, 3.04], "texture": "#1"},
				"up": {"uv": [8.96, 0.96, 11.04, 3.04], "texture": "#1"},
				"down": {"uv": [8.96, 0.96, 11.04, 3.04], "texture": "#1"}
			}
		},
		{
			"name": "Voxels-0F0F0F",
			"from": [1.5, 6, 6],
			"to": [2.25, 6.25, 9],
			"faces": {
				"north": {"uv": [8.96, 0.96, 11.04, 3.04], "texture": "#1"},
				"east": {"uv": [8.96, 0.96, 11.04, 3.04], "texture": "#1"},
				"south": {"uv": [8.96, 0.96, 11.04, 3.04], "texture": "#1"},
				"west": {"uv": [8.96, 0.96, 11.04, 3.04], "texture": "#1"},
				"up": {"uv": [8.96, 0.96, 11.04, 3.04], "texture": "#1"},
				"down": {"uv": [8.96, 0.96, 11.04, 3.04], "texture": "#1"}
			}
		},
		{
			"name": "Voxels-0F0F0F",
			"from": [1.5, 6.25, 8.75],
			"to": [2.25, 8.25, 9],
			"faces": {
				"north": {"uv": [8.96, 0.96, 11.04, 3.04], "texture": "#1"},
				"east": {"uv": [8.96, 0.96, 11.04, 3.04], "texture": "#1"},
				"south": {"uv": [8.96, 0.96, 11.04, 3.04], "texture": "#1"},
				"west": {"uv": [8.96, 0.96, 11.04, 3.04], "texture": "#1"},
				"up": {"uv": [8.96, 0.96, 11.04, 3.04], "texture": "#1"},
				"down": {"uv": [8.96, 0.96, 11.04, 3.04], "texture": "#1"}
			}
		},
		{
			"name": "Voxels-0F0F0F",
			"from": [1.5, 14.75, 7],
			"to": [15, 15, 7.25],
			"faces": {
				"north": {"uv": [8.96, 0.96, 11.04, 3.04], "texture": "#1"},
				"east": {"uv": [8.96, 0.96, 11.04, 3.04], "texture": "#1"},
				"south": {"uv": [8.96, 0.96, 11.04, 3.04], "texture": "#1"},
				"west": {"uv": [8.96, 0.96, 11.04, 3.04], "texture": "#1"},
				"up": {"uv": [8.96, 0.96, 11.04, 3.04], "texture": "#1"},
				"down": {"uv": [8.96, 0.96, 11.04, 3.04], "texture": "#1"}
			}
		},
		{
			"name": "Voxels-0F0F0F",
			"from": [1.5, 15, 6.75],
			"to": [15, 16, 7],
			"faces": {
				"north": {"uv": [8.96, 0.96, 11.04, 3.04], "texture": "#1"},
				"east": {"uv": [8.96, 0.96, 11.04, 3.04], "texture": "#1"},
				"south": {"uv": [8.96, 0.96, 11.04, 3.04], "texture": "#1"},
				"west": {"uv": [8.96, 0.96, 11.04, 3.04], "texture": "#1"},
				"up": {"uv": [8.96, 0.96, 11.04, 3.04], "texture": "#1"},
				"down": {"uv": [8.96, 0.96, 11.04, 3.04], "texture": "#1"}
			}
		},
		{
			"name": "Voxels-0F0F0F",
			"from": [1.5, 15, 7],
			"to": [1.75, 16, 7.25],
			"faces": {
				"north": {"uv": [8.96, 0.96, 11.04, 3.04], "texture": "#1"},
				"east": {"uv": [8.96, 0.96, 11.04, 3.04], "texture": "#1"},
				"south": {"uv": [8.96, 0.96, 11.04, 3.04], "texture": "#1"},
				"west": {"uv": [8.96, 0.96, 11.04, 3.04], "texture": "#1"},
				"up": {"uv": [8.96, 0.96, 11.04, 3.04], "texture": "#1"},
				"down": {"uv": [8.96, 0.96, 11.04, 3.04], "texture": "#1"}
			}
		},
		{
			"name": "Voxels-0F0F0F",
			"from": [1.5, 15.25, 6.5],
			"to": [14.75, 15.5, 6.75],
			"faces": {
				"north": {"uv": [8.96, 0.96, 11.04, 3.04], "texture": "#1"},
				"east": {"uv": [8.96, 0.96, 11.04, 3.04], "texture": "#1"},
				"south": {"uv": [8.96, 0.96, 11.04, 3.04], "texture": "#1"},
				"west": {"uv": [8.96, 0.96, 11.04, 3.04], "texture": "#1"},
				"up": {"uv": [8.96, 0.96, 11.04, 3.04], "texture": "#1"},
				"down": {"uv": [8.96, 0.96, 11.04, 3.04], "texture": "#1"}
			}
		},
		{
			"name": "Voxels-0F0F0F",
			"from": [1.75, 4.5, 5],
			"to": [2.25, 9.5, 5.75],
			"faces": {
				"north": {"uv": [8.96, 0.96, 11.04, 3.04], "texture": "#1"},
				"east": {"uv": [8.96, 0.96, 11.04, 3.04], "texture": "#1"},
				"south": {"uv": [8.96, 0.96, 11.04, 3.04], "texture": "#1"},
				"west": {"uv": [8.96, 0.96, 11.04, 3.04], "texture": "#1"},
				"up": {"uv": [8.96, 0.96, 11.04, 3.04], "texture": "#1"},
				"down": {"uv": [8.96, 0.96, 11.04, 3.04], "texture": "#1"}
			}
		},
		{
			"name": "Voxels-0F0F0F",
			"from": [1.75, 4.5, 5.75],
			"to": [2.25, 6, 9.75],
			"faces": {
				"north": {"uv": [8.96, 0.96, 11.04, 3.04], "texture": "#1"},
				"east": {"uv": [8.96, 0.96, 11.04, 3.04], "texture": "#1"},
				"south": {"uv": [8.96, 0.96, 11.04, 3.04], "texture": "#1"},
				"west": {"uv": [8.96, 0.96, 11.04, 3.04], "texture": "#1"},
				"up": {"uv": [8.96, 0.96, 11.04, 3.04], "texture": "#1"},
				"down": {"uv": [8.96, 0.96, 11.04, 3.04], "texture": "#1"}
			}
		},
		{
			"name": "Voxels-0F0F0F",
			"from": [1.75, 6, 9],
			"to": [2.25, 9.5, 9.75],
			"faces": {
				"north": {"uv": [8.96, 0.96, 11.04, 3.04], "texture": "#1"},
				"east": {"uv": [8.96, 0.96, 11.04, 3.04], "texture": "#1"},
				"south": {"uv": [8.96, 0.96, 11.04, 3.04], "texture": "#1"},
				"west": {"uv": [8.96, 0.96, 11.04, 3.04], "texture": "#1"},
				"up": {"uv": [8.96, 0.96, 11.04, 3.04], "texture": "#1"},
				"down": {"uv": [8.96, 0.96, 11.04, 3.04], "texture": "#1"}
			}
		},
		{
			"name": "Voxels-0F0F0F",
			"from": [1.75, 8.25, 5.75],
			"to": [2.25, 9.5, 6.25],
			"faces": {
				"north": {"uv": [8.96, 0.96, 11.04, 3.04], "texture": "#1"},
				"east": {"uv": [8.96, 0.96, 11.04, 3.04], "texture": "#1"},
				"south": {"uv": [8.96, 0.96, 11.04, 3.04], "texture": "#1"},
				"west": {"uv": [8.96, 0.96, 11.04, 3.04], "texture": "#1"},
				"up": {"uv": [8.96, 0.96, 11.04, 3.04], "texture": "#1"},
				"down": {"uv": [8.96, 0.96, 11.04, 3.04], "texture": "#1"}
			}
		},
		{
			"name": "Voxels-0F0F0F",
			"from": [1.75, 8.25, 8.5],
			"to": [2.25, 9.5, 9],
			"faces": {
				"north": {"uv": [8.96, 0.96, 11.04, 3.04], "texture": "#1"},
				"east": {"uv": [8.96, 0.96, 11.04, 3.04], "texture": "#1"},
				"south": {"uv": [8.96, 0.96, 11.04, 3.04], "texture": "#1"},
				"west": {"uv": [8.96, 0.96, 11.04, 3.04], "texture": "#1"},
				"up": {"uv": [8.96, 0.96, 11.04, 3.04], "texture": "#1"},
				"down": {"uv": [8.96, 0.96, 11.04, 3.04], "texture": "#1"}
			}
		},
		{
			"name": "Voxels-0F0F0F",
			"from": [1.75, 15, 7.75],
			"to": [15, 16, 8],
			"faces": {
				"north": {"uv": [8.96, 0.96, 11.04, 3.04], "texture": "#1"},
				"east": {"uv": [8.96, 0.96, 11.04, 3.04], "texture": "#1"},
				"south": {"uv": [8.96, 0.96, 11.04, 3.04], "texture": "#1"},
				"west": {"uv": [8.96, 0.96, 11.04, 3.04], "texture": "#1"},
				"up": {"uv": [8.96, 0.96, 11.04, 3.04], "texture": "#1"},
				"down": {"uv": [8.96, 0.96, 11.04, 3.04], "texture": "#1"}
			}
		},
		{
			"name": "Voxels-0F0F0F",
			"from": [1.75, 15.25, 7],
			"to": [15, 15.5, 7.25],
			"faces": {
				"north": {"uv": [8.96, 0.96, 11.04, 3.04], "texture": "#1"},
				"east": {"uv": [8.96, 0.96, 11.04, 3.04], "texture": "#1"},
				"south": {"uv": [8.96, 0.96, 11.04, 3.04], "texture": "#1"},
				"west": {"uv": [8.96, 0.96, 11.04, 3.04], "texture": "#1"},
				"up": {"uv": [8.96, 0.96, 11.04, 3.04], "texture": "#1"},
				"down": {"uv": [8.96, 0.96, 11.04, 3.04], "texture": "#1"}
			}
		},
		{
			"name": "Voxels-0F0F0F",
			"from": [1.75, 15.25, 7.25],
			"to": [14.75, 15.5, 7.75],
			"faces": {
				"north": {"uv": [8.96, 0.96, 11.04, 3.04], "texture": "#1"},
				"east": {"uv": [8.96, 0.96, 11.04, 3.04], "texture": "#1"},
				"south": {"uv": [8.96, 0.96, 11.04, 3.04], "texture": "#1"},
				"west": {"uv": [8.96, 0.96, 11.04, 3.04], "texture": "#1"},
				"up": {"uv": [8.96, 0.96, 11.04, 3.04], "texture": "#1"},
				"down": {"uv": [8.96, 0.96, 11.04, 3.04], "texture": "#1"}
			}
		},
		{
			"name": "Voxels-0F0F0F",
			"from": [1.75, 15.75, 7],
			"to": [15, 16, 7.25],
			"faces": {
				"north": {"uv": [8.96, 0.96, 11.04, 3.04], "texture": "#1"},
				"east": {"uv": [8.96, 0.96, 11.04, 3.04], "texture": "#1"},
				"south": {"uv": [8.96, 0.96, 11.04, 3.04], "texture": "#1"},
				"west": {"uv": [8.96, 0.96, 11.04, 3.04], "texture": "#1"},
				"up": {"uv": [8.96, 0.96, 11.04, 3.04], "texture": "#1"},
				"down": {"uv": [8.96, 0.96, 11.04, 3.04], "texture": "#1"}
			}
		},
		{
			"name": "Voxels-0F0F0F",
			"from": [1.75, 15.75, 7.5],
			"to": [15, 16, 7.75],
			"faces": {
				"north": {"uv": [8.96, 0.96, 11.04, 3.04], "texture": "#1"},
				"east": {"uv": [8.96, 0.96, 11.04, 3.04], "texture": "#1"},
				"south": {"uv": [8.96, 0.96, 11.04, 3.04], "texture": "#1"},
				"west": {"uv": [8.96, 0.96, 11.04, 3.04], "texture": "#1"},
				"up": {"uv": [8.96, 0.96, 11.04, 3.04], "texture": "#1"},
				"down": {"uv": [8.96, 0.96, 11.04, 3.04], "texture": "#1"}
			}
		},
		{
			"name": "Voxels-0F0F0F",
			"from": [2, 4.25, 4.75],
			"to": [2.25, 9.75, 5],
			"faces": {
				"north": {"uv": [8.96, 0.96, 11.04, 3.04], "texture": "#1"},
				"east": {"uv": [8.96, 0.96, 11.04, 3.04], "texture": "#1"},
				"south": {"uv": [8.96, 0.96, 11.04, 3.04], "texture": "#1"},
				"west": {"uv": [8.96, 0.96, 11.04, 3.04], "texture": "#1"},
				"up": {"uv": [8.96, 0.96, 11.04, 3.04], "texture": "#1"},
				"down": {"uv": [8.96, 0.96, 11.04, 3.04], "texture": "#1"}
			}
		},
		{
			"name": "Voxels-0F0F0F",
			"from": [2, 4.25, 5],
			"to": [2.25, 4.5, 10],
			"faces": {
				"north": {"uv": [8.96, 0.96, 11.04, 3.04], "texture": "#1"},
				"east": {"uv": [8.96, 0.96, 11.04, 3.04], "texture": "#1"},
				"south": {"uv": [8.96, 0.96, 11.04, 3.04], "texture": "#1"},
				"west": {"uv": [8.96, 0.96, 11.04, 3.04], "texture": "#1"},
				"up": {"uv": [8.96, 0.96, 11.04, 3.04], "texture": "#1"},
				"down": {"uv": [8.96, 0.96, 11.04, 3.04], "texture": "#1"}
			}
		},
		{
			"name": "Voxels-0F0F0F",
			"from": [2, 4.5, 9.75],
			"to": [2.25, 9.75, 10],
			"faces": {
				"north": {"uv": [8.96, 0.96, 11.04, 3.04], "texture": "#1"},
				"east": {"uv": [8.96, 0.96, 11.04, 3.04], "texture": "#1"},
				"south": {"uv": [8.96, 0.96, 11.04, 3.04], "texture": "#1"},
				"west": {"uv": [8.96, 0.96, 11.04, 3.04], "texture": "#1"},
				"up": {"uv": [8.96, 0.96, 11.04, 3.04], "texture": "#1"},
				"down": {"uv": [8.96, 0.96, 11.04, 3.04], "texture": "#1"}
			}
		},
		{
			"name": "Voxels-0F0F0F",
			"from": [2, 9.5, 5],
			"to": [2.25, 9.75, 6.25],
			"faces": {
				"north": {"uv": [8.96, 0.96, 11.04, 3.04], "texture": "#1"},
				"east": {"uv": [8.96, 0.96, 11.04, 3.04], "texture": "#1"},
				"south": {"uv": [8.96, 0.96, 11.04, 3.04], "texture": "#1"},
				"west": {"uv": [8.96, 0.96, 11.04, 3.04], "texture": "#1"},
				"up": {"uv": [8.96, 0.96, 11.04, 3.04], "texture": "#1"},
				"down": {"uv": [8.96, 0.96, 11.04, 3.04], "texture": "#1"}
			}
		},
		{
			"name": "Voxels-0F0F0F",
			"from": [2, 9.5, 8.5],
			"to": [2.25, 9.75, 9.75],
			"faces": {
				"north": {"uv": [8.96, 0.96, 11.04, 3.04], "texture": "#1"},
				"east": {"uv": [8.96, 0.96, 11.04, 3.04], "texture": "#1"},
				"south": {"uv": [8.96, 0.96, 11.04, 3.04], "texture": "#1"},
				"west": {"uv": [8.96, 0.96, 11.04, 3.04], "texture": "#1"},
				"up": {"uv": [8.96, 0.96, 11.04, 3.04], "texture": "#1"},
				"down": {"uv": [8.96, 0.96, 11.04, 3.04], "texture": "#1"}
			}
		},
		{
			"name": "leds2",
			"from": [2, 10, 7.25],
			"to": [2.25, 14.25, 7.5],
			"faces": {
				"north": {"uv": [4.96, 0.96, 7.04, 3.04], "texture": "#2"},
				"east": {"uv": [4.96, 0.96, 7.04, 3.04], "texture": "#2"},
				"south": {"uv": [4.96, 0.96, 7.04, 3.04], "texture": "#2"},
				"west": {"uv": [4.96, 0.96, 7.04, 3.04], "texture": "#2"},
				"up": {"uv": [4.96, 0.96, 7.04, 3.04], "texture": "#2"},
				"down": {"uv": [4.96, 0.96, 7.04, 3.04], "texture": "#2"}
			}
		},
		{
			"name": "Voxels-0F0F0F",
			"from": [2, 14.25, 7.25],
			"to": [2.25, 15, 7.5],
			"faces": {
				"north": {"uv": [8.96, 0.96, 11.04, 3.04], "texture": "#1"},
				"east": {"uv": [8.96, 0.96, 11.04, 3.04], "texture": "#1"},
				"south": {"uv": [8.96, 0.96, 11.04, 3.04], "texture": "#1"},
				"west": {"uv": [8.96, 0.96, 11.04, 3.04], "texture": "#1"},
				"up": {"uv": [8.96, 0.96, 11.04, 3.04], "texture": "#1"},
				"down": {"uv": [8.96, 0.96, 11.04, 3.04], "texture": "#1"}
			}
		},
		{
			"name": "Voxels-0F0F0F",
			"from": [2, 14.5, 6.25],
			"to": [14.5, 15.5, 6.5],
			"faces": {
				"north": {"uv": [8.96, 0.96, 11.04, 3.04], "texture": "#1"},
				"east": {"uv": [8.96, 0.96, 11.04, 3.04], "texture": "#1"},
				"south": {"uv": [8.96, 0.96, 11.04, 3.04], "texture": "#1"},
				"west": {"uv": [8.96, 0.96, 11.04, 3.04], "texture": "#1"},
				"up": {"uv": [8.96, 0.96, 11.04, 3.04], "texture": "#1"},
				"down": {"uv": [8.96, 0.96, 11.04, 3.04], "texture": "#1"}
			}
		},
		{
			"name": "Voxels-0F0F0F",
			"from": [2.25, 4, 4.5],
			"to": [3.25, 10, 4.75],
			"faces": {
				"north": {"uv": [8.96, 0.96, 11.04, 3.04], "texture": "#1"},
				"east": {"uv": [8.96, 0.96, 11.04, 3.04], "texture": "#1"},
				"south": {"uv": [8.96, 0.96, 11.04, 3.04], "texture": "#1"},
				"west": {"uv": [8.96, 0.96, 11.04, 3.04], "texture": "#1"},
				"up": {"uv": [8.96, 0.96, 11.04, 3.04], "texture": "#1"},
				"down": {"uv": [8.96, 0.96, 11.04, 3.04], "texture": "#1"}
			}
		},
		{
			"name": "Voxels-0F0F0F",
			"from": [2.25, 4, 4.75],
			"to": [3.25, 4.25, 10.25],
			"faces": {
				"north": {"uv": [8.96, 0.96, 11.04, 3.04], "texture": "#1"},
				"east": {"uv": [8.96, 0.96, 11.04, 3.04], "texture": "#1"},
				"south": {"uv": [8.96, 0.96, 11.04, 3.04], "texture": "#1"},
				"west": {"uv": [8.96, 0.96, 11.04, 3.04], "texture": "#1"},
				"up": {"uv": [8.96, 0.96, 11.04, 3.04], "texture": "#1"},
				"down": {"uv": [8.96, 0.96, 11.04, 3.04], "texture": "#1"}
			}
		},
		{
			"name": "Voxels-000000",
			"from": [2.25, 4.25, 4.75],
			"to": [2.5, 9.75, 10],
			"faces": {
				"north": {"uv": [12.96, 0.96, 15.04, 3.04], "texture": "#1"},
				"east": {"uv": [12.96, 0.96, 15.04, 3.04], "texture": "#1"},
				"south": {"uv": [12.96, 0.96, 15.04, 3.04], "texture": "#1"},
				"west": {"uv": [12.96, 0.96, 15.04, 3.04], "texture": "#1"},
				"up": {"uv": [12.96, 0.96, 15.04, 3.04], "texture": "#1"},
				"down": {"uv": [12.96, 0.96, 15.04, 3.04], "texture": "#1"}
			}
		},
		{
			"name": "Voxels-0F0F0F",
			"from": [2.25, 4.25, 10],
			"to": [3.25, 10, 10.25],
			"faces": {
				"north": {"uv": [8.96, 0.96, 11.04, 3.04], "texture": "#1"},
				"east": {"uv": [8.96, 0.96, 11.04, 3.04], "texture": "#1"},
				"south": {"uv": [8.96, 0.96, 11.04, 3.04], "texture": "#1"},
				"west": {"uv": [8.96, 0.96, 11.04, 3.04], "texture": "#1"},
				"up": {"uv": [8.96, 0.96, 11.04, 3.04], "texture": "#1"},
				"down": {"uv": [8.96, 0.96, 11.04, 3.04], "texture": "#1"}
			}
		},
		{
			"name": "Voxels-0F0F0F",
			"from": [2.25, 9.75, 4.75],
			"to": [3.25, 10, 10],
			"faces": {
				"north": {"uv": [8.96, 0.96, 11.04, 3.04], "texture": "#1"},
				"east": {"uv": [8.96, 0.96, 11.04, 3.04], "texture": "#1"},
				"south": {"uv": [8.96, 0.96, 11.04, 3.04], "texture": "#1"},
				"west": {"uv": [8.96, 0.96, 11.04, 3.04], "texture": "#1"},
				"up": {"uv": [8.96, 0.96, 11.04, 3.04], "texture": "#1"},
				"down": {"uv": [8.96, 0.96, 11.04, 3.04], "texture": "#1"}
			}
		},
		{
			"name": "Voxels-0F0F0F",
			"from": [2.25, 14.25, 6.5],
			"to": [14.75, 14.5, 7.25],
			"faces": {
				"north": {"uv": [8.96, 0.96, 11.04, 3.04], "texture": "#1"},
				"east": {"uv": [8.96, 0.96, 11.04, 3.04], "texture": "#1"},
				"south": {"uv": [8.96, 0.96, 11.04, 3.04], "texture": "#1"},
				"west": {"uv": [8.96, 0.96, 11.04, 3.04], "texture": "#1"},
				"up": {"uv": [8.96, 0.96, 11.04, 3.04], "texture": "#1"},
				"down": {"uv": [8.96, 0.96, 11.04, 3.04], "texture": "#1"}
			}
		},
		{
			"name": "leds1",
			"from": [2.25, 14.25, 7.25],
			"to": [13.25, 14.5, 7.5],
			"faces": {
				"north": {"uv": [4.96, 0.96, 7.04, 3.04], "texture": "#2"},
				"east": {"uv": [4.96, 0.96, 7.04, 3.04], "texture": "#2"},
				"south": {"uv": [4.96, 0.96, 7.04, 3.04], "texture": "#2"},
				"west": {"uv": [4.96, 0.96, 7.04, 3.04], "texture": "#2"},
				"up": {"uv": [4.96, 0.96, 7.04, 3.04], "texture": "#2"},
				"down": {"uv": [4.96, 0.96, 7.04, 3.04], "texture": "#2"}
			}
		},
		{
			"name": "Voxels-0F0F0F",
			"from": [2.25, 14.25, 7.5],
			"to": [15, 14.5, 8],
			"faces": {
				"north": {"uv": [8.96, 0.96, 11.04, 3.04], "texture": "#1"},
				"east": {"uv": [8.96, 0.96, 11.04, 3.04], "texture": "#1"},
				"south": {"uv": [8.96, 0.96, 11.04, 3.04], "texture": "#1"},
				"west": {"uv": [8.96, 0.96, 11.04, 3.04], "texture": "#1"},
				"up": {"uv": [8.96, 0.96, 11.04, 3.04], "texture": "#1"},
				"down": {"uv": [8.96, 0.96, 11.04, 3.04], "texture": "#1"}
			}
		},
		{
			"name": "Voxels-0F0F0F",
			"from": [2.25, 14.25, 8],
			"to": [14.75, 14.5, 8.25],
			"faces": {
				"north": {"uv": [8.96, 0.96, 11.04, 3.04], "texture": "#1"},
				"east": {"uv": [8.96, 0.96, 11.04, 3.04], "texture": "#1"},
				"south": {"uv": [8.96, 0.96, 11.04, 3.04], "texture": "#1"},
				"west": {"uv": [8.96, 0.96, 11.04, 3.04], "texture": "#1"},
				"up": {"uv": [8.96, 0.96, 11.04, 3.04], "texture": "#1"},
				"down": {"uv": [8.96, 0.96, 11.04, 3.04], "texture": "#1"}
			}
		},
		{
			"name": "Voxels-0F0F0F",
			"from": [2.25, 14.25, 8.25],
			"to": [14.5, 15.5, 8.5],
			"faces": {
				"north": {"uv": [8.96, 0.96, 11.04, 3.04], "texture": "#1"},
				"east": {"uv": [8.96, 0.96, 11.04, 3.04], "texture": "#1"},
				"south": {"uv": [8.96, 0.96, 11.04, 3.04], "texture": "#1"},
				"west": {"uv": [8.96, 0.96, 11.04, 3.04], "texture": "#1"},
				"up": {"uv": [8.96, 0.96, 11.04, 3.04], "texture": "#1"},
				"down": {"uv": [8.96, 0.96, 11.04, 3.04], "texture": "#1"}
			}
		},
		{
			"name": "Voxels-0F0F0F",
			"from": [2.25, 14.75, 7.25],
			"to": [14.75, 15, 8],
			"faces": {
				"north": {"uv": [8.96, 0.96, 11.04, 3.04], "texture": "#1"},
				"east": {"uv": [8.96, 0.96, 11.04, 3.04], "texture": "#1"},
				"south": {"uv": [8.96, 0.96, 11.04, 3.04], "texture": "#1"},
				"west": {"uv": [8.96, 0.96, 11.04, 3.04], "texture": "#1"},
				"up": {"uv": [8.96, 0.96, 11.04, 3.04], "texture": "#1"},
				"down": {"uv": [8.96, 0.96, 11.04, 3.04], "texture": "#1"}
			}
		},
		{
			"name": "leds6",
			"from": [2.5, 3.75, 4.25],
			"to": [3, 10.25, 4.5],
			"faces": {
				"north": {"uv": [4.96, 0.96, 7.04, 3.04], "texture": "#2"},
				"east": {"uv": [4.96, 0.96, 7.04, 3.04], "texture": "#2"},
				"south": {"uv": [4.96, 0.96, 7.04, 3.04], "texture": "#2"},
				"west": {"uv": [4.96, 0.96, 7.04, 3.04], "texture": "#2"},
				"up": {"uv": [4.96, 0.96, 7.04, 3.04], "texture": "#2"},
				"down": {"uv": [4.96, 0.96, 7.04, 3.04], "texture": "#2"}
			}
		},
		{
			"name": "leds10",
			"from": [2.5, 3.75, 4.5],
			"to": [3, 4, 10.5],
			"faces": {
				"north": {"uv": [4.96, 0.96, 7.04, 3.04], "texture": "#2"},
				"east": {"uv": [4.96, 0.96, 7.04, 3.04], "texture": "#2"},
				"south": {"uv": [4.96, 0.96, 7.04, 3.04], "texture": "#2"},
				"west": {"uv": [4.96, 0.96, 7.04, 3.04], "texture": "#2"},
				"up": {"uv": [4.96, 0.96, 7.04, 3.04], "texture": "#2"},
				"down": {"uv": [4.96, 0.96, 7.04, 3.04], "texture": "#2"}
			}
		},
		{
			"name": "leds9",
			"from": [2.5, 4, 10.25],
			"to": [3, 10.25, 10.5],
			"faces": {
				"north": {"uv": [4.96, 0.96, 7.04, 3.04], "texture": "#2"},
				"east": {"uv": [4.96, 0.96, 7.04, 3.04], "texture": "#2"},
				"south": {"uv": [4.96, 0.96, 7.04, 3.04], "texture": "#2"},
				"west": {"uv": [4.96, 0.96, 7.04, 3.04], "texture": "#2"},
				"up": {"uv": [4.96, 0.96, 7.04, 3.04], "texture": "#2"},
				"down": {"uv": [4.96, 0.96, 7.04, 3.04], "texture": "#2"}
			}
		},
		{
			"name": "leds5",
			"from": [2.5, 10, 4.5],
			"to": [3, 10.25, 10.25],
			"faces": {
				"north": {"uv": [4.96, 0.96, 7.04, 3.04], "texture": "#2"},
				"east": {"uv": [4.96, 0.96, 7.04, 3.04], "texture": "#2"},
				"south": {"uv": [4.96, 0.96, 7.04, 3.04], "texture": "#2"},
				"west": {"uv": [4.96, 0.96, 7.04, 3.04], "texture": "#2"},
				"up": {"uv": [4.96, 0.96, 7.04, 3.04], "texture": "#2"},
				"down": {"uv": [4.96, 0.96, 7.04, 3.04], "texture": "#2"}
			}
		},
		{
			"name": "Voxels-0F0F0F",
			"from": [12.25, 4, 4.5],
			"to": [13.25, 10, 4.75],
			"faces": {
				"north": {"uv": [8.96, 0.96, 11.04, 3.04], "texture": "#1"},
				"east": {"uv": [8.96, 0.96, 11.04, 3.04], "texture": "#1"},
				"south": {"uv": [8.96, 0.96, 11.04, 3.04], "texture": "#1"},
				"west": {"uv": [8.96, 0.96, 11.04, 3.04], "texture": "#1"},
				"up": {"uv": [8.96, 0.96, 11.04, 3.04], "texture": "#1"},
				"down": {"uv": [8.96, 0.96, 11.04, 3.04], "texture": "#1"}
			}
		},
		{
			"name": "Voxels-0F0F0F",
			"from": [12.25, 4, 4.75],
			"to": [13.25, 4.25, 10.25],
			"faces": {
				"north": {"uv": [8.96, 0.96, 11.04, 3.04], "texture": "#1"},
				"east": {"uv": [8.96, 0.96, 11.04, 3.04], "texture": "#1"},
				"south": {"uv": [8.96, 0.96, 11.04, 3.04], "texture": "#1"},
				"west": {"uv": [8.96, 0.96, 11.04, 3.04], "texture": "#1"},
				"up": {"uv": [8.96, 0.96, 11.04, 3.04], "texture": "#1"},
				"down": {"uv": [8.96, 0.96, 11.04, 3.04], "texture": "#1"}
			}
		},
		{
			"name": "Voxels-0F0F0F",
			"from": [12.25, 4.25, 10],
			"to": [13.25, 10, 10.25],
			"faces": {
				"north": {"uv": [8.96, 0.96, 11.04, 3.04], "texture": "#1"},
				"east": {"uv": [8.96, 0.96, 11.04, 3.04], "texture": "#1"},
				"south": {"uv": [8.96, 0.96, 11.04, 3.04], "texture": "#1"},
				"west": {"uv": [8.96, 0.96, 11.04, 3.04], "texture": "#1"},
				"up": {"uv": [8.96, 0.96, 11.04, 3.04], "texture": "#1"},
				"down": {"uv": [8.96, 0.96, 11.04, 3.04], "texture": "#1"}
			}
		},
		{
			"name": "Voxels-0F0F0F",
			"from": [12.25, 9.75, 4.75],
			"to": [13.25, 10, 10],
			"faces": {
				"north": {"uv": [8.96, 0.96, 11.04, 3.04], "texture": "#1"},
				"east": {"uv": [8.96, 0.96, 11.04, 3.04], "texture": "#1"},
				"south": {"uv": [8.96, 0.96, 11.04, 3.04], "texture": "#1"},
				"west": {"uv": [8.96, 0.96, 11.04, 3.04], "texture": "#1"},
				"up": {"uv": [8.96, 0.96, 11.04, 3.04], "texture": "#1"},
				"down": {"uv": [8.96, 0.96, 11.04, 3.04], "texture": "#1"}
			}
		},
		{
			"name": "leds3",
			"from": [12.5, 3.75, 4.25],
			"to": [13, 10.25, 4.5],
			"faces": {
				"north": {"uv": [4.96, 0.96, 7.04, 3.04], "texture": "#2"},
				"east": {"uv": [4.96, 0.96, 7.04, 3.04], "texture": "#2"},
				"south": {"uv": [4.96, 0.96, 7.04, 3.04], "texture": "#2"},
				"west": {"uv": [4.96, 0.96, 7.04, 3.04], "texture": "#2"},
				"up": {"uv": [4.96, 0.96, 7.04, 3.04], "texture": "#2"},
				"down": {"uv": [4.96, 0.96, 7.04, 3.04], "texture": "#2"}
			}
		},
		{
			"name": "leds8",
			"from": [12.5, 3.75, 4.5],
			"to": [13, 4, 10.5],
			"faces": {
				"north": {"uv": [4.96, 0.96, 7.04, 3.04], "texture": "#2"},
				"east": {"uv": [4.96, 0.96, 7.04, 3.04], "texture": "#2"},
				"south": {"uv": [4.96, 0.96, 7.04, 3.04], "texture": "#2"},
				"west": {"uv": [4.96, 0.96, 7.04, 3.04], "texture": "#2"},
				"up": {"uv": [4.96, 0.96, 7.04, 3.04], "texture": "#2"},
				"down": {"uv": [4.96, 0.96, 7.04, 3.04], "texture": "#2"}
			}
		},
		{
			"name": "leds7",
			"from": [12.5, 4, 10.25],
			"to": [13, 10.25, 10.5],
			"faces": {
				"north": {"uv": [4.96, 0.96, 7.04, 3.04], "texture": "#2"},
				"east": {"uv": [4.96, 0.96, 7.04, 3.04], "texture": "#2"},
				"south": {"uv": [4.96, 0.96, 7.04, 3.04], "texture": "#2"},
				"west": {"uv": [4.96, 0.96, 7.04, 3.04], "texture": "#2"},
				"up": {"uv": [4.96, 0.96, 7.04, 3.04], "texture": "#2"},
				"down": {"uv": [4.96, 0.96, 7.04, 3.04], "texture": "#2"}
			}
		},
		{
			"name": "leds4",
			"from": [12.5, 10, 4.5],
			"to": [13, 10.25, 10.25],
			"faces": {
				"north": {"uv": [4.96, 0.96, 7.04, 3.04], "texture": "#2"},
				"east": {"uv": [4.96, 0.96, 7.04, 3.04], "texture": "#2"},
				"south": {"uv": [4.96, 0.96, 7.04, 3.04], "texture": "#2"},
				"west": {"uv": [4.96, 0.96, 7.04, 3.04], "texture": "#2"},
				"up": {"uv": [4.96, 0.96, 7.04, 3.04], "texture": "#2"},
				"down": {"uv": [4.96, 0.96, 7.04, 3.04], "texture": "#2"}
			}
		},
		{
			"name": "Voxels-000000",
			"from": [13, 4.25, 4.75],
			"to": [13.25, 9.75, 10],
			"faces": {
				"north": {"uv": [12.96, 0.96, 15.04, 3.04], "texture": "#1"},
				"east": {"uv": [12.96, 0.96, 15.04, 3.04], "texture": "#1"},
				"south": {"uv": [12.96, 0.96, 15.04, 3.04], "texture": "#1"},
				"west": {"uv": [12.96, 0.96, 15.04, 3.04], "texture": "#1"},
				"up": {"uv": [12.96, 0.96, 15.04, 3.04], "texture": "#1"},
				"down": {"uv": [12.96, 0.96, 15.04, 3.04], "texture": "#1"}
			}
		},
		{
			"name": "Voxels-0F0F0F",
			"from": [13.25, 4.25, 4.75],
			"to": [13.5, 9.75, 10],
			"faces": {
				"north": {"uv": [8.96, 0.96, 11.04, 3.04], "texture": "#1"},
				"east": {"uv": [8.96, 0.96, 11.04, 3.04], "texture": "#1"},
				"south": {"uv": [8.96, 0.96, 11.04, 3.04], "texture": "#1"},
				"west": {"uv": [8.96, 0.96, 11.04, 3.04], "texture": "#1"},
				"up": {"uv": [8.96, 0.96, 11.04, 3.04], "texture": "#1"},
				"down": {"uv": [8.96, 0.96, 11.04, 3.04], "texture": "#1"}
			}
		},
		{
			"name": "Voxels-0F0F0F",
			"from": [13.25, 9.75, 6.5],
			"to": [14.75, 14.25, 7.25],
			"faces": {
				"north": {"uv": [8.96, 0.96, 11.04, 3.04], "texture": "#1"},
				"east": {"uv": [8.96, 0.96, 11.04, 3.04], "texture": "#1"},
				"south": {"uv": [8.96, 0.96, 11.04, 3.04], "texture": "#1"},
				"west": {"uv": [8.96, 0.96, 11.04, 3.04], "texture": "#1"},
				"up": {"uv": [8.96, 0.96, 11.04, 3.04], "texture": "#1"},
				"down": {"uv": [8.96, 0.96, 11.04, 3.04], "texture": "#1"}
			}
		},
		{
			"name": "Voxels-0F0F0F",
			"from": [13.25, 9.75, 7.25],
			"to": [14.75, 10, 8.25],
			"faces": {
				"north": {"uv": [8.96, 0.96, 11.04, 3.04], "texture": "#1"},
				"east": {"uv": [8.96, 0.96, 11.04, 3.04], "texture": "#1"},
				"south": {"uv": [8.96, 0.96, 11.04, 3.04], "texture": "#1"},
				"west": {"uv": [8.96, 0.96, 11.04, 3.04], "texture": "#1"},
				"up": {"uv": [8.96, 0.96, 11.04, 3.04], "texture": "#1"},
				"down": {"uv": [8.96, 0.96, 11.04, 3.04], "texture": "#1"}
			}
		},
		{
			"name": "Voxels-0F0F0F",
			"from": [13.25, 9.75, 8.25],
			"to": [14.5, 14.25, 8.5],
			"faces": {
				"north": {"uv": [8.96, 0.96, 11.04, 3.04], "texture": "#1"},
				"east": {"uv": [8.96, 0.96, 11.04, 3.04], "texture": "#1"},
				"south": {"uv": [8.96, 0.96, 11.04, 3.04], "texture": "#1"},
				"west": {"uv": [8.96, 0.96, 11.04, 3.04], "texture": "#1"},
				"up": {"uv": [8.96, 0.96, 11.04, 3.04], "texture": "#1"},
				"down": {"uv": [8.96, 0.96, 11.04, 3.04], "texture": "#1"}
			}
		},
		{
			"name": "leds",
			"from": [13.25, 10, 7.25],
			"to": [13.5, 14.25, 7.5],
			"faces": {
				"north": {"uv": [4.96, 0.96, 7.04, 3.04], "texture": "#2"},
				"east": {"uv": [4.96, 0.96, 7.04, 3.04], "texture": "#2"},
				"south": {"uv": [4.96, 0.96, 7.04, 3.04], "texture": "#2"},
				"west": {"uv": [4.96, 0.96, 7.04, 3.04], "texture": "#2"},
				"up": {"uv": [4.96, 0.96, 7.04, 3.04], "texture": "#2"},
				"down": {"uv": [4.96, 0.96, 7.04, 3.04], "texture": "#2"}
			}
		},
		{
			"name": "Voxels-0F0F0F",
			"from": [13.25, 10, 7.5],
			"to": [15, 14.25, 8],
			"faces": {
				"north": {"uv": [8.96, 0.96, 11.04, 3.04], "texture": "#1"},
				"east": {"uv": [8.96, 0.96, 11.04, 3.04], "texture": "#1"},
				"south": {"uv": [8.96, 0.96, 11.04, 3.04], "texture": "#1"},
				"west": {"uv": [8.96, 0.96, 11.04, 3.04], "texture": "#1"},
				"up": {"uv": [8.96, 0.96, 11.04, 3.04], "texture": "#1"},
				"down": {"uv": [8.96, 0.96, 11.04, 3.04], "texture": "#1"}
			}
		},
		{
			"name": "Voxels-0F0F0F",
			"from": [13.25, 10, 8],
			"to": [14.75, 14.25, 8.25],
			"faces": {
				"north": {"uv": [8.96, 0.96, 11.04, 3.04], "texture": "#1"},
				"east": {"uv": [8.96, 0.96, 11.04, 3.04], "texture": "#1"},
				"south": {"uv": [8.96, 0.96, 11.04, 3.04], "texture": "#1"},
				"west": {"uv": [8.96, 0.96, 11.04, 3.04], "texture": "#1"},
				"up": {"uv": [8.96, 0.96, 11.04, 3.04], "texture": "#1"},
				"down": {"uv": [8.96, 0.96, 11.04, 3.04], "texture": "#1"}
			}
		},
		{
			"name": "Voxels-0F0F0F",
			"from": [13.25, 14.25, 7.25],
			"to": [14.75, 14.75, 7.5],
			"faces": {
				"north": {"uv": [8.96, 0.96, 11.04, 3.04], "texture": "#1"},
				"east": {"uv": [8.96, 0.96, 11.04, 3.04], "texture": "#1"},
				"south": {"uv": [8.96, 0.96, 11.04, 3.04], "texture": "#1"},
				"west": {"uv": [8.96, 0.96, 11.04, 3.04], "texture": "#1"},
				"up": {"uv": [8.96, 0.96, 11.04, 3.04], "texture": "#1"},
				"down": {"uv": [8.96, 0.96, 11.04, 3.04], "texture": "#1"}
			}
		},
		{
			"name": "Voxels-0F0F0F",
			"from": [13.25, 14.5, 6.5],
			"to": [14.75, 14.75, 7.25],
			"faces": {
				"north": {"uv": [8.96, 0.96, 11.04, 3.04], "texture": "#1"},
				"east": {"uv": [8.96, 0.96, 11.04, 3.04], "texture": "#1"},
				"south": {"uv": [8.96, 0.96, 11.04, 3.04], "texture": "#1"},
				"west": {"uv": [8.96, 0.96, 11.04, 3.04], "texture": "#1"},
				"up": {"uv": [8.96, 0.96, 11.04, 3.04], "texture": "#1"},
				"down": {"uv": [8.96, 0.96, 11.04, 3.04], "texture": "#1"}
			}
		},
		{
			"name": "Voxels-0F0F0F",
			"from": [13.25, 14.5, 7.5],
			"to": [15, 14.75, 8],
			"faces": {
				"north": {"uv": [8.96, 0.96, 11.04, 3.04], "texture": "#1"},
				"east": {"uv": [8.96, 0.96, 11.04, 3.04], "texture": "#1"},
				"south": {"uv": [8.96, 0.96, 11.04, 3.04], "texture": "#1"},
				"west": {"uv": [8.96, 0.96, 11.04, 3.04], "texture": "#1"},
				"up": {"uv": [8.96, 0.96, 11.04, 3.04], "texture": "#1"},
				"down": {"uv": [8.96, 0.96, 11.04, 3.04], "texture": "#1"}
			}
		},
		{
			"name": "Voxels-0F0F0F",
			"from": [13.25, 14.5, 8],
			"to": [14.75, 14.75, 8.25],
			"faces": {
				"north": {"uv": [8.96, 0.96, 11.04, 3.04], "texture": "#1"},
				"east": {"uv": [8.96, 0.96, 11.04, 3.04], "texture": "#1"},
				"south": {"uv": [8.96, 0.96, 11.04, 3.04], "texture": "#1"},
				"west": {"uv": [8.96, 0.96, 11.04, 3.04], "texture": "#1"},
				"up": {"uv": [8.96, 0.96, 11.04, 3.04], "texture": "#1"},
				"down": {"uv": [8.96, 0.96, 11.04, 3.04], "texture": "#1"}
			}
		},
		{
			"name": "Voxels-0F0F0F",
			"from": [13.5, 4.5, 5],
			"to": [13.75, 9.5, 9.75],
			"faces": {
				"north": {"uv": [8.96, 0.96, 11.04, 3.04], "texture": "#1"},
				"east": {"uv": [8.96, 0.96, 11.04, 3.04], "texture": "#1"},
				"south": {"uv": [8.96, 0.96, 11.04, 3.04], "texture": "#1"},
				"west": {"uv": [8.96, 0.96, 11.04, 3.04], "texture": "#1"},
				"up": {"uv": [8.96, 0.96, 11.04, 3.04], "texture": "#1"},
				"down": {"uv": [8.96, 0.96, 11.04, 3.04], "texture": "#1"}
			}
		},
		{
			"name": "Voxels-0F0F0F",
			"from": [13.5, 9.5, 6.25],
			"to": [14.5, 14.5, 6.5],
			"faces": {
				"north": {"uv": [8.96, 0.96, 11.04, 3.04], "texture": "#1"},
				"east": {"uv": [8.96, 0.96, 11.04, 3.04], "texture": "#1"},
				"south": {"uv": [8.96, 0.96, 11.04, 3.04], "texture": "#1"},
				"west": {"uv": [8.96, 0.96, 11.04, 3.04], "texture": "#1"},
				"up": {"uv": [8.96, 0.96, 11.04, 3.04], "texture": "#1"},
				"down": {"uv": [8.96, 0.96, 11.04, 3.04], "texture": "#1"}
			}
		},
		{
			"name": "Voxels-0F0F0F",
			"from": [13.5, 9.5, 6.5],
			"to": [14.75, 9.75, 8.25],
			"faces": {
				"north": {"uv": [8.96, 0.96, 11.04, 3.04], "texture": "#1"},
				"east": {"uv": [8.96, 0.96, 11.04, 3.04], "texture": "#1"},
				"south": {"uv": [8.96, 0.96, 11.04, 3.04], "texture": "#1"},
				"west": {"uv": [8.96, 0.96, 11.04, 3.04], "texture": "#1"},
				"up": {"uv": [8.96, 0.96, 11.04, 3.04], "texture": "#1"},
				"down": {"uv": [8.96, 0.96, 11.04, 3.04], "texture": "#1"}
			}
		},
		{
			"name": "Voxels-0F0F0F",
			"from": [13.5, 9.5, 8.25],
			"to": [14.5, 9.75, 8.5],
			"faces": {
				"north": {"uv": [8.96, 0.96, 11.04, 3.04], "texture": "#1"},
				"east": {"uv": [8.96, 0.96, 11.04, 3.04], "texture": "#1"},
				"south": {"uv": [8.96, 0.96, 11.04, 3.04], "texture": "#1"},
				"west": {"uv": [8.96, 0.96, 11.04, 3.04], "texture": "#1"},
				"up": {"uv": [8.96, 0.96, 11.04, 3.04], "texture": "#1"},
				"down": {"uv": [8.96, 0.96, 11.04, 3.04], "texture": "#1"}
			}
		},
		{
			"name": "Voxels-0F0F0F",
			"from": [13.5, 10, 7.25],
			"to": [14.75, 14.25, 7.5],
			"faces": {
				"north": {"uv": [8.96, 0.96, 11.04, 3.04], "texture": "#1"},
				"east": {"uv": [8.96, 0.96, 11.04, 3.04], "texture": "#1"},
				"south": {"uv": [8.96, 0.96, 11.04, 3.04], "texture": "#1"},
				"west": {"uv": [8.96, 0.96, 11.04, 3.04], "texture": "#1"},
				"up": {"uv": [8.96, 0.96, 11.04, 3.04], "texture": "#1"},
				"down": {"uv": [8.96, 0.96, 11.04, 3.04], "texture": "#1"}
			}
		},
		{
			"name": "Voxels-0F0F0F",
			"from": [13.75, 6, 5.75],
			"to": [14, 8.25, 9],
			"faces": {
				"north": {"uv": [8.96, 0.96, 11.04, 3.04], "texture": "#1"},
				"east": {"uv": [8.96, 0.96, 11.04, 3.04], "texture": "#1"},
				"south": {"uv": [8.96, 0.96, 11.04, 3.04], "texture": "#1"},
				"west": {"uv": [8.96, 0.96, 11.04, 3.04], "texture": "#1"},
				"up": {"uv": [8.96, 0.96, 11.04, 3.04], "texture": "#1"},
				"down": {"uv": [8.96, 0.96, 11.04, 3.04], "texture": "#1"}
			}
		},
		{
			"name": "Voxels-0F0F0F",
			"from": [13.75, 8.25, 6.25],
			"to": [14.5, 9.5, 8.5],
			"faces": {
				"north": {"uv": [8.96, 0.96, 11.04, 3.04], "texture": "#1"},
				"east": {"uv": [8.96, 0.96, 11.04, 3.04], "texture": "#1"},
				"south": {"uv": [8.96, 0.96, 11.04, 3.04], "texture": "#1"},
				"west": {"uv": [8.96, 0.96, 11.04, 3.04], "texture": "#1"},
				"up": {"uv": [8.96, 0.96, 11.04, 3.04], "texture": "#1"},
				"down": {"uv": [8.96, 0.96, 11.04, 3.04], "texture": "#1"}
			}
		},
		{
			"name": "Voxels-0F0F0F",
			"from": [13.75, 15, 7],
			"to": [15, 15.25, 7.25],
			"faces": {
				"north": {"uv": [8.96, 0.96, 11.04, 3.04], "texture": "#1"},
				"east": {"uv": [8.96, 0.96, 11.04, 3.04], "texture": "#1"},
				"south": {"uv": [8.96, 0.96, 11.04, 3.04], "texture": "#1"},
				"west": {"uv": [8.96, 0.96, 11.04, 3.04], "texture": "#1"},
				"up": {"uv": [8.96, 0.96, 11.04, 3.04], "texture": "#1"},
				"down": {"uv": [8.96, 0.96, 11.04, 3.04], "texture": "#1"}
			}
		},
		{
			"name": "Voxels-0F0F0F",
			"from": [13.75, 15, 7.25],
			"to": [14.75, 15.25, 7.75],
			"faces": {
				"north": {"uv": [8.96, 0.96, 11.04, 3.04], "texture": "#1"},
				"east": {"uv": [8.96, 0.96, 11.04, 3.04], "texture": "#1"},
				"south": {"uv": [8.96, 0.96, 11.04, 3.04], "texture": "#1"},
				"west": {"uv": [8.96, 0.96, 11.04, 3.04], "texture": "#1"},
				"up": {"uv": [8.96, 0.96, 11.04, 3.04], "texture": "#1"},
				"down": {"uv": [8.96, 0.96, 11.04, 3.04], "texture": "#1"}
			}
		},
		{
			"name": "Voxels-0F0F0F",
			"from": [13.75, 15.5, 7],
			"to": [15, 15.75, 7.25],
			"faces": {
				"north": {"uv": [8.96, 0.96, 11.04, 3.04], "texture": "#1"},
				"east": {"uv": [8.96, 0.96, 11.04, 3.04], "texture": "#1"},
				"south": {"uv": [8.96, 0.96, 11.04, 3.04], "texture": "#1"},
				"west": {"uv": [8.96, 0.96, 11.04, 3.04], "texture": "#1"},
				"up": {"uv": [8.96, 0.96, 11.04, 3.04], "texture": "#1"},
				"down": {"uv": [8.96, 0.96, 11.04, 3.04], "texture": "#1"}
			}
		},
		{
			"name": "Voxels-0F0F0F",
			"from": [13.75, 15.5, 7.25],
			"to": [14.75, 15.75, 7.75],
			"faces": {
				"north": {"uv": [8.96, 0.96, 11.04, 3.04], "texture": "#1"},
				"east": {"uv": [8.96, 0.96, 11.04, 3.04], "texture": "#1"},
				"south": {"uv": [8.96, 0.96, 11.04, 3.04], "texture": "#1"},
				"west": {"uv": [8.96, 0.96, 11.04, 3.04], "texture": "#1"},
				"up": {"uv": [8.96, 0.96, 11.04, 3.04], "texture": "#1"},
				"down": {"uv": [8.96, 0.96, 11.04, 3.04], "texture": "#1"}
			}
		},
		{
			"name": "Voxels-0F0F0F",
			"from": [14, 6.25, 6],
			"to": [14.25, 8.25, 8.75],
			"faces": {
				"north": {"uv": [8.96, 0.96, 11.04, 3.04], "texture": "#1"},
				"east": {"uv": [8.96, 0.96, 11.04, 3.04], "texture": "#1"},
				"south": {"uv": [8.96, 0.96, 11.04, 3.04], "texture": "#1"},
				"west": {"uv": [8.96, 0.96, 11.04, 3.04], "texture": "#1"},
				"up": {"uv": [8.96, 0.96, 11.04, 3.04], "texture": "#1"},
				"down": {"uv": [8.96, 0.96, 11.04, 3.04], "texture": "#1"}
			}
		},
		{
			"name": "Voxels-0F0F0F",
			"from": [14, 14.75, 6.5],
			"to": [14.75, 15.25, 6.75],
			"faces": {
				"north": {"uv": [8.96, 0.96, 11.04, 3.04], "texture": "#1"},
				"east": {"uv": [8.96, 0.96, 11.04, 3.04], "texture": "#1"},
				"south": {"uv": [8.96, 0.96, 11.04, 3.04], "texture": "#1"},
				"west": {"uv": [8.96, 0.96, 11.04, 3.04], "texture": "#1"},
				"up": {"uv": [8.96, 0.96, 11.04, 3.04], "texture": "#1"},
				"down": {"uv": [8.96, 0.96, 11.04, 3.04], "texture": "#1"}
			}
		},
		{
			"name": "Voxels-0F0F0F",
			"from": [14, 14.75, 6.75],
			"to": [15, 15, 7],
			"faces": {
				"north": {"uv": [8.96, 0.96, 11.04, 3.04], "texture": "#1"},
				"east": {"uv": [8.96, 0.96, 11.04, 3.04], "texture": "#1"},
				"south": {"uv": [8.96, 0.96, 11.04, 3.04], "texture": "#1"},
				"west": {"uv": [8.96, 0.96, 11.04, 3.04], "texture": "#1"},
				"up": {"uv": [8.96, 0.96, 11.04, 3.04], "texture": "#1"},
				"down": {"uv": [8.96, 0.96, 11.04, 3.04], "texture": "#1"}
			}
		},
		{
			"name": "Voxels-0F0F0F",
			"from": [14.25, 7, 6.25],
			"to": [14.5, 8.25, 8.5],
			"faces": {
				"north": {"uv": [8.96, 0.96, 11.04, 3.04], "texture": "#1"},
				"east": {"uv": [8.96, 0.96, 11.04, 3.04], "texture": "#1"},
				"south": {"uv": [8.96, 0.96, 11.04, 3.04], "texture": "#1"},
				"west": {"uv": [8.96, 0.96, 11.04, 3.04], "texture": "#1"},
				"up": {"uv": [8.96, 0.96, 11.04, 3.04], "texture": "#1"},
				"down": {"uv": [8.96, 0.96, 11.04, 3.04], "texture": "#1"}
			}
		},
		{
			"name": "Voxels-0F0F0F",
			"from": [14.5, 7, 6.5],
			"to": [14.75, 9.5, 8.25],
			"faces": {
				"north": {"uv": [8.96, 0.96, 11.04, 3.04], "texture": "#1"},
				"east": {"uv": [8.96, 0.96, 11.04, 3.04], "texture": "#1"},
				"south": {"uv": [8.96, 0.96, 11.04, 3.04], "texture": "#1"},
				"west": {"uv": [8.96, 0.96, 11.04, 3.04], "texture": "#1"},
				"up": {"uv": [8.96, 0.96, 11.04, 3.04], "texture": "#1"},
				"down": {"uv": [8.96, 0.96, 11.04, 3.04], "texture": "#1"}
			}
		},
		{
			"name": "Voxels-0F0F0F",
			"from": [14.5, 14.75, 8],
			"to": [14.75, 15.25, 8.25],
			"faces": {
				"north": {"uv": [8.96, 0.96, 11.04, 3.04], "texture": "#1"},
				"east": {"uv": [8.96, 0.96, 11.04, 3.04], "texture": "#1"},
				"south": {"uv": [8.96, 0.96, 11.04, 3.04], "texture": "#1"},
				"west": {"uv": [8.96, 0.96, 11.04, 3.04], "texture": "#1"},
				"up": {"uv": [8.96, 0.96, 11.04, 3.04], "texture": "#1"},
				"down": {"uv": [8.96, 0.96, 11.04, 3.04], "texture": "#1"}
			}
		},
		{
			"name": "Voxels-0F0F0F",
			"from": [14.75, 7, 6.75],
			"to": [15, 14.75, 7.25],
			"faces": {
				"north": {"uv": [8.96, 0.96, 11.04, 3.04], "texture": "#1"},
				"east": {"uv": [8.96, 0.96, 11.04, 3.04], "texture": "#1"},
				"south": {"uv": [8.96, 0.96, 11.04, 3.04], "texture": "#1"},
				"west": {"uv": [8.96, 0.96, 11.04, 3.04], "texture": "#1"},
				"up": {"uv": [8.96, 0.96, 11.04, 3.04], "texture": "#1"},
				"down": {"uv": [8.96, 0.96, 11.04, 3.04], "texture": "#1"}
			}
		},
		{
			"name": "Voxels-0F0F0F",
			"from": [14.75, 7, 7.25],
			"to": [15, 7.25, 8],
			"faces": {
				"north": {"uv": [8.96, 0.96, 11.04, 3.04], "texture": "#1"},
				"east": {"uv": [8.96, 0.96, 11.04, 3.04], "texture": "#1"},
				"south": {"uv": [8.96, 0.96, 11.04, 3.04], "texture": "#1"},
				"west": {"uv": [8.96, 0.96, 11.04, 3.04], "texture": "#1"},
				"up": {"uv": [8.96, 0.96, 11.04, 3.04], "texture": "#1"},
				"down": {"uv": [8.96, 0.96, 11.04, 3.04], "texture": "#1"}
			}
		},
		{
			"name": "leds13",
			"from": [14.75, 7.25, 7.25],
			"to": [15, 15.75, 7.5],
			"faces": {
				"north": {"uv": [4.96, 0.96, 7.04, 3.04], "texture": "#2"},
				"east": {"uv": [4.96, 0.96, 7.04, 3.04], "texture": "#2"},
				"south": {"uv": [4.96, 0.96, 7.04, 3.04], "texture": "#2"},
				"west": {"uv": [4.96, 0.96, 7.04, 3.04], "texture": "#2"},
				"up": {"uv": [4.96, 0.96, 7.04, 3.04], "texture": "#2"},
				"down": {"uv": [4.96, 0.96, 7.04, 3.04], "texture": "#2"}
			}
		},
		{
			"name": "Voxels-0F0F0F",
			"from": [14.75, 7.25, 7.5],
			"to": [15, 10, 8],
			"faces": {
				"north": {"uv": [8.96, 0.96, 11.04, 3.04], "texture": "#1"},
				"east": {"uv": [8.96, 0.96, 11.04, 3.04], "texture": "#1"},
				"south": {"uv": [8.96, 0.96, 11.04, 3.04], "texture": "#1"},
				"west": {"uv": [8.96, 0.96, 11.04, 3.04], "texture": "#1"},
				"up": {"uv": [8.96, 0.96, 11.04, 3.04], "texture": "#1"},
				"down": {"uv": [8.96, 0.96, 11.04, 3.04], "texture": "#1"}
			}
		},
		{
			"name": "Voxels-0F0F0F",
			"from": [14.75, 14.75, 7.5],
			"to": [15, 15.75, 7.75],
			"faces": {
				"north": {"uv": [8.96, 0.96, 11.04, 3.04], "texture": "#1"},
				"east": {"uv": [8.96, 0.96, 11.04, 3.04], "texture": "#1"},
				"south": {"uv": [8.96, 0.96, 11.04, 3.04], "texture": "#1"},
				"west": {"uv": [8.96, 0.96, 11.04, 3.04], "texture": "#1"},
				"up": {"uv": [8.96, 0.96, 11.04, 3.04], "texture": "#1"},
				"down": {"uv": [8.96, 0.96, 11.04, 3.04], "texture": "#1"}
			}
		},
		{
			"name": "Voxels-0F0F0F",
			"from": [14.75, 14.75, 7.75],
			"to": [15, 15, 8],
			"faces": {
				"north": {"uv": [8.96, 0.96, 11.04, 3.04], "texture": "#1"},
				"east": {"uv": [8.96, 0.96, 11.04, 3.04], "texture": "#1"},
				"south": {"uv": [8.96, 0.96, 11.04, 3.04], "texture": "#1"},
				"west": {"uv": [8.96, 0.96, 11.04, 3.04], "texture": "#1"},
				"up": {"uv": [8.96, 0.96, 11.04, 3.04], "texture": "#1"},
				"down": {"uv": [8.96, 0.96, 11.04, 3.04], "texture": "#1"}
			}
		}
	],
	"display": {
		"thirdperson_righthand": {
			"rotation": [90, 90, 0],
			"translation": [0, -2, -5],
			"scale": [0.75, 0.75, 0.75]
		},
		"thirdperson_lefthand": {
			"rotation": [90, 90, 0],
			"translation": [0, -2, -5],
			"scale": [0.75, 0.75, 0.75]
		},
		"ground": {
			"translation": [0, 2, 0]
		},
		"gui": {
			"rotation": [0, -30, 0],
			"translation": [0, -2, 0],
			"scale": [0.75, 0.75, 0.75]
		},
		"head": {
			"translation": [0.5, 0, 0],
			"scale": [1.5, 1.2, 1]
		}
	}
}