{
	"credit": "Made with Blockbench",
	"textures": {
		"particle": "item/charcoal/51"
	},
	"elements": [
		{
			"name": "Voxels",
			"from": [0, 1.5, 6.75],
			"to": [2, 3.5, 9],
			"faces": {
				"north": {"uv": [4.8125, 9.4375, 5.375, 9.9375], "texture": "#particle"},
				"east": {"uv": [4.8125, 9.4375, 5.375, 9.9375], "texture": "#particle"},
				"south": {"uv": [4.8125, 9.4375, 5.375, 9.9375], "texture": "#particle"},
				"west": {"uv": [4.8125, 9.4375, 5.375, 9.9375], "texture": "#particle"},
				"up": {"uv": [4.8125, 9.4375, 5.375, 9.9375], "texture": "#particle"},
				"down": {"uv": [4.8125, 9.4375, 5.375, 9.9375], "texture": "#particle"}
			}
		},
		{
			"name": "Voxels",
			"from": [0, 3.5, 7],
			"to": [2, 3.75, 8.75],
			"faces": {
				"north": {"uv": [6.4375, 1.875, 6.875, 1.9375], "texture": "#particle"},
				"east": {"uv": [6.4375, 1.875, 6.875, 1.9375], "texture": "#particle"},
				"south": {"uv": [6.4375, 1.875, 6.875, 1.9375], "texture": "#particle"},
				"west": {"uv": [6.4375, 1.875, 6.875, 1.9375], "texture": "#particle"},
				"up": {"uv": [6.4375, 1.875, 6.875, 1.9375], "texture": "#particle"},
				"down": {"uv": [6.4375, 1.875, 6.875, 1.9375], "texture": "#particle"}
			}
		},
		{
			"name": "Voxels",
			"from": [0.25, 3.5, 8.75],
			"to": [2, 3.75, 9],
			"faces": {
				"north": {"uv": [6.6875, 3, 6.75, 3.0625], "texture": "#particle"},
				"east": {"uv": [6.6875, 3, 6.75, 3.0625], "texture": "#particle"},
				"south": {"uv": [6.6875, 3, 6.75, 3.0625], "texture": "#particle"},
				"west": {"uv": [6.6875, 3, 6.75, 3.0625], "texture": "#particle"},
				"up": {"uv": [6.6875, 3, 6.75, 3.0625], "texture": "#particle"},
				"down": {"uv": [6.6875, 3, 6.75, 3.0625], "texture": "#particle"}
			}
		},
		{
			"name": "Voxels",
			"from": [0.25, 3.75, 7.5],
			"to": [16.75, 4.5, 7.75],
			"faces": {
				"north": {"uv": [7.0625, 7.625, 7.125, 7.8125], "texture": "#particle"},
				"east": {"uv": [7.0625, 7.625, 7.125, 7.8125], "texture": "#particle"},
				"south": {"uv": [7.0625, 7.625, 7.125, 7.8125], "texture": "#particle"},
				"west": {"uv": [7.0625, 7.625, 7.125, 7.8125], "texture": "#particle"},
				"up": {"uv": [7.0625, 7.625, 7.125, 7.8125], "texture": "#particle"},
				"down": {"uv": [7.0625, 7.625, 7.125, 7.8125], "texture": "#particle"}
			}
		},
		{
			"name": "Voxels",
			"from": [0.25, 3.75, 7.75],
			"to": [0.5, 4.5, 8.5],
			"faces": {
				"north": {"uv": [15.8125, 9.6875, 16, 9.875], "texture": "#particle"},
				"east": {"uv": [15.8125, 9.6875, 16, 9.875], "texture": "#particle"},
				"south": {"uv": [15.8125, 9.6875, 16, 9.875], "texture": "#particle"},
				"west": {"uv": [15.8125, 9.6875, 16, 9.875], "texture": "#particle"},
				"up": {"uv": [15.8125, 9.6875, 16, 9.875], "texture": "#particle"},
				"down": {"uv": [15.8125, 9.6875, 16, 9.875], "texture": "#particle"}
			}
		},
		{
			"name": "Voxels",
			"from": [0.5, 3.75, 7.25],
			"to": [1.75, 4.5, 7.5],
			"faces": {
				"north": {"uv": [7, 5.375, 7.0625, 5.5625], "texture": "#particle"},
				"east": {"uv": [7, 5.375, 7.0625, 5.5625], "texture": "#particle"},
				"south": {"uv": [7, 5.375, 7.0625, 5.5625], "texture": "#particle"},
				"west": {"uv": [7, 5.375, 7.0625, 5.5625], "texture": "#particle"},
				"up": {"uv": [7, 5.375, 7.0625, 5.5625], "texture": "#particle"},
				"down": {"uv": [7, 5.375, 7.0625, 5.5625], "texture": "#particle"}
			}
		},
		{
			"name": "Voxels",
			"from": [0.5, 3.75, 8.25],
			"to": [16.75, 4.5, 8.5],
			"faces": {
				"north": {"uv": [7, 7.0625, 7.0625, 7.25], "texture": "#particle"},
				"east": {"uv": [7, 7.0625, 7.0625, 7.25], "texture": "#particle"},
				"south": {"uv": [7, 7.0625, 7.0625, 7.25], "texture": "#particle"},
				"west": {"uv": [7, 7.0625, 7.0625, 7.25], "texture": "#particle"},
				"up": {"uv": [7, 7.0625, 7.0625, 7.25], "texture": "#particle"},
				"down": {"uv": [7, 7.0625, 7.0625, 7.25], "texture": "#particle"}
			}
		},
		{
			"name": "Voxels",
			"from": [0.5, 4.5, 7.75],
			"to": [16.5, 4.75, 8.25],
			"faces": {
				"north": {"uv": [15.875, 10.125, 16, 10.1875], "texture": "#particle"},
				"east": {"uv": [15.875, 10.125, 16, 10.1875], "texture": "#particle"},
				"south": {"uv": [15.875, 10.125, 16, 10.1875], "texture": "#particle"},
				"west": {"uv": [15.875, 10.125, 16, 10.1875], "texture": "#particle"},
				"up": {"uv": [15.875, 10.125, 16, 10.1875], "texture": "#particle"},
				"down": {"uv": [15.875, 10.125, 16, 10.1875], "texture": "#particle"}
			}
		},
		{
			"name": "Voxels",
			"from": [0.75, 3.75, 8.5],
			"to": [1.75, 4.5, 8.75],
			"faces": {
				"north": {"uv": [7, 8.25, 7.0625, 8.4375], "texture": "#particle"},
				"east": {"uv": [7, 8.25, 7.0625, 8.4375], "texture": "#particle"},
				"south": {"uv": [7, 8.25, 7.0625, 8.4375], "texture": "#particle"},
				"west": {"uv": [7, 8.25, 7.0625, 8.4375], "texture": "#particle"},
				"up": {"uv": [7, 8.25, 7.0625, 8.4375], "texture": "#particle"},
				"down": {"uv": [7, 8.25, 7.0625, 8.4375], "texture": "#particle"}
			}
		},
		{
			"name": "Voxels",
			"from": [2, 1.5, 7],
			"to": [2.25, 3.5, 9],
			"faces": {
				"north": {"uv": [4.6875, 1.4375, 5.1875, 1.9375], "texture": "#particle"},
				"east": {"uv": [4.6875, 1.4375, 5.1875, 1.9375], "texture": "#particle"},
				"south": {"uv": [4.6875, 1.4375, 5.1875, 1.9375], "texture": "#particle"},
				"west": {"uv": [4.6875, 1.4375, 5.1875, 1.9375], "texture": "#particle"},
				"up": {"uv": [4.6875, 1.4375, 5.1875, 1.9375], "texture": "#particle"},
				"down": {"uv": [4.6875, 1.4375, 5.1875, 1.9375], "texture": "#particle"}
			}
		},
		{
			"name": "Voxels",
			"from": [2, 3.5, 7.25],
			"to": [2.25, 3.75, 8.75],
			"faces": {
				"north": {"uv": [6, 0, 6.375, 0.0625], "texture": "#particle"},
				"east": {"uv": [6, 0, 6.375, 0.0625], "texture": "#particle"},
				"south": {"uv": [6, 0, 6.375, 0.0625], "texture": "#particle"},
				"west": {"uv": [6, 0, 6.375, 0.0625], "texture": "#particle"},
				"up": {"uv": [6, 0, 6.375, 0.0625], "texture": "#particle"},
				"down": {"uv": [6, 0, 6.375, 0.0625], "texture": "#particle"}
			}
		},
		{
			"name": "Voxels",
			"from": [2.25, 3.5, 7.5],
			"to": [17, 3.75, 7.75],
			"faces": {
				"north": {"uv": [5.625, 0.625, 5.6875, 0.6875], "texture": "#particle"},
				"east": {"uv": [5.625, 0.625, 5.6875, 0.6875], "texture": "#particle"},
				"south": {"uv": [5.625, 0.625, 5.6875, 0.6875], "texture": "#particle"},
				"west": {"uv": [5.625, 0.625, 5.6875, 0.6875], "texture": "#particle"},
				"up": {"uv": [5.625, 0.625, 5.6875, 0.6875], "texture": "#particle"},
				"down": {"uv": [5.625, 0.625, 5.6875, 0.6875], "texture": "#particle"}
			}
		},
		{
			"name": "Voxels",
			"from": [2.25, 3.5, 7.75],
			"to": [4.75, 3.75, 8.5],
			"faces": {
				"north": {"uv": [4, 5.875, 4.1875, 5.9375], "texture": "#particle"},
				"east": {"uv": [4, 5.875, 4.1875, 5.9375], "texture": "#particle"},
				"south": {"uv": [4, 5.875, 4.1875, 5.9375], "texture": "#particle"},
				"west": {"uv": [4, 5.875, 4.1875, 5.9375], "texture": "#particle"},
				"up": {"uv": [4, 5.875, 4.1875, 5.9375], "texture": "#particle"},
				"down": {"uv": [4, 5.875, 4.1875, 5.9375], "texture": "#particle"}
			}
		},
		{
			"name": "Voxels",
			"from": [2.25, 10, 3.5],
			"to": [13.75, 11.25, 4.5],
			"faces": {
				"north": {"uv": [5.1875, 1.125, 5.4375, 1.4375], "texture": "#particle"},
				"east": {"uv": [5.1875, 1.125, 5.4375, 1.4375], "texture": "#particle"},
				"south": {"uv": [5.1875, 1.125, 5.4375, 1.4375], "texture": "#particle"},
				"west": {"uv": [5.1875, 1.125, 5.4375, 1.4375], "texture": "#particle"},
				"up": {"uv": [5.1875, 1.125, 5.4375, 1.4375], "texture": "#particle"},
				"down": {"uv": [5.1875, 1.125, 5.4375, 1.4375], "texture": "#particle"}
			}
		},
		{
			"name": "Voxels",
			"from": [2.25, 11.25, 3.5],
			"to": [3.75, 14.5, 4.5],
			"faces": {
				"north": {"uv": [5.5, 5.3125, 5.75, 6.125], "texture": "#particle"},
				"east": {"uv": [5.5, 5.3125, 5.75, 6.125], "texture": "#particle"},
				"south": {"uv": [5.5, 5.3125, 5.75, 6.125], "texture": "#particle"},
				"west": {"uv": [5.5, 5.3125, 5.75, 6.125], "texture": "#particle"},
				"up": {"uv": [5.5, 5.3125, 5.75, 6.125], "texture": "#particle"},
				"down": {"uv": [5.5, 5.3125, 5.75, 6.125], "texture": "#particle"}
			}
		},
		{
			"name": "Voxels",
			"from": [2.25, 13.5, 2],
			"to": [3.75, 14.5, 3.5],
			"faces": {
				"north": {"uv": [6, 2.625, 6.375, 2.875], "texture": "#particle"},
				"east": {"uv": [6, 2.625, 6.375, 2.875], "texture": "#particle"},
				"south": {"uv": [6, 2.625, 6.375, 2.875], "texture": "#particle"},
				"west": {"uv": [6, 2.625, 6.375, 2.875], "texture": "#particle"},
				"up": {"uv": [6, 2.625, 6.375, 2.875], "texture": "#particle"},
				"down": {"uv": [6, 2.625, 6.375, 2.875], "texture": "#particle"}
			}
		},
		{
			"name": "Voxels",
			"from": [2.25, 13.5, 4.5],
			"to": [3.75, 14.5, 14],
			"faces": {
				"north": {"uv": [11.6875, 10.8125, 14.0625, 11.0625], "texture": "#particle"},
				"east": {"uv": [11.6875, 10.8125, 14.0625, 11.0625], "texture": "#particle"},
				"south": {"uv": [11.6875, 10.8125, 14.0625, 11.0625], "texture": "#particle"},
				"west": {"uv": [11.6875, 10.8125, 14.0625, 11.0625], "texture": "#particle"},
				"up": {"uv": [11.6875, 10.8125, 14.0625, 11.0625], "texture": "#particle"},
				"down": {"uv": [11.6875, 10.8125, 14.0625, 11.0625], "texture": "#particle"}
			}
		},
		{
			"name": "Voxels",
			"from": [2.5, 9.75, 3.5],
			"to": [14.5, 10, 4.5],
			"faces": {
				"north": {"uv": [8.3125, 8.9375, 8.5625, 9], "texture": "#particle"},
				"east": {"uv": [8.3125, 8.9375, 8.5625, 9], "texture": "#particle"},
				"south": {"uv": [8.3125, 8.9375, 8.5625, 9], "texture": "#particle"},
				"west": {"uv": [8.3125, 8.9375, 8.5625, 9], "texture": "#particle"},
				"up": {"uv": [8.3125, 8.9375, 8.5625, 9], "texture": "#particle"},
				"down": {"uv": [8.3125, 8.9375, 8.5625, 9], "texture": "#particle"}
			}
		},
		{
			"name": "Voxels",
			"from": [2.5, 10, 3.25],
			"to": [14.5, 11.25, 3.5],
			"faces": {
				"north": {"uv": [6.4375, 0, 6.5, 0.3125], "texture": "#particle"},
				"east": {"uv": [6.4375, 0, 6.5, 0.3125], "texture": "#particle"},
				"south": {"uv": [6.4375, 0, 6.5, 0.3125], "texture": "#particle"},
				"west": {"uv": [6.4375, 0, 6.5, 0.3125], "texture": "#particle"},
				"up": {"uv": [6.4375, 0, 6.5, 0.3125], "texture": "#particle"},
				"down": {"uv": [6.4375, 0, 6.5, 0.3125], "texture": "#particle"}
			}
		},
		{
			"name": "Voxels",
			"from": [2.5, 10, 4.5],
			"to": [13.75, 11.25, 4.75],
			"faces": {
				"north": {"uv": [6.375, 0, 6.4375, 0.3125], "texture": "#particle"},
				"east": {"uv": [6.375, 0, 6.4375, 0.3125], "texture": "#particle"},
				"south": {"uv": [6.375, 0, 6.4375, 0.3125], "texture": "#particle"},
				"west": {"uv": [6.375, 0, 6.4375, 0.3125], "texture": "#particle"},
				"up": {"uv": [6.375, 0, 6.4375, 0.3125], "texture": "#particle"},
				"down": {"uv": [6.375, 0, 6.4375, 0.3125], "texture": "#particle"}
			}
		},
		{
			"name": "Voxels",
			"from": [2.5, 11.25, 3.25],
			"to": [3.5, 13.5, 3.5],
			"faces": {
				"north": {"uv": [6.5, 3, 6.5625, 3.5625], "texture": "#particle"},
				"east": {"uv": [6.5, 3, 6.5625, 3.5625], "texture": "#particle"},
				"south": {"uv": [6.5, 3, 6.5625, 3.5625], "texture": "#particle"},
				"west": {"uv": [6.5, 3, 6.5625, 3.5625], "texture": "#particle"},
				"up": {"uv": [6.5, 3, 6.5625, 3.5625], "texture": "#particle"},
				"down": {"uv": [6.5, 3, 6.5625, 3.5625], "texture": "#particle"}
			}
		},
		{
			"name": "Voxels",
			"from": [2.5, 11.25, 4.5],
			"to": [3.5, 13.5, 4.75],
			"faces": {
				"north": {"uv": [6.3125, 5.375, 6.375, 5.9375], "texture": "#particle"},
				"east": {"uv": [6.3125, 5.375, 6.375, 5.9375], "texture": "#particle"},
				"south": {"uv": [6.3125, 5.375, 6.375, 5.9375], "texture": "#particle"},
				"west": {"uv": [6.3125, 5.375, 6.375, 5.9375], "texture": "#particle"},
				"up": {"uv": [6.3125, 5.375, 6.375, 5.9375], "texture": "#particle"},
				"down": {"uv": [6.3125, 5.375, 6.375, 5.9375], "texture": "#particle"}
			}
		},
		{
			"name": "Voxels",
			"from": [2.5, 13.25, 2],
			"to": [3.5, 13.5, 3.25],
			"faces": {
				"north": {"uv": [6.75, 0.875, 7.0625, 0.9375], "texture": "#particle"},
				"east": {"uv": [6.75, 0.875, 7.0625, 0.9375], "texture": "#particle"},
				"south": {"uv": [6.75, 0.875, 7.0625, 0.9375], "texture": "#particle"},
				"west": {"uv": [6.75, 0.875, 7.0625, 0.9375], "texture": "#particle"},
				"up": {"uv": [6.75, 0.875, 7.0625, 0.9375], "texture": "#particle"},
				"down": {"uv": [6.75, 0.875, 7.0625, 0.9375], "texture": "#particle"}
			}
		},
		{
			"name": "Voxels",
			"from": [2.5, 13.25, 4.75],
			"to": [3.5, 13.5, 6.5],
			"faces": {
				"north": {"uv": [6.5, 1.375, 6.9375, 1.4375], "texture": "#particle"},
				"east": {"uv": [6.5, 1.375, 6.9375, 1.4375], "texture": "#particle"},
				"south": {"uv": [6.5, 1.375, 6.9375, 1.4375], "texture": "#particle"},
				"west": {"uv": [6.5, 1.375, 6.9375, 1.4375], "texture": "#particle"},
				"up": {"uv": [6.5, 1.375, 6.9375, 1.4375], "texture": "#particle"},
				"down": {"uv": [6.5, 1.375, 6.9375, 1.4375], "texture": "#particle"}
			}
		},
		{
			"name": "Voxels",
			"from": [2.5, 13.5, 1.75],
			"to": [3.5, 14.5, 2],
			"faces": {
				"north": {"uv": [15.9375, 11.0625, 16, 11.3125], "texture": "#particle"},
				"east": {"uv": [15.9375, 11.0625, 16, 11.3125], "texture": "#particle"},
				"south": {"uv": [15.9375, 11.0625, 16, 11.3125], "texture": "#particle"},
				"west": {"uv": [15.9375, 11.0625, 16, 11.3125], "texture": "#particle"},
				"up": {"uv": [15.9375, 11.0625, 16, 11.3125], "texture": "#particle"},
				"down": {"uv": [15.9375, 11.0625, 16, 11.3125], "texture": "#particle"}
			}
		},
		{
			"name": "Voxels",
			"from": [2.5, 14.5, 2],
			"to": [3.5, 14.75, 14],
			"faces": {
				"north": {"uv": [6, 9.9375, 9, 10], "texture": "#particle"},
				"east": {"uv": [6, 9.9375, 9, 10], "texture": "#particle"},
				"south": {"uv": [6, 9.9375, 9, 10], "texture": "#particle"},
				"west": {"uv": [6, 9.9375, 9, 10], "texture": "#particle"},
				"up": {"uv": [6, 9.9375, 9, 10], "texture": "#particle"},
				"down": {"uv": [6, 9.9375, 9, 10], "texture": "#particle"}
			}
		},
		{
			"name": "Voxels",
			"from": [3.25, 8, 12.5],
			"to": [3.75, 13.5, 13.5],
			"faces": {
				"north": {"uv": [3.75, 4.5, 4, 5.875], "texture": "#particle"},
				"east": {"uv": [3.75, 4.5, 4, 5.875], "texture": "#particle"},
				"south": {"uv": [3.75, 4.5, 4, 5.875], "texture": "#particle"},
				"west": {"uv": [3.75, 4.5, 4, 5.875], "texture": "#particle"},
				"up": {"uv": [3.75, 4.5, 4, 5.875], "texture": "#particle"},
				"down": {"uv": [3.75, 4.5, 4, 5.875], "texture": "#particle"}
			}
		},
		{
			"name": "Voxels",
			"from": [3.25, 10, 3],
			"to": [13.75, 11, 3.25],
			"faces": {
				"north": {"uv": [5.375, 5.9375, 5.4375, 6.1875], "texture": "#particle"},
				"east": {"uv": [5.375, 5.9375, 5.4375, 6.1875], "texture": "#particle"},
				"south": {"uv": [5.375, 5.9375, 5.4375, 6.1875], "texture": "#particle"},
				"west": {"uv": [5.375, 5.9375, 5.4375, 6.1875], "texture": "#particle"},
				"up": {"uv": [5.375, 5.9375, 5.4375, 6.1875], "texture": "#particle"},
				"down": {"uv": [5.375, 5.9375, 5.4375, 6.1875], "texture": "#particle"}
			}
		},
		{
			"name": "Voxels",
			"from": [3.25, 10, 4.75],
			"to": [13.75, 11, 9.5],
			"faces": {
				"north": {"uv": [4.1875, 5.9375, 5.375, 6.1875], "texture": "#particle"},
				"east": {"uv": [4.1875, 5.9375, 5.375, 6.1875], "texture": "#particle"},
				"south": {"uv": [4.1875, 5.9375, 5.375, 6.1875], "texture": "#particle"},
				"west": {"uv": [4.1875, 5.9375, 5.375, 6.1875], "texture": "#particle"},
				"up": {"uv": [4.1875, 5.9375, 5.375, 6.1875], "texture": "#particle"},
				"down": {"uv": [4.1875, 5.9375, 5.375, 6.1875], "texture": "#particle"}
			}
		},
		{
			"name": "Voxels",
			"from": [3.25, 10, 9.5],
			"to": [13.75, 10.25, 12.5],
			"faces": {
				"north": {"uv": [12.6875, 9, 13.4375, 9.0625], "texture": "#particle"},
				"east": {"uv": [12.6875, 9, 13.4375, 9.0625], "texture": "#particle"},
				"south": {"uv": [12.6875, 9, 13.4375, 9.0625], "texture": "#particle"},
				"west": {"uv": [12.6875, 9, 13.4375, 9.0625], "texture": "#particle"},
				"up": {"uv": [12.6875, 9, 13.4375, 9.0625], "texture": "#particle"},
				"down": {"uv": [12.6875, 9, 13.4375, 9.0625], "texture": "#particle"}
			}
		},
		{
			"name": "Voxels",
			"from": [3.25, 10.25, 9.5],
			"to": [7, 11, 12.5],
			"faces": {
				"north": {"uv": [9.75, 12.1875, 10.5, 12.375], "texture": "#particle"},
				"east": {"uv": [9.75, 12.1875, 10.5, 12.375], "texture": "#particle"},
				"south": {"uv": [9.75, 12.1875, 10.5, 12.375], "texture": "#particle"},
				"west": {"uv": [9.75, 12.1875, 10.5, 12.375], "texture": "#particle"},
				"up": {"uv": [9.75, 12.1875, 10.5, 12.375], "texture": "#particle"},
				"down": {"uv": [9.75, 12.1875, 10.5, 12.375], "texture": "#particle"}
			}
		},
		{
			"name": "Voxels",
			"from": [3.25, 13.25, 12.25],
			"to": [13.75, 13.5, 12.5],
			"faces": {
				"north": {"uv": [14.1875, 9, 14.25, 9.0625], "texture": "#particle"},
				"east": {"uv": [14.1875, 9, 14.25, 9.0625], "texture": "#particle"},
				"south": {"uv": [14.1875, 9, 14.25, 9.0625], "texture": "#particle"},
				"west": {"uv": [14.1875, 9, 14.25, 9.0625], "texture": "#particle"},
				"up": {"uv": [14.1875, 9, 14.25, 9.0625], "texture": "#particle"},
				"down": {"uv": [14.1875, 9, 14.25, 9.0625], "texture": "#particle"}
			}
		},
		{
			"name": "Voxels",
			"from": [3.25, 14.75, 12.5],
			"to": [3.75, 24.5, 13.5],
			"faces": {
				"north": {"uv": [2.75, 0.6875, 3, 3.125], "texture": "#particle"},
				"east": {"uv": [2.75, 0.6875, 3, 3.125], "texture": "#particle"},
				"south": {"uv": [2.75, 0.6875, 3, 3.125], "texture": "#particle"},
				"west": {"uv": [2.75, 0.6875, 3, 3.125], "texture": "#particle"},
				"up": {"uv": [2.75, 0.6875, 3, 3.125], "texture": "#particle"},
				"down": {"uv": [2.75, 0.6875, 3, 3.125], "texture": "#particle"}
			}
		},
		{
			"name": "Voxels",
			"from": [3.5, 7.75, 12.5],
			"to": [13.5, 8, 13.5],
			"faces": {
				"north": {"uv": [6.8125, 0.9375, 7.0625, 1], "texture": "#particle"},
				"east": {"uv": [6.8125, 0.9375, 7.0625, 1], "texture": "#particle"},
				"south": {"uv": [6.8125, 0.9375, 7.0625, 1], "texture": "#particle"},
				"west": {"uv": [6.8125, 0.9375, 7.0625, 1], "texture": "#particle"},
				"up": {"uv": [6.8125, 0.9375, 7.0625, 1], "texture": "#particle"},
				"down": {"uv": [6.8125, 0.9375, 7.0625, 1], "texture": "#particle"}
			}
		},
		{
			"name": "Voxels",
			"from": [3.5, 8, 12.25],
			"to": [13.5, 10, 12.5],
			"faces": {
				"north": {"uv": [4.125, 0.9375, 4.1875, 1.4375], "texture": "#particle"},
				"east": {"uv": [4.125, 0.9375, 4.1875, 1.4375], "texture": "#particle"},
				"south": {"uv": [4.125, 0.9375, 4.1875, 1.4375], "texture": "#particle"},
				"west": {"uv": [4.125, 0.9375, 4.1875, 1.4375], "texture": "#particle"},
				"up": {"uv": [4.125, 0.9375, 4.1875, 1.4375], "texture": "#particle"},
				"down": {"uv": [4.125, 0.9375, 4.1875, 1.4375], "texture": "#particle"}
			}
		},
		{
			"name": "Voxels",
			"from": [3.5, 9.75, 3],
			"to": [13.5, 10, 3.5],
			"faces": {
				"north": {"uv": [6.25, 7.3125, 6.375, 7.375], "texture": "#particle"},
				"east": {"uv": [6.25, 7.3125, 6.375, 7.375], "texture": "#particle"},
				"south": {"uv": [6.25, 7.3125, 6.375, 7.375], "texture": "#particle"},
				"west": {"uv": [6.25, 7.3125, 6.375, 7.375], "texture": "#particle"},
				"up": {"uv": [6.25, 7.3125, 6.375, 7.375], "texture": "#particle"},
				"down": {"uv": [6.25, 7.3125, 6.375, 7.375], "texture": "#particle"}
			}
		},
		{
			"name": "Voxels",
			"from": [3.5, 9.75, 4.5],
			"to": [13.5, 10, 7],
			"faces": {
				"north": {"uv": [6.375, 3.6875, 7, 3.75], "texture": "#particle"},
				"east": {"uv": [6.375, 3.6875, 7, 3.75], "texture": "#particle"},
				"south": {"uv": [6.375, 3.6875, 7, 3.75], "texture": "#particle"},
				"west": {"uv": [6.375, 3.6875, 7, 3.75], "texture": "#particle"},
				"up": {"uv": [6.375, 3.6875, 7, 3.75], "texture": "#particle"},
				"down": {"uv": [6.375, 3.6875, 7, 3.75], "texture": "#particle"}
			}
		},
		{
			"name": "Voxels",
			"from": [3.5, 9.75, 7],
			"to": [3.75, 10, 7.5],
			"faces": {
				"north": {"uv": [15.875, 9.875, 16, 9.9375], "texture": "#particle"},
				"east": {"uv": [15.875, 9.875, 16, 9.9375], "texture": "#particle"},
				"south": {"uv": [15.875, 9.875, 16, 9.9375], "texture": "#particle"},
				"west": {"uv": [15.875, 9.875, 16, 9.9375], "texture": "#particle"},
				"up": {"uv": [15.875, 9.875, 16, 9.9375], "texture": "#particle"},
				"down": {"uv": [15.875, 9.875, 16, 9.9375], "texture": "#particle"}
			}
		},
		{
			"name": "Voxels",
			"from": [3.5, 10, 2.75],
			"to": [13.5, 11, 3],
			"faces": {
				"north": {"uv": [7, 7.5625, 7.0625, 7.8125], "texture": "#particle"},
				"east": {"uv": [7, 7.5625, 7.0625, 7.8125], "texture": "#particle"},
				"south": {"uv": [7, 7.5625, 7.0625, 7.8125], "texture": "#particle"},
				"west": {"uv": [7, 7.5625, 7.0625, 7.8125], "texture": "#particle"},
				"up": {"uv": [7, 7.5625, 7.0625, 7.8125], "texture": "#particle"},
				"down": {"uv": [7, 7.5625, 7.0625, 7.8125], "texture": "#particle"}
			}
		},
		{
			"name": "Voxels",
			"from": [3.5, 11, 3],
			"to": [13.5, 11.25, 3.25],
			"faces": {
				"north": {"uv": [7, 3.625, 7.0625, 3.6875], "texture": "#particle"},
				"east": {"uv": [7, 3.625, 7.0625, 3.6875], "texture": "#particle"},
				"south": {"uv": [7, 3.625, 7.0625, 3.6875], "texture": "#particle"},
				"west": {"uv": [7, 3.625, 7.0625, 3.6875], "texture": "#particle"},
				"up": {"uv": [7, 3.625, 7.0625, 3.6875], "texture": "#particle"},
				"down": {"uv": [7, 3.625, 7.0625, 3.6875], "texture": "#particle"}
			}
		},
		{
			"name": "Voxels",
			"from": [3.5, 11, 4.75],
			"to": [13.5, 11.25, 12.5],
			"faces": {
				"north": {"uv": [13.625, 9.5, 15.5625, 9.5625], "texture": "#particle"},
				"east": {"uv": [13.625, 9.5, 15.5625, 9.5625], "texture": "#particle"},
				"south": {"uv": [13.625, 9.5, 15.5625, 9.5625], "texture": "#particle"},
				"west": {"uv": [13.625, 9.5, 15.5625, 9.5625], "texture": "#particle"},
				"up": {"uv": [13.625, 9.5, 15.5625, 9.5625], "texture": "#particle"},
				"down": {"uv": [13.625, 9.5, 15.5625, 9.5625], "texture": "#particle"}
			}
		},
		{
			"name": "Voxels",
			"from": [3.5, 11.25, 12.25],
			"to": [13.5, 13.25, 12.5],
			"faces": {
				"north": {"uv": [6.375, 1.625, 6.4375, 2.125], "texture": "#particle"},
				"east": {"uv": [6.375, 1.625, 6.4375, 2.125], "texture": "#particle"},
				"south": {"uv": [6.375, 1.625, 6.4375, 2.125], "texture": "#particle"},
				"west": {"uv": [6.375, 1.625, 6.4375, 2.125], "texture": "#particle"},
				"up": {"uv": [6.375, 1.625, 6.4375, 2.125], "texture": "#particle"},
				"down": {"uv": [6.375, 1.625, 6.4375, 2.125], "texture": "#particle"}
			}
		},
		{
			"name": "Voxels",
			"from": [3.5, 14.5, 12.25],
			"to": [14.5, 14.75, 12.5],
			"faces": {
				"north": {"uv": [7, 5.8125, 7.0625, 5.875], "texture": "#particle"},
				"east": {"uv": [7, 5.8125, 7.0625, 5.875], "texture": "#particle"},
				"south": {"uv": [7, 5.8125, 7.0625, 5.875], "texture": "#particle"},
				"west": {"uv": [7, 5.8125, 7.0625, 5.875], "texture": "#particle"},
				"up": {"uv": [7, 5.8125, 7.0625, 5.875], "texture": "#particle"},
				"down": {"uv": [7, 5.8125, 7.0625, 5.875], "texture": "#particle"}
			}
		},
		{
			"name": "Voxels",
			"from": [3.5, 14.5, 12.5],
			"to": [3.75, 14.75, 13.75],
			"faces": {
				"north": {"uv": [6.5, 0.9375, 6.8125, 1], "texture": "#particle"},
				"east": {"uv": [6.5, 0.9375, 6.8125, 1], "texture": "#particle"},
				"south": {"uv": [6.5, 0.9375, 6.8125, 1], "texture": "#particle"},
				"west": {"uv": [6.5, 0.9375, 6.8125, 1], "texture": "#particle"},
				"up": {"uv": [6.5, 0.9375, 6.8125, 1], "texture": "#particle"},
				"down": {"uv": [6.5, 0.9375, 6.8125, 1], "texture": "#particle"}
			}
		},
		{
			"name": "Voxels",
			"from": [3.5, 14.75, 12.25],
			"to": [13.5, 24.5, 12.5],
			"faces": {
				"north": {"uv": [5.625, 0.6875, 5.6875, 3.125], "texture": "#particle"},
				"east": {"uv": [5.625, 0.6875, 5.6875, 3.125], "texture": "#particle"},
				"south": {"uv": [5.625, 0.6875, 5.6875, 3.125], "texture": "#particle"},
				"west": {"uv": [5.625, 0.6875, 5.6875, 3.125], "texture": "#particle"},
				"up": {"uv": [5.625, 0.6875, 5.6875, 3.125], "texture": "#particle"},
				"down": {"uv": [5.625, 0.6875, 5.6875, 3.125], "texture": "#particle"}
			}
		},
		{
			"name": "Voxels",
			"from": [3.5, 24.5, 12.5],
			"to": [13.5, 24.75, 13.5],
			"faces": {
				"north": {"uv": [8.0625, 8.9375, 8.3125, 9], "texture": "#particle"},
				"east": {"uv": [8.0625, 8.9375, 8.3125, 9], "texture": "#particle"},
				"south": {"uv": [8.0625, 8.9375, 8.3125, 9], "texture": "#particle"},
				"west": {"uv": [8.0625, 8.9375, 8.3125, 9], "texture": "#particle"},
				"up": {"uv": [8.0625, 8.9375, 8.3125, 9], "texture": "#particle"},
				"down": {"uv": [8.0625, 8.9375, 8.3125, 9], "texture": "#particle"}
			}
		},
		{
			"name": "Voxels",
			"from": [3.75, 8, 13.25],
			"to": [13.75, 24.5, 13.5],
			"faces": {
				"north": {"uv": [5.4375, 2.1875, 5.5, 6.3125], "texture": "#particle"},
				"east": {"uv": [5.4375, 2.1875, 5.5, 6.3125], "texture": "#particle"},
				"south": {"uv": [5.4375, 2.1875, 5.5, 6.3125], "texture": "#particle"},
				"west": {"uv": [5.4375, 2.1875, 5.5, 6.3125], "texture": "#particle"},
				"up": {"uv": [5.4375, 2.1875, 5.5, 6.3125], "texture": "#particle"},
				"down": {"uv": [5.4375, 2.1875, 5.5, 6.3125], "texture": "#particle"}
			}
		},
		{
			"name": "Voxels",
			"from": [3.75, 10, 12.5],
			"to": [13.75, 11.25, 13],
			"faces": {
				"north": {"uv": [9.625, 12.625, 9.75, 12.9375], "texture": "#particle"},
				"east": {"uv": [9.625, 12.625, 9.75, 12.9375], "texture": "#particle"},
				"south": {"uv": [9.625, 12.625, 9.75, 12.9375], "texture": "#particle"},
				"west": {"uv": [9.625, 12.625, 9.75, 12.9375], "texture": "#particle"},
				"up": {"uv": [9.625, 12.625, 9.75, 12.9375], "texture": "#particle"},
				"down": {"uv": [9.625, 12.625, 9.75, 12.9375], "texture": "#particle"}
			}
		},
		{
			"name": "Voxels",
			"from": [3.75, 13.5, 12.25],
			"to": [14.75, 14.5, 12.5],
			"faces": {
				"north": {"uv": [7, 6.0625, 7.0625, 6.3125], "texture": "#particle"},
				"east": {"uv": [7, 6.0625, 7.0625, 6.3125], "texture": "#particle"},
				"south": {"uv": [7, 6.0625, 7.0625, 6.3125], "texture": "#particle"},
				"west": {"uv": [7, 6.0625, 7.0625, 6.3125], "texture": "#particle"},
				"up": {"uv": [7, 6.0625, 7.0625, 6.3125], "texture": "#particle"},
				"down": {"uv": [7, 6.0625, 7.0625, 6.3125], "texture": "#particle"}
			}
		},
		{
			"name": "Voxels",
			"from": [3.75, 20.5, 12.5],
			"to": [13.75, 24.5, 13.25],
			"faces": {
				"north": {"uv": [4, 6.4375, 4.1875, 7.4375], "texture": "#particle"},
				"east": {"uv": [4, 6.4375, 4.1875, 7.4375], "texture": "#particle"},
				"south": {"uv": [4, 6.4375, 4.1875, 7.4375], "texture": "#particle"},
				"west": {"uv": [4, 6.4375, 4.1875, 7.4375], "texture": "#particle"},
				"up": {"uv": [4, 6.4375, 4.1875, 7.4375], "texture": "#particle"},
				"down": {"uv": [4, 6.4375, 4.1875, 7.4375], "texture": "#particle"}
			}
		},
		{
			"name": "Voxels",
			"from": [4.25, 3.25, 7.5],
			"to": [12.75, 3.5, 8.5],
			"faces": {
				"north": {"uv": [6.5, 0.5, 6.75, 0.5625], "texture": "#particle"},
				"east": {"uv": [6.5, 0.5, 6.75, 0.5625], "texture": "#particle"},
				"south": {"uv": [6.5, 0.5, 6.75, 0.5625], "texture": "#particle"},
				"west": {"uv": [6.5, 0.5, 6.75, 0.5625], "texture": "#particle"},
				"up": {"uv": [6.5, 0.5, 6.75, 0.5625], "texture": "#particle"},
				"down": {"uv": [6.5, 0.5, 6.75, 0.5625], "texture": "#particle"}
			}
		},
		{
			"name": "Voxels",
			"from": [4.75, 3.5, 8.25],
			"to": [17, 3.75, 8.5],
			"faces": {
				"north": {"uv": [7, 4.0625, 7.0625, 4.125], "texture": "#particle"},
				"east": {"uv": [7, 4.0625, 7.0625, 4.125], "texture": "#particle"},
				"south": {"uv": [7, 4.0625, 7.0625, 4.125], "texture": "#particle"},
				"west": {"uv": [7, 4.0625, 7.0625, 4.125], "texture": "#particle"},
				"up": {"uv": [7, 4.0625, 7.0625, 4.125], "texture": "#particle"},
				"down": {"uv": [7, 4.0625, 7.0625, 4.125], "texture": "#particle"}
			}
		},
		{
			"name": "Voxels",
			"from": [5.75, 3.5, 7.75],
			"to": [17, 3.75, 8.25],
			"faces": {
				"north": {"uv": [3.125, 0, 3.25, 0.0625], "texture": "#particle"},
				"east": {"uv": [3.125, 0, 3.25, 0.0625], "texture": "#particle"},
				"south": {"uv": [3.125, 0, 3.25, 0.0625], "texture": "#particle"},
				"west": {"uv": [3.125, 0, 3.25, 0.0625], "texture": "#particle"},
				"up": {"uv": [3.125, 0, 3.25, 0.0625], "texture": "#particle"},
				"down": {"uv": [3.125, 0, 3.25, 0.0625], "texture": "#particle"}
			}
		},
		{
			"name": "Voxels",
			"from": [5.75, 3.75, 7.75],
			"to": [10.25, 4.5, 8.25],
			"faces": {
				"north": {"uv": [11.375, 12.1875, 11.5, 12.375], "texture": "#particle"},
				"east": {"uv": [11.375, 12.1875, 11.5, 12.375], "texture": "#particle"},
				"south": {"uv": [11.375, 12.1875, 11.5, 12.375], "texture": "#particle"},
				"west": {"uv": [11.375, 12.1875, 11.5, 12.375], "texture": "#particle"},
				"up": {"uv": [11.375, 12.1875, 11.5, 12.375], "texture": "#particle"},
				"down": {"uv": [11.375, 12.1875, 11.5, 12.375], "texture": "#particle"}
			}
		},
		{
			"name": "Voxels",
			"from": [6.75, 2.5, 6.5],
			"to": [10.25, 8, 7.5],
			"faces": {
				"north": {"uv": [3.5, 4.5, 3.75, 5.875], "texture": "#particle"},
				"east": {"uv": [3.5, 4.5, 3.75, 5.875], "texture": "#particle"},
				"south": {"uv": [3.5, 4.5, 3.75, 5.875], "texture": "#particle"},
				"west": {"uv": [3.5, 4.5, 3.75, 5.875], "texture": "#particle"},
				"up": {"uv": [3.5, 4.5, 3.75, 5.875], "texture": "#particle"},
				"down": {"uv": [3.5, 4.5, 3.75, 5.875], "texture": "#particle"}
			}
		},
		{
			"name": "Voxels",
			"from": [6.75, 2.5, 7.5],
			"to": [10.25, 3.25, 9.5],
			"faces": {
				"north": {"uv": [13.25, 13.5625, 13.75, 13.75], "texture": "#particle"},
				"east": {"uv": [13.25, 13.5625, 13.75, 13.75], "texture": "#particle"},
				"south": {"uv": [13.25, 13.5625, 13.75, 13.75], "texture": "#particle"},
				"west": {"uv": [13.25, 13.5625, 13.75, 13.75], "texture": "#particle"},
				"up": {"uv": [13.25, 13.5625, 13.75, 13.75], "texture": "#particle"},
				"down": {"uv": [13.25, 13.5625, 13.75, 13.75], "texture": "#particle"}
			}
		},
		{
			"name": "Voxels",
			"from": [6.75, 3.25, 8.5],
			"to": [10.25, 8, 9.5],
			"faces": {
				"north": {"uv": [4.4375, 7, 4.6875, 8.1875], "texture": "#particle"},
				"east": {"uv": [4.4375, 7, 4.6875, 8.1875], "texture": "#particle"},
				"south": {"uv": [4.4375, 7, 4.6875, 8.1875], "texture": "#particle"},
				"west": {"uv": [4.4375, 7, 4.6875, 8.1875], "texture": "#particle"},
				"up": {"uv": [4.4375, 7, 4.6875, 8.1875], "texture": "#particle"},
				"down": {"uv": [4.4375, 7, 4.6875, 8.1875], "texture": "#particle"}
			}
		},
		{
			"name": "Voxels",
			"from": [6.75, 4.5, 7.5],
			"to": [10.25, 8, 7.75],
			"faces": {
				"north": {"uv": [15.9375, 12.6875, 16, 13.5625], "texture": "#particle"},
				"east": {"uv": [15.9375, 12.6875, 16, 13.5625], "texture": "#particle"},
				"south": {"uv": [15.9375, 12.6875, 16, 13.5625], "texture": "#particle"},
				"west": {"uv": [15.9375, 12.6875, 16, 13.5625], "texture": "#particle"},
				"up": {"uv": [15.9375, 12.6875, 16, 13.5625], "texture": "#particle"},
				"down": {"uv": [15.9375, 12.6875, 16, 13.5625], "texture": "#particle"}
			}
		},
		{
			"name": "Voxels",
			"from": [6.75, 4.5, 8.25],
			"to": [10.25, 8, 8.5],
			"faces": {
				"north": {"uv": [6.375, 3.9375, 6.4375, 4.8125], "texture": "#particle"},
				"east": {"uv": [6.375, 3.9375, 6.4375, 4.8125], "texture": "#particle"},
				"south": {"uv": [6.375, 3.9375, 6.4375, 4.8125], "texture": "#particle"},
				"west": {"uv": [6.375, 3.9375, 6.4375, 4.8125], "texture": "#particle"},
				"up": {"uv": [6.375, 3.9375, 6.4375, 4.8125], "texture": "#particle"},
				"down": {"uv": [6.375, 3.9375, 6.4375, 4.8125], "texture": "#particle"}
			}
		},
		{
			"name": "Voxels",
			"from": [6.75, 4.75, 7.75],
			"to": [10.25, 8, 8.25],
			"faces": {
				"north": {"uv": [5.3125, 8.625, 5.4375, 9.4375], "texture": "#particle"},
				"east": {"uv": [5.3125, 8.625, 5.4375, 9.4375], "texture": "#particle"},
				"south": {"uv": [5.3125, 8.625, 5.4375, 9.4375], "texture": "#particle"},
				"west": {"uv": [5.3125, 8.625, 5.4375, 9.4375], "texture": "#particle"},
				"up": {"uv": [5.3125, 8.625, 5.4375, 9.4375], "texture": "#particle"},
				"down": {"uv": [5.3125, 8.625, 5.4375, 9.4375], "texture": "#particle"}
			}
		},
		{
			"name": "Voxels",
			"from": [6.75, 8, 6.5],
			"to": [7.25, 9.75, 9.5],
			"faces": {
				"north": {"uv": [15.25, 14.125, 16, 14.5625], "texture": "#particle"},
				"east": {"uv": [15.25, 14.125, 16, 14.5625], "texture": "#particle"},
				"south": {"uv": [15.25, 14.125, 16, 14.5625], "texture": "#particle"},
				"west": {"uv": [15.25, 14.125, 16, 14.5625], "texture": "#particle"},
				"up": {"uv": [15.25, 14.125, 16, 14.5625], "texture": "#particle"},
				"down": {"uv": [15.25, 14.125, 16, 14.5625], "texture": "#particle"}
			}
		},
		{
			"name": "Voxels",
			"from": [6.75, 9.75, 7],
			"to": [7.25, 10, 9.5],
			"faces": {
				"north": {"uv": [6.375, 3.5625, 7, 3.625], "texture": "#particle"},
				"east": {"uv": [6.375, 3.5625, 7, 3.625], "texture": "#particle"},
				"south": {"uv": [6.375, 3.5625, 7, 3.625], "texture": "#particle"},
				"west": {"uv": [6.375, 3.5625, 7, 3.625], "texture": "#particle"},
				"up": {"uv": [6.375, 3.5625, 7, 3.625], "texture": "#particle"},
				"down": {"uv": [6.375, 3.5625, 7, 3.625], "texture": "#particle"}
			}
		},
		{
			"name": "Voxels",
			"from": [7, 2.5, 6.25],
			"to": [10, 9.75, 6.5],
			"faces": {
				"north": {"uv": [6, 4.875, 6.0625, 6.6875], "texture": "#particle"},
				"east": {"uv": [6, 4.875, 6.0625, 6.6875], "texture": "#particle"},
				"south": {"uv": [6, 4.875, 6.0625, 6.6875], "texture": "#particle"},
				"west": {"uv": [6, 4.875, 6.0625, 6.6875], "texture": "#particle"},
				"up": {"uv": [6, 4.875, 6.0625, 6.6875], "texture": "#particle"},
				"down": {"uv": [6, 4.875, 6.0625, 6.6875], "texture": "#particle"}
			}
		},
		{
			"name": "Voxels",
			"from": [7, 10.25, 12.25],
			"to": [13.75, 11, 12.5],
			"faces": {
				"north": {"uv": [7, 5, 7.0625, 5.1875], "texture": "#particle"},
				"east": {"uv": [7, 5, 7.0625, 5.1875], "texture": "#particle"},
				"south": {"uv": [7, 5, 7.0625, 5.1875], "texture": "#particle"},
				"west": {"uv": [7, 5, 7.0625, 5.1875], "texture": "#particle"},
				"up": {"uv": [7, 5, 7.0625, 5.1875], "texture": "#particle"},
				"down": {"uv": [7, 5, 7.0625, 5.1875], "texture": "#particle"}
			}
		},
		{
			"name": "Voxels",
			"from": [7.25, 1.5, -0.5],
			"to": [9.75, 3.5, 1.25],
			"faces": {
				"north": {"uv": [5.5, 7.875, 5.9375, 8.375], "texture": "#particle"},
				"east": {"uv": [5.5, 7.875, 5.9375, 8.375], "texture": "#particle"},
				"south": {"uv": [5.5, 7.875, 5.9375, 8.375], "texture": "#particle"},
				"west": {"uv": [5.5, 7.875, 5.9375, 8.375], "texture": "#particle"},
				"up": {"uv": [5.5, 7.875, 5.9375, 8.375], "texture": "#particle"},
				"down": {"uv": [5.5, 7.875, 5.9375, 8.375], "texture": "#particle"}
			}
		},
		{
			"name": "Voxels",
			"from": [7.25, 1.5, 14.5],
			"to": [9.75, 3.5, 16.25],
			"faces": {
				"north": {"uv": [5, 6.5, 5.4375, 7], "texture": "#particle"},
				"east": {"uv": [5, 6.5, 5.4375, 7], "texture": "#particle"},
				"south": {"uv": [5, 6.5, 5.4375, 7], "texture": "#particle"},
				"west": {"uv": [5, 6.5, 5.4375, 7], "texture": "#particle"},
				"up": {"uv": [5, 6.5, 5.4375, 7], "texture": "#particle"},
				"down": {"uv": [5, 6.5, 5.4375, 7], "texture": "#particle"}
			}
		},
		{
			"name": "Voxels",
			"from": [7.25, 8, 9.25],
			"to": [10.25, 10, 9.5],
			"faces": {
				"north": {"uv": [4.125, 1.9375, 4.1875, 2.4375], "texture": "#particle"},
				"east": {"uv": [4.125, 1.9375, 4.1875, 2.4375], "texture": "#particle"},
				"south": {"uv": [4.125, 1.9375, 4.1875, 2.4375], "texture": "#particle"},
				"west": {"uv": [4.125, 1.9375, 4.1875, 2.4375], "texture": "#particle"},
				"up": {"uv": [4.125, 1.9375, 4.1875, 2.4375], "texture": "#particle"},
				"down": {"uv": [4.125, 1.9375, 4.1875, 2.4375], "texture": "#particle"}
			}
		},
		{
			"name": "Voxels",
			"from": [7.5, 1.5, -0.75],
			"to": [9.5, 3.5, -0.5],
			"faces": {
				"north": {"uv": [4.125, 0.4375, 4.1875, 0.9375], "texture": "#particle"},
				"east": {"uv": [4.125, 0.4375, 4.1875, 0.9375], "texture": "#particle"},
				"south": {"uv": [4.125, 0.4375, 4.1875, 0.9375], "texture": "#particle"},
				"west": {"uv": [4.125, 0.4375, 4.1875, 0.9375], "texture": "#particle"},
				"up": {"uv": [4.125, 0.4375, 4.1875, 0.9375], "texture": "#particle"},
				"down": {"uv": [4.125, 0.4375, 4.1875, 0.9375], "texture": "#particle"}
			}
		},
		{
			"name": "Voxels",
			"from": [7.5, 1.5, 1.25],
			"to": [9.5, 3.5, 1.5],
			"faces": {
				"north": {"uv": [5.375, 2.4375, 5.4375, 2.9375], "texture": "#particle"},
				"east": {"uv": [5.375, 2.4375, 5.4375, 2.9375], "texture": "#particle"},
				"south": {"uv": [5.375, 2.4375, 5.4375, 2.9375], "texture": "#particle"},
				"west": {"uv": [5.375, 2.4375, 5.4375, 2.9375], "texture": "#particle"},
				"up": {"uv": [5.375, 2.4375, 5.4375, 2.9375], "texture": "#particle"},
				"down": {"uv": [5.375, 2.4375, 5.4375, 2.9375], "texture": "#particle"}
			}
		},
		{
			"name": "Voxels",
			"from": [7.5, 1.5, 14.25],
			"to": [9.5, 3.5, 14.5],
			"faces": {
				"north": {"uv": [5.375, 9.4375, 5.4375, 9.9375], "texture": "#particle"},
				"east": {"uv": [5.375, 9.4375, 5.4375, 9.9375], "texture": "#particle"},
				"south": {"uv": [5.375, 9.4375, 5.4375, 9.9375], "texture": "#particle"},
				"west": {"uv": [5.375, 9.4375, 5.4375, 9.9375], "texture": "#particle"},
				"up": {"uv": [5.375, 9.4375, 5.4375, 9.9375], "texture": "#particle"},
				"down": {"uv": [5.375, 9.4375, 5.4375, 9.9375], "texture": "#particle"}
			}
		},
		{
			"name": "Voxels",
			"from": [7.5, 1.5, 16.25],
			"to": [9.5, 3.5, 16.5],
			"faces": {
				"north": {"uv": [6.625, 3.0625, 6.6875, 3.5625], "texture": "#particle"},
				"east": {"uv": [6.625, 3.0625, 6.6875, 3.5625], "texture": "#particle"},
				"south": {"uv": [6.625, 3.0625, 6.6875, 3.5625], "texture": "#particle"},
				"west": {"uv": [6.625, 3.0625, 6.6875, 3.5625], "texture": "#particle"},
				"up": {"uv": [6.625, 3.0625, 6.6875, 3.5625], "texture": "#particle"},
				"down": {"uv": [6.625, 3.0625, 6.6875, 3.5625], "texture": "#particle"}
			}
		},
		{
			"name": "Voxels",
			"from": [7.5, 3.5, -0.5],
			"to": [9.5, 3.75, 1.25],
			"faces": {
				"north": {"uv": [6.5, 1.3125, 6.9375, 1.375], "texture": "#particle"},
				"east": {"uv": [6.5, 1.3125, 6.9375, 1.375], "texture": "#particle"},
				"south": {"uv": [6.5, 1.3125, 6.9375, 1.375], "texture": "#particle"},
				"west": {"uv": [6.5, 1.3125, 6.9375, 1.375], "texture": "#particle"},
				"up": {"uv": [6.5, 1.3125, 6.9375, 1.375], "texture": "#particle"},
				"down": {"uv": [6.5, 1.3125, 6.9375, 1.375], "texture": "#particle"}
			}
		},
		{
			"name": "Voxels",
			"from": [7.5, 3.5, 14.5],
			"to": [9.5, 3.75, 16.25],
			"faces": {
				"north": {"uv": [6.4375, 1.6875, 6.875, 1.75], "texture": "#particle"},
				"east": {"uv": [6.4375, 1.6875, 6.875, 1.75], "texture": "#particle"},
				"south": {"uv": [6.4375, 1.6875, 6.875, 1.75], "texture": "#particle"},
				"west": {"uv": [6.4375, 1.6875, 6.875, 1.75], "texture": "#particle"},
				"up": {"uv": [6.4375, 1.6875, 6.875, 1.75], "texture": "#particle"},
				"down": {"uv": [6.4375, 1.6875, 6.875, 1.75], "texture": "#particle"}
			}
		},
		{
			"name": "Voxels",
			"from": [7.75, 3.5, 1.25],
			"to": [9.25, 4.5, 6.25],
			"faces": {
				"north": {"uv": [14.6875, 10.5625, 15.9375, 10.8125], "texture": "#particle"},
				"east": {"uv": [14.6875, 10.5625, 15.9375, 10.8125], "texture": "#particle"},
				"south": {"uv": [14.6875, 10.5625, 15.9375, 10.8125], "texture": "#particle"},
				"west": {"uv": [14.6875, 10.5625, 15.9375, 10.8125], "texture": "#particle"},
				"up": {"uv": [14.6875, 10.5625, 15.9375, 10.8125], "texture": "#particle"},
				"down": {"uv": [14.6875, 10.5625, 15.9375, 10.8125], "texture": "#particle"}
			}
		},
		{
			"name": "Voxels",
			"from": [7.75, 3.5, 9.5],
			"to": [9.25, 4.5, 14.5],
			"faces": {
				"north": {"uv": [4.1875, 9.9375, 5.4375, 10.1875], "texture": "#particle"},
				"east": {"uv": [4.1875, 9.9375, 5.4375, 10.1875], "texture": "#particle"},
				"south": {"uv": [4.1875, 9.9375, 5.4375, 10.1875], "texture": "#particle"},
				"west": {"uv": [4.1875, 9.9375, 5.4375, 10.1875], "texture": "#particle"},
				"up": {"uv": [4.1875, 9.9375, 5.4375, 10.1875], "texture": "#particle"},
				"down": {"uv": [4.1875, 9.9375, 5.4375, 10.1875], "texture": "#particle"}
			}
		},
		{
			"name": "Voxels",
			"from": [7.75, 3.75, 0],
			"to": [9.25, 4.5, 1.25],
			"faces": {
				"north": {"uv": [6.6875, 5.1875, 7, 5.375], "texture": "#particle"},
				"east": {"uv": [6.6875, 5.1875, 7, 5.375], "texture": "#particle"},
				"south": {"uv": [6.6875, 5.1875, 7, 5.375], "texture": "#particle"},
				"west": {"uv": [6.6875, 5.1875, 7, 5.375], "texture": "#particle"},
				"up": {"uv": [6.6875, 5.1875, 7, 5.375], "texture": "#particle"},
				"down": {"uv": [6.6875, 5.1875, 7, 5.375], "texture": "#particle"}
			}
		},
		{
			"name": "Voxels",
			"from": [7.75, 3.75, 14.5],
			"to": [9.25, 4.5, 15.75],
			"faces": {
				"north": {"uv": [6.75, 6.75, 7.0625, 6.9375], "texture": "#particle"},
				"east": {"uv": [6.75, 6.75, 7.0625, 6.9375], "texture": "#particle"},
				"south": {"uv": [6.75, 6.75, 7.0625, 6.9375], "texture": "#particle"},
				"west": {"uv": [6.75, 6.75, 7.0625, 6.9375], "texture": "#particle"},
				"up": {"uv": [6.75, 6.75, 7.0625, 6.9375], "texture": "#particle"},
				"down": {"uv": [6.75, 6.75, 7.0625, 6.9375], "texture": "#particle"}
			}
		},
		{
			"name": "Voxels",
			"from": [8, 3.75, -0.25],
			"to": [9, 4.5, 0],
			"faces": {
				"north": {"uv": [7.0625, 7.4375, 7.125, 7.625], "texture": "#particle"},
				"east": {"uv": [7.0625, 7.4375, 7.125, 7.625], "texture": "#particle"},
				"south": {"uv": [7.0625, 7.4375, 7.125, 7.625], "texture": "#particle"},
				"west": {"uv": [7.0625, 7.4375, 7.125, 7.625], "texture": "#particle"},
				"up": {"uv": [7.0625, 7.4375, 7.125, 7.625], "texture": "#particle"},
				"down": {"uv": [7.0625, 7.4375, 7.125, 7.625], "texture": "#particle"}
			}
		},
		{
			"name": "Voxels",
			"from": [8, 3.75, 15.75],
			"to": [9, 4.5, 16],
			"faces": {
				"north": {"uv": [7.0625, 7.0625, 7.125, 7.25], "texture": "#particle"},
				"east": {"uv": [7.0625, 7.0625, 7.125, 7.25], "texture": "#particle"},
				"south": {"uv": [7.0625, 7.0625, 7.125, 7.25], "texture": "#particle"},
				"west": {"uv": [7.0625, 7.0625, 7.125, 7.25], "texture": "#particle"},
				"up": {"uv": [7.0625, 7.0625, 7.125, 7.25], "texture": "#particle"},
				"down": {"uv": [7.0625, 7.0625, 7.125, 7.25], "texture": "#particle"}
			}
		},
		{
			"name": "Voxels",
			"from": [8, 4.5, 0],
			"to": [9, 4.75, 6.25],
			"faces": {
				"north": {"uv": [12.6875, 9.0625, 14.25, 9.125], "texture": "#particle"},
				"east": {"uv": [12.6875, 9.0625, 14.25, 9.125], "texture": "#particle"},
				"south": {"uv": [12.6875, 9.0625, 14.25, 9.125], "texture": "#particle"},
				"west": {"uv": [12.6875, 9.0625, 14.25, 9.125], "texture": "#particle"},
				"up": {"uv": [12.6875, 9.0625, 14.25, 9.125], "texture": "#particle"},
				"down": {"uv": [12.6875, 9.0625, 14.25, 9.125], "texture": "#particle"}
			}
		},
		{
			"name": "Voxels",
			"from": [8, 4.5, 9.5],
			"to": [9, 4.75, 15.75],
			"faces": {
				"north": {"uv": [11.125, 9.0625, 12.6875, 9.125], "texture": "#particle"},
				"east": {"uv": [11.125, 9.0625, 12.6875, 9.125], "texture": "#particle"},
				"south": {"uv": [11.125, 9.0625, 12.6875, 9.125], "texture": "#particle"},
				"west": {"uv": [11.125, 9.0625, 12.6875, 9.125], "texture": "#particle"},
				"up": {"uv": [11.125, 9.0625, 12.6875, 9.125], "texture": "#particle"},
				"down": {"uv": [11.125, 9.0625, 12.6875, 9.125], "texture": "#particle"}
			}
		},
		{
			"name": "Voxels",
			"from": [9, 9.75, 7],
			"to": [13.5, 10, 7.5],
			"faces": {
				"north": {"uv": [5.875, 3.375, 6, 3.4375], "texture": "#particle"},
				"east": {"uv": [5.875, 3.375, 6, 3.4375], "texture": "#particle"},
				"south": {"uv": [5.875, 3.375, 6, 3.4375], "texture": "#particle"},
				"west": {"uv": [5.875, 3.375, 6, 3.4375], "texture": "#particle"},
				"up": {"uv": [5.875, 3.375, 6, 3.4375], "texture": "#particle"},
				"down": {"uv": [5.875, 3.375, 6, 3.4375], "texture": "#particle"}
			}
		},
		{
			"name": "Voxels",
			"from": [9.75, 8, 6.5],
			"to": [10.25, 9.75, 9.25],
			"faces": {
				"north": {"uv": [3.5, 0, 4.1875, 0.4375], "texture": "#particle"},
				"east": {"uv": [3.5, 0, 4.1875, 0.4375], "texture": "#particle"},
				"south": {"uv": [3.5, 0, 4.1875, 0.4375], "texture": "#particle"},
				"west": {"uv": [3.5, 0, 4.1875, 0.4375], "texture": "#particle"},
				"up": {"uv": [3.5, 0, 4.1875, 0.4375], "texture": "#particle"},
				"down": {"uv": [3.5, 0, 4.1875, 0.4375], "texture": "#particle"}
			}
		},
		{
			"name": "Voxels",
			"from": [9.75, 9.75, 7.5],
			"to": [10.25, 10, 9.25],
			"faces": {
				"north": {"uv": [6.625, 7, 7.0625, 7.0625], "texture": "#particle"},
				"east": {"uv": [6.625, 7, 7.0625, 7.0625], "texture": "#particle"},
				"south": {"uv": [6.625, 7, 7.0625, 7.0625], "texture": "#particle"},
				"west": {"uv": [6.625, 7, 7.0625, 7.0625], "texture": "#particle"},
				"up": {"uv": [6.625, 7, 7.0625, 7.0625], "texture": "#particle"},
				"down": {"uv": [6.625, 7, 7.0625, 7.0625], "texture": "#particle"}
			}
		},
		{
			"name": "Voxels",
			"from": [10, 10.25, 9.5],
			"to": [13.75, 11, 12.25],
			"faces": {
				"north": {"uv": [6.375, 8.4375, 7.0625, 8.625], "texture": "#particle"},
				"east": {"uv": [6.375, 8.4375, 7.0625, 8.625], "texture": "#particle"},
				"south": {"uv": [6.375, 8.4375, 7.0625, 8.625], "texture": "#particle"},
				"west": {"uv": [6.375, 8.4375, 7.0625, 8.625], "texture": "#particle"},
				"up": {"uv": [6.375, 8.4375, 7.0625, 8.625], "texture": "#particle"},
				"down": {"uv": [6.375, 8.4375, 7.0625, 8.625], "texture": "#particle"}
			}
		},
		{
			"name": "Voxels",
			"from": [11, 20.25, 12.5],
			"to": [13.75, 20.5, 13.25],
			"faces": {
				"north": {"uv": [6.875, 7.3125, 7.0625, 7.375], "texture": "#particle"},
				"east": {"uv": [6.875, 7.3125, 7.0625, 7.375], "texture": "#particle"},
				"south": {"uv": [6.875, 7.3125, 7.0625, 7.375], "texture": "#particle"},
				"west": {"uv": [6.875, 7.3125, 7.0625, 7.375], "texture": "#particle"},
				"up": {"uv": [6.875, 7.3125, 7.0625, 7.375], "texture": "#particle"},
				"down": {"uv": [6.875, 7.3125, 7.0625, 7.375], "texture": "#particle"}
			}
		},
		{
			"name": "Voxels",
			"from": [13.25, 8, 12.5],
			"to": [13.75, 10, 13.25],
			"faces": {
				"north": {"uv": [4, 5.9375, 4.1875, 6.4375], "texture": "#particle"},
				"east": {"uv": [4, 5.9375, 4.1875, 6.4375], "texture": "#particle"},
				"south": {"uv": [4, 5.9375, 4.1875, 6.4375], "texture": "#particle"},
				"west": {"uv": [4, 5.9375, 4.1875, 6.4375], "texture": "#particle"},
				"up": {"uv": [4, 5.9375, 4.1875, 6.4375], "texture": "#particle"},
				"down": {"uv": [4, 5.9375, 4.1875, 6.4375], "texture": "#particle"}
			}
		},
		{
			"name": "Voxels",
			"from": [13.25, 10, 13],
			"to": [13.75, 20.25, 13.25],
			"faces": {
				"north": {"uv": [5.5, 0.5625, 5.5625, 3.125], "texture": "#particle"},
				"east": {"uv": [5.5, 0.5625, 5.5625, 3.125], "texture": "#particle"},
				"south": {"uv": [5.5, 0.5625, 5.5625, 3.125], "texture": "#particle"},
				"west": {"uv": [5.5, 0.5625, 5.5625, 3.125], "texture": "#particle"},
				"up": {"uv": [5.5, 0.5625, 5.5625, 3.125], "texture": "#particle"},
				"down": {"uv": [5.5, 0.5625, 5.5625, 3.125], "texture": "#particle"}
			}
		},
		{
			"name": "Voxels",
			"from": [13.25, 11.25, 3.5],
			"to": [14.75, 14.5, 4.5],
			"faces": {
				"north": {"uv": [5.5, 4.5, 5.75, 5.3125], "texture": "#particle"},
				"east": {"uv": [5.5, 4.5, 5.75, 5.3125], "texture": "#particle"},
				"south": {"uv": [5.5, 4.5, 5.75, 5.3125], "texture": "#particle"},
				"west": {"uv": [5.5, 4.5, 5.75, 5.3125], "texture": "#particle"},
				"up": {"uv": [5.5, 4.5, 5.75, 5.3125], "texture": "#particle"},
				"down": {"uv": [5.5, 4.5, 5.75, 5.3125], "texture": "#particle"}
			}
		},
		{
			"name": "Voxels",
			"from": [13.25, 11.25, 12.5],
			"to": [13.75, 20.25, 13],
			"faces": {
				"north": {"uv": [4.5625, 3.4375, 4.6875, 5.6875], "texture": "#particle"},
				"east": {"uv": [4.5625, 3.4375, 4.6875, 5.6875], "texture": "#particle"},
				"south": {"uv": [4.5625, 3.4375, 4.6875, 5.6875], "texture": "#particle"},
				"west": {"uv": [4.5625, 3.4375, 4.6875, 5.6875], "texture": "#particle"},
				"up": {"uv": [4.5625, 3.4375, 4.6875, 5.6875], "texture": "#particle"},
				"down": {"uv": [4.5625, 3.4375, 4.6875, 5.6875], "texture": "#particle"}
			}
		},
		{
			"name": "Voxels",
			"from": [13.25, 13.5, 2],
			"to": [14.75, 14.5, 3.5],
			"faces": {
				"north": {"uv": [6.375, 7.5625, 6.75, 7.8125], "texture": "#particle"},
				"east": {"uv": [6.375, 7.5625, 6.75, 7.8125], "texture": "#particle"},
				"south": {"uv": [6.375, 7.5625, 6.75, 7.8125], "texture": "#particle"},
				"west": {"uv": [6.375, 7.5625, 6.75, 7.8125], "texture": "#particle"},
				"up": {"uv": [6.375, 7.5625, 6.75, 7.8125], "texture": "#particle"},
				"down": {"uv": [6.375, 7.5625, 6.75, 7.8125], "texture": "#particle"}
			}
		},
		{
			"name": "Voxels",
			"from": [13.25, 13.5, 4.5],
			"to": [14.75, 14.5, 12.25],
			"faces": {
				"north": {"uv": [6.5625, 10.5625, 8.5, 10.8125], "texture": "#particle"},
				"east": {"uv": [6.5625, 10.5625, 8.5, 10.8125], "texture": "#particle"},
				"south": {"uv": [6.5625, 10.5625, 8.5, 10.8125], "texture": "#particle"},
				"west": {"uv": [6.5625, 10.5625, 8.5, 10.8125], "texture": "#particle"},
				"up": {"uv": [6.5625, 10.5625, 8.5, 10.8125], "texture": "#particle"},
				"down": {"uv": [6.5625, 10.5625, 8.5, 10.8125], "texture": "#particle"}
			}
		},
		{
			"name": "Voxels",
			"from": [13.25, 13.5, 13.5],
			"to": [14.75, 14.5, 14],
			"faces": {
				"north": {"uv": [6.875, 6.0625, 7, 6.3125], "texture": "#particle"},
				"east": {"uv": [6.875, 6.0625, 7, 6.3125], "texture": "#particle"},
				"south": {"uv": [6.875, 6.0625, 7, 6.3125], "texture": "#particle"},
				"west": {"uv": [6.875, 6.0625, 7, 6.3125], "texture": "#particle"},
				"up": {"uv": [6.875, 6.0625, 7, 6.3125], "texture": "#particle"},
				"down": {"uv": [6.875, 6.0625, 7, 6.3125], "texture": "#particle"}
			}
		},
		{
			"name": "Voxels",
			"from": [13.25, 14.5, 13.5],
			"to": [14.5, 14.75, 13.75],
			"faces": {
				"north": {"uv": [6.9375, 5.5625, 7, 5.625], "texture": "#particle"},
				"east": {"uv": [6.9375, 5.5625, 7, 5.625], "texture": "#particle"},
				"south": {"uv": [6.9375, 5.5625, 7, 5.625], "texture": "#particle"},
				"west": {"uv": [6.9375, 5.5625, 7, 5.625], "texture": "#particle"},
				"up": {"uv": [6.9375, 5.5625, 7, 5.625], "texture": "#particle"},
				"down": {"uv": [6.9375, 5.5625, 7, 5.625], "texture": "#particle"}
			}
		},
		{
			"name": "Voxels",
			"from": [13.5, 11.25, 3.25],
			"to": [14.5, 13.5, 3.5],
			"faces": {
				"north": {"uv": [6.5625, 3, 6.625, 3.5625], "texture": "#particle"},
				"east": {"uv": [6.5625, 3, 6.625, 3.5625], "texture": "#particle"},
				"south": {"uv": [6.5625, 3, 6.625, 3.5625], "texture": "#particle"},
				"west": {"uv": [6.5625, 3, 6.625, 3.5625], "texture": "#particle"},
				"up": {"uv": [6.5625, 3, 6.625, 3.5625], "texture": "#particle"},
				"down": {"uv": [6.5625, 3, 6.625, 3.5625], "texture": "#particle"}
			}
		},
		{
			"name": "Voxels",
			"from": [13.5, 11.25, 4.5],
			"to": [14.5, 13.5, 4.75],
			"faces": {
				"north": {"uv": [4.125, 3.75, 4.1875, 4.3125], "texture": "#particle"},
				"east": {"uv": [4.125, 3.75, 4.1875, 4.3125], "texture": "#particle"},
				"south": {"uv": [4.125, 3.75, 4.1875, 4.3125], "texture": "#particle"},
				"west": {"uv": [4.125, 3.75, 4.1875, 4.3125], "texture": "#particle"},
				"up": {"uv": [4.125, 3.75, 4.1875, 4.3125], "texture": "#particle"},
				"down": {"uv": [4.125, 3.75, 4.1875, 4.3125], "texture": "#particle"}
			}
		},
		{
			"name": "Voxels",
			"from": [13.5, 13.25, 2],
			"to": [14.5, 13.5, 3.25],
			"faces": {
				"north": {"uv": [6.5, 1.125, 6.8125, 1.1875], "texture": "#particle"},
				"east": {"uv": [6.5, 1.125, 6.8125, 1.1875], "texture": "#particle"},
				"south": {"uv": [6.5, 1.125, 6.8125, 1.1875], "texture": "#particle"},
				"west": {"uv": [6.5, 1.125, 6.8125, 1.1875], "texture": "#particle"},
				"up": {"uv": [6.5, 1.125, 6.8125, 1.1875], "texture": "#particle"},
				"down": {"uv": [6.5, 1.125, 6.8125, 1.1875], "texture": "#particle"}
			}
		},
		{
			"name": "Voxels",
			"from": [13.5, 13.25, 4.75],
			"to": [14.5, 13.5, 6.5],
			"faces": {
				"north": {"uv": [6.5, 1.5, 6.9375, 1.5625], "texture": "#particle"},
				"east": {"uv": [6.5, 1.5, 6.9375, 1.5625], "texture": "#particle"},
				"south": {"uv": [6.5, 1.5, 6.9375, 1.5625], "texture": "#particle"},
				"west": {"uv": [6.5, 1.5, 6.9375, 1.5625], "texture": "#particle"},
				"up": {"uv": [6.5, 1.5, 6.9375, 1.5625], "texture": "#particle"},
				"down": {"uv": [6.5, 1.5, 6.9375, 1.5625], "texture": "#particle"}
			}
		},
		{
			"name": "Voxels",
			"from": [13.5, 13.5, 1.75],
			"to": [14.5, 14.5, 2],
			"faces": {
				"north": {"uv": [12.5, 12.4375, 12.5625, 12.6875], "texture": "#particle"},
				"east": {"uv": [12.5, 12.4375, 12.5625, 12.6875], "texture": "#particle"},
				"south": {"uv": [12.5, 12.4375, 12.5625, 12.6875], "texture": "#particle"},
				"west": {"uv": [12.5, 12.4375, 12.5625, 12.6875], "texture": "#particle"},
				"up": {"uv": [12.5, 12.4375, 12.5625, 12.6875], "texture": "#particle"},
				"down": {"uv": [12.5, 12.4375, 12.5625, 12.6875], "texture": "#particle"}
			}
		},
		{
			"name": "Voxels",
			"from": [13.5, 14.5, 2],
			"to": [14.5, 14.75, 12.25],
			"faces": {
				"north": {"uv": [6, 9.5, 8.5625, 9.5625], "texture": "#particle"},
				"east": {"uv": [6, 9.5, 8.5625, 9.5625], "texture": "#particle"},
				"south": {"uv": [6, 9.5, 8.5625, 9.5625], "texture": "#particle"},
				"west": {"uv": [6, 9.5, 8.5625, 9.5625], "texture": "#particle"},
				"up": {"uv": [6, 9.5, 8.5625, 9.5625], "texture": "#particle"},
				"down": {"uv": [6, 9.5, 8.5625, 9.5625], "texture": "#particle"}
			}
		},
		{
			"name": "Voxels",
			"from": [13.5, 14.5, 13.75],
			"to": [14.5, 14.75, 14],
			"faces": {
				"north": {"uv": [15.9375, 10.5, 16, 10.5625], "texture": "#particle"},
				"east": {"uv": [15.9375, 10.5, 16, 10.5625], "texture": "#particle"},
				"south": {"uv": [15.9375, 10.5, 16, 10.5625], "texture": "#particle"},
				"west": {"uv": [15.9375, 10.5, 16, 10.5625], "texture": "#particle"},
				"up": {"uv": [15.9375, 10.5, 16, 10.5625], "texture": "#particle"},
				"down": {"uv": [15.9375, 10.5, 16, 10.5625], "texture": "#particle"}
			}
		},
		{
			"name": "Voxels",
			"from": [13.75, 10, 4.25],
			"to": [14.75, 11.25, 4.5],
			"faces": {
				"north": {"uv": [5.375, 6.1875, 5.4375, 6.5], "texture": "#particle"},
				"east": {"uv": [5.375, 6.1875, 5.4375, 6.5], "texture": "#particle"},
				"south": {"uv": [5.375, 6.1875, 5.4375, 6.5], "texture": "#particle"},
				"west": {"uv": [5.375, 6.1875, 5.4375, 6.5], "texture": "#particle"},
				"up": {"uv": [5.375, 6.1875, 5.4375, 6.5], "texture": "#particle"},
				"down": {"uv": [5.375, 6.1875, 5.4375, 6.5], "texture": "#particle"}
			}
		},
		{
			"name": "Voxels",
			"from": [13.75, 13.5, 12.5],
			"to": [14.75, 14.5, 13.5],
			"faces": {
				"north": {"uv": [6.625, 6.0625, 6.875, 6.3125], "texture": "#particle"},
				"east": {"uv": [6.625, 6.0625, 6.875, 6.3125], "texture": "#particle"},
				"south": {"uv": [6.625, 6.0625, 6.875, 6.3125], "texture": "#particle"},
				"west": {"uv": [6.625, 6.0625, 6.875, 6.3125], "texture": "#particle"},
				"up": {"uv": [6.625, 6.0625, 6.875, 6.3125], "texture": "#particle"},
				"down": {"uv": [6.625, 6.0625, 6.875, 6.3125], "texture": "#particle"}
			}
		},
		{
			"name": "Voxels",
			"from": [13.75, 14.5, 12.5],
			"to": [14.5, 14.75, 13.5],
			"faces": {
				"north": {"uv": [6.75, 0.6875, 7, 0.75], "texture": "#particle"},
				"east": {"uv": [6.75, 0.6875, 7, 0.75], "texture": "#particle"},
				"south": {"uv": [6.75, 0.6875, 7, 0.75], "texture": "#particle"},
				"west": {"uv": [6.75, 0.6875, 7, 0.75], "texture": "#particle"},
				"up": {"uv": [6.75, 0.6875, 7, 0.75], "texture": "#particle"},
				"down": {"uv": [6.75, 0.6875, 7, 0.75], "texture": "#particle"}
			}
		},
		{
			"name": "Voxels",
			"from": [14.25, 10, 3.5],
			"to": [14.75, 11.25, 4.25],
			"faces": {
				"north": {"uv": [9.5625, 12.3125, 9.75, 12.625], "texture": "#particle"},
				"east": {"uv": [9.5625, 12.3125, 9.75, 12.625], "texture": "#particle"},
				"south": {"uv": [9.5625, 12.3125, 9.75, 12.625], "texture": "#particle"},
				"west": {"uv": [9.5625, 12.3125, 9.75, 12.625], "texture": "#particle"},
				"up": {"uv": [9.5625, 12.3125, 9.75, 12.625], "texture": "#particle"},
				"down": {"uv": [9.5625, 12.3125, 9.75, 12.625], "texture": "#particle"}
			}
		},
		{
			"name": "Voxels",
			"from": [14.75, 1.5, 7],
			"to": [17.25, 3.5, 9],
			"faces": {
				"north": {"uv": [5.5, 9.875, 6, 10.375], "texture": "#particle"},
				"east": {"uv": [5.5, 9.875, 6, 10.375], "texture": "#particle"},
				"south": {"uv": [5.5, 9.875, 6, 10.375], "texture": "#particle"},
				"west": {"uv": [5.5, 9.875, 6, 10.375], "texture": "#particle"},
				"up": {"uv": [5.5, 9.875, 6, 10.375], "texture": "#particle"},
				"down": {"uv": [5.5, 9.875, 6, 10.375], "texture": "#particle"}
			}
		},
		{
			"name": "Voxels",
			"from": [14.75, 3.5, 7.25],
			"to": [17, 3.75, 7.5],
			"faces": {
				"north": {"uv": [5.375, 8.1875, 5.4375, 8.25], "texture": "#particle"},
				"east": {"uv": [5.375, 8.1875, 5.4375, 8.25], "texture": "#particle"},
				"south": {"uv": [5.375, 8.1875, 5.4375, 8.25], "texture": "#particle"},
				"west": {"uv": [5.375, 8.1875, 5.4375, 8.25], "texture": "#particle"},
				"up": {"uv": [5.375, 8.1875, 5.4375, 8.25], "texture": "#particle"},
				"down": {"uv": [5.375, 8.1875, 5.4375, 8.25], "texture": "#particle"}
			}
		},
		{
			"name": "Voxels",
			"from": [14.75, 3.5, 8.5],
			"to": [17, 3.75, 8.75],
			"faces": {
				"north": {"uv": [5.6875, 0.5625, 5.75, 0.625], "texture": "#particle"},
				"east": {"uv": [5.6875, 0.5625, 5.75, 0.625], "texture": "#particle"},
				"south": {"uv": [5.6875, 0.5625, 5.75, 0.625], "texture": "#particle"},
				"west": {"uv": [5.6875, 0.5625, 5.75, 0.625], "texture": "#particle"},
				"up": {"uv": [5.6875, 0.5625, 5.75, 0.625], "texture": "#particle"},
				"down": {"uv": [5.6875, 0.5625, 5.75, 0.625], "texture": "#particle"}
			}
		},
		{
			"name": "Voxels",
			"from": [15, 1.5, 6.75],
			"to": [17, 3.5, 7],
			"faces": {
				"north": {"uv": [6.375, 1.125, 6.4375, 1.625], "texture": "#particle"},
				"east": {"uv": [6.375, 1.125, 6.4375, 1.625], "texture": "#particle"},
				"south": {"uv": [6.375, 1.125, 6.4375, 1.625], "texture": "#particle"},
				"west": {"uv": [6.375, 1.125, 6.4375, 1.625], "texture": "#particle"},
				"up": {"uv": [6.375, 1.125, 6.4375, 1.625], "texture": "#particle"},
				"down": {"uv": [6.375, 1.125, 6.4375, 1.625], "texture": "#particle"}
			}
		},
		{
			"name": "Voxels",
			"from": [15, 3.5, 7],
			"to": [17, 3.75, 7.25],
			"faces": {
				"north": {"uv": [7, 4.25, 7.0625, 4.3125], "texture": "#particle"},
				"east": {"uv": [7, 4.25, 7.0625, 4.3125], "texture": "#particle"},
				"south": {"uv": [7, 4.25, 7.0625, 4.3125], "texture": "#particle"},
				"west": {"uv": [7, 4.25, 7.0625, 4.3125], "texture": "#particle"},
				"up": {"uv": [7, 4.25, 7.0625, 4.3125], "texture": "#particle"},
				"down": {"uv": [7, 4.25, 7.0625, 4.3125], "texture": "#particle"}
			}
		},
		{
			"name": "Voxels",
			"from": [15, 3.5, 8.75],
			"to": [17, 3.75, 9],
			"faces": {
				"north": {"uv": [6.75, 3, 6.8125, 3.0625], "texture": "#particle"},
				"east": {"uv": [6.75, 3, 6.8125, 3.0625], "texture": "#particle"},
				"south": {"uv": [6.75, 3, 6.8125, 3.0625], "texture": "#particle"},
				"west": {"uv": [6.75, 3, 6.8125, 3.0625], "texture": "#particle"},
				"up": {"uv": [6.75, 3, 6.8125, 3.0625], "texture": "#particle"},
				"down": {"uv": [6.75, 3, 6.8125, 3.0625], "texture": "#particle"}
			}
		},
		{
			"name": "Voxels",
			"from": [15.25, 3.75, 7.25],
			"to": [16.5, 4.5, 7.5],
			"faces": {
				"north": {"uv": [7.0625, 8.75, 7.125, 8.9375], "texture": "#particle"},
				"east": {"uv": [7.0625, 8.75, 7.125, 8.9375], "texture": "#particle"},
				"south": {"uv": [7.0625, 8.75, 7.125, 8.9375], "texture": "#particle"},
				"west": {"uv": [7.0625, 8.75, 7.125, 8.9375], "texture": "#particle"},
				"up": {"uv": [7.0625, 8.75, 7.125, 8.9375], "texture": "#particle"},
				"down": {"uv": [7.0625, 8.75, 7.125, 8.9375], "texture": "#particle"}
			}
		},
		{
			"name": "Voxels",
			"from": [15.25, 3.75, 7.75],
			"to": [16.75, 4.5, 8.25],
			"faces": {
				"north": {"uv": [6.875, 1.625, 7, 1.8125], "texture": "#particle"},
				"east": {"uv": [6.875, 1.625, 7, 1.8125], "texture": "#particle"},
				"south": {"uv": [6.875, 1.625, 7, 1.8125], "texture": "#particle"},
				"west": {"uv": [6.875, 1.625, 7, 1.8125], "texture": "#particle"},
				"up": {"uv": [6.875, 1.625, 7, 1.8125], "texture": "#particle"},
				"down": {"uv": [6.875, 1.625, 7, 1.8125], "texture": "#particle"}
			}
		},
		{
			"name": "Voxels",
			"from": [15.25, 3.75, 8.5],
			"to": [16.5, 4.5, 8.75],
			"faces": {
				"north": {"uv": [7.0625, 6.875, 7.125, 7.0625], "texture": "#particle"},
				"east": {"uv": [7.0625, 6.875, 7.125, 7.0625], "texture": "#particle"},
				"south": {"uv": [7.0625, 6.875, 7.125, 7.0625], "texture": "#particle"},
				"west": {"uv": [7.0625, 6.875, 7.125, 7.0625], "texture": "#particle"},
				"up": {"uv": [7.0625, 6.875, 7.125, 7.0625], "texture": "#particle"},
				"down": {"uv": [7.0625, 6.875, 7.125, 7.0625], "texture": "#particle"}
			}
		}
	],
	"display": {
		"firstperson_righthand": {
			"rotation": [-180, 0, 180]
		},
		"firstperson_lefthand": {
			"rotation": [-180, 0, 180]
		},
		"ground": {
			"translation": [0, 3, 0]
		},
		"gui": {
			"rotation": [0, 155, 0],
			"translation": [0, -2, 0],
			"scale": [0.5, 0.5, 0.5]
		},
		"fixed": {
			"rotation": [-90, 0, 0],
			"translation": [0, 0, -15.65],
			"scale": [2, 2.5, 2]
		}
	}
}