{
	"credit": "Made with Blockbench",
	"textures": {
		"3": "item/charcoal/54",
		"4": "item/charcoal/54-1",
		"5": "item/charcoal/54-2",
		"particle": "item/charcoal/54"
	},
	"elements": [
		{
			"name": "Voxels",
			"from": [16, 0, 0],
			"to": [16.25, 1, 16],
			"faces": {
				"north": {"uv": [3.9375, 10.4375, 4, 10.6875], "texture": "#3"},
				"east": {"uv": [3.9375, 10.4375, 4, 10.6875], "texture": "#3"},
				"south": {"uv": [3.9375, 10.4375, 4, 10.6875], "texture": "#3"},
				"west": {"uv": [3.9375, 10.4375, 4, 10.6875], "texture": "#3"},
				"up": {"uv": [3.9375, 10.4375, 4, 10.6875], "texture": "#3"},
				"down": {"uv": [3.9375, 10.4375, 4, 10.6875], "texture": "#3"}
			}
		},
		{
			"name": "Voxels",
			"from": [0, 0, -0.25],
			"to": [16, 1, 16],
			"faces": {
				"north": {"uv": [0, 11.4375, 4, 11.6875], "texture": "#3"},
				"east": {"uv": [0, 11.4375, 4, 11.6875], "texture": "#3"},
				"south": {"uv": [0, 11.4375, 4, 11.6875], "texture": "#3"},
				"west": {"uv": [0, 11.4375, 4, 11.6875], "texture": "#3"},
				"up": {"uv": [0, 11.4375, 4, 11.6875], "texture": "#3"},
				"down": {"uv": [0, 11.4375, 4, 11.6875], "texture": "#3"}
			}
		},
		{
			"name": "Voxels",
			"from": [0.25, 1, 0],
			"to": [16, 1.25, 1],
			"faces": {
				"north": {"uv": [12.0625, 15.875, 16, 15.9375], "texture": "#3"},
				"east": {"uv": [12.0625, 15.875, 16, 15.9375], "texture": "#3"},
				"south": {"uv": [12.0625, 15.875, 16, 15.9375], "texture": "#3"},
				"west": {"uv": [12.0625, 15.875, 16, 15.9375], "texture": "#3"},
				"up": {"uv": [12.0625, 15.875, 16, 15.9375], "texture": "#3"},
				"down": {"uv": [12.0625, 15.875, 16, 15.9375], "texture": "#3"}
			}
		},
		{
			"name": "Voxels",
			"from": [0.25, 1, 1],
			"to": [4, 1.25, 4.5],
			"faces": {
				"north": {"uv": [0, 8.5625, 0.9375, 8.625], "texture": "#3"},
				"east": {"uv": [0, 8.5625, 0.9375, 8.625], "texture": "#3"},
				"south": {"uv": [0, 8.5625, 0.9375, 8.625], "texture": "#3"},
				"west": {"uv": [0, 8.5625, 0.9375, 8.625], "texture": "#3"},
				"up": {"uv": [0, 8.5625, 0.9375, 8.625], "texture": "#3"},
				"down": {"uv": [0, 8.5625, 0.9375, 8.625], "texture": "#3"}
			}
		},
		{
			"name": "Voxels",
			"from": [0.25, 1, 4.5],
			"to": [0.75, 1.25, 15.5],
			"faces": {
				"north": {"uv": [1.6875, 8.75, 1.8125, 8.8125], "texture": "#3"},
				"east": {"uv": [1.6875, 8.75, 1.8125, 8.8125], "texture": "#3"},
				"south": {"uv": [1.6875, 8.75, 1.8125, 8.8125], "texture": "#3"},
				"west": {"uv": [1.6875, 8.75, 1.8125, 8.8125], "texture": "#3"},
				"up": {"uv": [1.6875, 8.75, 1.8125, 8.8125], "texture": "#3"},
				"down": {"uv": [1.6875, 8.75, 1.8125, 8.8125], "texture": "#3"}
			}
		},
		{
			"name": "Voxels",
			"from": [0.25, 1.25, 14.75],
			"to": [0.5, 12.5, 15],
			"faces": {
				"north": {"uv": [4.75, 8.625, 4.8125, 11.4375], "texture": "#3"},
				"east": {"uv": [4.75, 8.625, 4.8125, 11.4375], "texture": "#3"},
				"south": {"uv": [4.75, 8.625, 4.8125, 11.4375], "texture": "#3"},
				"west": {"uv": [4.75, 8.625, 4.8125, 11.4375], "texture": "#3"},
				"up": {"uv": [4.75, 8.625, 4.8125, 11.4375], "texture": "#3"},
				"down": {"uv": [4.75, 8.625, 4.8125, 11.4375], "texture": "#3"}
			}
		},
		{
			"name": "Voxels",
			"from": [0.25, 12.5, 15],
			"to": [16, 12.75, 15.5],
			"faces": {
				"north": {"uv": [12.0625, 15.75, 16, 15.8125], "texture": "#3"},
				"east": {"uv": [12.0625, 15.75, 16, 15.8125], "texture": "#3"},
				"south": {"uv": [12.0625, 15.75, 16, 15.8125], "texture": "#3"},
				"west": {"uv": [12.0625, 15.75, 16, 15.8125], "texture": "#3"},
				"up": {"uv": [12.0625, 15.75, 16, 15.8125], "texture": "#3"},
				"down": {"uv": [12.0625, 15.75, 16, 15.8125], "texture": "#3"}
			}
		},
		{
			"name": "Voxels",
			"from": [0.5, 1.5, 14.75],
			"to": [16, 1.75, 15],
			"faces": {
				"north": {"uv": [12.0625, 15.25, 15.9375, 15.3125], "texture": "#3"},
				"east": {"uv": [12.0625, 15.25, 15.9375, 15.3125], "texture": "#3"},
				"south": {"uv": [12.0625, 15.25, 15.9375, 15.3125], "texture": "#3"},
				"west": {"uv": [12.0625, 15.25, 15.9375, 15.3125], "texture": "#3"},
				"up": {"uv": [12.0625, 15.25, 15.9375, 15.3125], "texture": "#3"},
				"down": {"uv": [12.0625, 15.25, 15.9375, 15.3125], "texture": "#3"}
			}
		},
		{
			"name": "Voxels",
			"from": [0.5, 12.25, 14.75],
			"to": [16, 12.5, 15],
			"faces": {
				"north": {"uv": [12.0625, 15.5, 15.9375, 15.5625], "texture": "#3"},
				"east": {"uv": [12.0625, 15.5, 15.9375, 15.5625], "texture": "#3"},
				"south": {"uv": [12.0625, 15.5, 15.9375, 15.5625], "texture": "#3"},
				"west": {"uv": [12.0625, 15.5, 15.9375, 15.5625], "texture": "#3"},
				"up": {"uv": [12.0625, 15.5, 15.9375, 15.5625], "texture": "#3"},
				"down": {"uv": [12.0625, 15.5, 15.9375, 15.5625], "texture": "#3"}
			}
		},
		{
			"name": "Voxels",
			"from": [0.75, 1, 14.75],
			"to": [1.5, 1.25, 15.5],
			"faces": {
				"north": {"uv": [1.5625, 8.6875, 1.75, 8.75], "texture": "#3"},
				"east": {"uv": [1.5625, 8.6875, 1.75, 8.75], "texture": "#3"},
				"south": {"uv": [1.5625, 8.6875, 1.75, 8.75], "texture": "#3"},
				"west": {"uv": [1.5625, 8.6875, 1.75, 8.75], "texture": "#3"},
				"up": {"uv": [1.5625, 8.6875, 1.75, 8.75], "texture": "#3"},
				"down": {"uv": [1.5625, 8.6875, 1.75, 8.75], "texture": "#3"}
			}
		},
		{
			"name": "Voxels",
			"from": [4, 1, 4.25],
			"to": [16, 1.25, 4.5],
			"faces": {
				"north": {"uv": [4.75, 11.5, 7.75, 11.5625], "texture": "#3"},
				"east": {"uv": [4.75, 11.5, 7.75, 11.5625], "texture": "#3"},
				"south": {"uv": [4.75, 11.5, 7.75, 11.5625], "texture": "#3"},
				"west": {"uv": [4.75, 11.5, 7.75, 11.5625], "texture": "#3"},
				"up": {"uv": [4.75, 11.5, 7.75, 11.5625], "texture": "#3"},
				"down": {"uv": [4.75, 11.5, 7.75, 11.5625], "texture": "#3"}
			}
		},
		{
			"name": "Voxels",
			"from": [12.5, 1, 1],
			"to": [16, 1.25, 4.25],
			"faces": {
				"north": {"uv": [0, 8.375, 0.875, 8.4375], "texture": "#3"},
				"east": {"uv": [0, 8.375, 0.875, 8.4375], "texture": "#3"},
				"south": {"uv": [0, 8.375, 0.875, 8.4375], "texture": "#3"},
				"west": {"uv": [0, 8.375, 0.875, 8.4375], "texture": "#3"},
				"up": {"uv": [0, 8.375, 0.875, 8.4375], "texture": "#3"},
				"down": {"uv": [0, 8.375, 0.875, 8.4375], "texture": "#3"}
			}
		},
		{
			"name": "Voxels",
			"from": [15, 1, 14.75],
			"to": [16, 1.25, 15.5],
			"faces": {
				"north": {"uv": [1.4375, 8.75, 1.6875, 8.8125], "texture": "#3"},
				"east": {"uv": [1.4375, 8.75, 1.6875, 8.8125], "texture": "#3"},
				"south": {"uv": [1.4375, 8.75, 1.6875, 8.8125], "texture": "#3"},
				"west": {"uv": [1.4375, 8.75, 1.6875, 8.8125], "texture": "#3"},
				"up": {"uv": [1.4375, 8.75, 1.6875, 8.8125], "texture": "#3"},
				"down": {"uv": [1.4375, 8.75, 1.6875, 8.8125], "texture": "#3"}
			}
		},
		{
			"name": "Voxels",
			"from": [15.5, 1, 4.5],
			"to": [16, 1.25, 14.75],
			"faces": {
				"north": {"uv": [0.8125, 8.25, 0.9375, 8.3125], "texture": "#3"},
				"east": {"uv": [0.8125, 8.25, 0.9375, 8.3125], "texture": "#3"},
				"south": {"uv": [0.8125, 8.25, 0.9375, 8.3125], "texture": "#3"},
				"west": {"uv": [0.8125, 8.25, 0.9375, 8.3125], "texture": "#3"},
				"up": {"uv": [0.8125, 8.25, 0.9375, 8.3125], "texture": "#3"},
				"down": {"uv": [0.8125, 8.25, 0.9375, 8.3125], "texture": "#3"}
			}
		},
		{
			"name": "Voxels",
			"from": [15.75, 1.25, 14.75],
			"to": [16, 1.5, 15],
			"faces": {
				"north": {"uv": [1.0625, 8.4375, 1.125, 8.5], "texture": "#3"},
				"east": {"uv": [1.0625, 8.4375, 1.125, 8.5], "texture": "#3"},
				"south": {"uv": [1.0625, 8.4375, 1.125, 8.5], "texture": "#3"},
				"west": {"uv": [1.0625, 8.4375, 1.125, 8.5], "texture": "#3"},
				"up": {"uv": [1.0625, 8.4375, 1.125, 8.5], "texture": "#3"},
				"down": {"uv": [1.0625, 8.4375, 1.125, 8.5], "texture": "#3"}
			}
		},
		{
			"name": "Voxels",
			"from": [15.75, 1.75, 14.75],
			"to": [16, 12.25, 15],
			"faces": {
				"north": {"uv": [5.125, 8.6875, 5.1875, 11.3125], "texture": "#3"},
				"east": {"uv": [5.125, 8.6875, 5.1875, 11.3125], "texture": "#3"},
				"south": {"uv": [5.125, 8.6875, 5.1875, 11.3125], "texture": "#3"},
				"west": {"uv": [5.125, 8.6875, 5.1875, 11.3125], "texture": "#3"},
				"up": {"uv": [5.125, 8.6875, 5.1875, 11.3125], "texture": "#3"},
				"down": {"uv": [5.125, 8.6875, 5.1875, 11.3125], "texture": "#3"}
			}
		},
		{
			"name": "Voxels",
			"from": [0, 1.25, 15],
			"to": [16.25, 12.5, 15.5],
			"faces": {
				"north": {"uv": [8, 10.375, 12.0625, 13.1875], "texture": "#3"},
				"east": {"uv": [8, 10.375, 12.0625, 13.1875], "texture": "#3"},
				"south": {"uv": [8, 10.375, 12.0625, 13.1875], "texture": "#3"},
				"west": {"uv": [8, 10.375, 12.0625, 13.1875], "texture": "#3"},
				"up": {"uv": [8, 10.375, 12.0625, 13.1875], "texture": "#3"},
				"down": {"uv": [8, 10.375, 12.0625, 13.1875], "texture": "#3"}
			}
		},
		{
			"name": "PlaneZ20",
			"from": [0.5, 1.75, 14.9],
			"to": [15.75, 12.25, 14.901],
			"faces": {
				"north": {"uv": [0.5, 4, 15.75, 14.25], "texture": "#5"},
				"east": {"uv": [0.5, 4, 15.75, 14.25], "texture": "#5"},
				"south": {"uv": [0.5, 4, 15.75, 14.25], "texture": "#5"},
				"west": {"uv": [0.5, 4, 15.75, 14.25], "texture": "#5"},
				"up": {"uv": [0.5, 4, 15.75, 14.25], "texture": "#5"},
				"down": {"uv": [0.5, 4, 15.75, 14.25], "texture": "#5"}
			}
		},
		{
			"name": "PlaneY21",
			"from": [0.5, 1, 4.5],
			"to": [15.5, 1.001, 14.5],
			"faces": {
				"north": {"uv": [0, 0, 16, 16], "rotation": 180, "texture": "#4"},
				"east": {"uv": [0, 0, 16, 16], "rotation": 180, "texture": "#4"},
				"south": {"uv": [0, 0, 16, 16], "rotation": 180, "texture": "#4"},
				"west": {"uv": [0, 0, 16, 16], "rotation": 180, "texture": "#4"},
				"up": {"uv": [0, 0, 16, 16], "rotation": 180, "texture": "#4"},
				"down": {"uv": [0, 0, 16, 16], "rotation": 180, "texture": "#4"}
			}
		}
	],
	"display": {
		"thirdperson_righthand": {
			"rotation": [90, 180, 0],
			"translation": [0, 5.913, 6.9565],
			"scale": [0.75, 0.75, 0.75]
		},
		"thirdperson_lefthand": {
			"rotation": [90, 180, 0],
			"translation": [0, 5.913, 6.9565],
			"scale": [0.75, 0.75, 0.75]
		},
		"firstperson_righthand": {
			"rotation": [0, 180, 0],
			"translation": [0, 10, 0.8],
			"scale": [0.75, 0.75, 0.75]
		},
		"firstperson_lefthand": {
			"rotation": [0, 180, 0],
			"translation": [0, 10, 0.8],
			"scale": [0.75, 0.75, 0.75]
		},
		"ground": {
			"translation": [0, 3.5, 0]
		},
		"gui": {
			"rotation": [14, -164, 0],
			"scale": [0.75, 0.75, 0.75]
		},
		"fixed": {
			"rotation": [-90, 0, 0],
			"translation": [0, 0, -16],
			"scale": [2, 2, 2]
		}
	}
}