{
	"credit": "Made with Blockbench",
	"textures": {
		"0": "item/charcoal/56",
		"1": "item/charcoal/56-1",
		"particle": "item/charcoal/56"
	},
	"elements": [
		{
			"name": "Voxels",
			"from": [-16, 0, 0],
			"to": [0.25, 16, 16],
			"faces": {
				"north": {"uv": [7.625, 12.625, 5.59375, 14.625], "texture": "#0"},
				"east": {"uv": [7.625, 12.625, 5.59375, 14.625], "texture": "#0"},
				"south": {"uv": [7.625, 12.625, 5.59375, 14.625], "texture": "#0"},
				"west": {"uv": [7.625, 12.625, 5.59375, 14.625], "texture": "#0"},
				"up": {"uv": [7.625, 12.625, 5.59375, 14.625], "texture": "#0"},
				"down": {"uv": [7.625, 12.625, 5.59375, 14.625], "texture": "#0"}
			}
		},
		{
			"name": "Voxels",
			"from": [-16, 16, 15.75],
			"to": [22, 16.25, 16],
			"faces": {
				"north": {"uv": [13.84375, 15.40625, 9.15625, 15.75], "texture": "#0"},
				"east": {"uv": [13.84375, 15.40625, 9.15625, 15.75], "texture": "#0"},
				"south": {"uv": [13.84375, 15.40625, 9.15625, 15.75], "texture": "#0"},
				"west": {"uv": [13.84375, 15.40625, 9.15625, 15.75], "texture": "#0"},
				"up": {"uv": [13.84375, 15.40625, 9.15625, 15.75], "texture": "#0"},
				"down": {"uv": [13.84375, 15.40625, 9.15625, 15.75], "texture": "#0"}
			}
		},
		{
			"name": "Voxels",
			"from": [-15.75, 0, -0.25],
			"to": [0, 16, 0],
			"faces": {
				"north": {"uv": [4.6875, 10.0625, 2.71875, 12.0625], "texture": "#0"},
				"east": {"uv": [4.6875, 10.0625, 2.71875, 12.0625], "texture": "#0"},
				"south": {"uv": [4.6875, 10.0625, 2.71875, 12.0625], "texture": "#0"},
				"west": {"uv": [4.6875, 10.0625, 2.71875, 12.0625], "texture": "#0"},
				"up": {"uv": [4.6875, 10.0625, 2.71875, 12.0625], "texture": "#0"},
				"down": {"uv": [4.6875, 10.0625, 2.71875, 12.0625], "texture": "#0"}
			}
		},
		{
			"name": "Voxels",
			"from": [-15.75, 16, 0],
			"to": [21.75, 16.25, 15.75],
			"faces": {
				"north": {"uv": [8.9375, 14.84375, 4.25, 15.40625], "texture": "#0"},
				"east": {"uv": [8.9375, 14.84375, 4.25, 15.40625], "texture": "#0"},
				"south": {"uv": [8.9375, 14.84375, 4.25, 15.40625], "texture": "#0"},
				"west": {"uv": [8.9375, 14.84375, 4.25, 15.40625], "texture": "#0"},
				"up": {"uv": [8.9375, 14.84375, 4.25, 15.40625], "texture": "#0"},
				"down": {"uv": [8.9375, 14.84375, 4.25, 15.40625], "texture": "#0"}
			}
		},
		{
			"name": "szuflady21",
			"from": [-13.75, 2.5, -1],
			"to": [-2.25, 4.5, -0.25],
			"faces": {
				"north": {"uv": [10.15625, 15.5, 8.71875, 15.75], "texture": "#0"},
				"east": {"uv": [10.15625, 15.5, 8.71875, 15.75], "texture": "#0"},
				"south": {"uv": [10.15625, 15.5, 8.71875, 15.75], "texture": "#0"},
				"west": {"uv": [10.15625, 15.5, 8.71875, 15.75], "texture": "#0"},
				"up": {"uv": [10.15625, 15.5, 8.71875, 15.75], "texture": "#0"},
				"down": {"uv": [10.15625, 15.5, 8.71875, 15.75], "texture": "#0"}
			}
		},
		{
			"name": "szuflady17",
			"from": [-13.75, 5.5, -1],
			"to": [-2.25, 7.5, -0.25],
			"faces": {
				"north": {"uv": [15.90625, 15.75, 14.46875, 16], "texture": "#0"},
				"east": {"uv": [15.90625, 15.75, 14.46875, 16], "texture": "#0"},
				"south": {"uv": [15.90625, 15.75, 14.46875, 16], "texture": "#0"},
				"west": {"uv": [15.90625, 15.75, 14.46875, 16], "texture": "#0"},
				"up": {"uv": [15.90625, 15.75, 14.46875, 16], "texture": "#0"},
				"down": {"uv": [15.90625, 15.75, 14.46875, 16], "texture": "#0"}
			}
		},
		{
			"name": "szuflady9",
			"from": [-13.75, 8.5, -1],
			"to": [-2.25, 10.5, -0.25],
			"faces": {
				"north": {"uv": [13.03125, 15.75, 11.59375, 16], "texture": "#0"},
				"east": {"uv": [13.03125, 15.75, 11.59375, 16], "texture": "#0"},
				"south": {"uv": [13.03125, 15.75, 11.59375, 16], "texture": "#0"},
				"west": {"uv": [13.03125, 15.75, 11.59375, 16], "texture": "#0"},
				"up": {"uv": [13.03125, 15.75, 11.59375, 16], "texture": "#0"},
				"down": {"uv": [13.03125, 15.75, 11.59375, 16], "texture": "#0"}
			}
		},
		{
			"name": "szuflady5",
			"from": [-13.75, 11.5, -1],
			"to": [-2.25, 13.5, -0.25],
			"faces": {
				"north": {"uv": [10.15625, 15.75, 8.71875, 16], "texture": "#0"},
				"east": {"uv": [10.15625, 15.75, 8.71875, 16], "texture": "#0"},
				"south": {"uv": [10.15625, 15.75, 8.71875, 16], "texture": "#0"},
				"west": {"uv": [10.15625, 15.75, 8.71875, 16], "texture": "#0"},
				"up": {"uv": [10.15625, 15.75, 8.71875, 16], "texture": "#0"},
				"down": {"uv": [10.15625, 15.75, 8.71875, 16], "texture": "#0"}
			}
		},
		{
			"name": "szuflady19",
			"from": [-13.5, 2.25, -1],
			"to": [-2.5, 2.5, -0.25],
			"faces": {
				"north": {"uv": [15.46875, 14.09375, 14.09375, 14.125], "texture": "#0"},
				"east": {"uv": [15.46875, 14.09375, 14.09375, 14.125], "texture": "#0"},
				"south": {"uv": [15.46875, 14.09375, 14.09375, 14.125], "texture": "#0"},
				"west": {"uv": [15.46875, 14.09375, 14.09375, 14.125], "texture": "#0"},
				"up": {"uv": [15.46875, 14.09375, 14.09375, 14.125], "texture": "#0"},
				"down": {"uv": [15.46875, 14.09375, 14.09375, 14.125], "texture": "#0"}
			}
		},
		{
			"name": "szuflady20",
			"from": [-13.5, 2.5, -1.25],
			"to": [-2.5, 4.5, -1],
			"faces": {
				"north": {"uv": [14.34375, 15.5, 12.96875, 15.75], "texture": "#0"},
				"east": {"uv": [14.34375, 15.5, 12.96875, 15.75], "texture": "#0"},
				"south": {"uv": [14.34375, 15.5, 12.96875, 15.75], "texture": "#0"},
				"west": {"uv": [14.34375, 15.5, 12.96875, 15.75], "texture": "#0"},
				"up": {"uv": [14.34375, 15.5, 12.96875, 15.75], "texture": "#0"},
				"down": {"uv": [14.34375, 15.5, 12.96875, 15.75], "texture": "#0"}
			}
		},
		{
			"name": "szuflady22",
			"from": [-13.5, 4.5, -1],
			"to": [-2.5, 4.75, -0.25],
			"faces": {
				"north": {"uv": [11.78125, 14.25, 10.40625, 14.28125], "texture": "#0"},
				"east": {"uv": [11.78125, 14.25, 10.40625, 14.28125], "texture": "#0"},
				"south": {"uv": [11.78125, 14.25, 10.40625, 14.28125], "texture": "#0"},
				"west": {"uv": [11.78125, 14.25, 10.40625, 14.28125], "texture": "#0"},
				"up": {"uv": [11.78125, 14.25, 10.40625, 14.28125], "texture": "#0"},
				"down": {"uv": [11.78125, 14.25, 10.40625, 14.28125], "texture": "#0"}
			}
		},
		{
			"name": "szuflady18",
			"from": [-13.5, 5.25, -1],
			"to": [-2.5, 5.5, -0.25],
			"faces": {
				"north": {"uv": [11.34375, 14.0625, 9.96875, 14.09375], "texture": "#0"},
				"east": {"uv": [11.34375, 14.0625, 9.96875, 14.09375], "texture": "#0"},
				"south": {"uv": [11.34375, 14.0625, 9.96875, 14.09375], "texture": "#0"},
				"west": {"uv": [11.34375, 14.0625, 9.96875, 14.09375], "texture": "#0"},
				"up": {"uv": [11.34375, 14.0625, 9.96875, 14.09375], "texture": "#0"},
				"down": {"uv": [11.34375, 14.0625, 9.96875, 14.09375], "texture": "#0"}
			}
		},
		{
			"name": "szuflady15",
			"from": [-13.5, 5.5, -1.25],
			"to": [-2.5, 7.5, -1],
			"faces": {
				"north": {"uv": [15.59375, 15.25, 14.21875, 15.5], "texture": "#0"},
				"east": {"uv": [15.59375, 15.25, 14.21875, 15.5], "texture": "#0"},
				"south": {"uv": [15.59375, 15.25, 14.21875, 15.5], "texture": "#0"},
				"west": {"uv": [15.59375, 15.25, 14.21875, 15.5], "texture": "#0"},
				"up": {"uv": [15.59375, 15.25, 14.21875, 15.5], "texture": "#0"},
				"down": {"uv": [15.59375, 15.25, 14.21875, 15.5], "texture": "#0"}
			}
		},
		{
			"name": "szuflady16",
			"from": [-13.5, 7.5, -1],
			"to": [-2.5, 7.75, -0.25],
			"faces": {
				"north": {"uv": [15.15625, 14.84375, 13.78125, 14.875], "texture": "#0"},
				"east": {"uv": [15.15625, 14.84375, 13.78125, 14.875], "texture": "#0"},
				"south": {"uv": [15.15625, 14.84375, 13.78125, 14.875], "texture": "#0"},
				"west": {"uv": [15.15625, 14.84375, 13.78125, 14.875], "texture": "#0"},
				"up": {"uv": [15.15625, 14.84375, 13.78125, 14.875], "texture": "#0"},
				"down": {"uv": [15.15625, 14.84375, 13.78125, 14.875], "texture": "#0"}
			}
		},
		{
			"name": "szuflady7",
			"from": [-13.5, 8.25, -1],
			"to": [-2.5, 8.5, -0.25],
			"faces": {
				"north": {"uv": [14.53125, 14.25, 13.15625, 14.28125], "texture": "#0"},
				"east": {"uv": [14.53125, 14.25, 13.15625, 14.28125], "texture": "#0"},
				"south": {"uv": [14.53125, 14.25, 13.15625, 14.28125], "texture": "#0"},
				"west": {"uv": [14.53125, 14.25, 13.15625, 14.28125], "texture": "#0"},
				"up": {"uv": [14.53125, 14.25, 13.15625, 14.28125], "texture": "#0"},
				"down": {"uv": [14.53125, 14.25, 13.15625, 14.28125], "texture": "#0"}
			}
		},
		{
			"name": "szuflady8",
			"from": [-13.5, 8.5, -1.25],
			"to": [-2.5, 10.5, -1],
			"faces": {
				"north": {"uv": [12.96875, 15.5, 11.59375, 15.75], "texture": "#0"},
				"east": {"uv": [12.96875, 15.5, 11.59375, 15.75], "texture": "#0"},
				"south": {"uv": [12.96875, 15.5, 11.59375, 15.75], "texture": "#0"},
				"west": {"uv": [12.96875, 15.5, 11.59375, 15.75], "texture": "#0"},
				"up": {"uv": [12.96875, 15.5, 11.59375, 15.75], "texture": "#0"},
				"down": {"uv": [12.96875, 15.5, 11.59375, 15.75], "texture": "#0"}
			}
		},
		{
			"name": "szuflady10",
			"from": [-13.5, 10.5, -1],
			"to": [-2.5, 10.75, -0.25],
			"faces": {
				"north": {"uv": [15.53125, 15.125, 14.15625, 15.15625], "texture": "#0"},
				"east": {"uv": [15.53125, 15.125, 14.15625, 15.15625], "texture": "#0"},
				"south": {"uv": [15.53125, 15.125, 14.15625, 15.15625], "texture": "#0"},
				"west": {"uv": [15.53125, 15.125, 14.15625, 15.15625], "texture": "#0"},
				"up": {"uv": [15.53125, 15.125, 14.15625, 15.15625], "texture": "#0"},
				"down": {"uv": [15.53125, 15.125, 14.15625, 15.15625], "texture": "#0"}
			}
		},
		{
			"name": "szuflady6",
			"from": [-13.5, 11.25, -1],
			"to": [-2.5, 11.5, -0.25],
			"faces": {
				"north": {"uv": [15.15625, 14.78125, 13.78125, 14.8125], "texture": "#0"},
				"east": {"uv": [15.15625, 14.78125, 13.78125, 14.8125], "texture": "#0"},
				"south": {"uv": [15.15625, 14.78125, 13.78125, 14.8125], "texture": "#0"},
				"west": {"uv": [15.15625, 14.78125, 13.78125, 14.8125], "texture": "#0"},
				"up": {"uv": [15.15625, 14.78125, 13.78125, 14.8125], "texture": "#0"},
				"down": {"uv": [15.15625, 14.78125, 13.78125, 14.8125], "texture": "#0"}
			}
		},
		{
			"name": "szuflady3",
			"from": [-13.5, 11.5, -1.25],
			"to": [-2.5, 13.5, -1],
			"faces": {
				"north": {"uv": [11.46875, 15.25, 10.09375, 15.5], "texture": "#0"},
				"east": {"uv": [11.46875, 15.25, 10.09375, 15.5], "texture": "#0"},
				"south": {"uv": [11.46875, 15.25, 10.09375, 15.5], "texture": "#0"},
				"west": {"uv": [11.46875, 15.25, 10.09375, 15.5], "texture": "#0"},
				"up": {"uv": [11.46875, 15.25, 10.09375, 15.5], "texture": "#0"},
				"down": {"uv": [11.46875, 15.25, 10.09375, 15.5], "texture": "#0"}
			}
		},
		{
			"name": "szuflady4",
			"from": [-13.5, 13.5, -1],
			"to": [-2.5, 13.75, -0.25],
			"faces": {
				"north": {"uv": [12.71875, 14.09375, 11.34375, 14.125], "texture": "#0"},
				"east": {"uv": [12.71875, 14.09375, 11.34375, 14.125], "texture": "#0"},
				"south": {"uv": [12.71875, 14.09375, 11.34375, 14.125], "texture": "#0"},
				"west": {"uv": [12.71875, 14.09375, 11.34375, 14.125], "texture": "#0"},
				"up": {"uv": [12.71875, 14.09375, 11.34375, 14.125], "texture": "#0"},
				"down": {"uv": [12.71875, 14.09375, 11.34375, 14.125], "texture": "#0"}
			}
		},
		{
			"name": "Voxels",
			"from": [-11.75, 3, -1.5],
			"to": [-4.25, 4, -1.25],
			"faces": {
				"north": {"uv": [9.96875, 14, 9.03125, 14.125], "texture": "#0"},
				"east": {"uv": [9.96875, 14, 9.03125, 14.125], "texture": "#0"},
				"south": {"uv": [9.96875, 14, 9.03125, 14.125], "texture": "#0"},
				"west": {"uv": [9.96875, 14, 9.03125, 14.125], "texture": "#0"},
				"up": {"uv": [9.96875, 14, 9.03125, 14.125], "texture": "#0"},
				"down": {"uv": [9.96875, 14, 9.03125, 14.125], "texture": "#0"}
			}
		},
		{
			"name": "szuflady13",
			"from": [-11.75, 6, -1.5],
			"to": [-4.25, 7, -1.25],
			"faces": {
				"north": {"uv": [14.65625, 14.125, 13.71875, 14.25], "texture": "#0"},
				"east": {"uv": [14.65625, 14.125, 13.71875, 14.25], "texture": "#0"},
				"south": {"uv": [14.65625, 14.125, 13.71875, 14.25], "texture": "#0"},
				"west": {"uv": [14.65625, 14.125, 13.71875, 14.25], "texture": "#0"},
				"up": {"uv": [14.65625, 14.125, 13.71875, 14.25], "texture": "#0"},
				"down": {"uv": [14.65625, 14.125, 13.71875, 14.25], "texture": "#0"}
			}
		},
		{
			"name": "Voxels",
			"from": [-11.75, 9, -1.5],
			"to": [-4.25, 10, -1.25],
			"faces": {
				"north": {"uv": [12.78125, 14.125, 11.84375, 14.25], "texture": "#0"},
				"east": {"uv": [12.78125, 14.125, 11.84375, 14.25], "texture": "#0"},
				"south": {"uv": [12.78125, 14.125, 11.84375, 14.25], "texture": "#0"},
				"west": {"uv": [12.78125, 14.125, 11.84375, 14.25], "texture": "#0"},
				"up": {"uv": [12.78125, 14.125, 11.84375, 14.25], "texture": "#0"},
				"down": {"uv": [12.78125, 14.125, 11.84375, 14.25], "texture": "#0"}
			}
		},
		{
			"name": "szuflady2",
			"from": [-11.75, 12, -1.5],
			"to": [-4.25, 13, -1.25],
			"faces": {
				"north": {"uv": [11.84375, 14.125, 10.90625, 14.25], "texture": "#0"},
				"east": {"uv": [11.84375, 14.125, 10.90625, 14.25], "texture": "#0"},
				"south": {"uv": [11.84375, 14.125, 10.90625, 14.25], "texture": "#0"},
				"west": {"uv": [11.84375, 14.125, 10.90625, 14.25], "texture": "#0"},
				"up": {"uv": [11.84375, 14.125, 10.90625, 14.25], "texture": "#0"},
				"down": {"uv": [11.84375, 14.125, 10.90625, 14.25], "texture": "#0"}
			}
		},
		{
			"name": "Voxels",
			"from": [-11.5, 2.75, -1.5],
			"to": [-4.5, 3, -1.25],
			"faces": {
				"north": {"uv": [9.96875, 12.53125, 9.09375, 12.5625], "texture": "#0"},
				"east": {"uv": [9.96875, 12.53125, 9.09375, 12.5625], "texture": "#0"},
				"south": {"uv": [9.96875, 12.53125, 9.09375, 12.5625], "texture": "#0"},
				"west": {"uv": [9.96875, 12.53125, 9.09375, 12.5625], "texture": "#0"},
				"up": {"uv": [9.96875, 12.53125, 9.09375, 12.5625], "texture": "#0"},
				"down": {"uv": [9.96875, 12.53125, 9.09375, 12.5625], "texture": "#0"}
			}
		},
		{
			"name": "Voxels",
			"from": [-11.5, 3, -1.75],
			"to": [-4.5, 4, -1.5],
			"faces": {
				"north": {"uv": [9.90625, 13.875, 9.03125, 14], "texture": "#0"},
				"east": {"uv": [9.90625, 13.875, 9.03125, 14], "texture": "#0"},
				"south": {"uv": [9.90625, 13.875, 9.03125, 14], "texture": "#0"},
				"west": {"uv": [9.90625, 13.875, 9.03125, 14], "texture": "#0"},
				"up": {"uv": [9.90625, 13.875, 9.03125, 14], "texture": "#0"},
				"down": {"uv": [9.90625, 13.875, 9.03125, 14], "texture": "#0"}
			}
		},
		{
			"name": "Voxels",
			"from": [-11.5, 4, -1.5],
			"to": [-4.5, 4.25, -1.25],
			"faces": {
				"north": {"uv": [9.96875, 12.15625, 9.09375, 12.1875], "texture": "#0"},
				"east": {"uv": [9.96875, 12.15625, 9.09375, 12.1875], "texture": "#0"},
				"south": {"uv": [9.96875, 12.15625, 9.09375, 12.1875], "texture": "#0"},
				"west": {"uv": [9.96875, 12.15625, 9.09375, 12.1875], "texture": "#0"},
				"up": {"uv": [9.96875, 12.15625, 9.09375, 12.1875], "texture": "#0"},
				"down": {"uv": [9.96875, 12.15625, 9.09375, 12.1875], "texture": "#0"}
			}
		},
		{
			"name": "szuflady14",
			"from": [-11.5, 5.75, -1.5],
			"to": [-4.5, 6, -1.25],
			"faces": {
				"north": {"uv": [9.96875, 11.96875, 9.09375, 12], "texture": "#0"},
				"east": {"uv": [9.96875, 11.96875, 9.09375, 12], "texture": "#0"},
				"south": {"uv": [9.96875, 11.96875, 9.09375, 12], "texture": "#0"},
				"west": {"uv": [9.96875, 11.96875, 9.09375, 12], "texture": "#0"},
				"up": {"uv": [9.96875, 11.96875, 9.09375, 12], "texture": "#0"},
				"down": {"uv": [9.96875, 11.96875, 9.09375, 12], "texture": "#0"}
			}
		},
		{
			"name": "szuflady11",
			"from": [-11.5, 6, -1.75],
			"to": [-4.5, 7, -1.5],
			"faces": {
				"north": {"uv": [9.90625, 13.25, 9.03125, 13.375], "texture": "#0"},
				"east": {"uv": [9.90625, 13.25, 9.03125, 13.375], "texture": "#0"},
				"south": {"uv": [9.90625, 13.25, 9.03125, 13.375], "texture": "#0"},
				"west": {"uv": [9.90625, 13.25, 9.03125, 13.375], "texture": "#0"},
				"up": {"uv": [9.90625, 13.25, 9.03125, 13.375], "texture": "#0"},
				"down": {"uv": [9.90625, 13.25, 9.03125, 13.375], "texture": "#0"}
			}
		},
		{
			"name": "szuflady12",
			"from": [-11.5, 7, -1.5],
			"to": [-4.5, 7.25, -1.25],
			"faces": {
				"north": {"uv": [9.96875, 12.96875, 9.09375, 13], "texture": "#0"},
				"east": {"uv": [9.96875, 12.96875, 9.09375, 13], "texture": "#0"},
				"south": {"uv": [9.96875, 12.96875, 9.09375, 13], "texture": "#0"},
				"west": {"uv": [9.96875, 12.96875, 9.09375, 13], "texture": "#0"},
				"up": {"uv": [9.96875, 12.96875, 9.09375, 13], "texture": "#0"},
				"down": {"uv": [9.96875, 12.96875, 9.09375, 13], "texture": "#0"}
			}
		},
		{
			"name": "Voxels",
			"from": [-11.5, 8.75, -1.5],
			"to": [-4.5, 9, -1.25],
			"faces": {
				"north": {"uv": [9.96875, 12.25, 9.09375, 12.28125], "texture": "#0"},
				"east": {"uv": [9.96875, 12.25, 9.09375, 12.28125], "texture": "#0"},
				"south": {"uv": [9.96875, 12.25, 9.09375, 12.28125], "texture": "#0"},
				"west": {"uv": [9.96875, 12.25, 9.09375, 12.28125], "texture": "#0"},
				"up": {"uv": [9.96875, 12.25, 9.09375, 12.28125], "texture": "#0"},
				"down": {"uv": [9.96875, 12.25, 9.09375, 12.28125], "texture": "#0"}
			}
		},
		{
			"name": "Voxels",
			"from": [-11.5, 9, -1.75],
			"to": [-4.5, 10, -1.5],
			"faces": {
				"north": {"uv": [9.90625, 13.125, 9.03125, 13.25], "texture": "#0"},
				"east": {"uv": [9.90625, 13.125, 9.03125, 13.25], "texture": "#0"},
				"south": {"uv": [9.90625, 13.125, 9.03125, 13.25], "texture": "#0"},
				"west": {"uv": [9.90625, 13.125, 9.03125, 13.25], "texture": "#0"},
				"up": {"uv": [9.90625, 13.125, 9.03125, 13.25], "texture": "#0"},
				"down": {"uv": [9.90625, 13.125, 9.03125, 13.25], "texture": "#0"}
			}
		},
		{
			"name": "Voxels",
			"from": [-11.5, 10, -1.5],
			"to": [-4.5, 10.25, -1.25],
			"faces": {
				"north": {"uv": [9.96875, 11.875, 9.09375, 11.90625], "texture": "#0"},
				"east": {"uv": [9.96875, 11.875, 9.09375, 11.90625], "texture": "#0"},
				"south": {"uv": [9.96875, 11.875, 9.09375, 11.90625], "texture": "#0"},
				"west": {"uv": [9.96875, 11.875, 9.09375, 11.90625], "texture": "#0"},
				"up": {"uv": [9.96875, 11.875, 9.09375, 11.90625], "texture": "#0"},
				"down": {"uv": [9.96875, 11.875, 9.09375, 11.90625], "texture": "#0"}
			}
		},
		{
			"name": "Voxels",
			"from": [-11.5, 11.75, -1.5],
			"to": [-4.5, 12, -1.25],
			"faces": {
				"north": {"uv": [9.96875, 12.09375, 9.09375, 12.125], "texture": "#0"},
				"east": {"uv": [9.96875, 12.09375, 9.09375, 12.125], "texture": "#0"},
				"south": {"uv": [9.96875, 12.09375, 9.09375, 12.125], "texture": "#0"},
				"west": {"uv": [9.96875, 12.09375, 9.09375, 12.125], "texture": "#0"},
				"up": {"uv": [9.96875, 12.09375, 9.09375, 12.125], "texture": "#0"},
				"down": {"uv": [9.96875, 12.09375, 9.09375, 12.125], "texture": "#0"}
			}
		},
		{
			"name": "szuflady",
			"from": [-11.5, 12, -1.75],
			"to": [-4.5, 13, -1.5],
			"faces": {
				"north": {"uv": [9.90625, 13.75, 9.03125, 13.875], "texture": "#0"},
				"east": {"uv": [9.90625, 13.75, 9.03125, 13.875], "texture": "#0"},
				"south": {"uv": [9.90625, 13.75, 9.03125, 13.875], "texture": "#0"},
				"west": {"uv": [9.90625, 13.75, 9.03125, 13.875], "texture": "#0"},
				"up": {"uv": [9.90625, 13.75, 9.03125, 13.875], "texture": "#0"},
				"down": {"uv": [9.90625, 13.75, 9.03125, 13.875], "texture": "#0"}
			}
		},
		{
			"name": "szuflady1",
			"from": [-11.5, 13, -1.5],
			"to": [-4.5, 13.25, -1.25],
			"faces": {
				"north": {"uv": [9.96875, 12.875, 9.09375, 12.90625], "texture": "#0"},
				"east": {"uv": [9.96875, 12.875, 9.09375, 12.90625], "texture": "#0"},
				"south": {"uv": [9.96875, 12.875, 9.09375, 12.90625], "texture": "#0"},
				"west": {"uv": [9.96875, 12.875, 9.09375, 12.90625], "texture": "#0"},
				"up": {"uv": [9.96875, 12.875, 9.09375, 12.90625], "texture": "#0"},
				"down": {"uv": [9.96875, 12.875, 9.09375, 12.90625], "texture": "#0"}
			}
		},
		{
			"name": "Voxels",
			"from": [0, 15.25, -0.25],
			"to": [22, 16, 0],
			"faces": {
				"north": {"uv": [11.78125, 15.03125, 9.03125, 15.125], "texture": "#0"},
				"east": {"uv": [11.78125, 15.03125, 9.03125, 15.125], "texture": "#0"},
				"south": {"uv": [11.78125, 15.03125, 9.03125, 15.125], "texture": "#0"},
				"west": {"uv": [11.78125, 15.03125, 9.03125, 15.125], "texture": "#0"},
				"up": {"uv": [11.78125, 15.03125, 9.03125, 15.125], "texture": "#0"},
				"down": {"uv": [11.78125, 15.03125, 9.03125, 15.125], "texture": "#0"}
			}
		},
		{
			"name": "Voxels",
			"from": [0.25, 15, 0],
			"to": [22, 16, 16],
			"faces": {
				"north": {"uv": [14.15625, 15.3125, 11.4375, 15.78125], "texture": "#0"},
				"east": {"uv": [14.15625, 15.3125, 11.4375, 15.78125], "texture": "#0"},
				"south": {"uv": [14.15625, 15.3125, 11.4375, 15.78125], "texture": "#0"},
				"west": {"uv": [14.15625, 15.3125, 11.4375, 15.78125], "texture": "#0"},
				"up": {"uv": [14.15625, 15.3125, 11.4375, 15.78125], "texture": "#0"},
				"down": {"uv": [14.15625, 15.3125, 11.4375, 15.78125], "texture": "#0"}
			}
		},
		{
			"name": "Voxels",
			"from": [20.75, 0, 0],
			"to": [22, 15, 16],
			"faces": {
				"north": {"uv": [8.21875, 9.8125, 8.0625, 11.6875], "texture": "#0"},
				"east": {"uv": [8.21875, 9.8125, 8.0625, 11.6875], "texture": "#0"},
				"south": {"uv": [8.21875, 9.8125, 8.0625, 11.6875], "texture": "#0"},
				"west": {"uv": [8.21875, 9.8125, 8.0625, 11.6875], "texture": "#0"},
				"up": {"uv": [8.21875, 9.8125, 8.0625, 11.6875], "texture": "#0"},
				"down": {"uv": [8.21875, 9.8125, 8.0625, 11.6875], "texture": "#0"}
			}
		},
		{
			"name": "Voxels",
			"from": [21, 0, -0.25],
			"to": [22, 15.25, 0],
			"faces": {
				"north": {"uv": [9, 9.4375, 8.875, 11.34375], "texture": "#0"},
				"east": {"uv": [9, 9.4375, 8.875, 11.34375], "texture": "#0"},
				"south": {"uv": [9, 9.4375, 8.875, 11.34375], "texture": "#0"},
				"west": {"uv": [9, 9.4375, 8.875, 11.34375], "texture": "#0"},
				"up": {"uv": [9, 9.4375, 8.875, 11.34375], "texture": "#0"},
				"down": {"uv": [9, 9.4375, 8.875, 11.34375], "texture": "#0"}
			}
		},
		{
			"name": "Voxels",
			"from": [-13.5, 16, 11.25],
			"to": [-13, 19.5, 11.5],
			"faces": {
				"north": {"uv": [3, 1.5, 2.5, 5], "texture": "#1"},
				"east": {"uv": [3, 1.5, 2.5, 5], "texture": "#1"},
				"south": {"uv": [3, 1.5, 2.5, 5], "texture": "#1"},
				"west": {"uv": [3, 1.5, 2.5, 5], "texture": "#1"},
				"up": {"uv": [3, 1.5, 2.5, 5], "texture": "#1"},
				"down": {"uv": [3, 1.5, 2.5, 5], "texture": "#1"}
			}
		},
		{
			"name": "Voxels",
			"from": [-13.5, 16, 11.5],
			"to": [-13.25, 19.5, 12],
			"faces": {
				"north": {"uv": [9.5, 2.25, 9.25, 5.75], "texture": "#1"},
				"east": {"uv": [9.5, 2.25, 9.25, 5.75], "texture": "#1"},
				"south": {"uv": [9.5, 2.25, 9.25, 5.75], "texture": "#1"},
				"west": {"uv": [9.5, 2.25, 9.25, 5.75], "texture": "#1"},
				"up": {"uv": [9.5, 2.25, 9.25, 5.75], "texture": "#1"},
				"down": {"uv": [9.5, 2.25, 9.25, 5.75], "texture": "#1"}
			}
		},
		{
			"name": "Voxels",
			"from": [-13.25, 16, 11],
			"to": [-12.75, 19.5, 11.25],
			"faces": {
				"north": {"uv": [12.5, 12.5, 12, 16], "texture": "#1"},
				"east": {"uv": [12.5, 12.5, 12, 16], "texture": "#1"},
				"south": {"uv": [12.5, 12.5, 12, 16], "texture": "#1"},
				"west": {"uv": [12.5, 12.5, 12, 16], "texture": "#1"},
				"up": {"uv": [12.5, 12.5, 12, 16], "texture": "#1"},
				"down": {"uv": [12.5, 12.5, 12, 16], "texture": "#1"}
			}
		},
		{
			"name": "Voxels",
			"from": [-13.25, 16, 11.75],
			"to": [-13, 19.5, 12.25],
			"faces": {
				"north": {"uv": [6.75, 0.25, 6.5, 3.75], "texture": "#1"},
				"east": {"uv": [6.75, 0.25, 6.5, 3.75], "texture": "#1"},
				"south": {"uv": [6.75, 0.25, 6.5, 3.75], "texture": "#1"},
				"west": {"uv": [6.75, 0.25, 6.5, 3.75], "texture": "#1"},
				"up": {"uv": [6.75, 0.25, 6.5, 3.75], "texture": "#1"},
				"down": {"uv": [6.75, 0.25, 6.5, 3.75], "texture": "#1"}
			}
		},
		{
			"name": "Voxels",
			"from": [-13, 16, 10.75],
			"to": [-12.5, 19.5, 11],
			"faces": {
				"north": {"uv": [14.5, 12.5, 14, 16], "texture": "#1"},
				"east": {"uv": [14.5, 12.5, 14, 16], "texture": "#1"},
				"south": {"uv": [14.5, 12.5, 14, 16], "texture": "#1"},
				"west": {"uv": [14.5, 12.5, 14, 16], "texture": "#1"},
				"up": {"uv": [14.5, 12.5, 14, 16], "texture": "#1"},
				"down": {"uv": [14.5, 12.5, 14, 16], "texture": "#1"}
			}
		},
		{
			"name": "Voxels",
			"from": [-13, 16, 12],
			"to": [-9.25, 16.25, 12.25],
			"faces": {
				"north": {"uv": [13.25, 12.25, 9.5, 12.5], "texture": "#1"},
				"east": {"uv": [13.25, 12.25, 9.5, 12.5], "texture": "#1"},
				"south": {"uv": [13.25, 12.25, 9.5, 12.5], "texture": "#1"},
				"west": {"uv": [13.25, 12.25, 9.5, 12.5], "texture": "#1"},
				"up": {"uv": [13.25, 12.25, 9.5, 12.5], "texture": "#1"},
				"down": {"uv": [13.25, 12.25, 9.5, 12.5], "texture": "#1"}
			}
		},
		{
			"name": "Voxels",
			"from": [-13, 16, 12.25],
			"to": [-9.5, 16.25, 12.5],
			"faces": {
				"north": {"uv": [13, 10.75, 9.5, 11], "texture": "#1"},
				"east": {"uv": [13, 10.75, 9.5, 11], "texture": "#1"},
				"south": {"uv": [13, 10.75, 9.5, 11], "texture": "#1"},
				"west": {"uv": [13, 10.75, 9.5, 11], "texture": "#1"},
				"up": {"uv": [13, 10.75, 9.5, 11], "texture": "#1"},
				"down": {"uv": [13, 10.75, 9.5, 11], "texture": "#1"}
			}
		},
		{
			"name": "Voxels",
			"from": [-13, 16.25, 12],
			"to": [-12.75, 19.5, 12.5],
			"faces": {
				"north": {"uv": [13, 6, 12.75, 9.25], "texture": "#1"},
				"east": {"uv": [13, 6, 12.75, 9.25], "texture": "#1"},
				"south": {"uv": [13, 6, 12.75, 9.25], "texture": "#1"},
				"west": {"uv": [13, 6, 12.75, 9.25], "texture": "#1"},
				"up": {"uv": [13, 6, 12.75, 9.25], "texture": "#1"},
				"down": {"uv": [13, 6, 12.75, 9.25], "texture": "#1"}
			}
		},
		{
			"name": "Voxels",
			"from": [-12.75, 16, 10.5],
			"to": [-12.25, 19.5, 10.75],
			"faces": {
				"north": {"uv": [8.5, 12.5, 8, 16], "texture": "#1"},
				"east": {"uv": [8.5, 12.5, 8, 16], "texture": "#1"},
				"south": {"uv": [8.5, 12.5, 8, 16], "texture": "#1"},
				"west": {"uv": [8.5, 12.5, 8, 16], "texture": "#1"},
				"up": {"uv": [8.5, 12.5, 8, 16], "texture": "#1"},
				"down": {"uv": [8.5, 12.5, 8, 16], "texture": "#1"}
			}
		},
		{
			"name": "Voxels",
			"from": [-12.75, 16, 11.75],
			"to": [-9.25, 16.25, 12],
			"faces": {
				"north": {"uv": [13, 9.75, 9.5, 10], "texture": "#1"},
				"east": {"uv": [13, 9.75, 9.5, 10], "texture": "#1"},
				"south": {"uv": [13, 9.75, 9.5, 10], "texture": "#1"},
				"west": {"uv": [13, 9.75, 9.5, 10], "texture": "#1"},
				"up": {"uv": [13, 9.75, 9.5, 10], "texture": "#1"},
				"down": {"uv": [13, 9.75, 9.5, 10], "texture": "#1"}
			}
		},
		{
			"name": "Voxels",
			"from": [-12.75, 16, 12.5],
			"to": [-10, 16.25, 12.75],
			"faces": {
				"north": {"uv": [16, 12, 13.25, 12.25], "texture": "#1"},
				"east": {"uv": [16, 12, 13.25, 12.25], "texture": "#1"},
				"south": {"uv": [16, 12, 13.25, 12.25], "texture": "#1"},
				"west": {"uv": [16, 12, 13.25, 12.25], "texture": "#1"},
				"up": {"uv": [16, 12, 13.25, 12.25], "texture": "#1"},
				"down": {"uv": [16, 12, 13.25, 12.25], "texture": "#1"}
			}
		},
		{
			"name": "Voxels",
			"from": [-12.75, 16.25, 12.25],
			"to": [-12.5, 19.5, 12.75],
			"faces": {
				"north": {"uv": [12.25, 6, 12, 9.25], "texture": "#1"},
				"east": {"uv": [12.25, 6, 12, 9.25], "texture": "#1"},
				"south": {"uv": [12.25, 6, 12, 9.25], "texture": "#1"},
				"west": {"uv": [12.25, 6, 12, 9.25], "texture": "#1"},
				"up": {"uv": [12.25, 6, 12, 9.25], "texture": "#1"},
				"down": {"uv": [12.25, 6, 12, 9.25], "texture": "#1"}
			}
		},
		{
			"name": "Voxels",
			"from": [-12.5, 16, 10.25],
			"to": [-12, 19.5, 10.5],
			"faces": {
				"north": {"uv": [15, 12.5, 14.5, 16], "texture": "#1"},
				"east": {"uv": [15, 12.5, 14.5, 16], "texture": "#1"},
				"south": {"uv": [15, 12.5, 14.5, 16], "texture": "#1"},
				"west": {"uv": [15, 12.5, 14.5, 16], "texture": "#1"},
				"up": {"uv": [15, 12.5, 14.5, 16], "texture": "#1"},
				"down": {"uv": [15, 12.5, 14.5, 16], "texture": "#1"}
			}
		},
		{
			"name": "Voxels",
			"from": [-12.5, 16, 12.75],
			"to": [-10.25, 16.25, 13],
			"faces": {
				"north": {"uv": [15.5, 10.25, 13.25, 10.5], "texture": "#1"},
				"east": {"uv": [15.5, 10.25, 13.25, 10.5], "texture": "#1"},
				"south": {"uv": [15.5, 10.25, 13.25, 10.5], "texture": "#1"},
				"west": {"uv": [15.5, 10.25, 13.25, 10.5], "texture": "#1"},
				"up": {"uv": [15.5, 10.25, 13.25, 10.5], "texture": "#1"},
				"down": {"uv": [15.5, 10.25, 13.25, 10.5], "texture": "#1"}
			}
		},
		{
			"name": "Voxels",
			"from": [-12.5, 16.25, 12.5],
			"to": [-12.25, 19.5, 13],
			"faces": {
				"north": {"uv": [11.5, 2.75, 11.25, 6], "texture": "#1"},
				"east": {"uv": [11.5, 2.75, 11.25, 6], "texture": "#1"},
				"south": {"uv": [11.5, 2.75, 11.25, 6], "texture": "#1"},
				"west": {"uv": [11.5, 2.75, 11.25, 6], "texture": "#1"},
				"up": {"uv": [11.5, 2.75, 11.25, 6], "texture": "#1"},
				"down": {"uv": [11.5, 2.75, 11.25, 6], "texture": "#1"}
			}
		},
		{
			"name": "Voxels",
			"from": [-12.25, 16, 10],
			"to": [-11.5, 19.5, 10.25],
			"faces": {
				"north": {"uv": [3.75, 12.5, 3, 16], "texture": "#1"},
				"east": {"uv": [3.75, 12.5, 3, 16], "texture": "#1"},
				"south": {"uv": [3.75, 12.5, 3, 16], "texture": "#1"},
				"west": {"uv": [3.75, 12.5, 3, 16], "texture": "#1"},
				"up": {"uv": [3.75, 12.5, 3, 16], "texture": "#1"},
				"down": {"uv": [3.75, 12.5, 3, 16], "texture": "#1"}
			}
		},
		{
			"name": "Voxels",
			"from": [-12.25, 16, 11.5],
			"to": [-9.25, 16.25, 11.75],
			"faces": {
				"north": {"uv": [16, 5.5, 13, 5.75], "texture": "#1"},
				"east": {"uv": [16, 5.5, 13, 5.75], "texture": "#1"},
				"south": {"uv": [16, 5.5, 13, 5.75], "texture": "#1"},
				"west": {"uv": [16, 5.5, 13, 5.75], "texture": "#1"},
				"up": {"uv": [16, 5.5, 13, 5.75], "texture": "#1"},
				"down": {"uv": [16, 5.5, 13, 5.75], "texture": "#1"}
			}
		},
		{
			"name": "Voxels",
			"from": [-12.25, 16, 13],
			"to": [-10.5, 16.25, 13.25],
			"faces": {
				"north": {"uv": [14.75, 4, 13, 4.25], "texture": "#1"},
				"east": {"uv": [14.75, 4, 13, 4.25], "texture": "#1"},
				"south": {"uv": [14.75, 4, 13, 4.25], "texture": "#1"},
				"west": {"uv": [14.75, 4, 13, 4.25], "texture": "#1"},
				"up": {"uv": [14.75, 4, 13, 4.25], "texture": "#1"},
				"down": {"uv": [14.75, 4, 13, 4.25], "texture": "#1"}
			}
		},
		{
			"name": "Voxels",
			"from": [-12.25, 16, 13.25],
			"to": [-10.75, 16.25, 13.5],
			"faces": {
				"north": {"uv": [15.25, 2.5, 13.75, 2.75], "texture": "#1"},
				"east": {"uv": [15.25, 2.5, 13.75, 2.75], "texture": "#1"},
				"south": {"uv": [15.25, 2.5, 13.75, 2.75], "texture": "#1"},
				"west": {"uv": [15.25, 2.5, 13.75, 2.75], "texture": "#1"},
				"up": {"uv": [15.25, 2.5, 13.75, 2.75], "texture": "#1"},
				"down": {"uv": [15.25, 2.5, 13.75, 2.75], "texture": "#1"}
			}
		},
		{
			"name": "Voxels",
			"from": [-12.25, 16.25, 12.75],
			"to": [-12, 19.5, 13.5],
			"faces": {
				"north": {"uv": [13.25, 6, 13, 9.25], "texture": "#1"},
				"east": {"uv": [13.25, 6, 13, 9.25], "texture": "#1"},
				"south": {"uv": [13.25, 6, 13, 9.25], "texture": "#1"},
				"west": {"uv": [13.25, 6, 13, 9.25], "texture": "#1"},
				"up": {"uv": [13.25, 6, 13, 9.25], "texture": "#1"},
				"down": {"uv": [13.25, 6, 13, 9.25], "texture": "#1"}
			}
		},
		{
			"name": "Voxels",
			"from": [-12, 16, 11.25],
			"to": [-9.5, 16.25, 11.5],
			"faces": {
				"north": {"uv": [15.75, 11.25, 13.25, 11.5], "texture": "#1"},
				"east": {"uv": [15.75, 11.25, 13.25, 11.5], "texture": "#1"},
				"south": {"uv": [15.75, 11.25, 13.25, 11.5], "texture": "#1"},
				"west": {"uv": [15.75, 11.25, 13.25, 11.5], "texture": "#1"},
				"up": {"uv": [15.75, 11.25, 13.25, 11.5], "texture": "#1"},
				"down": {"uv": [15.75, 11.25, 13.25, 11.5], "texture": "#1"}
			}
		},
		{
			"name": "Voxels",
			"from": [-12, 16, 13.5],
			"to": [-11, 19.5, 13.75],
			"faces": {
				"north": {"uv": [2, 5.5, 1, 9], "texture": "#1"},
				"east": {"uv": [2, 5.5, 1, 9], "texture": "#1"},
				"south": {"uv": [2, 5.5, 1, 9], "texture": "#1"},
				"west": {"uv": [2, 5.5, 1, 9], "texture": "#1"},
				"up": {"uv": [2, 5.5, 1, 9], "texture": "#1"},
				"down": {"uv": [2, 5.5, 1, 9], "texture": "#1"}
			}
		},
		{
			"name": "Voxels",
			"from": [-12, 16.25, 13.25],
			"to": [-11.75, 19.5, 13.5],
			"faces": {
				"north": {"uv": [11.75, 2.75, 11.5, 6], "texture": "#1"},
				"east": {"uv": [11.75, 2.75, 11.5, 6], "texture": "#1"},
				"south": {"uv": [11.75, 2.75, 11.5, 6], "texture": "#1"},
				"west": {"uv": [11.75, 2.75, 11.5, 6], "texture": "#1"},
				"up": {"uv": [11.75, 2.75, 11.5, 6], "texture": "#1"},
				"down": {"uv": [11.75, 2.75, 11.5, 6], "texture": "#1"}
			}
		},
		{
			"name": "Voxels",
			"from": [-11.75, 16, 9.75],
			"to": [-10.75, 19.5, 10],
			"faces": {
				"north": {"uv": [2, 9, 1, 12.5], "texture": "#1"},
				"east": {"uv": [2, 9, 1, 12.5], "texture": "#1"},
				"south": {"uv": [2, 9, 1, 12.5], "texture": "#1"},
				"west": {"uv": [2, 9, 1, 12.5], "texture": "#1"},
				"up": {"uv": [2, 9, 1, 12.5], "texture": "#1"},
				"down": {"uv": [2, 9, 1, 12.5], "texture": "#1"}
			}
		},
		{
			"name": "Voxels",
			"from": [-11.75, 16, 11],
			"to": [-9.75, 16.25, 11.25],
			"faces": {
				"north": {"uv": [15, 5, 13, 5.25], "texture": "#1"},
				"east": {"uv": [15, 5, 13, 5.25], "texture": "#1"},
				"south": {"uv": [15, 5, 13, 5.25], "texture": "#1"},
				"west": {"uv": [15, 5, 13, 5.25], "texture": "#1"},
				"up": {"uv": [15, 5, 13, 5.25], "texture": "#1"},
				"down": {"uv": [15, 5, 13, 5.25], "texture": "#1"}
			}
		},
		{
			"name": "Voxels",
			"from": [-11.5, 16, 9.5],
			"to": [-11, 19.5, 9.75],
			"faces": {
				"north": {"uv": [13.5, 12.5, 13, 16], "texture": "#1"},
				"east": {"uv": [13.5, 12.5, 13, 16], "texture": "#1"},
				"south": {"uv": [13.5, 12.5, 13, 16], "texture": "#1"},
				"west": {"uv": [13.5, 12.5, 13, 16], "texture": "#1"},
				"up": {"uv": [13.5, 12.5, 13, 16], "texture": "#1"},
				"down": {"uv": [13.5, 12.5, 13, 16], "texture": "#1"}
			}
		},
		{
			"name": "Voxels",
			"from": [-11.5, 16, 10.75],
			"to": [-10, 16.25, 11],
			"faces": {
				"north": {"uv": [16, 3, 14.5, 3.25], "texture": "#1"},
				"east": {"uv": [16, 3, 14.5, 3.25], "texture": "#1"},
				"south": {"uv": [16, 3, 14.5, 3.25], "texture": "#1"},
				"west": {"uv": [16, 3, 14.5, 3.25], "texture": "#1"},
				"up": {"uv": [16, 3, 14.5, 3.25], "texture": "#1"},
				"down": {"uv": [16, 3, 14.5, 3.25], "texture": "#1"}
			}
		},
		{
			"name": "Voxels",
			"from": [-11.25, 16.25, 13.25],
			"to": [-10.75, 19.5, 13.5],
			"faces": {
				"north": {"uv": [6.5, 9.25, 6, 12.5], "texture": "#1"},
				"east": {"uv": [6.5, 9.25, 6, 12.5], "texture": "#1"},
				"south": {"uv": [6.5, 9.25, 6, 12.5], "texture": "#1"},
				"west": {"uv": [6.5, 9.25, 6, 12.5], "texture": "#1"},
				"up": {"uv": [6.5, 9.25, 6, 12.5], "texture": "#1"},
				"down": {"uv": [6.5, 9.25, 6, 12.5], "texture": "#1"}
			}
		},
		{
			"name": "Voxels",
			"from": [-11, 16, 10],
			"to": [-10.5, 19.5, 10.25],
			"faces": {
				"north": {"uv": [10, 12.5, 9.5, 16], "texture": "#1"},
				"east": {"uv": [10, 12.5, 9.5, 16], "texture": "#1"},
				"south": {"uv": [10, 12.5, 9.5, 16], "texture": "#1"},
				"west": {"uv": [10, 12.5, 9.5, 16], "texture": "#1"},
				"up": {"uv": [10, 12.5, 9.5, 16], "texture": "#1"},
				"down": {"uv": [10, 12.5, 9.5, 16], "texture": "#1"}
			}
		},
		{
			"name": "Voxels",
			"from": [-11, 16, 10.25],
			"to": [-10.25, 16.25, 10.75],
			"faces": {
				"north": {"uv": [13.25, 9.25, 12.5, 9.5], "texture": "#1"},
				"east": {"uv": [13.25, 9.25, 12.5, 9.5], "texture": "#1"},
				"south": {"uv": [13.25, 9.25, 12.5, 9.5], "texture": "#1"},
				"west": {"uv": [13.25, 9.25, 12.5, 9.5], "texture": "#1"},
				"up": {"uv": [13.25, 9.25, 12.5, 9.5], "texture": "#1"},
				"down": {"uv": [13.25, 9.25, 12.5, 9.5], "texture": "#1"}
			}
		},
		{
			"name": "Voxels",
			"from": [-11, 16.25, 13],
			"to": [-10.5, 19.5, 13.25],
			"faces": {
				"north": {"uv": [6.5, 2.75, 6, 6], "texture": "#1"},
				"east": {"uv": [6.5, 2.75, 6, 6], "texture": "#1"},
				"south": {"uv": [6.5, 2.75, 6, 6], "texture": "#1"},
				"west": {"uv": [6.5, 2.75, 6, 6], "texture": "#1"},
				"up": {"uv": [6.5, 2.75, 6, 6], "texture": "#1"},
				"down": {"uv": [6.5, 2.75, 6, 6], "texture": "#1"}
			}
		},
		{
			"name": "Voxels",
			"from": [-10.75, 16.25, 10.25],
			"to": [-10.25, 19.5, 10.5],
			"faces": {
				"north": {"uv": [4.5, 9.25, 4, 12.5], "texture": "#1"},
				"east": {"uv": [4.5, 9.25, 4, 12.5], "texture": "#1"},
				"south": {"uv": [4.5, 9.25, 4, 12.5], "texture": "#1"},
				"west": {"uv": [4.5, 9.25, 4, 12.5], "texture": "#1"},
				"up": {"uv": [4.5, 9.25, 4, 12.5], "texture": "#1"},
				"down": {"uv": [4.5, 9.25, 4, 12.5], "texture": "#1"}
			}
		},
		{
			"name": "Voxels",
			"from": [-10.75, 16.25, 12.75],
			"to": [-10.25, 19.5, 13],
			"faces": {
				"north": {"uv": [5.5, 2.75, 5, 6], "texture": "#1"},
				"east": {"uv": [5.5, 2.75, 5, 6], "texture": "#1"},
				"south": {"uv": [5.5, 2.75, 5, 6], "texture": "#1"},
				"west": {"uv": [5.5, 2.75, 5, 6], "texture": "#1"},
				"up": {"uv": [5.5, 2.75, 5, 6], "texture": "#1"},
				"down": {"uv": [5.5, 2.75, 5, 6], "texture": "#1"}
			}
		},
		{
			"name": "Voxels",
			"from": [-10.5, 16.25, 10.5],
			"to": [-10, 19.5, 10.75],
			"faces": {
				"north": {"uv": [6, 9.25, 5.5, 12.5], "texture": "#1"},
				"east": {"uv": [6, 9.25, 5.5, 12.5], "texture": "#1"},
				"south": {"uv": [6, 9.25, 5.5, 12.5], "texture": "#1"},
				"west": {"uv": [6, 9.25, 5.5, 12.5], "texture": "#1"},
				"up": {"uv": [6, 9.25, 5.5, 12.5], "texture": "#1"},
				"down": {"uv": [6, 9.25, 5.5, 12.5], "texture": "#1"}
			}
		},
		{
			"name": "Voxels",
			"from": [-10.5, 16.25, 12.5],
			"to": [-10, 19.5, 12.75],
			"faces": {
				"north": {"uv": [3.5, 6, 3, 9.25], "texture": "#1"},
				"east": {"uv": [3.5, 6, 3, 9.25], "texture": "#1"},
				"south": {"uv": [3.5, 6, 3, 9.25], "texture": "#1"},
				"west": {"uv": [3.5, 6, 3, 9.25], "texture": "#1"},
				"up": {"uv": [3.5, 6, 3, 9.25], "texture": "#1"},
				"down": {"uv": [3.5, 6, 3, 9.25], "texture": "#1"}
			}
		},
		{
			"name": "Voxels",
			"from": [-10.25, 16, 10.5],
			"to": [-10, 16.25, 10.75],
			"faces": {
				"north": {"uv": [6, 2.25, 5.75, 2.5], "texture": "#1"},
				"east": {"uv": [6, 2.25, 5.75, 2.5], "texture": "#1"},
				"south": {"uv": [6, 2.25, 5.75, 2.5], "texture": "#1"},
				"west": {"uv": [6, 2.25, 5.75, 2.5], "texture": "#1"},
				"up": {"uv": [6, 2.25, 5.75, 2.5], "texture": "#1"},
				"down": {"uv": [6, 2.25, 5.75, 2.5], "texture": "#1"}
			}
		},
		{
			"name": "Voxels",
			"from": [-10.25, 16.25, 10.75],
			"to": [-10, 19.5, 11.25],
			"faces": {
				"north": {"uv": [12.75, 2.75, 12.5, 6], "texture": "#1"},
				"east": {"uv": [12.75, 2.75, 12.5, 6], "texture": "#1"},
				"south": {"uv": [12.75, 2.75, 12.5, 6], "texture": "#1"},
				"west": {"uv": [12.75, 2.75, 12.5, 6], "texture": "#1"},
				"up": {"uv": [12.75, 2.75, 12.5, 6], "texture": "#1"},
				"down": {"uv": [12.75, 2.75, 12.5, 6], "texture": "#1"}
			}
		},
		{
			"name": "Voxels",
			"from": [-10.25, 16.25, 12.25],
			"to": [-9.5, 19.5, 12.5],
			"faces": {
				"north": {"uv": [7.5, 12.75, 6.75, 16], "texture": "#1"},
				"east": {"uv": [7.5, 12.75, 6.75, 16], "texture": "#1"},
				"south": {"uv": [7.5, 12.75, 6.75, 16], "texture": "#1"},
				"west": {"uv": [7.5, 12.75, 6.75, 16], "texture": "#1"},
				"up": {"uv": [7.5, 12.75, 6.75, 16], "texture": "#1"},
				"down": {"uv": [7.5, 12.75, 6.75, 16], "texture": "#1"}
			}
		},
		{
			"name": "Voxels",
			"from": [-10, 16.25, 11],
			"to": [-9.75, 19.5, 11.5],
			"faces": {
				"north": {"uv": [11, 6, 10.75, 9.25], "texture": "#1"},
				"east": {"uv": [11, 6, 10.75, 9.25], "texture": "#1"},
				"south": {"uv": [11, 6, 10.75, 9.25], "texture": "#1"},
				"west": {"uv": [11, 6, 10.75, 9.25], "texture": "#1"},
				"up": {"uv": [11, 6, 10.75, 9.25], "texture": "#1"},
				"down": {"uv": [11, 6, 10.75, 9.25], "texture": "#1"}
			}
		},
		{
			"name": "Voxels",
			"from": [-9.75, 16.25, 11.25],
			"to": [-9.5, 19.5, 11.75],
			"faces": {
				"north": {"uv": [11.5, 6, 11.25, 9.25], "texture": "#1"},
				"east": {"uv": [11.5, 6, 11.25, 9.25], "texture": "#1"},
				"south": {"uv": [11.5, 6, 11.25, 9.25], "texture": "#1"},
				"west": {"uv": [11.5, 6, 11.25, 9.25], "texture": "#1"},
				"up": {"uv": [11.5, 6, 11.25, 9.25], "texture": "#1"},
				"down": {"uv": [11.5, 6, 11.25, 9.25], "texture": "#1"}
			}
		},
		{
			"name": "Voxels",
			"from": [-9.75, 16.25, 12],
			"to": [-9.25, 19.5, 12.25],
			"faces": {
				"north": {"uv": [4.5, 2.75, 4, 6], "texture": "#1"},
				"east": {"uv": [4.5, 2.75, 4, 6], "texture": "#1"},
				"south": {"uv": [4.5, 2.75, 4, 6], "texture": "#1"},
				"west": {"uv": [4.5, 2.75, 4, 6], "texture": "#1"},
				"up": {"uv": [4.5, 2.75, 4, 6], "texture": "#1"},
				"down": {"uv": [4.5, 2.75, 4, 6], "texture": "#1"}
			}
		},
		{
			"name": "Voxels",
			"from": [-9.5, 16.25, 11.5],
			"to": [-9.25, 19.5, 12],
			"faces": {
				"north": {"uv": [14.25, 6, 14, 9.25], "texture": "#1"},
				"east": {"uv": [14.25, 6, 14, 9.25], "texture": "#1"},
				"south": {"uv": [14.25, 6, 14, 9.25], "texture": "#1"},
				"west": {"uv": [14.25, 6, 14, 9.25], "texture": "#1"},
				"up": {"uv": [14.25, 6, 14, 9.25], "texture": "#1"},
				"down": {"uv": [14.25, 6, 14, 9.25], "texture": "#1"}
			}
		},
		{
			"name": "pencil_1",
			"from": [-12, 17, 12],
			"to": [-11, 22.5, 12.5],
			"rotation": {"angle": 22.5, "axis": "z", "origin": [-12, 17, 12]},
			"faces": {
				"north": {"uv": [1, 5, 0, 10.5], "texture": "#1"},
				"east": {"uv": [1, 5, 0, 10.5], "texture": "#1"},
				"south": {"uv": [1, 5, 0, 10.5], "texture": "#1"},
				"west": {"uv": [1, 5, 0, 10.5], "texture": "#1"},
				"up": {"uv": [1, 5, 0, 10.5], "texture": "#1"},
				"down": {"uv": [1, 5, 0, 10.5], "texture": "#1"}
			}
		},
		{
			"name": "pencil_12",
			"from": [-11.75, 17, 11.75],
			"to": [-11.25, 22.5, 12],
			"rotation": {"angle": 22.5, "axis": "z", "origin": [-12, 17, 12]},
			"faces": {
				"north": {"uv": [2.5, 5, 2, 10.5], "texture": "#1"},
				"east": {"uv": [2.5, 5, 2, 10.5], "texture": "#1"},
				"south": {"uv": [2.5, 5, 2, 10.5], "texture": "#1"},
				"west": {"uv": [2.5, 5, 2, 10.5], "texture": "#1"},
				"up": {"uv": [2.5, 5, 2, 10.5], "texture": "#1"},
				"down": {"uv": [2.5, 5, 2, 10.5], "texture": "#1"}
			}
		},
		{
			"name": "pencil_11",
			"from": [-11.75, 17, 12.5],
			"to": [-11.25, 22.5, 12.75],
			"rotation": {"angle": 22.5, "axis": "z", "origin": [-12, 17, 12]},
			"faces": {
				"north": {"uv": [1.5, 0, 1, 5.5], "texture": "#1"},
				"east": {"uv": [1.5, 0, 1, 5.5], "texture": "#1"},
				"south": {"uv": [1.5, 0, 1, 5.5], "texture": "#1"},
				"west": {"uv": [1.5, 0, 1, 5.5], "texture": "#1"},
				"up": {"uv": [1.5, 0, 1, 5.5], "texture": "#1"},
				"down": {"uv": [1.5, 0, 1, 5.5], "texture": "#1"}
			}
		},
		{
			"name": "pencil_13",
			"from": [-11.75, 22.5, 12],
			"to": [-11.25, 23, 12.5],
			"rotation": {"angle": 22.5, "axis": "z", "origin": [-12, 17, 12]},
			"faces": {
				"north": {"uv": [3, 1, 2.5, 1.5], "texture": "#1"},
				"east": {"uv": [3, 1, 2.5, 1.5], "texture": "#1"},
				"south": {"uv": [3, 1, 2.5, 1.5], "texture": "#1"},
				"west": {"uv": [3, 1, 2.5, 1.5], "texture": "#1"},
				"up": {"uv": [3, 1, 2.5, 1.5], "texture": "#1"},
				"down": {"uv": [3, 1, 2.5, 1.5], "texture": "#1"}
			}
		},
		{
			"name": "pencil1",
			"from": [-11.75, 22.5, 11.5],
			"to": [-11.25, 23, 12],
			"rotation": {"angle": -22.5, "axis": "z", "origin": [-12, 17, 11.5]},
			"faces": {
				"north": {"uv": [3, 1, 2.5, 1.5], "texture": "#1"},
				"east": {"uv": [3, 1, 2.5, 1.5], "texture": "#1"},
				"south": {"uv": [3, 1, 2.5, 1.5], "texture": "#1"},
				"west": {"uv": [3, 1, 2.5, 1.5], "texture": "#1"},
				"up": {"uv": [3, 1, 2.5, 1.5], "texture": "#1"},
				"down": {"uv": [3, 1, 2.5, 1.5], "texture": "#1"}
			}
		},
		{
			"name": "pencil",
			"from": [-11.75, 17, 12],
			"to": [-11.25, 22.5, 12.25],
			"rotation": {"angle": -22.5, "axis": "z", "origin": [-12, 17, 11.5]},
			"faces": {
				"north": {"uv": [1.5, 0, 1, 5.5], "texture": "#1"},
				"east": {"uv": [1.5, 0, 1, 5.5], "texture": "#1"},
				"south": {"uv": [1.5, 0, 1, 5.5], "texture": "#1"},
				"west": {"uv": [1.5, 0, 1, 5.5], "texture": "#1"},
				"up": {"uv": [1.5, 0, 1, 5.5], "texture": "#1"},
				"down": {"uv": [1.5, 0, 1, 5.5], "texture": "#1"}
			}
		},
		{
			"name": "pencil2",
			"from": [-11.75, 17, 11.25],
			"to": [-11.25, 22.5, 11.5],
			"rotation": {"angle": -22.5, "axis": "z", "origin": [-12, 17, 11.5]},
			"faces": {
				"north": {"uv": [2.5, 5, 2, 10.5], "texture": "#1"},
				"east": {"uv": [2.5, 5, 2, 10.5], "texture": "#1"},
				"south": {"uv": [2.5, 5, 2, 10.5], "texture": "#1"},
				"west": {"uv": [2.5, 5, 2, 10.5], "texture": "#1"},
				"up": {"uv": [2.5, 5, 2, 10.5], "texture": "#1"},
				"down": {"uv": [2.5, 5, 2, 10.5], "texture": "#1"}
			}
		},
		{
			"name": "pencil3",
			"from": [-12, 17, 11.5],
			"to": [-11, 22.5, 12],
			"rotation": {"angle": -22.5, "axis": "z", "origin": [-12, 17, 11.5]},
			"faces": {
				"north": {"uv": [1, 5, 0, 10.5], "texture": "#1"},
				"east": {"uv": [1, 5, 0, 10.5], "texture": "#1"},
				"south": {"uv": [1, 5, 0, 10.5], "texture": "#1"},
				"west": {"uv": [1, 5, 0, 10.5], "texture": "#1"},
				"up": {"uv": [1, 5, 0, 10.5], "texture": "#1"},
				"down": {"uv": [1, 5, 0, 10.5], "texture": "#1"}
			}
		}
	],
	"display": {
		"thirdperson_righthand": {
			"rotation": [90, -90, 0],
			"translation": [2.5, -4, 0],
			"scale": [0.5, 0.5, 0.5]
		},
		"thirdperson_lefthand": {
			"rotation": [90, 90, 0],
			"translation": [2.5, -4, 0],
			"scale": [0.5, 0.5, 0.5]
		},
		"firstperson_righthand": {
			"rotation": [0, 90, 0],
			"scale": [0.5, 0.5, 0.5]
		},
		"firstperson_lefthand": {
			"rotation": [0, 90, 0],
			"scale": [0.5, 0.5, 0.5]
		},
		"ground": {
			"translation": [0, 4, 0]
		},
		"gui": {
			"rotation": [0, 161, 0],
			"translation": [-2.086, 0, 0],
			"scale": [0.35, 0.35, 0.35]
		},
		"fixed": {
			"rotation": [-90, 0, 0],
			"translation": [33, 0, 16],
			"scale": [2.1, 2.1, 2.1]
		}
	}
}