{
	"credit": "Made with Blockbench",
	"textures": {
		"0": "item/charcoal/57",
		"2": "item/charcoal/50-1",
		"particle": "item/charcoal/57"
	},
	"elements": [
		{
			"name": "desk",
			"from": [-16, 12, -0.25],
			"to": [32, 13, 32],
			"faces": {
				"north": {"uv": [4.03125, 3.71875, 0, 3.84375], "texture": "#0"},
				"east": {"uv": [4.03125, 3.71875, 0, 3.84375], "texture": "#0"},
				"south": {"uv": [4.03125, 3.71875, 0, 3.84375], "texture": "#0"},
				"west": {"uv": [4.03125, 3.71875, 0, 3.84375], "texture": "#0"},
				"up": {"uv": [4.03125, 3.71875, 0, 3.84375], "texture": "#0"},
				"down": {"uv": [4.03125, 3.71875, 0, 3.84375], "texture": "#0"}
			}
		},
		{
			"name": "desk1",
			"from": [-15.75, 13, 0],
			"to": [31.75, 13.25, 31.75],
			"faces": {
				"north": {"uv": [4.125, 3.09375, 0.125, 3.125], "texture": "#0"},
				"east": {"uv": [4.125, 3.09375, 0.125, 3.125], "texture": "#0"},
				"south": {"uv": [4.125, 3.09375, 0.125, 3.125], "texture": "#0"},
				"west": {"uv": [4.125, 3.09375, 0.125, 3.125], "texture": "#0"},
				"up": {"uv": [4.125, 3.09375, 0.125, 3.125], "texture": "#0"},
				"down": {"uv": [4.125, 3.09375, 0.125, 3.125], "texture": "#0"}
			}
		},
		{
			"name": "desk2",
			"from": [-14.25, -4, 0.75],
			"to": [-11.75, -3, 31],
			"faces": {
				"north": {"uv": [3.78125, 3.46875, 0, 3.59375], "texture": "#0"},
				"east": {"uv": [3.78125, 3.46875, 0, 3.59375], "texture": "#0"},
				"south": {"uv": [3.78125, 3.46875, 0, 3.59375], "texture": "#0"},
				"west": {"uv": [3.78125, 3.46875, 0, 3.59375], "texture": "#0"},
				"up": {"uv": [3.78125, 3.46875, 0, 3.59375], "texture": "#0"},
				"down": {"uv": [3.78125, 3.46875, 0, 3.59375], "texture": "#0"}
			}
		},
		{
			"name": "nogi",
			"from": [-14, -3, 15.5],
			"to": [-12, 0.5, 16.5],
			"faces": {
				"north": {"uv": [13.28125, 12, 13.1875, 12.03125], "texture": "#0"},
				"east": {"uv": [13.28125, 12, 13.1875, 12.03125], "texture": "#0"},
				"south": {"uv": [13.28125, 12, 13.1875, 12.03125], "texture": "#0"},
				"west": {"uv": [13.28125, 12, 13.1875, 12.03125], "texture": "#0"},
				"up": {"uv": [13.28125, 12, 13.1875, 12.03125], "texture": "#0"},
				"down": {"uv": [13.28125, 12, 13.1875, 12.03125], "texture": "#0"}
			}
		},
		{
			"name": "nogi1",
			"from": [-14, -2.75, 15.5],
			"to": [-12.75, 3.242, 16.5],
			"faces": {
				"north": {"uv": [15.6875, 14.1875, 15.59375, 14.53125], "texture": "#0"},
				"east": {"uv": [15.6875, 14.1875, 15.59375, 14.53125], "texture": "#0"},
				"south": {"uv": [15.6875, 14.1875, 15.59375, 14.53125], "texture": "#0"},
				"west": {"uv": [15.6875, 14.1875, 15.59375, 14.53125], "texture": "#0"},
				"up": {"uv": [15.6875, 14.1875, 15.59375, 14.53125], "texture": "#0"},
				"down": {"uv": [15.6875, 14.1875, 15.59375, 14.53125], "texture": "#0"}
			}
		},
		{
			"name": "nogi3",
			"from": [-14, 0, 15.5],
			"to": [-13.5, 12.242, 16.5],
			"faces": {
				"north": {"uv": [0.65625, 1.90625, 0.5625, 3.03125], "texture": "#0"},
				"east": {"uv": [0.65625, 1.90625, 0.5625, 3.03125], "texture": "#0"},
				"south": {"uv": [0.65625, 1.90625, 0.5625, 3.03125], "texture": "#0"},
				"west": {"uv": [0.65625, 1.90625, 0.5625, 3.03125], "texture": "#0"},
				"up": {"uv": [0.65625, 1.90625, 0.5625, 3.03125], "texture": "#0"},
				"down": {"uv": [0.65625, 1.90625, 0.5625, 3.03125], "texture": "#0"}
			}
		},
		{
			"name": "desk6",
			"from": [-14, -3, 1],
			"to": [-12, -2.75, 15.5],
			"faces": {
				"north": {"uv": [5.84375, 3.875, 4.03125, 3.90625], "texture": "#0"},
				"east": {"uv": [5.84375, 3.875, 4.03125, 3.90625], "texture": "#0"},
				"south": {"uv": [5.84375, 3.875, 4.03125, 3.90625], "texture": "#0"},
				"west": {"uv": [5.84375, 3.875, 4.03125, 3.90625], "texture": "#0"},
				"up": {"uv": [5.84375, 3.875, 4.03125, 3.90625], "texture": "#0"},
				"down": {"uv": [5.84375, 3.875, 4.03125, 3.90625], "texture": "#0"}
			}
		},
		{
			"name": "desk7",
			"from": [-14, -3, 16.25],
			"to": [-12, -2.75, 31],
			"faces": {
				"north": {"uv": [5.875, 3.9375, 4.03125, 3.96875], "texture": "#0"},
				"east": {"uv": [5.875, 3.9375, 4.03125, 3.96875], "texture": "#0"},
				"south": {"uv": [5.875, 3.9375, 4.03125, 3.96875], "texture": "#0"},
				"west": {"uv": [5.875, 3.9375, 4.03125, 3.96875], "texture": "#0"},
				"up": {"uv": [5.875, 3.9375, 4.03125, 3.96875], "texture": "#0"},
				"down": {"uv": [5.875, 3.9375, 4.03125, 3.96875], "texture": "#0"}
			}
		},
		{
			"name": "nogi2",
			"from": [-13.75, -2.75, 15.25],
			"to": [-12.25, 12.242, 15.75],
			"faces": {
				"north": {"uv": [1.5, 0.09375, 1.46875, 1.5625], "texture": "#0"},
				"east": {"uv": [1.5, 0.09375, 1.46875, 1.5625], "texture": "#0"},
				"south": {"uv": [1.5, 0.09375, 1.46875, 1.5625], "texture": "#0"},
				"west": {"uv": [1.5, 0.09375, 1.46875, 1.5625], "texture": "#0"},
				"up": {"uv": [1.5, 0.09375, 1.46875, 1.5625], "texture": "#0"},
				"down": {"uv": [1.5, 0.09375, 1.46875, 1.5625], "texture": "#0"}
			}
		},
		{
			"name": "nogi3",
			"from": [-13.75, -2.75, 16.25],
			"to": [-12.25, 12.242, 16.75],
			"faces": {
				"north": {"uv": [1.5625, 0.09375, 1.53125, 1.5625], "texture": "#0"},
				"east": {"uv": [1.5625, 0.09375, 1.53125, 1.5625], "texture": "#0"},
				"south": {"uv": [1.5625, 0.09375, 1.53125, 1.5625], "texture": "#0"},
				"west": {"uv": [1.5625, 0.09375, 1.53125, 1.5625], "texture": "#0"},
				"up": {"uv": [1.5625, 0.09375, 1.53125, 1.5625], "texture": "#0"},
				"down": {"uv": [1.5625, 0.09375, 1.53125, 1.5625], "texture": "#0"}
			}
		},
		{
			"name": "nogi4",
			"from": [-13.5, -2.75, 14.5],
			"to": [-13.25, 12.242, 15.5],
			"faces": {
				"north": {"uv": [15.75, 12.6875, 15.65625, 14.15625], "texture": "#0"},
				"east": {"uv": [15.75, 12.6875, 15.65625, 14.15625], "texture": "#0"},
				"south": {"uv": [15.75, 12.6875, 15.65625, 14.15625], "texture": "#0"},
				"west": {"uv": [15.75, 12.6875, 15.65625, 14.15625], "texture": "#0"},
				"up": {"uv": [15.75, 12.6875, 15.65625, 14.15625], "texture": "#0"},
				"down": {"uv": [15.75, 12.6875, 15.65625, 14.15625], "texture": "#0"}
			}
		},
		{
			"name": "nogi2",
			"from": [-13.5, -2.75, 16.5],
			"to": [-13.25, 12.242, 17.5],
			"faces": {
				"north": {"uv": [15.5625, 12.6875, 15.46875, 14.15625], "texture": "#0"},
				"east": {"uv": [15.5625, 12.6875, 15.46875, 14.15625], "texture": "#0"},
				"south": {"uv": [15.5625, 12.6875, 15.46875, 14.15625], "texture": "#0"},
				"west": {"uv": [15.5625, 12.6875, 15.46875, 14.15625], "texture": "#0"},
				"up": {"uv": [15.5625, 12.6875, 15.46875, 14.15625], "texture": "#0"},
				"down": {"uv": [15.5625, 12.6875, 15.46875, 14.15625], "texture": "#0"}
			}
		},
		{
			"name": "nogi5",
			"from": [-13.25, -2.75, 14.25],
			"to": [-12.5, 12.242, 14.75],
			"faces": {
				"north": {"uv": [1.40625, 1.5625, 1.375, 3.03125], "texture": "#0"},
				"east": {"uv": [1.40625, 1.5625, 1.375, 3.03125], "texture": "#0"},
				"south": {"uv": [1.40625, 1.5625, 1.375, 3.03125], "texture": "#0"},
				"west": {"uv": [1.40625, 1.5625, 1.375, 3.03125], "texture": "#0"},
				"up": {"uv": [1.40625, 1.5625, 1.375, 3.03125], "texture": "#0"},
				"down": {"uv": [1.40625, 1.5625, 1.375, 3.03125], "texture": "#0"}
			}
		},
		{
			"name": "nogi6",
			"from": [-13.25, -2.75, 17.25],
			"to": [-12.5, 12.242, 17.75],
			"faces": {
				"north": {"uv": [1.46875, 1.5625, 1.4375, 3.03125], "texture": "#0"},
				"east": {"uv": [1.46875, 1.5625, 1.4375, 3.03125], "texture": "#0"},
				"south": {"uv": [1.46875, 1.5625, 1.4375, 3.03125], "texture": "#0"},
				"west": {"uv": [1.46875, 1.5625, 1.4375, 3.03125], "texture": "#0"},
				"up": {"uv": [1.46875, 1.5625, 1.4375, 3.03125], "texture": "#0"},
				"down": {"uv": [1.46875, 1.5625, 1.4375, 3.03125], "texture": "#0"}
			}
		},
		{
			"name": "nogi7",
			"from": [-13.25, 1, 15.5],
			"to": [-12.75, 12.242, 16.5],
			"faces": {
				"north": {"uv": [1.125, 2.03125, 1.03125, 3.03125], "texture": "#0"},
				"east": {"uv": [1.125, 2.03125, 1.03125, 3.03125], "texture": "#0"},
				"south": {"uv": [1.125, 2.03125, 1.03125, 3.03125], "texture": "#0"},
				"west": {"uv": [1.125, 2.03125, 1.03125, 3.03125], "texture": "#0"},
				"up": {"uv": [1.125, 2.03125, 1.03125, 3.03125], "texture": "#0"},
				"down": {"uv": [1.125, 2.03125, 1.03125, 3.03125], "texture": "#0"}
			}
		},
		{
			"name": "nogi8",
			"from": [-13, 0, 15.5],
			"to": [-12.75, 4.242, 16.5],
			"faces": {
				"north": {"uv": [13.59375, 12.125, 13.5, 12.25], "texture": "#0"},
				"east": {"uv": [13.59375, 12.125, 13.5, 12.25], "texture": "#0"},
				"south": {"uv": [13.59375, 12.125, 13.5, 12.25], "texture": "#0"},
				"west": {"uv": [13.59375, 12.125, 13.5, 12.25], "texture": "#0"},
				"up": {"uv": [13.59375, 12.125, 13.5, 12.25], "texture": "#0"},
				"down": {"uv": [13.59375, 12.125, 13.5, 12.25], "texture": "#0"}
			}
		},
		{
			"name": "nogi9",
			"from": [-13, 1, 14.5],
			"to": [-12.25, 12.242, 15.5],
			"faces": {
				"north": {"uv": [0.75, 2.03125, 0.65625, 3.03125], "texture": "#0"},
				"east": {"uv": [0.75, 2.03125, 0.65625, 3.03125], "texture": "#0"},
				"south": {"uv": [0.75, 2.03125, 0.65625, 3.03125], "texture": "#0"},
				"west": {"uv": [0.75, 2.03125, 0.65625, 3.03125], "texture": "#0"},
				"up": {"uv": [0.75, 2.03125, 0.65625, 3.03125], "texture": "#0"},
				"down": {"uv": [0.75, 2.03125, 0.65625, 3.03125], "texture": "#0"}
			}
		},
		{
			"name": "nogi10",
			"from": [-13, 1, 16.5],
			"to": [-12.25, 12.242, 17.5],
			"faces": {
				"north": {"uv": [0.75, 0.03125, 0.65625, 1.03125], "texture": "#0"},
				"east": {"uv": [0.75, 0.03125, 0.65625, 1.03125], "texture": "#0"},
				"south": {"uv": [0.75, 0.03125, 0.65625, 1.03125], "texture": "#0"},
				"west": {"uv": [0.75, 0.03125, 0.65625, 1.03125], "texture": "#0"},
				"up": {"uv": [0.75, 0.03125, 0.65625, 1.03125], "texture": "#0"},
				"down": {"uv": [0.75, 0.03125, 0.65625, 1.03125], "texture": "#0"}
			}
		},
		{
			"name": "nogi11",
			"from": [-12.5, -2.75, 14.5],
			"to": [-12.25, 4.242, 15.5],
			"faces": {
				"north": {"uv": [14.40625, 12.21875, 14.3125, 12.6875], "texture": "#0"},
				"east": {"uv": [14.40625, 12.21875, 14.3125, 12.6875], "texture": "#0"},
				"south": {"uv": [14.40625, 12.21875, 14.3125, 12.6875], "texture": "#0"},
				"west": {"uv": [14.40625, 12.21875, 14.3125, 12.6875], "texture": "#0"},
				"up": {"uv": [14.40625, 12.21875, 14.3125, 12.6875], "texture": "#0"},
				"down": {"uv": [14.40625, 12.21875, 14.3125, 12.6875], "texture": "#0"}
			}
		},
		{
			"name": "nogi12",
			"from": [-12.5, -2.75, 16.5],
			"to": [-12.25, 4.242, 17.5],
			"faces": {
				"north": {"uv": [14.28125, 12.21875, 14.1875, 12.6875], "texture": "#0"},
				"east": {"uv": [14.28125, 12.21875, 14.1875, 12.6875], "texture": "#0"},
				"south": {"uv": [14.28125, 12.21875, 14.1875, 12.6875], "texture": "#0"},
				"west": {"uv": [14.28125, 12.21875, 14.1875, 12.6875], "texture": "#0"},
				"up": {"uv": [14.28125, 12.21875, 14.1875, 12.6875], "texture": "#0"},
				"down": {"uv": [14.28125, 12.21875, 14.1875, 12.6875], "texture": "#0"}
			}
		},
		{
			"name": "desk20",
			"from": [-12.5, 12.75, 14.25],
			"to": [-12.25, 13, 14.5],
			"faces": {
				"north": {"uv": [12.625, 12.09375, 12.59375, 12.125], "texture": "#0"},
				"east": {"uv": [12.625, 12.09375, 12.59375, 12.125], "texture": "#0"},
				"south": {"uv": [12.625, 12.09375, 12.59375, 12.125], "texture": "#0"},
				"west": {"uv": [12.625, 12.09375, 12.59375, 12.125], "texture": "#0"},
				"up": {"uv": [12.625, 12.09375, 12.59375, 12.125], "texture": "#0"},
				"down": {"uv": [12.625, 12.09375, 12.59375, 12.125], "texture": "#0"}
			}
		},
		{
			"name": "desk21",
			"from": [28, -4, 1],
			"to": [30.25, -3, 31],
			"faces": {
				"north": {"uv": [3.75, 3.21875, 0, 3.34375], "texture": "#0"},
				"east": {"uv": [3.75, 3.21875, 0, 3.34375], "texture": "#0"},
				"south": {"uv": [3.75, 3.21875, 0, 3.34375], "texture": "#0"},
				"west": {"uv": [3.75, 3.21875, 0, 3.34375], "texture": "#0"},
				"up": {"uv": [3.75, 3.21875, 0, 3.34375], "texture": "#0"},
				"down": {"uv": [3.75, 3.21875, 0, 3.34375], "texture": "#0"}
			}
		},
		{
			"name": "desk22",
			"from": [28.25, -3, 1],
			"to": [30, -2.75, 31],
			"faces": {
				"north": {"uv": [4.125, 3.0625, 0.375, 3.09375], "texture": "#0"},
				"east": {"uv": [4.125, 3.0625, 0.375, 3.09375], "texture": "#0"},
				"south": {"uv": [4.125, 3.0625, 0.375, 3.09375], "texture": "#0"},
				"west": {"uv": [4.125, 3.0625, 0.375, 3.09375], "texture": "#0"},
				"up": {"uv": [4.125, 3.0625, 0.375, 3.09375], "texture": "#0"},
				"down": {"uv": [4.125, 3.0625, 0.375, 3.09375], "texture": "#0"}
			}
		},
		{
			"name": "nogi13",
			"from": [28.5, -2.75, 14.5],
			"to": [28.75, 12.242, 15.75],
			"faces": {
				"north": {"uv": [15.1875, 12.6875, 15.0625, 14.15625], "texture": "#0"},
				"east": {"uv": [15.1875, 12.6875, 15.0625, 14.15625], "texture": "#0"},
				"south": {"uv": [15.1875, 12.6875, 15.0625, 14.15625], "texture": "#0"},
				"west": {"uv": [15.1875, 12.6875, 15.0625, 14.15625], "texture": "#0"},
				"up": {"uv": [15.1875, 12.6875, 15.0625, 14.15625], "texture": "#0"},
				"down": {"uv": [15.1875, 12.6875, 15.0625, 14.15625], "texture": "#0"}
			}
		},
		{
			"name": "nogi1",
			"from": [28.5, -2.75, 16.25],
			"to": [30, 12.242, 16.75],
			"faces": {
				"north": {"uv": [1.53125, 0.09375, 1.5, 1.5625], "texture": "#0"},
				"east": {"uv": [1.53125, 0.09375, 1.5, 1.5625], "texture": "#0"},
				"south": {"uv": [1.53125, 0.09375, 1.5, 1.5625], "texture": "#0"},
				"west": {"uv": [1.53125, 0.09375, 1.5, 1.5625], "texture": "#0"},
				"up": {"uv": [1.53125, 0.09375, 1.5, 1.5625], "texture": "#0"},
				"down": {"uv": [1.53125, 0.09375, 1.5, 1.5625], "texture": "#0"}
			}
		},
		{
			"name": "nogi14",
			"from": [28.5, -2.75, 16.5],
			"to": [28.75, 12.242, 17.5],
			"faces": {
				"north": {"uv": [15.375, 12.6875, 15.28125, 14.15625], "texture": "#0"},
				"east": {"uv": [15.375, 12.6875, 15.28125, 14.15625], "texture": "#0"},
				"south": {"uv": [15.375, 12.6875, 15.28125, 14.15625], "texture": "#0"},
				"west": {"uv": [15.375, 12.6875, 15.28125, 14.15625], "texture": "#0"},
				"up": {"uv": [15.375, 12.6875, 15.28125, 14.15625], "texture": "#0"},
				"down": {"uv": [15.375, 12.6875, 15.28125, 14.15625], "texture": "#0"}
			}
		},
		{
			"name": "nogi15",
			"from": [28.75, -2.75, 14.25],
			"to": [29.5, 12.242, 14.75],
			"faces": {
				"north": {"uv": [1.59375, 0.09375, 1.5625, 1.5625], "texture": "#0"},
				"east": {"uv": [1.59375, 0.09375, 1.5625, 1.5625], "texture": "#0"},
				"south": {"uv": [1.59375, 0.09375, 1.5625, 1.5625], "texture": "#0"},
				"west": {"uv": [1.59375, 0.09375, 1.5625, 1.5625], "texture": "#0"},
				"up": {"uv": [1.59375, 0.09375, 1.5625, 1.5625], "texture": "#0"},
				"down": {"uv": [1.59375, 0.09375, 1.5625, 1.5625], "texture": "#0"}
			}
		},
		{
			"name": "nogi16",
			"from": [28.75, -2.75, 17.25],
			"to": [29.5, 12.242, 17.75],
			"faces": {
				"north": {"uv": [1.46875, 0.09375, 1.4375, 1.5625], "texture": "#0"},
				"east": {"uv": [1.46875, 0.09375, 1.4375, 1.5625], "texture": "#0"},
				"south": {"uv": [1.46875, 0.09375, 1.4375, 1.5625], "texture": "#0"},
				"west": {"uv": [1.46875, 0.09375, 1.4375, 1.5625], "texture": "#0"},
				"up": {"uv": [1.46875, 0.09375, 1.4375, 1.5625], "texture": "#0"},
				"down": {"uv": [1.46875, 0.09375, 1.4375, 1.5625], "texture": "#0"}
			}
		},
		{
			"name": "nogi17",
			"from": [29, -2.75, 15.25],
			"to": [30, 12.242, 15.75],
			"faces": {
				"north": {"uv": [1.4375, 1.5625, 1.40625, 3.03125], "texture": "#0"},
				"east": {"uv": [1.4375, 1.5625, 1.40625, 3.03125], "texture": "#0"},
				"south": {"uv": [1.4375, 1.5625, 1.40625, 3.03125], "texture": "#0"},
				"west": {"uv": [1.4375, 1.5625, 1.40625, 3.03125], "texture": "#0"},
				"up": {"uv": [1.4375, 1.5625, 1.40625, 3.03125], "texture": "#0"},
				"down": {"uv": [1.4375, 1.5625, 1.40625, 3.03125], "texture": "#0"}
			}
		},
		{
			"name": "nogi18",
			"from": [29, -2.75, 15.5],
			"to": [30.25, 3.242, 16.5],
			"faces": {
				"north": {"uv": [15.875, 14.1875, 15.78125, 14.53125], "texture": "#0"},
				"east": {"uv": [15.875, 14.1875, 15.78125, 14.53125], "texture": "#0"},
				"south": {"uv": [15.875, 14.1875, 15.78125, 14.53125], "texture": "#0"},
				"west": {"uv": [15.875, 14.1875, 15.78125, 14.53125], "texture": "#0"},
				"up": {"uv": [15.875, 14.1875, 15.78125, 14.53125], "texture": "#0"},
				"down": {"uv": [15.875, 14.1875, 15.78125, 14.53125], "texture": "#0"}
			}
		},
		{
			"name": "nogi19",
			"from": [29, 0, 15.5],
			"to": [29.25, 12.242, 16.5],
			"faces": {
				"north": {"uv": [0.5625, 0.78125, 0.46875, 1.90625], "texture": "#0"},
				"east": {"uv": [0.5625, 0.78125, 0.46875, 1.90625], "texture": "#0"},
				"south": {"uv": [0.5625, 0.78125, 0.46875, 1.90625], "texture": "#0"},
				"west": {"uv": [0.5625, 0.78125, 0.46875, 1.90625], "texture": "#0"},
				"up": {"uv": [0.5625, 0.78125, 0.46875, 1.90625], "texture": "#0"},
				"down": {"uv": [0.5625, 0.78125, 0.46875, 1.90625], "texture": "#0"}
			}
		},
		{
			"name": "nogi",
			"from": [29, 1, 14.5],
			"to": [29.75, 12.242, 15.5],
			"faces": {
				"north": {"uv": [0.84375, 0.03125, 0.75, 1.03125], "texture": "#0"},
				"east": {"uv": [0.84375, 0.03125, 0.75, 1.03125], "texture": "#0"},
				"south": {"uv": [0.84375, 0.03125, 0.75, 1.03125], "texture": "#0"},
				"west": {"uv": [0.84375, 0.03125, 0.75, 1.03125], "texture": "#0"},
				"up": {"uv": [0.84375, 0.03125, 0.75, 1.03125], "texture": "#0"},
				"down": {"uv": [0.84375, 0.03125, 0.75, 1.03125], "texture": "#0"}
			}
		},
		{
			"name": "nogi20",
			"from": [29, 1, 16.5],
			"to": [29.75, 12.242, 17.5],
			"faces": {
				"north": {"uv": [0.9375, 1.03125, 0.84375, 2.03125], "texture": "#0"},
				"east": {"uv": [0.9375, 1.03125, 0.84375, 2.03125], "texture": "#0"},
				"south": {"uv": [0.9375, 1.03125, 0.84375, 2.03125], "texture": "#0"},
				"west": {"uv": [0.9375, 1.03125, 0.84375, 2.03125], "texture": "#0"},
				"up": {"uv": [0.9375, 1.03125, 0.84375, 2.03125], "texture": "#0"},
				"down": {"uv": [0.9375, 1.03125, 0.84375, 2.03125], "texture": "#0"}
			}
		},
		{
			"name": "nogi21",
			"from": [29.5, -2.75, 14.5],
			"to": [29.75, 4.242, 15.5],
			"faces": {
				"north": {"uv": [14.03125, 12.21875, 13.9375, 12.6875], "texture": "#0"},
				"east": {"uv": [14.03125, 12.21875, 13.9375, 12.6875], "texture": "#0"},
				"south": {"uv": [14.03125, 12.21875, 13.9375, 12.6875], "texture": "#0"},
				"west": {"uv": [14.03125, 12.21875, 13.9375, 12.6875], "texture": "#0"},
				"up": {"uv": [14.03125, 12.21875, 13.9375, 12.6875], "texture": "#0"},
				"down": {"uv": [14.03125, 12.21875, 13.9375, 12.6875], "texture": "#0"}
			}
		},
		{
			"name": "nogi22",
			"from": [29.5, -2.75, 16.5],
			"to": [29.75, 4.242, 17.5],
			"faces": {
				"north": {"uv": [13.71875, 12.21875, 13.625, 12.6875], "texture": "#0"},
				"east": {"uv": [13.71875, 12.21875, 13.625, 12.6875], "texture": "#0"},
				"south": {"uv": [13.71875, 12.21875, 13.625, 12.6875], "texture": "#0"},
				"west": {"uv": [13.71875, 12.21875, 13.625, 12.6875], "texture": "#0"},
				"up": {"uv": [13.71875, 12.21875, 13.625, 12.6875], "texture": "#0"},
				"down": {"uv": [13.71875, 12.21875, 13.625, 12.6875], "texture": "#0"}
			}
		},
		{
			"name": "nogi23",
			"from": [29.5, 1, 15.5],
			"to": [30.25, 12.242, 16.5],
			"faces": {
				"north": {"uv": [1.03125, 2.03125, 0.9375, 3.03125], "texture": "#0"},
				"east": {"uv": [1.03125, 2.03125, 0.9375, 3.03125], "texture": "#0"},
				"south": {"uv": [1.03125, 2.03125, 0.9375, 3.03125], "texture": "#0"},
				"west": {"uv": [1.03125, 2.03125, 0.9375, 3.03125], "texture": "#0"},
				"up": {"uv": [1.03125, 2.03125, 0.9375, 3.03125], "texture": "#0"},
				"down": {"uv": [1.03125, 2.03125, 0.9375, 3.03125], "texture": "#0"}
			}
		},
		{
			"name": "nogi24",
			"from": [29.75, 0, 15.5],
			"to": [30.25, 4.242, 16.5],
			"faces": {
				"north": {"uv": [13.375, 12.03125, 13.28125, 12.15625], "texture": "#0"},
				"east": {"uv": [13.375, 12.03125, 13.28125, 12.15625], "texture": "#0"},
				"south": {"uv": [13.375, 12.03125, 13.28125, 12.15625], "texture": "#0"},
				"west": {"uv": [13.375, 12.03125, 13.28125, 12.15625], "texture": "#0"},
				"up": {"uv": [13.375, 12.03125, 13.28125, 12.15625], "texture": "#0"},
				"down": {"uv": [13.375, 12.03125, 13.28125, 12.15625], "texture": "#0"}
			}
		},
		{
			"name": "nogi25",
			"from": [30.25, -3, 15.5],
			"to": [30.251, 0.5, 16.5],
			"faces": {
				"north": {"uv": [15.59375, 14.15625, 15.5, 14.1875], "texture": "#0"},
				"east": {"uv": [15.59375, 14.15625, 15.5, 14.1875], "texture": "#0"},
				"south": {"uv": [15.59375, 14.15625, 15.5, 14.1875], "texture": "#0"},
				"west": {"uv": [15.59375, 14.15625, 15.5, 14.1875], "texture": "#0"},
				"up": {"uv": [15.59375, 14.15625, 15.5, 14.1875], "texture": "#0"},
				"down": {"uv": [15.59375, 14.15625, 15.5, 14.1875], "texture": "#0"}
			}
		},
		{
			"name": "led",
			"from": [-15.75, 11.5, 0],
			"to": [31.75, 12, 31.75],
			"faces": {
				"north": {"uv": [0, 6.5, 6.25, 16], "texture": "#2"},
				"east": {"uv": [0, 6.5, 6.25, 16], "texture": "#2"},
				"south": {"uv": [0, 6.5, 6.25, 16], "texture": "#2"},
				"west": {"uv": [0, 6.5, 6.25, 16], "texture": "#2"},
				"up": {"uv": [0, 6.5, 6.25, 16], "texture": "#2"},
				"down": {"uv": [0, 6.5, 6.25, 16], "texture": "#2"}
			}
		}
	],
	"display": {
		"thirdperson_righthand": {
			"rotation": [0, 0, 90],
			"translation": [2.0869, 0, 0],
			"scale": [0.25, 0.25, 0.25]
		},
		"thirdperson_lefthand": {
			"rotation": [0, 0, 90],
			"translation": [2.0869, 0, 0],
			"scale": [0.25, 0.25, 0.25]
		},
		"firstperson_righthand": {
			"rotation": [0, 90, 0],
			"scale": [0.25, 0.25, 0.25]
		},
		"firstperson_lefthand": {
			"rotation": [0, 90, 0],
			"scale": [0.25, 0.25, 0.25]
		},
		"ground": {
			"translation": [0, 3.5, 0],
			"scale": [0.5, 0.5, 0.5]
		},
		"gui": {
			"rotation": [11, -30, 0],
			"translation": [1, 0, 0],
			"scale": [0.25, 0.25, 0.25]
		},
		"fixed": {
			"rotation": [-90, 0, 0],
			"translation": [-31.78, -30, 9],
			"scale": [2, 2, 2]
		}
	}
}