{
	"credit": "Made with Blockbench",
	"textures": {
		"0": "item/charcoal/6",
		"1": "item/charcoal/6-1",
		"particle": "item/charcoal/6"
	},
	"elements": [
		{
			"from": [6, 0, 6],
			"to": [7, 1, 7],
			"faces": {
				"north": {"uv": [0, 0, 1, 1], "texture": "#1"},
				"east": {"uv": [5, 0, 0, 5], "texture": "#1"},
				"south": {"uv": [0, 0, 1, 1], "texture": "#1"},
				"west": {"uv": [0, 0, 5, 5], "texture": "#1"},
				"up": {"uv": [0, 0, 1, 1], "texture": "#1"},
				"down": {"uv": [0, 0, 1, 1], "texture": "#1"}
			}
		},
		{
			"from": [9, 0, 6],
			"to": [10, 1, 7],
			"faces": {
				"north": {"uv": [1, 0, 0, 1], "texture": "#1"},
				"east": {"uv": [5, 0, 0, 5], "texture": "#1"},
				"south": {"uv": [1, 0, 0, 1], "texture": "#1"},
				"west": {"uv": [0, 0, 5, 5], "texture": "#1"},
				"up": {"uv": [1, 0, 0, 1], "texture": "#1"},
				"down": {"uv": [1, 0, 0, 1], "texture": "#1"}
			}
		},
		{
			"from": [6, 0.3, 8],
			"to": [10, 1, 10],
			"faces": {
				"north": {"uv": [7, 5, 11, 6.7], "texture": "#1"},
				"east": {"uv": [16, 5, 11, 6.7], "texture": "#1"},
				"south": {"uv": [12, 1, 16, 1.7], "texture": "#1"},
				"west": {"uv": [11, 5, 16, 6.7], "texture": "#1"},
				"up": {"uv": [2, 12, 5, 15], "texture": "#1"},
				"down": {"uv": [5, 5, 7, 1], "texture": "#1"}
			}
		},
		{
			"from": [7.1, 1.4, 9.8],
			"to": [8.9, 3, 9.9],
			"faces": {
				"north": {"uv": [0, 0, 1, 0.7], "texture": "#1"},
				"east": {"uv": [0, 0, 0.1, 1.7], "texture": "#1"},
				"south": {"uv": [11, 7, 16, 12.7], "texture": "#1"},
				"west": {"uv": [0, 0, 0.1, 1.7], "texture": "#1"},
				"up": {"uv": [0, 0, 2, 0.1], "texture": "#1"},
				"down": {"uv": [0, 0, 2, 0.1], "texture": "#1"}
			}
		},
		{
			"from": [7, 0.3, 10],
			"to": [9, 2, 12],
			"faces": {
				"north": {"uv": [9, 7, 11, 8.7], "texture": "#1"},
				"east": {"uv": [16, 13, 7, 15.7], "texture": "#1"},
				"south": {"uv": [7, 6, 11, 12.7], "texture": "#1"},
				"west": {"uv": [7, 13, 16, 15.7], "texture": "#1"},
				"up": {"uv": [7, 13, 16, 14], "rotation": 90, "texture": "#1"},
				"down": {"uv": [5, 2, 7, 4], "texture": "#1"}
			}
		},
		{
			"from": [7.1, 0.3, 5.1],
			"to": [8.9, 0.7, 8],
			"faces": {
				"north": {"uv": [5, 0, 6.8, 0.4], "texture": "#1"},
				"east": {"uv": [5, 0, 7.9, 0.4], "texture": "#1"},
				"south": {"uv": [5, 0, 6.8, 0.4], "texture": "#1"},
				"west": {"uv": [5, 0, 7.9, 0.4], "texture": "#1"},
				"up": {"uv": [5, 0, 6.8, 2.9], "texture": "#1"},
				"down": {"uv": [5, 0, 6.8, 2.9], "texture": "#1"}
			}
		},
		{
			"from": [7.1, 1, 9],
			"to": [8.9, 1.4, 9.9],
			"faces": {
				"north": {"uv": [0, 0, 1.8, 0.4], "texture": "#1"},
				"east": {"uv": [0, 0, 2.9, 0.4], "texture": "#1"},
				"south": {"uv": [0, 0, 1.8, 0.4], "texture": "#1"},
				"west": {"uv": [0, 0, 2.9, 0.4], "texture": "#1"},
				"up": {"uv": [0, 0, 0.8, 2.9], "texture": "#1"},
				"down": {"uv": [0, 0, 0.8, 2.9], "texture": "#1"}
			}
		},
		{
			"from": [7, 0.7, 5.1],
			"to": [9, 1.7, 7],
			"faces": {
				"north": {"uv": [2, 13, 5, 11], "texture": "#1"},
				"east": {"uv": [0, 15, 1.9, 16], "texture": "#1"},
				"south": {"uv": [10, 3, 16, 5], "texture": "#1"},
				"west": {"uv": [0, 15, 1.9, 16], "texture": "#1"},
				"up": {"uv": [13, 1, 15, 2.9], "texture": "#1"},
				"down": {"uv": [5, 0, 7, 1.9], "texture": "#1"}
			}
		},
		{
			"from": [7.02, 1.3, 5.1],
			"to": [8.98, 2, 8],
			"rotation": {"angle": -22.5, "axis": "x", "origin": [8, 1, 6]},
			"faces": {
				"north": {"uv": [12, 0, 16, 2.7], "texture": "#1"},
				"east": {"uv": [9, 1, 11.9, 1.7], "texture": "#1"},
				"south": {"uv": [7, 2, 12, 4.7], "texture": "#1"},
				"west": {"uv": [9, 1, 11.9, 1.7], "texture": "#1"},
				"up": {"uv": [0, 14.9, 7, 5], "texture": "#1"},
				"down": {"uv": [5, 0, 7, 2.9], "texture": "#1"}
			}
		},
		{
			"from": [8, 0.3, 5],
			"to": [10, 1, 5.5],
			"rotation": {"angle": -22.5, "axis": "y", "origin": [9, 0, 6]},
			"faces": {
				"north": {"uv": [8, 0, 12, 1.7], "texture": "#1"},
				"east": {"uv": [8, 0, 8.5, 0.7], "texture": "#1"},
				"south": {"uv": [10, 0, 12, 0.7], "texture": "#1"},
				"west": {"uv": [8, 0, 8.5, 0.7], "texture": "#1"},
				"up": {"uv": [10, 0, 12, 0.5], "texture": "#1"},
				"down": {"uv": [10, 0, 12, 0.5], "texture": "#1"}
			}
		},
		{
			"from": [6, 0.3, 5],
			"to": [8, 1, 5.5],
			"rotation": {"angle": 22.5, "axis": "y", "origin": [7, 0, 6]},
			"faces": {
				"north": {"uv": [12, 0, 8, 1.7], "texture": "#1"},
				"east": {"uv": [8.5, 0, 8, 0.7], "texture": "#1"},
				"south": {"uv": [12, 0, 10, 0.7], "texture": "#1"},
				"west": {"uv": [8.5, 0, 8, 0.7], "texture": "#1"},
				"up": {"uv": [12, 0, 10, 0.5], "texture": "#1"},
				"down": {"uv": [12, 0, 10, 0.5], "texture": "#1"}
			}
		},
		{
			"from": [9, 0, 10],
			"to": [10.3, 1.3, 11.3],
			"faces": {
				"north": {"uv": [0, 0, 1, 1], "texture": "#1"},
				"east": {"uv": [5, 0, 0, 5], "texture": "#1"},
				"south": {"uv": [0, 0, 1, 1], "texture": "#1"},
				"west": {"uv": [0, 0, 5, 5], "texture": "#1"},
				"up": {"uv": [0, 0, 1, 1], "texture": "#1"},
				"down": {"uv": [0, 0, 1, 1], "texture": "#1"}
			}
		},
		{
			"from": [5.7, 0, 10],
			"to": [7, 1.3, 11.3],
			"faces": {
				"north": {"uv": [1, 0, 0, 1], "texture": "#1"},
				"east": {"uv": [5, 0, 0, 5], "texture": "#1"},
				"south": {"uv": [1, 0, 0, 1], "texture": "#1"},
				"west": {"uv": [0, 0, 5, 5], "texture": "#1"},
				"up": {"uv": [1, 0, 0, 1], "texture": "#1"},
				"down": {"uv": [1, 0, 0, 1], "texture": "#1"}
			}
		},
		{
			"from": [7.25, 1.2, 7],
			"to": [8, 1.95, 9],
			"rotation": {"angle": -22.5, "axis": "x", "origin": [7, 2, 9]},
			"faces": {
				"north": {"uv": [6, 12, 7, 13], "texture": "#0"},
				"east": {"uv": [4, 13, 5, 16], "rotation": 270, "texture": "#0"},
				"south": {"uv": [5, 12, 6, 13], "rotation": 270, "texture": "#0"},
				"west": {"uv": [6, 13, 7, 16], "rotation": 90, "texture": "#0"},
				"up": {"uv": [5, 13, 6, 16], "rotation": 180, "texture": "#0"},
				"down": {"uv": [7, 13, 8, 16], "texture": "#0"}
			}
		},
		{
			"from": [7.2, 1.15, 6.95],
			"to": [8.05, 2, 9.05],
			"rotation": {"angle": -22.5, "axis": "x", "origin": [7, 2, 9]},
			"faces": {
				"north": {"uv": [2, 12, 3, 13], "texture": "#0"},
				"east": {"uv": [0, 13, 1, 16], "rotation": 270, "texture": "#0"},
				"south": {"uv": [0.75, 12, 1.75, 13], "rotation": 270, "texture": "#0"},
				"west": {"uv": [2, 13, 3, 16], "rotation": 90, "texture": "#0"},
				"up": {"uv": [1, 13, 2, 16], "rotation": 180, "texture": "#0"},
				"down": {"uv": [3, 13, 4, 16], "texture": "#0"}
			}
		},
		{
			"from": [7.95, 1.15, 6.95],
			"to": [8.8, 2, 9.05],
			"rotation": {"angle": -22.5, "axis": "x", "origin": [9, 2, 9]},
			"faces": {
				"north": {"uv": [3, 12, 2, 13], "texture": "#0"},
				"east": {"uv": [2, 16, 3, 13], "rotation": 90, "texture": "#0"},
				"south": {"uv": [0.75, 13, 1.75, 12], "rotation": 270, "texture": "#0"},
				"west": {"uv": [0, 16, 1, 13], "rotation": 270, "texture": "#0"},
				"up": {"uv": [2, 13, 1, 16], "rotation": 180, "texture": "#0"},
				"down": {"uv": [4, 13, 3, 16], "texture": "#0"}
			}
		},
		{
			"from": [8, 1.2, 7],
			"to": [8.75, 1.95, 9],
			"rotation": {"angle": -22.5, "axis": "x", "origin": [9, 2, 9]},
			"faces": {
				"north": {"uv": [7, 12, 6, 13], "texture": "#0"},
				"east": {"uv": [6, 16, 7, 13], "rotation": 90, "texture": "#0"},
				"south": {"uv": [5, 13, 6, 12], "rotation": 270, "texture": "#0"},
				"west": {"uv": [4, 16, 5, 13], "rotation": 270, "texture": "#0"},
				"up": {"uv": [6, 13, 5, 16], "rotation": 180, "texture": "#0"},
				"down": {"uv": [8, 13, 7, 16], "texture": "#0"}
			}
		},
		{
			"from": [6.9, 2.75, 7],
			"to": [7.65, 3.5, 9],
			"rotation": {"angle": -22.5, "axis": "y", "origin": [7, 3, 8]},
			"faces": {
				"north": {"uv": [12, 4, 13, 5], "rotation": 270, "texture": "#0"},
				"east": {"uv": [10, 5, 11, 8], "rotation": 270, "texture": "#0"},
				"south": {"uv": [11, 4, 12, 5], "rotation": 180, "texture": "#0"},
				"west": {"uv": [12, 5, 13, 8], "rotation": 90, "texture": "#0"},
				"up": {"uv": [11, 5, 12, 8], "rotation": 180, "texture": "#0"},
				"down": {"uv": [13, 5, 14, 8], "texture": "#0"}
			}
		},
		{
			"from": [6.85, 2.7, 6.95],
			"to": [7.7, 3.55, 9.05],
			"rotation": {"angle": -22.5, "axis": "y", "origin": [7, 3, 8]},
			"faces": {
				"north": {"uv": [12, 8, 13, 9], "rotation": 270, "texture": "#0"},
				"east": {"uv": [10, 9, 11, 12], "rotation": 270, "texture": "#0"},
				"south": {"uv": [11, 8, 12, 9], "texture": "#0"},
				"west": {"uv": [12, 9, 13, 12], "rotation": 90, "texture": "#0"},
				"up": {"uv": [11, 9, 12, 12], "rotation": 180, "texture": "#0"},
				"down": {"uv": [13, 9, 14, 12], "texture": "#0"}
			}
		},
		{
			"from": [8.3, 2.7, 6.95],
			"to": [9.15, 3.55, 9.05],
			"rotation": {"angle": 22.5, "axis": "y", "origin": [9, 3, 8]},
			"faces": {
				"north": {"uv": [12, 9, 13, 8], "rotation": 270, "texture": "#0"},
				"east": {"uv": [12, 12, 13, 9], "rotation": 90, "texture": "#0"},
				"south": {"uv": [12, 8, 11, 9], "texture": "#0"},
				"west": {"uv": [10, 12, 11, 9], "rotation": 270, "texture": "#0"},
				"up": {"uv": [12, 9, 11, 12], "rotation": 180, "texture": "#0"},
				"down": {"uv": [14, 9, 13, 12], "texture": "#0"}
			}
		},
		{
			"from": [8.35, 2.75, 7],
			"to": [9.1, 3.5, 9],
			"rotation": {"angle": 22.5, "axis": "y", "origin": [9, 3, 8]},
			"faces": {
				"north": {"uv": [12, 5, 13, 4], "rotation": 270, "texture": "#0"},
				"east": {"uv": [12, 8, 13, 5], "rotation": 90, "texture": "#0"},
				"south": {"uv": [11, 5, 12, 4], "texture": "#0"},
				"west": {"uv": [10, 8, 11, 5], "rotation": 270, "texture": "#0"},
				"up": {"uv": [12, 5, 11, 8], "rotation": 180, "texture": "#0"},
				"down": {"uv": [14, 5, 13, 8], "texture": "#0"}
			}
		},
		{
			"from": [7.25, 1.4, 9],
			"to": [8.75, 3.6, 9.75],
			"rotation": {"angle": 0, "axis": "y", "origin": [15, 8, 2]},
			"faces": {
				"north": {"uv": [5, 5, 7, 8], "texture": "#0"},
				"east": {"uv": [4, 5, 5, 8], "texture": "#0"},
				"south": {"uv": [8, 5, 10, 8], "texture": "#0"},
				"west": {"uv": [7, 5, 8, 8], "texture": "#0"},
				"up": {"uv": [5, 4, 7, 5], "rotation": 180, "texture": "#0"},
				"down": {"uv": [7, 4, 9, 5], "texture": "#0"}
			}
		},
		{
			"from": [7.2, 1.35, 8.95],
			"to": [8.8, 3.65, 9.8],
			"rotation": {"angle": 0, "axis": "y", "origin": [15, 8, 2]},
			"faces": {
				"north": {"uv": [5, 9, 7, 12], "texture": "#0"},
				"east": {"uv": [4, 9, 5, 12], "texture": "#0"},
				"south": {"uv": [8, 9, 10, 12], "texture": "#0"},
				"west": {"uv": [7, 9, 8, 12], "texture": "#0"},
				"up": {"uv": [5, 8, 7, 9], "rotation": 180, "texture": "#0"},
				"down": {"uv": [7, 8, 9, 9], "texture": "#0"}
			}
		},
		{
			"from": [7.25, 3.6, 8.65],
			"to": [8.75, 5.1, 10.15],
			"rotation": {"angle": 0, "axis": "y", "origin": [15, 8, 2]},
			"faces": {
				"north": {"uv": [2, 2, 4, 4], "texture": "#0"},
				"east": {"uv": [0, 2, 2, 4], "texture": "#0"},
				"south": {"uv": [6, 2, 8, 4], "texture": "#0"},
				"west": {"uv": [4, 2, 6, 4], "texture": "#0"},
				"up": {"uv": [2, 0, 4, 2], "rotation": 180, "texture": "#0"},
				"down": {"uv": [4, 0, 6, 2], "texture": "#0"}
			}
		},
		{
			"from": [7.2, 3.55, 8.6],
			"to": [8.8, 5.15, 10.2],
			"rotation": {"angle": 0, "axis": "y", "origin": [15, 8, 2]},
			"faces": {
				"north": {"uv": [10, 2, 12, 4], "texture": "#0"},
				"east": {"uv": [8, 2, 10, 4], "texture": "#0"},
				"south": {"uv": [14, 2, 16, 4], "texture": "#0"},
				"west": {"uv": [12, 2, 14, 4], "texture": "#0"},
				"up": {"uv": [10, 0, 12, 2], "rotation": 180, "texture": "#0"},
				"down": {"uv": [12, 0, 14, 2], "texture": "#0"}
			}
		}
	],
	"display": {
		"thirdperson_righthand": {
			"translation": [0, 8, 0]
		},
		"thirdperson_lefthand": {
			"translation": [0, 8.25, 0]
		},
		"firstperson_righthand": {
			"translation": [0, 9.5, 0]
		},
		"firstperson_lefthand": {
			"translation": [0, 9, 0]
		},
		"ground": {
			"translation": [0, 4.25, 0]
		},
		"gui": {
			"rotation": [34, 134, 0],
			"translation": [0, 3.75, 0]
		},
		"head": {
			"translation": [0, 14.5, 0]
		},
		"fixed": {
			"rotation": [-90, 0, 0],
			"translation": [0, -2, -24],
			"scale": [3, 3, 3]
		}
	}
}