{
	"credit": "Made with Blockbench",
	"textures": {
		"0": "item/charcoal/58",
		"1": "item/charcoal/56-2",
		"2": "item/charcoal/56-1",
		"particle": "item/charcoal/58"
	},
	"elements": [
		{
			"name": "Voxels",
			"from": [-16, 0, 0],
			"to": [0.25, 16, 16],
			"faces": {
				"north": {"uv": [8.59375, 12.5625, 6.59375, 14.5625], "texture": "#0"},
				"east": {"uv": [8.59375, 12.5625, 6.59375, 14.5625], "texture": "#0"},
				"south": {"uv": [8.59375, 12.5625, 6.59375, 14.5625], "texture": "#0"},
				"west": {"uv": [8.59375, 12.5625, 6.59375, 14.5625], "texture": "#0"},
				"up": {"uv": [8.59375, 12.5625, 6.59375, 14.5625], "texture": "#0"},
				"down": {"uv": [8.59375, 12.5625, 6.59375, 14.5625], "texture": "#0"}
			}
		},
		{
			"name": "Voxels",
			"from": [-16, 16, 15.75],
			"to": [22, 16.25, 16],
			"faces": {
				"north": {"uv": [15.59375, 15.125, 15.5625, 15.15625], "texture": "#0"},
				"east": {"uv": [15.59375, 15.125, 15.5625, 15.15625], "texture": "#0"},
				"south": {"uv": [15.59375, 15.125, 15.5625, 15.15625], "texture": "#0"},
				"west": {"uv": [15.59375, 15.125, 15.5625, 15.15625], "texture": "#0"},
				"up": {"uv": [15.59375, 15.125, 15.5625, 15.15625], "texture": "#0"},
				"down": {"uv": [15.59375, 15.125, 15.5625, 15.15625], "texture": "#0"}
			}
		},
		{
			"name": "Voxels",
			"from": [-15.75, 0, -0.25],
			"to": [0, 16, 0],
			"faces": {
				"north": {"uv": [9.0625, 11, 9.03125, 13], "texture": "#1"},
				"east": {"uv": [9.0625, 11, 9.03125, 13], "texture": "#1"},
				"south": {"uv": [9.0625, 11, 9.03125, 13], "texture": "#1"},
				"west": {"uv": [9.0625, 11, 9.03125, 13], "texture": "#1"},
				"up": {"uv": [9.0625, 11, 9.03125, 13], "texture": "#1"},
				"down": {"uv": [9.0625, 11, 9.03125, 13], "texture": "#1"}
			}
		},
		{
			"name": "Voxels",
			"from": [-15.75, 16, 0],
			"to": [21.75, 16.25, 15.75],
			"faces": {
				"north": {"uv": [4, 8, 2, 8.5], "texture": "#1"},
				"east": {"uv": [4, 8, 2, 8.5], "texture": "#1"},
				"south": {"uv": [4, 8, 2, 8.5], "texture": "#1"},
				"west": {"uv": [4, 8, 2, 8.5], "texture": "#1"},
				"up": {"uv": [4, 8, 2, 8.5], "texture": "#1"},
				"down": {"uv": [4, 8, 2, 8.5], "texture": "#1"}
			}
		},
		{
			"name": "szuflady21",
			"from": [-13.75, 2.5, -1],
			"to": [-2.25, 4.5, -0.25],
			"faces": {
				"north": {"uv": [16, 15.75, 15.90625, 16], "texture": "#0"},
				"east": {"uv": [16, 15.75, 15.90625, 16], "texture": "#0"},
				"south": {"uv": [16, 15.75, 15.90625, 16], "texture": "#0"},
				"west": {"uv": [16, 15.75, 15.90625, 16], "texture": "#0"},
				"up": {"uv": [16, 15.75, 15.90625, 16], "texture": "#0"},
				"down": {"uv": [16, 15.75, 15.90625, 16], "texture": "#0"}
			}
		},
		{
			"name": "szuflady17",
			"from": [-13.75, 5.5, -1],
			"to": [-2.25, 7.5, -0.25],
			"faces": {
				"north": {"uv": [8.625, 8, 8.53125, 8.25], "texture": "#0"},
				"east": {"uv": [8.625, 8, 8.53125, 8.25], "texture": "#0"},
				"south": {"uv": [8.625, 8, 8.53125, 8.25], "texture": "#0"},
				"west": {"uv": [8.625, 8, 8.53125, 8.25], "texture": "#0"},
				"up": {"uv": [8.625, 8, 8.53125, 8.25], "texture": "#0"},
				"down": {"uv": [8.625, 8, 8.53125, 8.25], "texture": "#0"}
			}
		},
		{
			"name": "szuflady9",
			"from": [-13.75, 8.5, -1],
			"to": [-2.25, 10.5, -0.25],
			"faces": {
				"north": {"uv": [8.4375, 8, 8.34375, 8.25], "texture": "#0"},
				"east": {"uv": [8.4375, 8, 8.34375, 8.25], "texture": "#0"},
				"south": {"uv": [8.4375, 8, 8.34375, 8.25], "texture": "#0"},
				"west": {"uv": [8.4375, 8, 8.34375, 8.25], "texture": "#0"},
				"up": {"uv": [8.4375, 8, 8.34375, 8.25], "texture": "#0"},
				"down": {"uv": [8.4375, 8, 8.34375, 8.25], "texture": "#0"}
			}
		},
		{
			"name": "szuflady5",
			"from": [-13.75, 11.5, -1],
			"to": [-2.25, 13.5, -0.25],
			"faces": {
				"north": {"uv": [8.34375, 8, 8.25, 8.25], "texture": "#0"},
				"east": {"uv": [8.34375, 8, 8.25, 8.25], "texture": "#0"},
				"south": {"uv": [8.34375, 8, 8.25, 8.25], "texture": "#0"},
				"west": {"uv": [8.34375, 8, 8.25, 8.25], "texture": "#0"},
				"up": {"uv": [8.34375, 8, 8.25, 8.25], "texture": "#0"},
				"down": {"uv": [8.34375, 8, 8.25, 8.25], "texture": "#0"}
			}
		},
		{
			"name": "szuflady19",
			"from": [-13.5, 2.25, -1],
			"to": [-2.5, 2.5, -0.25],
			"faces": {
				"north": {"uv": [15.96875, 15.34375, 15.875, 15.375], "texture": "#0"},
				"east": {"uv": [15.96875, 15.34375, 15.875, 15.375], "texture": "#0"},
				"south": {"uv": [15.96875, 15.34375, 15.875, 15.375], "texture": "#0"},
				"west": {"uv": [15.96875, 15.34375, 15.875, 15.375], "texture": "#0"},
				"up": {"uv": [15.96875, 15.34375, 15.875, 15.375], "texture": "#0"},
				"down": {"uv": [15.96875, 15.34375, 15.875, 15.375], "texture": "#0"}
			}
		},
		{
			"name": "szuflady20",
			"from": [-13.5, 2.5, -1.25],
			"to": [-2.5, 4.5, -1],
			"faces": {
				"north": {"uv": [15.96875, 15.5, 15.9375, 15.75], "texture": "#0"},
				"east": {"uv": [15.96875, 15.5, 15.9375, 15.75], "texture": "#0"},
				"south": {"uv": [15.96875, 15.5, 15.9375, 15.75], "texture": "#0"},
				"west": {"uv": [15.96875, 15.5, 15.9375, 15.75], "texture": "#0"},
				"up": {"uv": [15.96875, 15.5, 15.9375, 15.75], "texture": "#0"},
				"down": {"uv": [15.96875, 15.5, 15.9375, 15.75], "texture": "#0"}
			}
		},
		{
			"name": "szuflady22",
			"from": [-13.5, 4.5, -1],
			"to": [-2.5, 4.75, -0.25],
			"faces": {
				"north": {"uv": [2.65625, 8, 2.5625, 8.03125], "texture": "#0"},
				"east": {"uv": [2.65625, 8, 2.5625, 8.03125], "texture": "#0"},
				"south": {"uv": [2.65625, 8, 2.5625, 8.03125], "texture": "#0"},
				"west": {"uv": [2.65625, 8, 2.5625, 8.03125], "texture": "#0"},
				"up": {"uv": [2.65625, 8, 2.5625, 8.03125], "texture": "#0"},
				"down": {"uv": [2.65625, 8, 2.5625, 8.03125], "texture": "#0"}
			}
		},
		{
			"name": "szuflady18",
			"from": [-13.5, 5.25, -1],
			"to": [-2.5, 5.5, -0.25],
			"faces": {
				"north": {"uv": [2.28125, 8, 2.1875, 8.03125], "texture": "#0"},
				"east": {"uv": [2.28125, 8, 2.1875, 8.03125], "texture": "#0"},
				"south": {"uv": [2.28125, 8, 2.1875, 8.03125], "texture": "#0"},
				"west": {"uv": [2.28125, 8, 2.1875, 8.03125], "texture": "#0"},
				"up": {"uv": [2.28125, 8, 2.1875, 8.03125], "texture": "#0"},
				"down": {"uv": [2.28125, 8, 2.1875, 8.03125], "texture": "#0"}
			}
		},
		{
			"name": "szuflady15",
			"from": [-13.5, 5.5, -1.25],
			"to": [-2.5, 7.5, -1],
			"faces": {
				"north": {"uv": [15.84375, 15.5, 15.8125, 15.75], "texture": "#0"},
				"east": {"uv": [15.84375, 15.5, 15.8125, 15.75], "texture": "#0"},
				"south": {"uv": [15.84375, 15.5, 15.8125, 15.75], "texture": "#0"},
				"west": {"uv": [15.84375, 15.5, 15.8125, 15.75], "texture": "#0"},
				"up": {"uv": [15.84375, 15.5, 15.8125, 15.75], "texture": "#0"},
				"down": {"uv": [15.84375, 15.5, 15.8125, 15.75], "texture": "#0"}
			}
		},
		{
			"name": "szuflady16",
			"from": [-13.5, 7.5, -1],
			"to": [-2.5, 7.75, -0.25],
			"faces": {
				"north": {"uv": [2.1875, 8.03125, 2.09375, 8.0625], "texture": "#0"},
				"east": {"uv": [2.1875, 8.03125, 2.09375, 8.0625], "texture": "#0"},
				"south": {"uv": [2.1875, 8.03125, 2.09375, 8.0625], "texture": "#0"},
				"west": {"uv": [2.1875, 8.03125, 2.09375, 8.0625], "texture": "#0"},
				"up": {"uv": [2.1875, 8.03125, 2.09375, 8.0625], "texture": "#0"},
				"down": {"uv": [2.1875, 8.03125, 2.09375, 8.0625], "texture": "#0"}
			}
		},
		{
			"name": "szuflady7",
			"from": [-13.5, 8.25, -1],
			"to": [-2.5, 8.5, -0.25],
			"faces": {
				"north": {"uv": [15.96875, 15.25, 15.875, 15.28125], "texture": "#0"},
				"east": {"uv": [15.96875, 15.25, 15.875, 15.28125], "texture": "#0"},
				"south": {"uv": [15.96875, 15.25, 15.875, 15.28125], "texture": "#0"},
				"west": {"uv": [15.96875, 15.25, 15.875, 15.28125], "texture": "#0"},
				"up": {"uv": [15.96875, 15.25, 15.875, 15.28125], "texture": "#0"},
				"down": {"uv": [15.96875, 15.25, 15.875, 15.28125], "texture": "#0"}
			}
		},
		{
			"name": "szuflady8",
			"from": [-13.5, 8.5, -1.25],
			"to": [-2.5, 10.5, -1],
			"faces": {
				"north": {"uv": [15.90625, 15.5, 15.875, 15.75], "texture": "#0"},
				"east": {"uv": [15.90625, 15.5, 15.875, 15.75], "texture": "#0"},
				"south": {"uv": [15.90625, 15.5, 15.875, 15.75], "texture": "#0"},
				"west": {"uv": [15.90625, 15.5, 15.875, 15.75], "texture": "#0"},
				"up": {"uv": [15.90625, 15.5, 15.875, 15.75], "texture": "#0"},
				"down": {"uv": [15.90625, 15.5, 15.875, 15.75], "texture": "#0"}
			}
		},
		{
			"name": "szuflady10",
			"from": [-13.5, 10.5, -1],
			"to": [-2.5, 10.75, -0.25],
			"faces": {
				"north": {"uv": [2.28125, 8.03125, 2.1875, 8.0625], "texture": "#0"},
				"east": {"uv": [2.28125, 8.03125, 2.1875, 8.0625], "texture": "#0"},
				"south": {"uv": [2.28125, 8.03125, 2.1875, 8.0625], "texture": "#0"},
				"west": {"uv": [2.28125, 8.03125, 2.1875, 8.0625], "texture": "#0"},
				"up": {"uv": [2.28125, 8.03125, 2.1875, 8.0625], "texture": "#0"},
				"down": {"uv": [2.28125, 8.03125, 2.1875, 8.0625], "texture": "#0"}
			}
		},
		{
			"name": "szuflady6",
			"from": [-13.5, 11.25, -1],
			"to": [-2.5, 11.5, -0.25],
			"faces": {
				"north": {"uv": [2.5625, 8, 2.46875, 8.03125], "texture": "#0"},
				"east": {"uv": [2.5625, 8, 2.46875, 8.03125], "texture": "#0"},
				"south": {"uv": [2.5625, 8, 2.46875, 8.03125], "texture": "#0"},
				"west": {"uv": [2.5625, 8, 2.46875, 8.03125], "texture": "#0"},
				"up": {"uv": [2.5625, 8, 2.46875, 8.03125], "texture": "#0"},
				"down": {"uv": [2.5625, 8, 2.46875, 8.03125], "texture": "#0"}
			}
		},
		{
			"name": "szuflady3",
			"from": [-13.5, 11.5, -1.25],
			"to": [-2.5, 13.5, -1],
			"faces": {
				"north": {"uv": [15.625, 15.25, 15.59375, 15.5], "texture": "#0"},
				"east": {"uv": [15.625, 15.25, 15.59375, 15.5], "texture": "#0"},
				"south": {"uv": [15.625, 15.25, 15.59375, 15.5], "texture": "#0"},
				"west": {"uv": [15.625, 15.25, 15.59375, 15.5], "texture": "#0"},
				"up": {"uv": [15.625, 15.25, 15.59375, 15.5], "texture": "#0"},
				"down": {"uv": [15.625, 15.25, 15.59375, 15.5], "texture": "#0"}
			}
		},
		{
			"name": "szuflady4",
			"from": [-13.5, 13.5, -1],
			"to": [-2.5, 13.75, -0.25],
			"faces": {
				"north": {"uv": [2.46875, 8, 2.375, 8.03125], "texture": "#0"},
				"east": {"uv": [2.46875, 8, 2.375, 8.03125], "texture": "#0"},
				"south": {"uv": [2.46875, 8, 2.375, 8.03125], "texture": "#0"},
				"west": {"uv": [2.46875, 8, 2.375, 8.03125], "texture": "#0"},
				"up": {"uv": [2.46875, 8, 2.375, 8.03125], "texture": "#0"},
				"down": {"uv": [2.46875, 8, 2.375, 8.03125], "texture": "#0"}
			}
		},
		{
			"name": "Voxels",
			"from": [-11.75, 3, -1.5],
			"to": [-4.25, 4, -1.25],
			"faces": {
				"north": {"uv": [15.78125, 15.375, 15.75, 15.5], "texture": "#0"},
				"east": {"uv": [15.78125, 15.375, 15.75, 15.5], "texture": "#0"},
				"south": {"uv": [15.78125, 15.375, 15.75, 15.5], "texture": "#0"},
				"west": {"uv": [15.78125, 15.375, 15.75, 15.5], "texture": "#0"},
				"up": {"uv": [15.78125, 15.375, 15.75, 15.5], "texture": "#0"},
				"down": {"uv": [15.78125, 15.375, 15.75, 15.5], "texture": "#0"}
			}
		},
		{
			"name": "szuflady13",
			"from": [-11.75, 6, -1.5],
			"to": [-4.25, 7, -1.25],
			"faces": {
				"north": {"uv": [15.75, 15.375, 15.71875, 15.5], "texture": "#0"},
				"east": {"uv": [15.75, 15.375, 15.71875, 15.5], "texture": "#0"},
				"south": {"uv": [15.75, 15.375, 15.71875, 15.5], "texture": "#0"},
				"west": {"uv": [15.75, 15.375, 15.71875, 15.5], "texture": "#0"},
				"up": {"uv": [15.75, 15.375, 15.71875, 15.5], "texture": "#0"},
				"down": {"uv": [15.75, 15.375, 15.71875, 15.5], "texture": "#0"}
			}
		},
		{
			"name": "Voxels",
			"from": [-11.75, 9, -1.5],
			"to": [-4.25, 10, -1.25],
			"faces": {
				"north": {"uv": [15.8125, 15.25, 15.78125, 15.375], "texture": "#0"},
				"east": {"uv": [15.8125, 15.25, 15.78125, 15.375], "texture": "#0"},
				"south": {"uv": [15.8125, 15.25, 15.78125, 15.375], "texture": "#0"},
				"west": {"uv": [15.8125, 15.25, 15.78125, 15.375], "texture": "#0"},
				"up": {"uv": [15.8125, 15.25, 15.78125, 15.375], "texture": "#0"},
				"down": {"uv": [15.8125, 15.25, 15.78125, 15.375], "texture": "#0"}
			}
		},
		{
			"name": "szuflady2",
			"from": [-11.75, 12, -1.5],
			"to": [-4.25, 13, -1.25],
			"faces": {
				"north": {"uv": [15.90625, 15.375, 15.875, 15.5], "texture": "#0"},
				"east": {"uv": [15.90625, 15.375, 15.875, 15.5], "texture": "#0"},
				"south": {"uv": [15.90625, 15.375, 15.875, 15.5], "texture": "#0"},
				"west": {"uv": [15.90625, 15.375, 15.875, 15.5], "texture": "#0"},
				"up": {"uv": [15.90625, 15.375, 15.875, 15.5], "texture": "#0"},
				"down": {"uv": [15.90625, 15.375, 15.875, 15.5], "texture": "#0"}
			}
		},
		{
			"name": "Voxels",
			"from": [-11.5, 2.75, -1.5],
			"to": [-4.5, 3, -1.25],
			"faces": {
				"north": {"uv": [15.625, 15.1875, 15.59375, 15.21875], "texture": "#0"},
				"east": {"uv": [15.625, 15.1875, 15.59375, 15.21875], "texture": "#0"},
				"south": {"uv": [15.625, 15.1875, 15.59375, 15.21875], "texture": "#0"},
				"west": {"uv": [15.625, 15.1875, 15.59375, 15.21875], "texture": "#0"},
				"up": {"uv": [15.625, 15.1875, 15.59375, 15.21875], "texture": "#0"},
				"down": {"uv": [15.625, 15.1875, 15.59375, 15.21875], "texture": "#0"}
			}
		},
		{
			"name": "Voxels",
			"from": [-11.5, 3, -1.75],
			"to": [-4.5, 4, -1.5],
			"faces": {
				"north": {"uv": [15.875, 15.375, 15.84375, 15.5], "texture": "#0"},
				"east": {"uv": [15.875, 15.375, 15.84375, 15.5], "texture": "#0"},
				"south": {"uv": [15.875, 15.375, 15.84375, 15.5], "texture": "#0"},
				"west": {"uv": [15.875, 15.375, 15.84375, 15.5], "texture": "#0"},
				"up": {"uv": [15.875, 15.375, 15.84375, 15.5], "texture": "#0"},
				"down": {"uv": [15.875, 15.375, 15.84375, 15.5], "texture": "#0"}
			}
		},
		{
			"name": "Voxels",
			"from": [-11.5, 4, -1.5],
			"to": [-4.5, 4.25, -1.25],
			"faces": {
				"north": {"uv": [15.5625, 15.125, 15.53125, 15.15625], "texture": "#0"},
				"east": {"uv": [15.5625, 15.125, 15.53125, 15.15625], "texture": "#0"},
				"south": {"uv": [15.5625, 15.125, 15.53125, 15.15625], "texture": "#0"},
				"west": {"uv": [15.5625, 15.125, 15.53125, 15.15625], "texture": "#0"},
				"up": {"uv": [15.5625, 15.125, 15.53125, 15.15625], "texture": "#0"},
				"down": {"uv": [15.5625, 15.125, 15.53125, 15.15625], "texture": "#0"}
			}
		},
		{
			"name": "szuflady14",
			"from": [-11.5, 5.75, -1.5],
			"to": [-4.5, 6, -1.25],
			"faces": {
				"north": {"uv": [15.875, 15.25, 15.84375, 15.28125], "texture": "#0"},
				"east": {"uv": [15.875, 15.25, 15.84375, 15.28125], "texture": "#0"},
				"south": {"uv": [15.875, 15.25, 15.84375, 15.28125], "texture": "#0"},
				"west": {"uv": [15.875, 15.25, 15.84375, 15.28125], "texture": "#0"},
				"up": {"uv": [15.875, 15.25, 15.84375, 15.28125], "texture": "#0"},
				"down": {"uv": [15.875, 15.25, 15.84375, 15.28125], "texture": "#0"}
			}
		},
		{
			"name": "szuflady11",
			"from": [-11.5, 6, -1.75],
			"to": [-4.5, 7, -1.5],
			"faces": {
				"north": {"uv": [15.9375, 15.375, 15.90625, 15.5], "texture": "#0"},
				"east": {"uv": [15.9375, 15.375, 15.90625, 15.5], "texture": "#0"},
				"south": {"uv": [15.9375, 15.375, 15.90625, 15.5], "texture": "#0"},
				"west": {"uv": [15.9375, 15.375, 15.90625, 15.5], "texture": "#0"},
				"up": {"uv": [15.9375, 15.375, 15.90625, 15.5], "texture": "#0"},
				"down": {"uv": [15.9375, 15.375, 15.90625, 15.5], "texture": "#0"}
			}
		},
		{
			"name": "szuflady12",
			"from": [-11.5, 7, -1.5],
			"to": [-4.5, 7.25, -1.25],
			"faces": {
				"north": {"uv": [15.65625, 15.1875, 15.625, 15.21875], "texture": "#0"},
				"east": {"uv": [15.65625, 15.1875, 15.625, 15.21875], "texture": "#0"},
				"south": {"uv": [15.65625, 15.1875, 15.625, 15.21875], "texture": "#0"},
				"west": {"uv": [15.65625, 15.1875, 15.625, 15.21875], "texture": "#0"},
				"up": {"uv": [15.65625, 15.1875, 15.625, 15.21875], "texture": "#0"},
				"down": {"uv": [15.65625, 15.1875, 15.625, 15.21875], "texture": "#0"}
			}
		},
		{
			"name": "Voxels",
			"from": [-11.5, 8.75, -1.5],
			"to": [-4.5, 9, -1.25],
			"faces": {
				"north": {"uv": [16, 15.25, 15.96875, 15.28125], "texture": "#0"},
				"east": {"uv": [16, 15.25, 15.96875, 15.28125], "texture": "#0"},
				"south": {"uv": [16, 15.25, 15.96875, 15.28125], "texture": "#0"},
				"west": {"uv": [16, 15.25, 15.96875, 15.28125], "texture": "#0"},
				"up": {"uv": [16, 15.25, 15.96875, 15.28125], "texture": "#0"},
				"down": {"uv": [16, 15.25, 15.96875, 15.28125], "texture": "#0"}
			}
		},
		{
			"name": "Voxels",
			"from": [-11.5, 9, -1.75],
			"to": [-4.5, 10, -1.5],
			"faces": {
				"north": {"uv": [15.6875, 15.25, 15.65625, 15.375], "texture": "#0"},
				"east": {"uv": [15.6875, 15.25, 15.65625, 15.375], "texture": "#0"},
				"south": {"uv": [15.6875, 15.25, 15.65625, 15.375], "texture": "#0"},
				"west": {"uv": [15.6875, 15.25, 15.65625, 15.375], "texture": "#0"},
				"up": {"uv": [15.6875, 15.25, 15.65625, 15.375], "texture": "#0"},
				"down": {"uv": [15.6875, 15.25, 15.65625, 15.375], "texture": "#0"}
			}
		},
		{
			"name": "Voxels",
			"from": [-11.5, 10, -1.5],
			"to": [-4.5, 10.25, -1.25],
			"faces": {
				"north": {"uv": [16, 15.28125, 15.96875, 15.3125], "texture": "#0"},
				"east": {"uv": [16, 15.28125, 15.96875, 15.3125], "texture": "#0"},
				"south": {"uv": [16, 15.28125, 15.96875, 15.3125], "texture": "#0"},
				"west": {"uv": [16, 15.28125, 15.96875, 15.3125], "texture": "#0"},
				"up": {"uv": [16, 15.28125, 15.96875, 15.3125], "texture": "#0"},
				"down": {"uv": [16, 15.28125, 15.96875, 15.3125], "texture": "#0"}
			}
		},
		{
			"name": "Voxels",
			"from": [-11.5, 11.75, -1.5],
			"to": [-4.5, 12, -1.25],
			"faces": {
				"north": {"uv": [15.65625, 15.21875, 15.625, 15.25], "texture": "#0"},
				"east": {"uv": [15.65625, 15.21875, 15.625, 15.25], "texture": "#0"},
				"south": {"uv": [15.65625, 15.21875, 15.625, 15.25], "texture": "#0"},
				"west": {"uv": [15.65625, 15.21875, 15.625, 15.25], "texture": "#0"},
				"up": {"uv": [15.65625, 15.21875, 15.625, 15.25], "texture": "#0"},
				"down": {"uv": [15.65625, 15.21875, 15.625, 15.25], "texture": "#0"}
			}
		},
		{
			"name": "szuflady",
			"from": [-11.5, 12, -1.75],
			"to": [-4.5, 13, -1.5],
			"faces": {
				"north": {"uv": [15.71875, 15.25, 15.6875, 15.375], "texture": "#0"},
				"east": {"uv": [15.71875, 15.25, 15.6875, 15.375], "texture": "#0"},
				"south": {"uv": [15.71875, 15.25, 15.6875, 15.375], "texture": "#0"},
				"west": {"uv": [15.71875, 15.25, 15.6875, 15.375], "texture": "#0"},
				"up": {"uv": [15.71875, 15.25, 15.6875, 15.375], "texture": "#0"},
				"down": {"uv": [15.71875, 15.25, 15.6875, 15.375], "texture": "#0"}
			}
		},
		{
			"name": "szuflady1",
			"from": [-11.5, 13, -1.5],
			"to": [-4.5, 13.25, -1.25],
			"faces": {
				"north": {"uv": [2.71875, 8, 2.6875, 8.03125], "texture": "#0"},
				"east": {"uv": [2.71875, 8, 2.6875, 8.03125], "texture": "#0"},
				"south": {"uv": [2.71875, 8, 2.6875, 8.03125], "texture": "#0"},
				"west": {"uv": [2.71875, 8, 2.6875, 8.03125], "texture": "#0"},
				"up": {"uv": [2.71875, 8, 2.6875, 8.03125], "texture": "#0"},
				"down": {"uv": [2.71875, 8, 2.6875, 8.03125], "texture": "#0"}
			}
		},
		{
			"name": "Voxels",
			"from": [0, 15.25, -0.25],
			"to": [22, 16, 0],
			"faces": {
				"north": {"uv": [0.5, 13, 2.5, 14], "texture": "#1"},
				"east": {"uv": [0.5, 13, 2.5, 14], "texture": "#1"},
				"south": {"uv": [0.5, 13, 2.5, 14], "texture": "#1"},
				"west": {"uv": [0.5, 13, 2.5, 14], "texture": "#1"},
				"up": {"uv": [0.5, 13, 2.5, 14], "texture": "#1"},
				"down": {"uv": [0.5, 13, 2.5, 14], "texture": "#1"}
			}
		},
		{
			"name": "Voxels",
			"from": [0.25, 15, 0],
			"to": [22, 16, 16],
			"faces": {
				"north": {"uv": [13.03125, 14.90625, 11.03125, 15.03125], "texture": "#2"},
				"east": {"uv": [13.03125, 14.90625, 11.03125, 15.03125], "texture": "#2"},
				"south": {"uv": [13.03125, 14.90625, 11.03125, 15.03125], "texture": "#2"},
				"west": {"uv": [13.03125, 14.90625, 11.03125, 15.03125], "texture": "#2"},
				"up": {"uv": [13.03125, 14.90625, 11.03125, 15.03125], "texture": "#2"},
				"down": {"uv": [13.03125, 14.90625, 11.03125, 15.03125], "texture": "#2"}
			}
		},
		{
			"name": "Voxels",
			"from": [20.75, 0, 0],
			"to": [22, 15, 16],
			"faces": {
				"north": {"uv": [8.71875, 10.125, 6.71875, 12], "texture": "#2"},
				"east": {"uv": [8.71875, 10.125, 6.71875, 12], "texture": "#2"},
				"south": {"uv": [8.71875, 10.125, 6.71875, 12], "texture": "#2"},
				"west": {"uv": [8.71875, 10.125, 6.71875, 12], "texture": "#2"},
				"up": {"uv": [8.71875, 10.125, 6.71875, 12], "texture": "#2"},
				"down": {"uv": [8.71875, 10.125, 6.71875, 12], "texture": "#2"}
			}
		},
		{
			"name": "Voxels",
			"from": [21, 0, -0.25],
			"to": [22, 15.25, 0],
			"faces": {
				"north": {"uv": [9.03125, 11.34375, 9, 13.25], "texture": "#2"},
				"east": {"uv": [9.03125, 11.34375, 9, 13.25], "texture": "#2"},
				"south": {"uv": [9.03125, 11.34375, 9, 13.25], "texture": "#2"},
				"west": {"uv": [9.03125, 11.34375, 9, 13.25], "texture": "#2"},
				"up": {"uv": [9.03125, 11.34375, 9, 13.25], "texture": "#2"},
				"down": {"uv": [9.03125, 11.34375, 9, 13.25], "texture": "#2"}
			}
		},
		{
			"name": "Voxels",
			"from": [-13.5, 16, 11.25],
			"to": [-13, 19.5, 11.5],
			"faces": {
				"north": {"uv": [9.5, 5.75, 9.25, 9.25], "texture": "#2"},
				"east": {"uv": [9.5, 5.75, 9.25, 9.25], "texture": "#2"},
				"south": {"uv": [9.5, 5.75, 9.25, 9.25], "texture": "#2"},
				"west": {"uv": [9.5, 5.75, 9.25, 9.25], "texture": "#2"},
				"up": {"uv": [9.5, 5.75, 9.25, 9.25], "texture": "#2"},
				"down": {"uv": [9.5, 5.75, 9.25, 9.25], "texture": "#2"}
			}
		},
		{
			"name": "Voxels",
			"from": [-13.5, 16, 11.5],
			"to": [-13.25, 19.5, 12],
			"faces": {
				"north": {"uv": [11.5, 12.5, 11, 16], "texture": "#2"},
				"east": {"uv": [11.5, 12.5, 11, 16], "texture": "#2"},
				"south": {"uv": [11.5, 12.5, 11, 16], "texture": "#2"},
				"west": {"uv": [11.5, 12.5, 11, 16], "texture": "#2"},
				"up": {"uv": [11.5, 12.5, 11, 16], "texture": "#2"},
				"down": {"uv": [11.5, 12.5, 11, 16], "texture": "#2"}
			}
		},
		{
			"name": "Voxels",
			"from": [-13.25, 16, 11],
			"to": [-12.75, 19.5, 11.25],
			"faces": {
				"north": {"uv": [10, 5.75, 9.75, 9.25], "texture": "#2"},
				"east": {"uv": [10, 5.75, 9.75, 9.25], "texture": "#2"},
				"south": {"uv": [10, 5.75, 9.75, 9.25], "texture": "#2"},
				"west": {"uv": [10, 5.75, 9.75, 9.25], "texture": "#2"},
				"up": {"uv": [10, 5.75, 9.75, 9.25], "texture": "#2"},
				"down": {"uv": [10, 5.75, 9.75, 9.25], "texture": "#2"}
			}
		},
		{
			"name": "Voxels",
			"from": [-13.25, 16, 11.75],
			"to": [-13, 19.5, 12.25],
			"faces": {
				"north": {"uv": [14, 12.5, 13.5, 16], "texture": "#2"},
				"east": {"uv": [14, 12.5, 13.5, 16], "texture": "#2"},
				"south": {"uv": [14, 12.5, 13.5, 16], "texture": "#2"},
				"west": {"uv": [14, 12.5, 13.5, 16], "texture": "#2"},
				"up": {"uv": [14, 12.5, 13.5, 16], "texture": "#2"},
				"down": {"uv": [14, 12.5, 13.5, 16], "texture": "#2"}
			}
		},
		{
			"name": "Voxels",
			"from": [-13, 16, 10.75],
			"to": [-12.5, 19.5, 11],
			"faces": {
				"north": {"uv": [7.5, 0.25, 7.25, 3.75], "texture": "#2"},
				"east": {"uv": [7.5, 0.25, 7.25, 3.75], "texture": "#2"},
				"south": {"uv": [7.5, 0.25, 7.25, 3.75], "texture": "#2"},
				"west": {"uv": [7.5, 0.25, 7.25, 3.75], "texture": "#2"},
				"up": {"uv": [7.5, 0.25, 7.25, 3.75], "texture": "#2"},
				"down": {"uv": [7.5, 0.25, 7.25, 3.75], "texture": "#2"}
			}
		},
		{
			"name": "Voxels",
			"from": [-13, 16, 12],
			"to": [-9.25, 16.25, 12.25],
			"faces": {
				"north": {"uv": [5.25, 0, 5, 0.25], "texture": "#2"},
				"east": {"uv": [5.25, 0, 5, 0.25], "texture": "#2"},
				"south": {"uv": [5.25, 0, 5, 0.25], "texture": "#2"},
				"west": {"uv": [5.25, 0, 5, 0.25], "texture": "#2"},
				"up": {"uv": [5.25, 0, 5, 0.25], "texture": "#2"},
				"down": {"uv": [5.25, 0, 5, 0.25], "texture": "#2"}
			}
		},
		{
			"name": "Voxels",
			"from": [-13, 16, 12.25],
			"to": [-9.5, 16.25, 12.5],
			"faces": {
				"north": {"uv": [5.5, 0.5, 5.25, 0.75], "texture": "#2"},
				"east": {"uv": [5.5, 0.5, 5.25, 0.75], "texture": "#2"},
				"south": {"uv": [5.5, 0.5, 5.25, 0.75], "texture": "#2"},
				"west": {"uv": [5.5, 0.5, 5.25, 0.75], "texture": "#2"},
				"up": {"uv": [5.5, 0.5, 5.25, 0.75], "texture": "#2"},
				"down": {"uv": [5.5, 0.5, 5.25, 0.75], "texture": "#2"}
			}
		},
		{
			"name": "Voxels",
			"from": [-13, 16.25, 12],
			"to": [-12.75, 19.5, 12.5],
			"faces": {
				"north": {"uv": [5, 6, 4.5, 9.25], "texture": "#2"},
				"east": {"uv": [5, 6, 4.5, 9.25], "texture": "#2"},
				"south": {"uv": [5, 6, 4.5, 9.25], "texture": "#2"},
				"west": {"uv": [5, 6, 4.5, 9.25], "texture": "#2"},
				"up": {"uv": [5, 6, 4.5, 9.25], "texture": "#2"},
				"down": {"uv": [5, 6, 4.5, 9.25], "texture": "#2"}
			}
		},
		{
			"name": "Voxels",
			"from": [-12.75, 16, 10.5],
			"to": [-12.25, 19.5, 10.75],
			"faces": {
				"north": {"uv": [7.75, 2.25, 7.5, 5.75], "texture": "#2"},
				"east": {"uv": [7.75, 2.25, 7.5, 5.75], "texture": "#2"},
				"south": {"uv": [7.75, 2.25, 7.5, 5.75], "texture": "#2"},
				"west": {"uv": [7.75, 2.25, 7.5, 5.75], "texture": "#2"},
				"up": {"uv": [7.75, 2.25, 7.5, 5.75], "texture": "#2"},
				"down": {"uv": [7.75, 2.25, 7.5, 5.75], "texture": "#2"}
			}
		},
		{
			"name": "Voxels",
			"from": [-12.75, 16, 11.75],
			"to": [-9.25, 16.25, 12],
			"faces": {
				"north": {"uv": [6, 0, 5.75, 0.25], "texture": "#2"},
				"east": {"uv": [6, 0, 5.75, 0.25], "texture": "#2"},
				"south": {"uv": [6, 0, 5.75, 0.25], "texture": "#2"},
				"west": {"uv": [6, 0, 5.75, 0.25], "texture": "#2"},
				"up": {"uv": [6, 0, 5.75, 0.25], "texture": "#2"},
				"down": {"uv": [6, 0, 5.75, 0.25], "texture": "#2"}
			}
		},
		{
			"name": "Voxels",
			"from": [-12.75, 16, 12.5],
			"to": [-10, 16.25, 12.75],
			"faces": {
				"north": {"uv": [6, 1.25, 5.75, 1.5], "texture": "#2"},
				"east": {"uv": [6, 1.25, 5.75, 1.5], "texture": "#2"},
				"south": {"uv": [6, 1.25, 5.75, 1.5], "texture": "#2"},
				"west": {"uv": [6, 1.25, 5.75, 1.5], "texture": "#2"},
				"up": {"uv": [6, 1.25, 5.75, 1.5], "texture": "#2"},
				"down": {"uv": [6, 1.25, 5.75, 1.5], "texture": "#2"}
			}
		},
		{
			"name": "Voxels",
			"from": [-12.75, 16.25, 12.25],
			"to": [-12.5, 19.5, 12.75],
			"faces": {
				"north": {"uv": [6, 6, 5.5, 9.25], "texture": "#2"},
				"east": {"uv": [6, 6, 5.5, 9.25], "texture": "#2"},
				"south": {"uv": [6, 6, 5.5, 9.25], "texture": "#2"},
				"west": {"uv": [6, 6, 5.5, 9.25], "texture": "#2"},
				"up": {"uv": [6, 6, 5.5, 9.25], "texture": "#2"},
				"down": {"uv": [6, 6, 5.5, 9.25], "texture": "#2"}
			}
		},
		{
			"name": "Voxels",
			"from": [-12.5, 16, 10.25],
			"to": [-12, 19.5, 10.5],
			"faces": {
				"north": {"uv": [8, 2.25, 7.75, 5.75], "texture": "#2"},
				"east": {"uv": [8, 2.25, 7.75, 5.75], "texture": "#2"},
				"south": {"uv": [8, 2.25, 7.75, 5.75], "texture": "#2"},
				"west": {"uv": [8, 2.25, 7.75, 5.75], "texture": "#2"},
				"up": {"uv": [8, 2.25, 7.75, 5.75], "texture": "#2"},
				"down": {"uv": [8, 2.25, 7.75, 5.75], "texture": "#2"}
			}
		},
		{
			"name": "Voxels",
			"from": [-12.5, 16, 12.75],
			"to": [-10.25, 16.25, 13],
			"faces": {
				"north": {"uv": [5.75, 0.75, 5.5, 1], "texture": "#2"},
				"east": {"uv": [5.75, 0.75, 5.5, 1], "texture": "#2"},
				"south": {"uv": [5.75, 0.75, 5.5, 1], "texture": "#2"},
				"west": {"uv": [5.75, 0.75, 5.5, 1], "texture": "#2"},
				"up": {"uv": [5.75, 0.75, 5.5, 1], "texture": "#2"},
				"down": {"uv": [5.75, 0.75, 5.5, 1], "texture": "#2"}
			}
		},
		{
			"name": "Voxels",
			"from": [-12.5, 16.25, 12.5],
			"to": [-12.25, 19.5, 13],
			"faces": {
				"north": {"uv": [5.5, 6, 5, 9.25], "texture": "#2"},
				"east": {"uv": [5.5, 6, 5, 9.25], "texture": "#2"},
				"south": {"uv": [5.5, 6, 5, 9.25], "texture": "#2"},
				"west": {"uv": [5.5, 6, 5, 9.25], "texture": "#2"},
				"up": {"uv": [5.5, 6, 5, 9.25], "texture": "#2"},
				"down": {"uv": [5.5, 6, 5, 9.25], "texture": "#2"}
			}
		},
		{
			"name": "Voxels",
			"from": [-12.25, 16, 10],
			"to": [-11.5, 19.5, 10.25],
			"faces": {
				"north": {"uv": [8.5, 5.75, 8.25, 9.25], "texture": "#2"},
				"east": {"uv": [8.5, 5.75, 8.25, 9.25], "texture": "#2"},
				"south": {"uv": [8.5, 5.75, 8.25, 9.25], "texture": "#2"},
				"west": {"uv": [8.5, 5.75, 8.25, 9.25], "texture": "#2"},
				"up": {"uv": [8.5, 5.75, 8.25, 9.25], "texture": "#2"},
				"down": {"uv": [8.5, 5.75, 8.25, 9.25], "texture": "#2"}
			}
		},
		{
			"name": "Voxels",
			"from": [-12.25, 16, 11.5],
			"to": [-9.25, 16.25, 11.75],
			"faces": {
				"north": {"uv": [5.75, 1.25, 5.5, 1.5], "texture": "#2"},
				"east": {"uv": [5.75, 1.25, 5.5, 1.5], "texture": "#2"},
				"south": {"uv": [5.75, 1.25, 5.5, 1.5], "texture": "#2"},
				"west": {"uv": [5.75, 1.25, 5.5, 1.5], "texture": "#2"},
				"up": {"uv": [5.75, 1.25, 5.5, 1.5], "texture": "#2"},
				"down": {"uv": [5.75, 1.25, 5.5, 1.5], "texture": "#2"}
			}
		},
		{
			"name": "Voxels",
			"from": [-12.25, 16, 13],
			"to": [-10.5, 16.25, 13.25],
			"faces": {
				"north": {"uv": [5.75, 0.25, 5.5, 0.5], "texture": "#2"},
				"east": {"uv": [5.75, 0.25, 5.5, 0.5], "texture": "#2"},
				"south": {"uv": [5.75, 0.25, 5.5, 0.5], "texture": "#2"},
				"west": {"uv": [5.75, 0.25, 5.5, 0.5], "texture": "#2"},
				"up": {"uv": [5.75, 0.25, 5.5, 0.5], "texture": "#2"},
				"down": {"uv": [5.75, 0.25, 5.5, 0.5], "texture": "#2"}
			}
		},
		{
			"name": "Voxels",
			"from": [-12.25, 16, 13.25],
			"to": [-10.75, 16.25, 13.5],
			"faces": {
				"north": {"uv": [5.75, 0.5, 5.5, 0.75], "texture": "#2"},
				"east": {"uv": [5.75, 0.5, 5.5, 0.75], "texture": "#2"},
				"south": {"uv": [5.75, 0.5, 5.5, 0.75], "texture": "#2"},
				"west": {"uv": [5.75, 0.5, 5.5, 0.75], "texture": "#2"},
				"up": {"uv": [5.75, 0.5, 5.5, 0.75], "texture": "#2"},
				"down": {"uv": [5.75, 0.5, 5.5, 0.75], "texture": "#2"}
			}
		},
		{
			"name": "Voxels",
			"from": [-12.25, 16.25, 12.75],
			"to": [-12, 19.5, 13.5],
			"faces": {
				"north": {"uv": [6.75, 12.75, 6, 16], "texture": "#2"},
				"east": {"uv": [6.75, 12.75, 6, 16], "texture": "#2"},
				"south": {"uv": [6.75, 12.75, 6, 16], "texture": "#2"},
				"west": {"uv": [6.75, 12.75, 6, 16], "texture": "#2"},
				"up": {"uv": [6.75, 12.75, 6, 16], "texture": "#2"},
				"down": {"uv": [6.75, 12.75, 6, 16], "texture": "#2"}
			}
		},
		{
			"name": "Voxels",
			"from": [-12, 16, 11.25],
			"to": [-9.5, 16.25, 11.5],
			"faces": {
				"north": {"uv": [5.75, 2.5, 5.5, 2.75], "texture": "#2"},
				"east": {"uv": [5.75, 2.5, 5.5, 2.75], "texture": "#2"},
				"south": {"uv": [5.75, 2.5, 5.5, 2.75], "texture": "#2"},
				"west": {"uv": [5.75, 2.5, 5.5, 2.75], "texture": "#2"},
				"up": {"uv": [5.75, 2.5, 5.5, 2.75], "texture": "#2"},
				"down": {"uv": [5.75, 2.5, 5.5, 2.75], "texture": "#2"}
			}
		},
		{
			"name": "Voxels",
			"from": [-12, 16, 13.5],
			"to": [-11, 19.5, 13.75],
			"faces": {
				"north": {"uv": [10, 2.25, 9.75, 5.75], "texture": "#2"},
				"east": {"uv": [10, 2.25, 9.75, 5.75], "texture": "#2"},
				"south": {"uv": [10, 2.25, 9.75, 5.75], "texture": "#2"},
				"west": {"uv": [10, 2.25, 9.75, 5.75], "texture": "#2"},
				"up": {"uv": [10, 2.25, 9.75, 5.75], "texture": "#2"},
				"down": {"uv": [10, 2.25, 9.75, 5.75], "texture": "#2"}
			}
		},
		{
			"name": "Voxels",
			"from": [-12, 16.25, 13.25],
			"to": [-11.75, 19.5, 13.5],
			"faces": {
				"north": {"uv": [16, 6, 15.75, 9.25], "texture": "#2"},
				"east": {"uv": [16, 6, 15.75, 9.25], "texture": "#2"},
				"south": {"uv": [16, 6, 15.75, 9.25], "texture": "#2"},
				"west": {"uv": [16, 6, 15.75, 9.25], "texture": "#2"},
				"up": {"uv": [16, 6, 15.75, 9.25], "texture": "#2"},
				"down": {"uv": [16, 6, 15.75, 9.25], "texture": "#2"}
			}
		},
		{
			"name": "Voxels",
			"from": [-11.75, 16, 9.75],
			"to": [-10.75, 19.5, 10],
			"faces": {
				"north": {"uv": [9, 5.75, 8.75, 9.25], "texture": "#2"},
				"east": {"uv": [9, 5.75, 8.75, 9.25], "texture": "#2"},
				"south": {"uv": [9, 5.75, 8.75, 9.25], "texture": "#2"},
				"west": {"uv": [9, 5.75, 8.75, 9.25], "texture": "#2"},
				"up": {"uv": [9, 5.75, 8.75, 9.25], "texture": "#2"},
				"down": {"uv": [9, 5.75, 8.75, 9.25], "texture": "#2"}
			}
		},
		{
			"name": "Voxels",
			"from": [-11.75, 16, 11],
			"to": [-9.75, 16.25, 11.25],
			"faces": {
				"north": {"uv": [6.25, 2.25, 6, 2.5], "texture": "#2"},
				"east": {"uv": [6.25, 2.25, 6, 2.5], "texture": "#2"},
				"south": {"uv": [6.25, 2.25, 6, 2.5], "texture": "#2"},
				"west": {"uv": [6.25, 2.25, 6, 2.5], "texture": "#2"},
				"up": {"uv": [6.25, 2.25, 6, 2.5], "texture": "#2"},
				"down": {"uv": [6.25, 2.25, 6, 2.5], "texture": "#2"}
			}
		},
		{
			"name": "Voxels",
			"from": [-11.5, 16, 9.5],
			"to": [-11, 19.5, 9.75],
			"faces": {
				"north": {"uv": [8.5, 2.25, 8.25, 5.75], "texture": "#2"},
				"east": {"uv": [8.5, 2.25, 8.25, 5.75], "texture": "#2"},
				"south": {"uv": [8.5, 2.25, 8.25, 5.75], "texture": "#2"},
				"west": {"uv": [8.5, 2.25, 8.25, 5.75], "texture": "#2"},
				"up": {"uv": [8.5, 2.25, 8.25, 5.75], "texture": "#2"},
				"down": {"uv": [8.5, 2.25, 8.25, 5.75], "texture": "#2"}
			}
		},
		{
			"name": "Voxels",
			"from": [-11.5, 16, 10.75],
			"to": [-10, 16.25, 11],
			"faces": {
				"north": {"uv": [5.75, 0, 5.5, 0.25], "texture": "#2"},
				"east": {"uv": [5.75, 0, 5.5, 0.25], "texture": "#2"},
				"south": {"uv": [5.75, 0, 5.5, 0.25], "texture": "#2"},
				"west": {"uv": [5.75, 0, 5.5, 0.25], "texture": "#2"},
				"up": {"uv": [5.75, 0, 5.5, 0.25], "texture": "#2"},
				"down": {"uv": [5.75, 0, 5.5, 0.25], "texture": "#2"}
			}
		},
		{
			"name": "Voxels",
			"from": [-11.25, 16.25, 13.25],
			"to": [-10.75, 19.5, 13.5],
			"faces": {
				"north": {"uv": [11, 2.75, 10.75, 6], "texture": "#2"},
				"east": {"uv": [11, 2.75, 10.75, 6], "texture": "#2"},
				"south": {"uv": [11, 2.75, 10.75, 6], "texture": "#2"},
				"west": {"uv": [11, 2.75, 10.75, 6], "texture": "#2"},
				"up": {"uv": [11, 2.75, 10.75, 6], "texture": "#2"},
				"down": {"uv": [11, 2.75, 10.75, 6], "texture": "#2"}
			}
		},
		{
			"name": "Voxels",
			"from": [-11, 16, 10],
			"to": [-10.5, 19.5, 10.25],
			"faces": {
				"north": {"uv": [8.25, 5.75, 8, 9.25], "texture": "#2"},
				"east": {"uv": [8.25, 5.75, 8, 9.25], "texture": "#2"},
				"south": {"uv": [8.25, 5.75, 8, 9.25], "texture": "#2"},
				"west": {"uv": [8.25, 5.75, 8, 9.25], "texture": "#2"},
				"up": {"uv": [8.25, 5.75, 8, 9.25], "texture": "#2"},
				"down": {"uv": [8.25, 5.75, 8, 9.25], "texture": "#2"}
			}
		},
		{
			"name": "Voxels",
			"from": [-11, 16, 10.25],
			"to": [-10.25, 16.25, 10.75],
			"faces": {
				"north": {"uv": [4.5, 1.5, 4, 1.75], "texture": "#2"},
				"east": {"uv": [4.5, 1.5, 4, 1.75], "texture": "#2"},
				"south": {"uv": [4.5, 1.5, 4, 1.75], "texture": "#2"},
				"west": {"uv": [4.5, 1.5, 4, 1.75], "texture": "#2"},
				"up": {"uv": [4.5, 1.5, 4, 1.75], "texture": "#2"},
				"down": {"uv": [4.5, 1.5, 4, 1.75], "texture": "#2"}
			}
		},
		{
			"name": "Voxels",
			"from": [-11, 16.25, 13],
			"to": [-10.5, 19.5, 13.25],
			"faces": {
				"north": {"uv": [12, 6, 11.75, 9.25], "texture": "#2"},
				"east": {"uv": [12, 6, 11.75, 9.25], "texture": "#2"},
				"south": {"uv": [12, 6, 11.75, 9.25], "texture": "#2"},
				"west": {"uv": [12, 6, 11.75, 9.25], "texture": "#2"},
				"up": {"uv": [12, 6, 11.75, 9.25], "texture": "#2"},
				"down": {"uv": [12, 6, 11.75, 9.25], "texture": "#2"}
			}
		},
		{
			"name": "Voxels",
			"from": [-10.75, 16.25, 10.25],
			"to": [-10.25, 19.5, 10.5],
			"faces": {
				"north": {"uv": [15, 6, 14.75, 9.25], "texture": "#2"},
				"east": {"uv": [15, 6, 14.75, 9.25], "texture": "#2"},
				"south": {"uv": [15, 6, 14.75, 9.25], "texture": "#2"},
				"west": {"uv": [15, 6, 14.75, 9.25], "texture": "#2"},
				"up": {"uv": [15, 6, 14.75, 9.25], "texture": "#2"},
				"down": {"uv": [15, 6, 14.75, 9.25], "texture": "#2"}
			}
		},
		{
			"name": "Voxels",
			"from": [-10.75, 16.25, 12.75],
			"to": [-10.25, 19.5, 13],
			"faces": {
				"north": {"uv": [10.25, 6, 10, 9.25], "texture": "#2"},
				"east": {"uv": [10.25, 6, 10, 9.25], "texture": "#2"},
				"south": {"uv": [10.25, 6, 10, 9.25], "texture": "#2"},
				"west": {"uv": [10.25, 6, 10, 9.25], "texture": "#2"},
				"up": {"uv": [10.25, 6, 10, 9.25], "texture": "#2"},
				"down": {"uv": [10.25, 6, 10, 9.25], "texture": "#2"}
			}
		},
		{
			"name": "Voxels",
			"from": [-10.5, 16.25, 10.5],
			"to": [-10, 19.5, 10.75],
			"faces": {
				"north": {"uv": [10.75, 2.75, 10.5, 6], "texture": "#2"},
				"east": {"uv": [10.75, 2.75, 10.5, 6], "texture": "#2"},
				"south": {"uv": [10.75, 2.75, 10.5, 6], "texture": "#2"},
				"west": {"uv": [10.75, 2.75, 10.5, 6], "texture": "#2"},
				"up": {"uv": [10.75, 2.75, 10.5, 6], "texture": "#2"},
				"down": {"uv": [10.75, 2.75, 10.5, 6], "texture": "#2"}
			}
		},
		{
			"name": "Voxels",
			"from": [-10.5, 16.25, 12.5],
			"to": [-10, 19.5, 12.75],
			"faces": {
				"north": {"uv": [12.5, 2.75, 12.25, 6], "texture": "#2"},
				"east": {"uv": [12.5, 2.75, 12.25, 6], "texture": "#2"},
				"south": {"uv": [12.5, 2.75, 12.25, 6], "texture": "#2"},
				"west": {"uv": [12.5, 2.75, 12.25, 6], "texture": "#2"},
				"up": {"uv": [12.5, 2.75, 12.25, 6], "texture": "#2"},
				"down": {"uv": [12.5, 2.75, 12.25, 6], "texture": "#2"}
			}
		},
		{
			"name": "Voxels",
			"from": [-10.25, 16, 10.5],
			"to": [-10, 16.25, 10.75],
			"faces": {
				"north": {"uv": [5.75, 1.75, 5.5, 2], "texture": "#2"},
				"east": {"uv": [5.75, 1.75, 5.5, 2], "texture": "#2"},
				"south": {"uv": [5.75, 1.75, 5.5, 2], "texture": "#2"},
				"west": {"uv": [5.75, 1.75, 5.5, 2], "texture": "#2"},
				"up": {"uv": [5.75, 1.75, 5.5, 2], "texture": "#2"},
				"down": {"uv": [5.75, 1.75, 5.5, 2], "texture": "#2"}
			}
		},
		{
			"name": "Voxels",
			"from": [-10.25, 16.25, 10.75],
			"to": [-10, 19.5, 11.25],
			"faces": {
				"north": {"uv": [8.5, 9.25, 8, 12.5], "texture": "#2"},
				"east": {"uv": [8.5, 9.25, 8, 12.5], "texture": "#2"},
				"south": {"uv": [8.5, 9.25, 8, 12.5], "texture": "#2"},
				"west": {"uv": [8.5, 9.25, 8, 12.5], "texture": "#2"},
				"up": {"uv": [8.5, 9.25, 8, 12.5], "texture": "#2"},
				"down": {"uv": [8.5, 9.25, 8, 12.5], "texture": "#2"}
			}
		},
		{
			"name": "Voxels",
			"from": [-10.25, 16.25, 12.25],
			"to": [-9.5, 19.5, 12.5],
			"faces": {
				"north": {"uv": [10.75, 6, 10.5, 9.25], "texture": "#2"},
				"east": {"uv": [10.75, 6, 10.5, 9.25], "texture": "#2"},
				"south": {"uv": [10.75, 6, 10.5, 9.25], "texture": "#2"},
				"west": {"uv": [10.75, 6, 10.5, 9.25], "texture": "#2"},
				"up": {"uv": [10.75, 6, 10.5, 9.25], "texture": "#2"},
				"down": {"uv": [10.75, 6, 10.5, 9.25], "texture": "#2"}
			}
		},
		{
			"name": "Voxels",
			"from": [-10, 16.25, 11],
			"to": [-9.75, 19.5, 11.5],
			"faces": {
				"north": {"uv": [5.5, 9.25, 5, 12.5], "texture": "#2"},
				"east": {"uv": [5.5, 9.25, 5, 12.5], "texture": "#2"},
				"south": {"uv": [5.5, 9.25, 5, 12.5], "texture": "#2"},
				"west": {"uv": [5.5, 9.25, 5, 12.5], "texture": "#2"},
				"up": {"uv": [5.5, 9.25, 5, 12.5], "texture": "#2"},
				"down": {"uv": [5.5, 9.25, 5, 12.5], "texture": "#2"}
			}
		},
		{
			"name": "Voxels",
			"from": [-9.75, 16.25, 11.25],
			"to": [-9.5, 19.5, 11.75],
			"faces": {
				"north": {"uv": [9.5, 9.25, 9, 12.5], "texture": "#2"},
				"east": {"uv": [9.5, 9.25, 9, 12.5], "texture": "#2"},
				"south": {"uv": [9.5, 9.25, 9, 12.5], "texture": "#2"},
				"west": {"uv": [9.5, 9.25, 9, 12.5], "texture": "#2"},
				"up": {"uv": [9.5, 9.25, 9, 12.5], "texture": "#2"},
				"down": {"uv": [9.5, 9.25, 9, 12.5], "texture": "#2"}
			}
		},
		{
			"name": "Voxels",
			"from": [-9.75, 16.25, 12],
			"to": [-9.25, 19.5, 12.25],
			"faces": {
				"north": {"uv": [14, 6, 13.75, 9.25], "texture": "#2"},
				"east": {"uv": [14, 6, 13.75, 9.25], "texture": "#2"},
				"south": {"uv": [14, 6, 13.75, 9.25], "texture": "#2"},
				"west": {"uv": [14, 6, 13.75, 9.25], "texture": "#2"},
				"up": {"uv": [14, 6, 13.75, 9.25], "texture": "#2"},
				"down": {"uv": [14, 6, 13.75, 9.25], "texture": "#2"}
			}
		},
		{
			"name": "Voxels",
			"from": [-9.5, 16.25, 11.5],
			"to": [-9.25, 19.5, 12],
			"faces": {
				"north": {"uv": [8, 9.25, 7.5, 12.5], "texture": "#2"},
				"east": {"uv": [8, 9.25, 7.5, 12.5], "texture": "#2"},
				"south": {"uv": [8, 9.25, 7.5, 12.5], "texture": "#2"},
				"west": {"uv": [8, 9.25, 7.5, 12.5], "texture": "#2"},
				"up": {"uv": [8, 9.25, 7.5, 12.5], "texture": "#2"},
				"down": {"uv": [8, 9.25, 7.5, 12.5], "texture": "#2"}
			}
		},
		{
			"name": "pencil_1",
			"from": [-12, 17, 12],
			"to": [-11, 22.5, 12.5],
			"rotation": {"angle": 22.5, "axis": "z", "origin": [-12, 17, 12]},
			"faces": {
				"north": {"uv": [3, 10.5, 2.5, 16], "texture": "#2"},
				"east": {"uv": [3, 10.5, 2.5, 16], "texture": "#2"},
				"south": {"uv": [3, 10.5, 2.5, 16], "texture": "#2"},
				"west": {"uv": [3, 10.5, 2.5, 16], "texture": "#2"},
				"up": {"uv": [3, 10.5, 2.5, 16], "texture": "#2"},
				"down": {"uv": [3, 10.5, 2.5, 16], "texture": "#2"}
			}
		},
		{
			"name": "pencil_12",
			"from": [-11.75, 17, 11.75],
			"to": [-11.25, 22.5, 12],
			"rotation": {"angle": 22.5, "axis": "z", "origin": [-12, 17, 12]},
			"faces": {
				"north": {"uv": [7, 3.75, 6.75, 9.25], "texture": "#2"},
				"east": {"uv": [7, 3.75, 6.75, 9.25], "texture": "#2"},
				"south": {"uv": [7, 3.75, 6.75, 9.25], "texture": "#2"},
				"west": {"uv": [7, 3.75, 6.75, 9.25], "texture": "#2"},
				"up": {"uv": [7, 3.75, 6.75, 9.25], "texture": "#2"},
				"down": {"uv": [7, 3.75, 6.75, 9.25], "texture": "#2"}
			}
		},
		{
			"name": "pencil_11",
			"from": [-11.75, 17, 12.5],
			"to": [-11.25, 22.5, 12.75],
			"rotation": {"angle": 22.5, "axis": "z", "origin": [-12, 17, 12]},
			"faces": {
				"north": {"uv": [7.25, 3.75, 7, 9.25], "texture": "#2"},
				"east": {"uv": [7.25, 3.75, 7, 9.25], "texture": "#2"},
				"south": {"uv": [7.25, 3.75, 7, 9.25], "texture": "#2"},
				"west": {"uv": [7.25, 3.75, 7, 9.25], "texture": "#2"},
				"up": {"uv": [7.25, 3.75, 7, 9.25], "texture": "#2"},
				"down": {"uv": [7.25, 3.75, 7, 9.25], "texture": "#2"}
			}
		},
		{
			"name": "pencil_13",
			"from": [-11.75, 22.5, 12],
			"to": [-11.25, 23, 12.5],
			"rotation": {"angle": 22.5, "axis": "z", "origin": [-12, 17, 12]},
			"faces": {
				"north": {"uv": [2.5, 1, 2, 1.5], "texture": "#2"},
				"east": {"uv": [2.5, 1, 2, 1.5], "texture": "#2"},
				"south": {"uv": [2.5, 1, 2, 1.5], "texture": "#2"},
				"west": {"uv": [2.5, 1, 2, 1.5], "texture": "#2"},
				"up": {"uv": [2.5, 1, 2, 1.5], "texture": "#2"},
				"down": {"uv": [2.5, 1, 2, 1.5], "texture": "#2"}
			}
		},
		{
			"name": "pencil1",
			"from": [-11.75, 22.5, 11.5],
			"to": [-11.25, 23, 12],
			"rotation": {"angle": -22.5, "axis": "z", "origin": [-12, 17, 11.5]},
			"faces": {
				"north": {"uv": [2.5, 1, 2, 1.5], "texture": "#2"},
				"east": {"uv": [2.5, 1, 2, 1.5], "texture": "#2"},
				"south": {"uv": [2.5, 1, 2, 1.5], "texture": "#2"},
				"west": {"uv": [2.5, 1, 2, 1.5], "texture": "#2"},
				"up": {"uv": [2.5, 1, 2, 1.5], "texture": "#2"},
				"down": {"uv": [2.5, 1, 2, 1.5], "texture": "#2"}
			}
		},
		{
			"name": "pencil",
			"from": [-11.75, 17, 12],
			"to": [-11.25, 22.5, 12.25],
			"rotation": {"angle": -22.5, "axis": "z", "origin": [-12, 17, 11.5]},
			"faces": {
				"north": {"uv": [7.25, 3.75, 7, 9.25], "texture": "#2"},
				"east": {"uv": [7.25, 3.75, 7, 9.25], "texture": "#2"},
				"south": {"uv": [7.25, 3.75, 7, 9.25], "texture": "#2"},
				"west": {"uv": [7.25, 3.75, 7, 9.25], "texture": "#2"},
				"up": {"uv": [7.25, 3.75, 7, 9.25], "texture": "#2"},
				"down": {"uv": [7.25, 3.75, 7, 9.25], "texture": "#2"}
			}
		},
		{
			"name": "pencil2",
			"from": [-11.75, 17, 11.25],
			"to": [-11.25, 22.5, 11.5],
			"rotation": {"angle": -22.5, "axis": "z", "origin": [-12, 17, 11.5]},
			"faces": {
				"north": {"uv": [7, 3.75, 6.75, 9.25], "texture": "#2"},
				"east": {"uv": [7, 3.75, 6.75, 9.25], "texture": "#2"},
				"south": {"uv": [7, 3.75, 6.75, 9.25], "texture": "#2"},
				"west": {"uv": [7, 3.75, 6.75, 9.25], "texture": "#2"},
				"up": {"uv": [7, 3.75, 6.75, 9.25], "texture": "#2"},
				"down": {"uv": [7, 3.75, 6.75, 9.25], "texture": "#2"}
			}
		},
		{
			"name": "pencil3",
			"from": [-12, 17, 11.5],
			"to": [-11, 22.5, 12],
			"rotation": {"angle": -22.5, "axis": "z", "origin": [-12, 17, 11.5]},
			"faces": {
				"north": {"uv": [3, 10.5, 2.5, 16], "texture": "#2"},
				"east": {"uv": [3, 10.5, 2.5, 16], "texture": "#2"},
				"south": {"uv": [3, 10.5, 2.5, 16], "texture": "#2"},
				"west": {"uv": [3, 10.5, 2.5, 16], "texture": "#2"},
				"up": {"uv": [3, 10.5, 2.5, 16], "texture": "#2"},
				"down": {"uv": [3, 10.5, 2.5, 16], "texture": "#2"}
			}
		}
	],
	"display": {
		"thirdperson_righthand": {
			"rotation": [90, -90, 0],
			"translation": [2.5, -4, 0],
			"scale": [0.5, 0.5, 0.5]
		},
		"thirdperson_lefthand": {
			"rotation": [90, 90, 0],
			"translation": [2.5, -4, 0],
			"scale": [0.5, 0.5, 0.5]
		},
		"firstperson_righthand": {
			"rotation": [0, 90, 0],
			"scale": [0.5, 0.5, 0.5]
		},
		"firstperson_lefthand": {
			"rotation": [0, 90, 0],
			"scale": [0.5, 0.5, 0.5]
		},
		"ground": {
			"translation": [0, 4, 0]
		},
		"gui": {
			"rotation": [0, 161, 0],
			"translation": [-2.086, 0, 0],
			"scale": [0.35, 0.35, 0.35]
		},
		"fixed": {
			"rotation": [-90, 0, 0],
			"translation": [33, 0, 16],
			"scale": [2.1, 2.1, 2.1]
		}
	}
}