{
	"credit": "Made with Blockbench",
	"textures": {
		"3": "item/charcoal/59",
		"4": "item/charcoal/59-1",
		"particle": "item/charcoal/59"
	},
	"elements": [
		{
			"name": "PlaneZ1",
			"from": [-15.25, 4.35, 6.5],
			"to": [31.25, 19.6, 6.501],
			"faces": {
				"north": {"uv": [0, 3.5, 16, 12], "texture": "#4"},
				"east": {"uv": [0, 3.5, 16, 12], "texture": "#4"},
				"south": {"uv": [0, 3.5, 16, 12], "texture": "#4"},
				"west": {"uv": [0, 3.5, 16, 12], "texture": "#4"},
				"up": {"uv": [0, 3.5, 16, 12], "texture": "#4"},
				"down": {"uv": [0, 3.5, 16, 12], "texture": "#4"}
			}
		},
		{
			"name": "Voxels",
			"from": [-16, 3.75, 6.5],
			"to": [32, 4.25, 7.75],
			"faces": {
				"north": {"uv": [14, 10.84375, 8, 10.90625], "texture": "#3"},
				"east": {"uv": [14, 10.84375, 8, 10.90625], "texture": "#3"},
				"south": {"uv": [14, 10.84375, 8, 10.90625], "texture": "#3"},
				"west": {"uv": [14, 10.84375, 8, 10.90625], "texture": "#3"},
				"up": {"uv": [14, 10.84375, 8, 10.90625], "texture": "#3"},
				"down": {"uv": [14, 10.84375, 8, 10.90625], "texture": "#3"}
			}
		},
		{
			"name": "Voxels",
			"from": [-16, 4, 7.75],
			"to": [32, 20, 9.5],
			"faces": {
				"north": {"uv": [6, 14, 0, 16], "texture": "#3"},
				"east": {"uv": [6, 14, 0, 16], "texture": "#3"},
				"south": {"uv": [6, 14, 0, 16], "texture": "#3"},
				"west": {"uv": [6, 14, 0, 16], "texture": "#3"},
				"up": {"uv": [6, 14, 0, 16], "texture": "#3"},
				"down": {"uv": [6, 14, 0, 16], "texture": "#3"}
			}
		},
		{
			"name": "Voxels",
			"from": [-16, 4.25, 6.5],
			"to": [-15.25, 20.25, 7.5],
			"faces": {
				"north": {"uv": [6.875, 8.75, 6.78125, 10.75], "texture": "#3"},
				"east": {"uv": [6.875, 8.75, 6.78125, 10.75], "texture": "#3"},
				"south": {"uv": [6.875, 8.75, 6.78125, 10.75], "texture": "#3"},
				"west": {"uv": [6.875, 8.75, 6.78125, 10.75], "texture": "#3"},
				"up": {"uv": [6.875, 8.75, 6.78125, 10.75], "texture": "#3"},
				"down": {"uv": [6.875, 8.75, 6.78125, 10.75], "texture": "#3"}
			}
		},
		{
			"name": "Voxels",
			"from": [-16, 4.25, 7.5],
			"to": [32, 20, 7.75],
			"faces": {
				"north": {"uv": [6, 10.03125, 0, 12], "texture": "#3"},
				"east": {"uv": [6, 10.03125, 0, 12], "texture": "#3"},
				"south": {"uv": [6, 10.03125, 0, 12], "texture": "#3"},
				"west": {"uv": [6, 10.03125, 0, 12], "texture": "#3"},
				"up": {"uv": [6, 10.03125, 0, 12], "texture": "#3"},
				"down": {"uv": [6, 10.03125, 0, 12], "texture": "#3"}
			}
		},
		{
			"name": "Voxels",
			"from": [-15.25, 4.25, 6.75],
			"to": [32, 20.25, 7.5],
			"faces": {
				"north": {"uv": [11.90625, 14, 6, 16], "texture": "#3"},
				"east": {"uv": [11.90625, 14, 6, 16], "texture": "#3"},
				"south": {"uv": [11.90625, 14, 6, 16], "texture": "#3"},
				"west": {"uv": [11.90625, 14, 6, 16], "texture": "#3"},
				"up": {"uv": [11.90625, 14, 6, 16], "texture": "#3"},
				"down": {"uv": [11.90625, 14, 6, 16], "texture": "#3"}
			}
		},
		{
			"name": "Voxels",
			"from": [-15.25, 19.5, 6.5],
			"to": [32, 20.25, 6.75],
			"faces": {
				"north": {"uv": [13.90625, 11, 8, 11.09375], "texture": "#3"},
				"east": {"uv": [13.90625, 11, 8, 11.09375], "texture": "#3"},
				"south": {"uv": [13.90625, 11, 8, 11.09375], "texture": "#3"},
				"west": {"uv": [13.90625, 11, 8, 11.09375], "texture": "#3"},
				"up": {"uv": [13.90625, 11, 8, 11.09375], "texture": "#3"},
				"down": {"uv": [13.90625, 11, 8, 11.09375], "texture": "#3"}
			}
		},
		{
			"name": "Voxels",
			"from": [-0.25, 0, 2.5],
			"to": [16.25, 1, 12.75],
			"faces": {
				"north": {"uv": [13.96875, 14.59375, 11.90625, 14.71875], "texture": "#3"},
				"east": {"uv": [13.96875, 14.59375, 11.90625, 14.71875], "texture": "#3"},
				"south": {"uv": [13.96875, 14.59375, 11.90625, 14.71875], "texture": "#3"},
				"west": {"uv": [13.96875, 14.59375, 11.90625, 14.71875], "texture": "#3"},
				"up": {"uv": [13.96875, 14.59375, 11.90625, 14.71875], "texture": "#3"},
				"down": {"uv": [13.96875, 14.59375, 11.90625, 14.71875], "texture": "#3"}
			}
		},
		{
			"name": "Voxels",
			"from": [0, 0, 2.25],
			"to": [16, 1, 2.5],
			"faces": {
				"north": {"uv": [15.96875, 14.59375, 13.96875, 14.71875], "texture": "#3"},
				"east": {"uv": [15.96875, 14.59375, 13.96875, 14.71875], "texture": "#3"},
				"south": {"uv": [15.96875, 14.59375, 13.96875, 14.71875], "texture": "#3"},
				"west": {"uv": [15.96875, 14.59375, 13.96875, 14.71875], "texture": "#3"},
				"up": {"uv": [15.96875, 14.59375, 13.96875, 14.71875], "texture": "#3"},
				"down": {"uv": [15.96875, 14.59375, 13.96875, 14.71875], "texture": "#3"}
			}
		},
		{
			"name": "Voxels",
			"from": [0, 0, 12.75],
			"to": [16, 1, 13],
			"faces": {
				"north": {"uv": [13.90625, 14.21875, 11.90625, 14.34375], "texture": "#3"},
				"east": {"uv": [13.90625, 14.21875, 11.90625, 14.34375], "texture": "#3"},
				"south": {"uv": [13.90625, 14.21875, 11.90625, 14.34375], "texture": "#3"},
				"west": {"uv": [13.90625, 14.21875, 11.90625, 14.34375], "texture": "#3"},
				"up": {"uv": [13.90625, 14.21875, 11.90625, 14.34375], "texture": "#3"},
				"down": {"uv": [13.90625, 14.21875, 11.90625, 14.34375], "texture": "#3"}
			}
		},
		{
			"name": "Voxels",
			"from": [0, 1, 2.5],
			"to": [16, 1.25, 12.75],
			"faces": {
				"north": {"uv": [13.90625, 14, 11.90625, 14.03125], "texture": "#3"},
				"east": {"uv": [13.90625, 14, 11.90625, 14.03125], "texture": "#3"},
				"south": {"uv": [13.90625, 14, 11.90625, 14.03125], "texture": "#3"},
				"west": {"uv": [13.90625, 14, 11.90625, 14.03125], "texture": "#3"},
				"up": {"uv": [13.90625, 14, 11.90625, 14.03125], "texture": "#3"},
				"down": {"uv": [13.90625, 14, 11.90625, 14.03125], "texture": "#3"}
			}
		},
		{
			"name": "Voxels",
			"from": [6.75, 1.25, 7],
			"to": [9.25, 3.75, 9],
			"faces": {
				"north": {"uv": [14.28125, 14.03125, 13.96875, 14.34375], "texture": "#3"},
				"east": {"uv": [14.28125, 14.03125, 13.96875, 14.34375], "texture": "#3"},
				"south": {"uv": [14.28125, 14.03125, 13.96875, 14.34375], "texture": "#3"},
				"west": {"uv": [14.28125, 14.03125, 13.96875, 14.34375], "texture": "#3"},
				"up": {"uv": [14.28125, 14.03125, 13.96875, 14.34375], "texture": "#3"},
				"down": {"uv": [14.28125, 14.03125, 13.96875, 14.34375], "texture": "#3"}
			}
		},
		{
			"name": "Voxels",
			"from": [6.75, 3.75, 7.75],
			"to": [9.25, 4, 9],
			"faces": {
				"north": {"uv": [14.28125, 14, 13.96875, 14.03125], "texture": "#3"},
				"east": {"uv": [14.28125, 14, 13.96875, 14.03125], "texture": "#3"},
				"south": {"uv": [14.28125, 14, 13.96875, 14.03125], "texture": "#3"},
				"west": {"uv": [14.28125, 14, 13.96875, 14.03125], "texture": "#3"},
				"up": {"uv": [14.28125, 14, 13.96875, 14.03125], "texture": "#3"},
				"down": {"uv": [14.28125, 14, 13.96875, 14.03125], "texture": "#3"}
			}
		},
		{
			"name": "Voxels",
			"from": [7, 1.25, 6.75],
			"to": [9, 3.75, 7],
			"faces": {
				"north": {"uv": [16, 14.28125, 15.75, 14.59375], "texture": "#3"},
				"east": {"uv": [16, 14.28125, 15.75, 14.59375], "texture": "#3"},
				"south": {"uv": [16, 14.28125, 15.75, 14.59375], "texture": "#3"},
				"west": {"uv": [16, 14.28125, 15.75, 14.59375], "texture": "#3"},
				"up": {"uv": [16, 14.28125, 15.75, 14.59375], "texture": "#3"},
				"down": {"uv": [16, 14.28125, 15.75, 14.59375], "texture": "#3"}
			}
		},
		{
			"name": "Voxels",
			"from": [31.25, 4.25, 6.5],
			"to": [32, 19.5, 6.75],
			"faces": {
				"north": {"uv": [14.25, 12.09375, 14.15625, 14], "texture": "#3"},
				"east": {"uv": [14.25, 12.09375, 14.15625, 14], "texture": "#3"},
				"south": {"uv": [14.25, 12.09375, 14.15625, 14], "texture": "#3"},
				"west": {"uv": [14.25, 12.09375, 14.15625, 14], "texture": "#3"},
				"up": {"uv": [14.25, 12.09375, 14.15625, 14], "texture": "#3"},
				"down": {"uv": [14.25, 12.09375, 14.15625, 14], "texture": "#3"}
			}
		}
	],
	"display": {
		"thirdperson_righthand": {
			"rotation": [90, 90, 0],
			"scale": [0.75, 1, 0.5]
		},
		"thirdperson_lefthand": {
			"rotation": [90, 90, 0],
			"scale": [0.75, 1, 0.5]
		},
		"firstperson_righthand": {
			"rotation": [0, 90, 0]
		},
		"firstperson_lefthand": {
			"rotation": [0, 90, 0]
		},
		"ground": {
			"translation": [0, 3.5, 0],
			"scale": [0.75, 1, 0.5]
		},
		"gui": {
			"rotation": [-8, 144, 0],
			"scale": [0.3, 0.45, 0.2]
		},
		"fixed": {
			"rotation": [-90, 0, 0],
			"translation": [0, 0, -18.5],
			"scale": [2, 2.5, 1]
		}
	}
}