{
	"credit": "Made with Blockbench",
	"textures": {
		"3": "item/charcoal/60",
		"4": "item/charcoal/60-1",
		"5": "item/charcoal/57-1",
		"particle": "item/charcoal/60"
	},
	"elements": [
		{
			"name": "gaming_monitor",
			"from": [0.25, 2.75, 3],
			"to": [16, 3.25, 3.5],
			"faces": {
				"north": {"uv": [4.96, 0.96, 7.04, 3.04], "texture": "#3"},
				"east": {"uv": [4.96, 0.96, 7.04, 3.04], "texture": "#3"},
				"south": {"uv": [4.96, 0.96, 7.04, 3.04], "texture": "#3"},
				"west": {"uv": [4.96, 0.96, 7.04, 3.04], "texture": "#3"},
				"up": {"uv": [4.96, 0.96, 7.04, 3.04], "texture": "#3"},
				"down": {"uv": [4.96, 0.96, 7.04, 3.04], "texture": "#3"}
			}
		},
		{
			"name": "gaming_monitor1",
			"from": [0, 3, 2.75],
			"to": [16.25, 3.25, 3],
			"faces": {
				"north": {"uv": [4.96, 0.96, 7.04, 3.04], "texture": "#3"},
				"east": {"uv": [4.96, 0.96, 7.04, 3.04], "texture": "#3"},
				"south": {"uv": [4.96, 0.96, 7.04, 3.04], "texture": "#3"},
				"west": {"uv": [4.96, 0.96, 7.04, 3.04], "texture": "#3"},
				"up": {"uv": [4.96, 0.96, 7.04, 3.04], "texture": "#3"},
				"down": {"uv": [4.96, 0.96, 7.04, 3.04], "texture": "#3"}
			}
		},
		{
			"name": "gaming_monitor2",
			"from": [0, 3, 3.5],
			"to": [16.25, 11.25, 4],
			"faces": {
				"north": {"uv": [4.96, 0.96, 7.04, 3.04], "texture": "#3"},
				"east": {"uv": [4.96, 0.96, 7.04, 3.04], "texture": "#3"},
				"south": {"uv": [4.96, 0.96, 7.04, 3.04], "texture": "#3"},
				"west": {"uv": [4.96, 0.96, 7.04, 3.04], "texture": "#3"},
				"up": {"uv": [4.96, 0.96, 7.04, 3.04], "texture": "#3"},
				"down": {"uv": [4.96, 0.96, 7.04, 3.04], "texture": "#3"}
			}
		},
		{
			"name": "gaming_monitor3",
			"from": [0, 3.25, 2.75],
			"to": [0.25, 11.25, 3.5],
			"faces": {
				"north": {"uv": [4.96, 0.96, 7.04, 3.04], "texture": "#3"},
				"east": {"uv": [4.96, 0.96, 7.04, 3.04], "texture": "#3"},
				"south": {"uv": [4.96, 0.96, 7.04, 3.04], "texture": "#3"},
				"west": {"uv": [4.96, 0.96, 7.04, 3.04], "texture": "#3"},
				"up": {"uv": [4.96, 0.96, 7.04, 3.04], "texture": "#3"},
				"down": {"uv": [4.96, 0.96, 7.04, 3.04], "texture": "#3"}
			}
		},
		{
			"name": "screen",
			"from": [0.25, 3.25, 3],
			"to": [16, 11, 3.25],
			"faces": {
				"north": {"uv": [0, 7.5, 15.5, 16], "texture": "#4"},
				"east": {"uv": [0, 7.5, 15.5, 16], "texture": "#4"},
				"south": {"uv": [0, 7.5, 15.5, 16], "texture": "#4"},
				"west": {"uv": [0, 7.5, 15.5, 16], "texture": "#4"},
				"up": {"uv": [0, 7.5, 15.5, 16], "texture": "#4"},
				"down": {"uv": [0, 7.5, 15.5, 16], "texture": "#4"}
			}
		},
		{
			"name": "gaming_monitor4",
			"from": [0.25, 3.25, 3.25],
			"to": [16.25, 11.25, 3.5],
			"faces": {
				"north": {"uv": [4.96, 0.96, 7.04, 3.04], "texture": "#3"},
				"east": {"uv": [4.96, 0.96, 7.04, 3.04], "texture": "#3"},
				"south": {"uv": [4.96, 0.96, 7.04, 3.04], "texture": "#3"},
				"west": {"uv": [4.96, 0.96, 7.04, 3.04], "texture": "#3"},
				"up": {"uv": [4.96, 0.96, 7.04, 3.04], "texture": "#3"},
				"down": {"uv": [4.96, 0.96, 7.04, 3.04], "texture": "#3"}
			}
		},
		{
			"name": "gaming_monitor5",
			"from": [0.25, 11, 2.75],
			"to": [16.25, 11.25, 3.25],
			"faces": {
				"north": {"uv": [4.96, 0.96, 7.04, 3.04], "texture": "#3"},
				"east": {"uv": [4.96, 0.96, 7.04, 3.04], "texture": "#3"},
				"south": {"uv": [4.96, 0.96, 7.04, 3.04], "texture": "#3"},
				"west": {"uv": [4.96, 0.96, 7.04, 3.04], "texture": "#3"},
				"up": {"uv": [4.96, 0.96, 7.04, 3.04], "texture": "#3"},
				"down": {"uv": [4.96, 0.96, 7.04, 3.04], "texture": "#3"}
			}
		},
		{
			"name": "gaming_monitor6",
			"from": [2.75, 0, 2],
			"to": [4.25, 0.5, 6.5],
			"faces": {
				"north": {"uv": [4.96, 0.96, 7.04, 3.04], "texture": "#3"},
				"east": {"uv": [4.96, 0.96, 7.04, 3.04], "texture": "#3"},
				"south": {"uv": [4.96, 0.96, 7.04, 3.04], "texture": "#3"},
				"west": {"uv": [4.96, 0.96, 7.04, 3.04], "texture": "#3"},
				"up": {"uv": [4.96, 0.96, 7.04, 3.04], "texture": "#3"},
				"down": {"uv": [4.96, 0.96, 7.04, 3.04], "texture": "#3"}
			}
		},
		{
			"name": "gaming_monitor7",
			"from": [3, 0, 1.75],
			"to": [4, 0.5, 2],
			"faces": {
				"north": {"uv": [4.96, 0.96, 7.04, 3.04], "texture": "#3"},
				"east": {"uv": [4.96, 0.96, 7.04, 3.04], "texture": "#3"},
				"south": {"uv": [4.96, 0.96, 7.04, 3.04], "texture": "#3"},
				"west": {"uv": [4.96, 0.96, 7.04, 3.04], "texture": "#3"},
				"up": {"uv": [4.96, 0.96, 7.04, 3.04], "texture": "#3"},
				"down": {"uv": [4.96, 0.96, 7.04, 3.04], "texture": "#3"}
			}
		},
		{
			"name": "gaming_monitor8",
			"from": [3, 0.5, 2],
			"to": [4, 0.75, 6.5],
			"faces": {
				"north": {"uv": [4.96, 0.96, 7.04, 3.04], "texture": "#3"},
				"east": {"uv": [4.96, 0.96, 7.04, 3.04], "texture": "#3"},
				"south": {"uv": [4.96, 0.96, 7.04, 3.04], "texture": "#3"},
				"west": {"uv": [4.96, 0.96, 7.04, 3.04], "texture": "#3"},
				"up": {"uv": [4.96, 0.96, 7.04, 3.04], "texture": "#3"},
				"down": {"uv": [4.96, 0.96, 7.04, 3.04], "texture": "#3"}
			}
		},
		{
			"name": "gaming_monitor9",
			"from": [4, 0.5, 5.5],
			"to": [13, 0.75, 6.5],
			"faces": {
				"north": {"uv": [4.96, 0.96, 7.04, 3.04], "texture": "#3"},
				"east": {"uv": [4.96, 0.96, 7.04, 3.04], "texture": "#3"},
				"south": {"uv": [4.96, 0.96, 7.04, 3.04], "texture": "#3"},
				"west": {"uv": [4.96, 0.96, 7.04, 3.04], "texture": "#3"},
				"up": {"uv": [4.96, 0.96, 7.04, 3.04], "texture": "#3"},
				"down": {"uv": [4.96, 0.96, 7.04, 3.04], "texture": "#3"}
			}
		},
		{
			"name": "gaming_monitor10",
			"from": [4.25, 0, 5.25],
			"to": [13.25, 0.5, 6.5],
			"faces": {
				"north": {"uv": [4.96, 0.96, 7.04, 3.04], "texture": "#3"},
				"east": {"uv": [4.96, 0.96, 7.04, 3.04], "texture": "#3"},
				"south": {"uv": [4.96, 0.96, 7.04, 3.04], "texture": "#3"},
				"west": {"uv": [4.96, 0.96, 7.04, 3.04], "texture": "#3"},
				"up": {"uv": [4.96, 0.96, 7.04, 3.04], "texture": "#3"},
				"down": {"uv": [4.96, 0.96, 7.04, 3.04], "texture": "#3"}
			}
		},
		{
			"name": "gaming_monitor11",
			"from": [7.25, 0.75, 5.5],
			"to": [8.75, 8.5, 6.5],
			"faces": {
				"north": {"uv": [4.96, 0.96, 7.04, 3.04], "texture": "#3"},
				"east": {"uv": [4.96, 0.96, 7.04, 3.04], "texture": "#3"},
				"south": {"uv": [4.96, 0.96, 7.04, 3.04], "texture": "#3"},
				"west": {"uv": [4.96, 0.96, 7.04, 3.04], "texture": "#3"},
				"up": {"uv": [4.96, 0.96, 7.04, 3.04], "texture": "#3"},
				"down": {"uv": [4.96, 0.96, 7.04, 3.04], "texture": "#3"}
			}
		},
		{
			"name": "gaming_monitor12",
			"from": [7.25, 6.25, 4],
			"to": [8.75, 8.75, 4.25],
			"faces": {
				"north": {"uv": [4.96, 0.96, 7.04, 3.04], "texture": "#3"},
				"east": {"uv": [4.96, 0.96, 7.04, 3.04], "texture": "#3"},
				"south": {"uv": [4.96, 0.96, 7.04, 3.04], "texture": "#3"},
				"west": {"uv": [4.96, 0.96, 7.04, 3.04], "texture": "#3"},
				"up": {"uv": [4.96, 0.96, 7.04, 3.04], "texture": "#3"},
				"down": {"uv": [4.96, 0.96, 7.04, 3.04], "texture": "#3"}
			}
		},
		{
			"name": "gaming_monitor13",
			"from": [7.25, 6.5, 4.25],
			"to": [8.75, 8.5, 5.5],
			"faces": {
				"north": {"uv": [4.96, 0.96, 7.04, 3.04], "texture": "#3"},
				"east": {"uv": [4.96, 0.96, 7.04, 3.04], "texture": "#3"},
				"south": {"uv": [4.96, 0.96, 7.04, 3.04], "texture": "#3"},
				"west": {"uv": [4.96, 0.96, 7.04, 3.04], "texture": "#3"},
				"up": {"uv": [4.96, 0.96, 7.04, 3.04], "texture": "#3"},
				"down": {"uv": [4.96, 0.96, 7.04, 3.04], "texture": "#3"}
			}
		},
		{
			"name": "gaming_monitor14",
			"from": [7.5, 0.5, 5.25],
			"to": [8.5, 6.5, 5.5],
			"faces": {
				"north": {"uv": [4.96, 0.96, 7.04, 3.04], "texture": "#3"},
				"east": {"uv": [4.96, 0.96, 7.04, 3.04], "texture": "#3"},
				"south": {"uv": [4.96, 0.96, 7.04, 3.04], "texture": "#3"},
				"west": {"uv": [4.96, 0.96, 7.04, 3.04], "texture": "#3"},
				"up": {"uv": [4.96, 0.96, 7.04, 3.04], "texture": "#3"},
				"down": {"uv": [4.96, 0.96, 7.04, 3.04], "texture": "#3"}
			}
		},
		{
			"name": "gaming_monitor15",
			"from": [7.5, 6.25, 4.25],
			"to": [8.5, 6.5, 4.75],
			"faces": {
				"north": {"uv": [4.96, 0.96, 7.04, 3.04], "texture": "#3"},
				"east": {"uv": [4.96, 0.96, 7.04, 3.04], "texture": "#3"},
				"south": {"uv": [4.96, 0.96, 7.04, 3.04], "texture": "#3"},
				"west": {"uv": [4.96, 0.96, 7.04, 3.04], "texture": "#3"},
				"up": {"uv": [4.96, 0.96, 7.04, 3.04], "texture": "#3"},
				"down": {"uv": [4.96, 0.96, 7.04, 3.04], "texture": "#3"}
			}
		},
		{
			"name": "gaming_monitor16",
			"from": [7.5, 8.5, 4.25],
			"to": [8.5, 8.75, 6.5],
			"faces": {
				"north": {"uv": [4.96, 0.96, 7.04, 3.04], "texture": "#3"},
				"east": {"uv": [4.96, 0.96, 7.04, 3.04], "texture": "#3"},
				"south": {"uv": [4.96, 0.96, 7.04, 3.04], "texture": "#3"},
				"west": {"uv": [4.96, 0.96, 7.04, 3.04], "texture": "#3"},
				"up": {"uv": [4.96, 0.96, 7.04, 3.04], "texture": "#3"},
				"down": {"uv": [4.96, 0.96, 7.04, 3.04], "texture": "#3"}
			}
		},
		{
			"name": "gaming_monitor17",
			"from": [11.75, 0, 2],
			"to": [13.25, 0.5, 5.25],
			"faces": {
				"north": {"uv": [4.96, 0.96, 7.04, 3.04], "texture": "#3"},
				"east": {"uv": [4.96, 0.96, 7.04, 3.04], "texture": "#3"},
				"south": {"uv": [4.96, 0.96, 7.04, 3.04], "texture": "#3"},
				"west": {"uv": [4.96, 0.96, 7.04, 3.04], "texture": "#3"},
				"up": {"uv": [4.96, 0.96, 7.04, 3.04], "texture": "#3"},
				"down": {"uv": [4.96, 0.96, 7.04, 3.04], "texture": "#3"}
			}
		},
		{
			"name": "gaming_monitor18",
			"from": [12, 0, 1.75],
			"to": [13, 0.5, 2],
			"faces": {
				"north": {"uv": [4.96, 0.96, 7.04, 3.04], "texture": "#3"},
				"east": {"uv": [4.96, 0.96, 7.04, 3.04], "texture": "#3"},
				"south": {"uv": [4.96, 0.96, 7.04, 3.04], "texture": "#3"},
				"west": {"uv": [4.96, 0.96, 7.04, 3.04], "texture": "#3"},
				"up": {"uv": [4.96, 0.96, 7.04, 3.04], "texture": "#3"},
				"down": {"uv": [4.96, 0.96, 7.04, 3.04], "texture": "#3"}
			}
		},
		{
			"name": "gaming_monitor19",
			"from": [12, 0.5, 2],
			"to": [13, 0.75, 5.5],
			"faces": {
				"north": {"uv": [4.96, 0.96, 7.04, 3.04], "texture": "#3"},
				"east": {"uv": [4.96, 0.96, 7.04, 3.04], "texture": "#3"},
				"south": {"uv": [4.96, 0.96, 7.04, 3.04], "texture": "#3"},
				"west": {"uv": [4.96, 0.96, 7.04, 3.04], "texture": "#3"},
				"up": {"uv": [4.96, 0.96, 7.04, 3.04], "texture": "#3"},
				"down": {"uv": [4.96, 0.96, 7.04, 3.04], "texture": "#3"}
			}
		},
		{
			"name": "gaming_monitor20",
			"from": [16, 3, 3],
			"to": [16.25, 11, 3.25],
			"faces": {
				"north": {"uv": [4.96, 0.96, 7.04, 3.04], "texture": "#3"},
				"east": {"uv": [4.96, 0.96, 7.04, 3.04], "texture": "#3"},
				"south": {"uv": [4.96, 0.96, 7.04, 3.04], "texture": "#3"},
				"west": {"uv": [4.96, 0.96, 7.04, 3.04], "texture": "#3"},
				"up": {"uv": [4.96, 0.96, 7.04, 3.04], "texture": "#3"},
				"down": {"uv": [4.96, 0.96, 7.04, 3.04], "texture": "#3"}
			}
		},
		{
			"name": "gaming_monitor21",
			"from": [16, 3, 3.25],
			"to": [16.25, 3.25, 3.5],
			"faces": {
				"north": {"uv": [4.96, 0.96, 7.04, 3.04], "texture": "#3"},
				"east": {"uv": [4.96, 0.96, 7.04, 3.04], "texture": "#3"},
				"south": {"uv": [4.96, 0.96, 7.04, 3.04], "texture": "#3"},
				"west": {"uv": [4.96, 0.96, 7.04, 3.04], "texture": "#3"},
				"up": {"uv": [4.96, 0.96, 7.04, 3.04], "texture": "#3"},
				"down": {"uv": [4.96, 0.96, 7.04, 3.04], "texture": "#3"}
			}
		},
		{
			"name": "gaming_monitor22",
			"from": [16, 3.25, 2.75],
			"to": [16.25, 11, 3],
			"faces": {
				"north": {"uv": [4.96, 0.96, 7.04, 3.04], "texture": "#3"},
				"east": {"uv": [4.96, 0.96, 7.04, 3.04], "texture": "#3"},
				"south": {"uv": [4.96, 0.96, 7.04, 3.04], "texture": "#3"},
				"west": {"uv": [4.96, 0.96, 7.04, 3.04], "texture": "#3"},
				"up": {"uv": [4.96, 0.96, 7.04, 3.04], "texture": "#3"},
				"down": {"uv": [4.96, 0.96, 7.04, 3.04], "texture": "#3"}
			}
		},
		{
			"name": "leds4",
			"from": [0.25, 2.75, 2.75],
			"to": [16, 3, 3],
			"faces": {
				"north": {"uv": [4.96, 0.96, 7.04, 3.04], "texture": "#5"},
				"east": {"uv": [4.96, 0.96, 7.04, 3.04], "texture": "#5"},
				"south": {"uv": [4.96, 0.96, 7.04, 3.04], "texture": "#5"},
				"west": {"uv": [4.96, 0.96, 7.04, 3.04], "texture": "#5"},
				"up": {"uv": [4.96, 0.96, 7.04, 3.04], "texture": "#5"},
				"down": {"uv": [4.96, 0.96, 7.04, 3.04], "texture": "#5"}
			}
		},
		{
			"name": "leds1",
			"from": [0.25, 3.25, 4],
			"to": [16, 3.5, 4.25],
			"faces": {
				"north": {"uv": [4.96, 0.96, 7.04, 3.04], "texture": "#5"},
				"east": {"uv": [4.96, 0.96, 7.04, 3.04], "texture": "#5"},
				"south": {"uv": [4.96, 0.96, 7.04, 3.04], "texture": "#5"},
				"west": {"uv": [4.96, 0.96, 7.04, 3.04], "texture": "#5"},
				"up": {"uv": [4.96, 0.96, 7.04, 3.04], "texture": "#5"},
				"down": {"uv": [4.96, 0.96, 7.04, 3.04], "texture": "#5"}
			}
		},
		{
			"name": "leds",
			"from": [0.25, 3.5, 4],
			"to": [0.5, 11, 4.25],
			"faces": {
				"north": {"uv": [4.96, 0.96, 7.04, 3.04], "texture": "#5"},
				"east": {"uv": [4.96, 0.96, 7.04, 3.04], "texture": "#5"},
				"south": {"uv": [4.96, 0.96, 7.04, 3.04], "texture": "#5"},
				"west": {"uv": [4.96, 0.96, 7.04, 3.04], "texture": "#5"},
				"up": {"uv": [4.96, 0.96, 7.04, 3.04], "texture": "#5"},
				"down": {"uv": [4.96, 0.96, 7.04, 3.04], "texture": "#5"}
			}
		},
		{
			"name": "leds3",
			"from": [0.5, 10.75, 4],
			"to": [16, 11, 4.25],
			"faces": {
				"north": {"uv": [4.96, 0.96, 7.04, 3.04], "texture": "#5"},
				"east": {"uv": [4.96, 0.96, 7.04, 3.04], "texture": "#5"},
				"south": {"uv": [4.96, 0.96, 7.04, 3.04], "texture": "#5"},
				"west": {"uv": [4.96, 0.96, 7.04, 3.04], "texture": "#5"},
				"up": {"uv": [4.96, 0.96, 7.04, 3.04], "texture": "#5"},
				"down": {"uv": [4.96, 0.96, 7.04, 3.04], "texture": "#5"}
			}
		},
		{
			"name": "leds2",
			"from": [15.75, 3.5, 4],
			"to": [16, 10.75, 4.25],
			"faces": {
				"north": {"uv": [4.96, 0.96, 7.04, 3.04], "texture": "#5"},
				"east": {"uv": [4.96, 0.96, 7.04, 3.04], "texture": "#5"},
				"south": {"uv": [4.96, 0.96, 7.04, 3.04], "texture": "#5"},
				"west": {"uv": [4.96, 0.96, 7.04, 3.04], "texture": "#5"},
				"up": {"uv": [4.96, 0.96, 7.04, 3.04], "texture": "#5"},
				"down": {"uv": [4.96, 0.96, 7.04, 3.04], "texture": "#5"}
			}
		}
	],
	"display": {
		"thirdperson_righthand": {
			"rotation": [90, -90, 0],
			"translation": [-2, -2, 2.7826]
		},
		"thirdperson_lefthand": {
			"rotation": [90, -90, 0],
			"translation": [-2, -2, 2.7826]
		},
		"firstperson_righthand": {
			"rotation": [0, 90, 0],
			"translation": [0, 5, 0]
		},
		"firstperson_lefthand": {
			"rotation": [0, 90, 0],
			"translation": [0, 5, 0]
		},
		"ground": {
			"translation": [0, 4, 0]
		},
		"gui": {
			"rotation": [9, 152, 0],
			"translation": [1, 2, 0],
			"scale": [0.75, 0.75, 0.75]
		},
		"fixed": {
			"rotation": [-90, 0, 0],
			"translation": [0, 7, -24.04],
			"scale": [3, 3, 3]
		}
	}
}