{
	"credit": "Made with Blockbench",
	"textures": {
		"0": "item/charcoal/64",
		"particle": "item/charcoal/64"
	},
	"elements": [
		{
			"from": [4, 0, 3],
			"to": [12, 1, 9],
			"faces": {
				"north": {"uv": [0, 12.5, 16, 16], "texture": "#0"},
				"east": {"uv": [10, 12.5, 15, 13.5], "texture": "#0"},
				"south": {"uv": [8.5, 12.5, 14.5, 13.5], "texture": "#0"},
				"west": {"uv": [9.5, 12.5, 14.5, 13.5], "texture": "#0"},
				"up": {"uv": [1, 1, 7, 6], "texture": "#0"},
				"down": {"uv": [0.5, 12.5, 3.5, 15.5], "texture": "#0"}
			}
		},
		{
			"from": [13, 1, 3],
			"to": [14, 9, 9],
			"faces": {
				"north": {"uv": [0, 12, 3, 16], "texture": "#0"},
				"east": {"uv": [10, 12.5, 15, 13.5], "texture": "#0"},
				"south": {"uv": [8.5, 12.5, 14.5, 13.5], "texture": "#0"},
				"west": {"uv": [9.5, 12.5, 14.5, 13.5], "texture": "#0"},
				"up": {"uv": [0, 16, 1, 16], "texture": "#0"},
				"down": {"uv": [0.5, 12.5, 3.5, 15.5], "texture": "#0"}
			}
		},
		{
			"from": [2, 1, 3],
			"to": [3, 9, 9],
			"faces": {
				"north": {"uv": [1, 12, 4, 16], "texture": "#0"},
				"east": {"uv": [10, 12.5, 15, 13.5], "texture": "#0"},
				"south": {"uv": [8.5, 12.5, 14.5, 13.5], "texture": "#0"},
				"west": {"uv": [9.5, 12.5, 14.5, 13.5], "texture": "#0"},
				"up": {"uv": [0, 16, 1, 16], "texture": "#0"},
				"down": {"uv": [0.5, 12.5, 3.5, 15.5], "texture": "#0"}
			}
		},
		{
			"from": [3, 1, 3],
			"to": [13, 9, 9],
			"faces": {
				"north": {"uv": [0, 0, 8, 7], "texture": "#0"},
				"east": {"uv": [9, 3.5, 15, 6.5], "texture": "#0"},
				"south": {"uv": [8, 0, 16, 7], "texture": "#0"},
				"west": {"uv": [9, 3.5, 15, 6.5], "texture": "#0"},
				"up": {"uv": [0, 7, 8, 11], "texture": "#0"},
				"down": {"uv": [0, 0, 8, 7], "texture": "#0"}
			}
		},
		{
			"from": [4, 1, 9],
			"to": [12, 8, 11],
			"faces": {
				"north": {"uv": [0, 0, 8, 7], "texture": "#0"},
				"east": {"uv": [13, 0.5, 15, 11.5], "texture": "#0"},
				"south": {"uv": [8, 0, 16, 12], "texture": "#0"},
				"west": {"uv": [9, 0.5, 11, 11.5], "texture": "#0"},
				"up": {"uv": [8.5, 0.5, 15.5, 5], "texture": "#0"},
				"down": {"uv": [9, 4, 15, 6], "texture": "#0"}
			}
		},
		{
			"from": [6, 2, 11],
			"to": [10, 6, 12],
			"faces": {
				"north": {"uv": [2, 2, 6, 5], "texture": "#0"},
				"east": {"uv": [14, 3.5, 15, 6.5], "texture": "#0"},
				"south": {"uv": [8, 3.5, 16, 10.5], "texture": "#0"},
				"west": {"uv": [9, 3.5, 10, 6.5], "texture": "#0"},
				"up": {"uv": [0, 7, 8, 9.5], "texture": "#0"},
				"down": {"uv": [10.5, 6, 14.5, 7], "texture": "#0"}
			}
		}
	],
	"display": {
		"thirdperson_righthand": {
			"rotation": [52, 0, 0],
			"translation": [-6, 3.5, 6],
			"scale": [1.5, 1.5, 1.5]
		},
		"thirdperson_lefthand": {
			"translation": [0, 2, 4]
		},
		"firstperson_righthand": {
			"rotation": [17, 0, 0],
			"translation": [-9, 5.25, 6]
		},
		"firstperson_lefthand": {
			"translation": [0, 5, 8.5]
		},
		"ground": {
			"translation": [0, 11.75, 0],
			"scale": [2, 2, 2]
		},
		"gui": {
			"rotation": [24, 137, 0],
			"translation": [0, 2, 0]
		},
		"head": {
			"translation": [0, 14, 3.5],
			"scale": [3, 3, 3]
		},
		"fixed": {
			"rotation": [-90, 0, 0],
			"translation": [0, 2.5, -31],
			"scale": [4, 4, 4]
		}
	}
}