{
	"credit": "Made with Blockbench",
	"textures": {
		"0": "item/charcoal/53",
		"2": "item/boat/1-1",
		"particle": "item/charcoal/53"
	},
	"elements": [
		{
			"name": "keyboard_base",
			"from": [0, 0.5, -0.25],
			"to": [16.25, 1.5, 6],
			"faces": {
				"north": {"uv": [0, 8.75, 8.125, 9.25], "texture": "#0"},
				"east": {"uv": [0, 8.75, 8.125, 9.25], "texture": "#0"},
				"south": {"uv": [0, 8.75, 8.125, 9.25], "texture": "#0"},
				"west": {"uv": [0, 8.75, 8.125, 9.25], "texture": "#0"},
				"up": {"uv": [0, 8.75, 8.125, 9.25], "texture": "#0"},
				"down": {"uv": [0, 8.75, 8.125, 9.25], "texture": "#0"}
			}
		},
		{
			"name": "keyboard_base1",
			"from": [0.25, 1.5, 0],
			"to": [16, 1.75, 0.25],
			"faces": {
				"north": {"uv": [8.125, 15.5, 16, 15.625], "texture": "#0"},
				"east": {"uv": [8.125, 15.5, 16, 15.625], "texture": "#0"},
				"south": {"uv": [8.125, 15.5, 16, 15.625], "texture": "#0"},
				"west": {"uv": [8.125, 15.5, 16, 15.625], "texture": "#0"},
				"up": {"uv": [8.125, 15.5, 16, 15.625], "texture": "#0"},
				"down": {"uv": [8.125, 15.5, 16, 15.625], "texture": "#0"}
			}
		},
		{
			"name": "keyboard_base2",
			"from": [0.25, 1.5, 0.25],
			"to": [0.5, 1.75, 5.75],
			"faces": {
				"north": {"uv": [3, 8.125, 3.125, 8.25], "texture": "#0"},
				"east": {"uv": [3, 8.125, 3.125, 8.25], "texture": "#0"},
				"south": {"uv": [3, 8.125, 3.125, 8.25], "texture": "#0"},
				"west": {"uv": [3, 8.125, 3.125, 8.25], "texture": "#0"},
				"up": {"uv": [3, 8.125, 3.125, 8.25], "texture": "#0"},
				"down": {"uv": [3, 8.125, 3.125, 8.25], "texture": "#0"}
			}
		},
		{
			"name": "keyboard_base3",
			"from": [0.5, 1.5, 5.5],
			"to": [16, 1.75, 5.75],
			"faces": {
				"north": {"uv": [8.125, 15, 15.875, 15.125], "texture": "#0"},
				"east": {"uv": [8.125, 15, 15.875, 15.125], "texture": "#0"},
				"south": {"uv": [8.125, 15, 15.875, 15.125], "texture": "#0"},
				"west": {"uv": [8.125, 15, 15.875, 15.125], "texture": "#0"},
				"up": {"uv": [8.125, 15, 15.875, 15.125], "texture": "#0"},
				"down": {"uv": [8.125, 15, 15.875, 15.125], "texture": "#0"}
			}
		},
		{
			"name": "keyboard_base4",
			"from": [15.75, 1.5, 0.25],
			"to": [16, 1.75, 5.5],
			"faces": {
				"north": {"uv": [5.75, 8, 5.875, 8.125], "texture": "#0"},
				"east": {"uv": [5.75, 8, 5.875, 8.125], "texture": "#0"},
				"south": {"uv": [5.75, 8, 5.875, 8.125], "texture": "#0"},
				"west": {"uv": [5.75, 8, 5.875, 8.125], "texture": "#0"},
				"up": {"uv": [5.75, 8, 5.875, 8.125], "texture": "#0"},
				"down": {"uv": [5.75, 8, 5.875, 8.125], "texture": "#0"}
			}
		},
		{
			"name": "keyboard_base5",
			"from": [0.5, 1.5, 0.25],
			"to": [15.75, 1.75, 0.75],
			"faces": {
				"north": {"uv": [0, 14.5, 15.25, 14.75], "texture": "#0"},
				"east": {"uv": [0, 14.5, 15.25, 14.75], "texture": "#0"},
				"south": {"uv": [0, 14.5, 15.25, 14.75], "texture": "#0"},
				"west": {"uv": [0, 14.5, 15.25, 14.75], "texture": "#0"},
				"up": {"uv": [0, 14.5, 15.25, 14.75], "texture": "#0"},
				"down": {"uv": [0, 14.5, 15.25, 14.75], "texture": "#0"}
			}
		},
		{
			"name": "led_buttons",
			"from": [1, 1.5, 1],
			"to": [1.5, 1.75, 1.5],
			"faces": {
				"north": {"uv": [10.68762, 14.17682, 11.85069, 15.24558], "texture": "#2"},
				"east": {"uv": [10.68762, 14.17682, 11.85069, 15.24558], "texture": "#2"},
				"south": {"uv": [10.68762, 14.17682, 11.85069, 15.24558], "texture": "#2"},
				"west": {"uv": [10.68762, 14.17682, 11.85069, 15.24558], "texture": "#2"},
				"up": {"uv": [10.68762, 14.17682, 11.85069, 15.24558], "texture": "#2"},
				"down": {"uv": [10.68762, 14.17682, 11.85069, 15.24558], "texture": "#2"}
			}
		},
		{
			"name": "led_buttons1",
			"from": [1, 1.5, 1.75],
			"to": [1.5, 1.75, 2.25],
			"faces": {
				"north": {"uv": [10.68762, 14.17682, 11.85069, 15.24558], "texture": "#2"},
				"east": {"uv": [10.68762, 14.17682, 11.85069, 15.24558], "texture": "#2"},
				"south": {"uv": [10.68762, 14.17682, 11.85069, 15.24558], "texture": "#2"},
				"west": {"uv": [10.68762, 14.17682, 11.85069, 15.24558], "texture": "#2"},
				"up": {"uv": [10.68762, 14.17682, 11.85069, 15.24558], "texture": "#2"},
				"down": {"uv": [10.68762, 14.17682, 11.85069, 15.24558], "texture": "#2"}
			}
		},
		{
			"name": "led_buttons2",
			"from": [1, 1.5, 2.5],
			"to": [1.5, 1.75, 3],
			"faces": {
				"north": {"uv": [10.68762, 14.17682, 11.85069, 15.24558], "texture": "#2"},
				"east": {"uv": [10.68762, 14.17682, 11.85069, 15.24558], "texture": "#2"},
				"south": {"uv": [10.68762, 14.17682, 11.85069, 15.24558], "texture": "#2"},
				"west": {"uv": [10.68762, 14.17682, 11.85069, 15.24558], "texture": "#2"},
				"up": {"uv": [10.68762, 14.17682, 11.85069, 15.24558], "texture": "#2"},
				"down": {"uv": [10.68762, 14.17682, 11.85069, 15.24558], "texture": "#2"}
			}
		},
		{
			"name": "led_buttons3",
			"from": [1, 1.5, 3.25],
			"to": [1.5, 1.75, 3.75],
			"faces": {
				"north": {"uv": [10.68762, 14.17682, 11.85069, 15.24558], "texture": "#2"},
				"east": {"uv": [10.68762, 14.17682, 11.85069, 15.24558], "texture": "#2"},
				"south": {"uv": [10.68762, 14.17682, 11.85069, 15.24558], "texture": "#2"},
				"west": {"uv": [10.68762, 14.17682, 11.85069, 15.24558], "texture": "#2"},
				"up": {"uv": [10.68762, 14.17682, 11.85069, 15.24558], "texture": "#2"},
				"down": {"uv": [10.68762, 14.17682, 11.85069, 15.24558], "texture": "#2"}
			}
		},
		{
			"name": "led_buttons4",
			"from": [1, 1.5, 4],
			"to": [1.5, 1.75, 4.5],
			"faces": {
				"north": {"uv": [10.68762, 14.17682, 11.85069, 15.24558], "texture": "#2"},
				"east": {"uv": [10.68762, 14.17682, 11.85069, 15.24558], "texture": "#2"},
				"south": {"uv": [10.68762, 14.17682, 11.85069, 15.24558], "texture": "#2"},
				"west": {"uv": [10.68762, 14.17682, 11.85069, 15.24558], "texture": "#2"},
				"up": {"uv": [10.68762, 14.17682, 11.85069, 15.24558], "texture": "#2"},
				"down": {"uv": [10.68762, 14.17682, 11.85069, 15.24558], "texture": "#2"}
			}
		},
		{
			"name": "led_buttons5",
			"from": [1, 1.5, 4.75],
			"to": [1.5, 1.75, 5.25],
			"faces": {
				"north": {"uv": [10.68762, 14.17682, 11.85069, 15.24558], "texture": "#2"},
				"east": {"uv": [10.68762, 14.17682, 11.85069, 15.24558], "texture": "#2"},
				"south": {"uv": [10.68762, 14.17682, 11.85069, 15.24558], "texture": "#2"},
				"west": {"uv": [10.68762, 14.17682, 11.85069, 15.24558], "texture": "#2"},
				"up": {"uv": [10.68762, 14.17682, 11.85069, 15.24558], "texture": "#2"},
				"down": {"uv": [10.68762, 14.17682, 11.85069, 15.24558], "texture": "#2"}
			}
		},
		{
			"name": "led_buttons6",
			"from": [1.75, 1.5, 4.75],
			"to": [2.25, 1.75, 5.25],
			"faces": {
				"north": {"uv": [10.68762, 14.17682, 11.85069, 15.24558], "texture": "#2"},
				"east": {"uv": [10.68762, 14.17682, 11.85069, 15.24558], "texture": "#2"},
				"south": {"uv": [10.68762, 14.17682, 11.85069, 15.24558], "texture": "#2"},
				"west": {"uv": [10.68762, 14.17682, 11.85069, 15.24558], "texture": "#2"},
				"up": {"uv": [10.68762, 14.17682, 11.85069, 15.24558], "texture": "#2"},
				"down": {"uv": [10.68762, 14.17682, 11.85069, 15.24558], "texture": "#2"}
			}
		},
		{
			"name": "led_buttons7",
			"from": [2, 1.5, 1],
			"to": [2.5, 1.75, 1.5],
			"faces": {
				"north": {"uv": [10.68762, 14.17682, 11.85069, 15.24558], "texture": "#2"},
				"east": {"uv": [10.68762, 14.17682, 11.85069, 15.24558], "texture": "#2"},
				"south": {"uv": [10.68762, 14.17682, 11.85069, 15.24558], "texture": "#2"},
				"west": {"uv": [10.68762, 14.17682, 11.85069, 15.24558], "texture": "#2"},
				"up": {"uv": [10.68762, 14.17682, 11.85069, 15.24558], "texture": "#2"},
				"down": {"uv": [10.68762, 14.17682, 11.85069, 15.24558], "texture": "#2"}
			}
		},
		{
			"name": "led_buttons8",
			"from": [2, 1.5, 3],
			"to": [2.5, 1.75, 3.5],
			"faces": {
				"north": {"uv": [10.68762, 14.17682, 11.85069, 15.24558], "texture": "#2"},
				"east": {"uv": [10.68762, 14.17682, 11.85069, 15.24558], "texture": "#2"},
				"south": {"uv": [10.68762, 14.17682, 11.85069, 15.24558], "texture": "#2"},
				"west": {"uv": [10.68762, 14.17682, 11.85069, 15.24558], "texture": "#2"},
				"up": {"uv": [10.68762, 14.17682, 11.85069, 15.24558], "texture": "#2"},
				"down": {"uv": [10.68762, 14.17682, 11.85069, 15.24558], "texture": "#2"}
			}
		},
		{
			"name": "led_buttons9",
			"from": [2, 1.5, 3.75],
			"to": [2.5, 1.75, 4.25],
			"faces": {
				"north": {"uv": [10.68762, 14.17682, 11.85069, 15.24558], "texture": "#2"},
				"east": {"uv": [10.68762, 14.17682, 11.85069, 15.24558], "texture": "#2"},
				"south": {"uv": [10.68762, 14.17682, 11.85069, 15.24558], "texture": "#2"},
				"west": {"uv": [10.68762, 14.17682, 11.85069, 15.24558], "texture": "#2"},
				"up": {"uv": [10.68762, 14.17682, 11.85069, 15.24558], "texture": "#2"},
				"down": {"uv": [10.68762, 14.17682, 11.85069, 15.24558], "texture": "#2"}
			}
		},
		{
			"name": "led_buttons10",
			"from": [2.5, 1.5, 4.75],
			"to": [3, 1.75, 5.25],
			"faces": {
				"north": {"uv": [10.68762, 14.17682, 11.85069, 15.24558], "texture": "#2"},
				"east": {"uv": [10.68762, 14.17682, 11.85069, 15.24558], "texture": "#2"},
				"south": {"uv": [10.68762, 14.17682, 11.85069, 15.24558], "texture": "#2"},
				"west": {"uv": [10.68762, 14.17682, 11.85069, 15.24558], "texture": "#2"},
				"up": {"uv": [10.68762, 14.17682, 11.85069, 15.24558], "texture": "#2"},
				"down": {"uv": [10.68762, 14.17682, 11.85069, 15.24558], "texture": "#2"}
			}
		},
		{
			"name": "led_buttons11",
			"from": [2.75, 1.5, 1],
			"to": [3.25, 1.75, 1.5],
			"faces": {
				"north": {"uv": [10.68762, 14.17682, 11.85069, 15.24558], "texture": "#2"},
				"east": {"uv": [10.68762, 14.17682, 11.85069, 15.24558], "texture": "#2"},
				"south": {"uv": [10.68762, 14.17682, 11.85069, 15.24558], "texture": "#2"},
				"west": {"uv": [10.68762, 14.17682, 11.85069, 15.24558], "texture": "#2"},
				"up": {"uv": [10.68762, 14.17682, 11.85069, 15.24558], "texture": "#2"},
				"down": {"uv": [10.68762, 14.17682, 11.85069, 15.24558], "texture": "#2"}
			}
		},
		{
			"name": "led_buttons12",
			"from": [2.75, 1.5, 1.75],
			"to": [3.25, 1.75, 2.25],
			"faces": {
				"north": {"uv": [10.68762, 14.17682, 11.85069, 15.24558], "texture": "#2"},
				"east": {"uv": [10.68762, 14.17682, 11.85069, 15.24558], "texture": "#2"},
				"south": {"uv": [10.68762, 14.17682, 11.85069, 15.24558], "texture": "#2"},
				"west": {"uv": [10.68762, 14.17682, 11.85069, 15.24558], "texture": "#2"},
				"up": {"uv": [10.68762, 14.17682, 11.85069, 15.24558], "texture": "#2"},
				"down": {"uv": [10.68762, 14.17682, 11.85069, 15.24558], "texture": "#2"}
			}
		},
		{
			"name": "led_buttons13",
			"from": [2.75, 1.5, 3],
			"to": [3.25, 1.75, 3.5],
			"faces": {
				"north": {"uv": [10.68762, 14.17682, 11.85069, 15.24558], "texture": "#2"},
				"east": {"uv": [10.68762, 14.17682, 11.85069, 15.24558], "texture": "#2"},
				"south": {"uv": [10.68762, 14.17682, 11.85069, 15.24558], "texture": "#2"},
				"west": {"uv": [10.68762, 14.17682, 11.85069, 15.24558], "texture": "#2"},
				"up": {"uv": [10.68762, 14.17682, 11.85069, 15.24558], "texture": "#2"},
				"down": {"uv": [10.68762, 14.17682, 11.85069, 15.24558], "texture": "#2"}
			}
		},
		{
			"name": "led_buttons14",
			"from": [2.75, 1.5, 3.75],
			"to": [3.25, 1.75, 4.25],
			"faces": {
				"north": {"uv": [10.68762, 14.17682, 11.85069, 15.24558], "texture": "#2"},
				"east": {"uv": [10.68762, 14.17682, 11.85069, 15.24558], "texture": "#2"},
				"south": {"uv": [10.68762, 14.17682, 11.85069, 15.24558], "texture": "#2"},
				"west": {"uv": [10.68762, 14.17682, 11.85069, 15.24558], "texture": "#2"},
				"up": {"uv": [10.68762, 14.17682, 11.85069, 15.24558], "texture": "#2"},
				"down": {"uv": [10.68762, 14.17682, 11.85069, 15.24558], "texture": "#2"}
			}
		},
		{
			"name": "led_buttons15",
			"from": [3.25, 1.5, 4.75],
			"to": [3.75, 1.75, 5.25],
			"faces": {
				"north": {"uv": [10.68762, 14.17682, 11.85069, 15.24558], "texture": "#2"},
				"east": {"uv": [10.68762, 14.17682, 11.85069, 15.24558], "texture": "#2"},
				"south": {"uv": [10.68762, 14.17682, 11.85069, 15.24558], "texture": "#2"},
				"west": {"uv": [10.68762, 14.17682, 11.85069, 15.24558], "texture": "#2"},
				"up": {"uv": [10.68762, 14.17682, 11.85069, 15.24558], "texture": "#2"},
				"down": {"uv": [10.68762, 14.17682, 11.85069, 15.24558], "texture": "#2"}
			}
		},
		{
			"name": "led_buttons16",
			"from": [3.5, 1.5, 1],
			"to": [4, 1.75, 1.5],
			"faces": {
				"north": {"uv": [10.68762, 14.17682, 11.85069, 15.24558], "texture": "#2"},
				"east": {"uv": [10.68762, 14.17682, 11.85069, 15.24558], "texture": "#2"},
				"south": {"uv": [10.68762, 14.17682, 11.85069, 15.24558], "texture": "#2"},
				"west": {"uv": [10.68762, 14.17682, 11.85069, 15.24558], "texture": "#2"},
				"up": {"uv": [10.68762, 14.17682, 11.85069, 15.24558], "texture": "#2"},
				"down": {"uv": [10.68762, 14.17682, 11.85069, 15.24558], "texture": "#2"}
			}
		},
		{
			"name": "led_buttons17",
			"from": [3.5, 1.5, 3],
			"to": [4, 1.75, 3.5],
			"faces": {
				"north": {"uv": [10.68762, 14.17682, 11.85069, 15.24558], "texture": "#2"},
				"east": {"uv": [10.68762, 14.17682, 11.85069, 15.24558], "texture": "#2"},
				"south": {"uv": [10.68762, 14.17682, 11.85069, 15.24558], "texture": "#2"},
				"west": {"uv": [10.68762, 14.17682, 11.85069, 15.24558], "texture": "#2"},
				"up": {"uv": [10.68762, 14.17682, 11.85069, 15.24558], "texture": "#2"},
				"down": {"uv": [10.68762, 14.17682, 11.85069, 15.24558], "texture": "#2"}
			}
		},
		{
			"name": "led_buttons18",
			"from": [3.5, 1.5, 3.75],
			"to": [4, 1.75, 4.25],
			"faces": {
				"north": {"uv": [10.68762, 14.17682, 11.85069, 15.24558], "texture": "#2"},
				"east": {"uv": [10.68762, 14.17682, 11.85069, 15.24558], "texture": "#2"},
				"south": {"uv": [10.68762, 14.17682, 11.85069, 15.24558], "texture": "#2"},
				"west": {"uv": [10.68762, 14.17682, 11.85069, 15.24558], "texture": "#2"},
				"up": {"uv": [10.68762, 14.17682, 11.85069, 15.24558], "texture": "#2"},
				"down": {"uv": [10.68762, 14.17682, 11.85069, 15.24558], "texture": "#2"}
			}
		},
		{
			"name": "led_buttons19",
			"from": [4, 1.5, 4.75],
			"to": [4.5, 1.75, 5.25],
			"faces": {
				"north": {"uv": [10.68762, 14.17682, 11.85069, 15.24558], "texture": "#2"},
				"east": {"uv": [10.68762, 14.17682, 11.85069, 15.24558], "texture": "#2"},
				"south": {"uv": [10.68762, 14.17682, 11.85069, 15.24558], "texture": "#2"},
				"west": {"uv": [10.68762, 14.17682, 11.85069, 15.24558], "texture": "#2"},
				"up": {"uv": [10.68762, 14.17682, 11.85069, 15.24558], "texture": "#2"},
				"down": {"uv": [10.68762, 14.17682, 11.85069, 15.24558], "texture": "#2"}
			}
		},
		{
			"name": "led_buttons20",
			"from": [4.5, 1.5, 1],
			"to": [5.25, 1.75, 1.5],
			"faces": {
				"north": {"uv": [10.68762, 14.17682, 11.85069, 15.24558], "texture": "#2"},
				"east": {"uv": [10.68762, 14.17682, 11.85069, 15.24558], "texture": "#2"},
				"south": {"uv": [10.68762, 14.17682, 11.85069, 15.24558], "texture": "#2"},
				"west": {"uv": [10.68762, 14.17682, 11.85069, 15.24558], "texture": "#2"},
				"up": {"uv": [10.68762, 14.17682, 11.85069, 15.24558], "texture": "#2"},
				"down": {"uv": [10.68762, 14.17682, 11.85069, 15.24558], "texture": "#2"}
			}
		},
		{
			"name": "led_buttons21",
			"from": [4.5, 1.5, 1.75],
			"to": [6.5, 1.75, 2.25],
			"faces": {
				"north": {"uv": [10.68762, 14.17682, 11.85069, 15.24558], "texture": "#2"},
				"east": {"uv": [10.68762, 14.17682, 11.85069, 15.24558], "texture": "#2"},
				"south": {"uv": [10.68762, 14.17682, 11.85069, 15.24558], "texture": "#2"},
				"west": {"uv": [10.68762, 14.17682, 11.85069, 15.24558], "texture": "#2"},
				"up": {"uv": [10.68762, 14.17682, 11.85069, 15.24558], "texture": "#2"},
				"down": {"uv": [10.68762, 14.17682, 11.85069, 15.24558], "texture": "#2"}
			}
		},
		{
			"name": "led_buttons22",
			"from": [4.5, 1.5, 2.5],
			"to": [6, 1.75, 3],
			"faces": {
				"north": {"uv": [10.68762, 14.17682, 11.85069, 15.24558], "texture": "#2"},
				"east": {"uv": [10.68762, 14.17682, 11.85069, 15.24558], "texture": "#2"},
				"south": {"uv": [10.68762, 14.17682, 11.85069, 15.24558], "texture": "#2"},
				"west": {"uv": [10.68762, 14.17682, 11.85069, 15.24558], "texture": "#2"},
				"up": {"uv": [10.68762, 14.17682, 11.85069, 15.24558], "texture": "#2"},
				"down": {"uv": [10.68762, 14.17682, 11.85069, 15.24558], "texture": "#2"}
			}
		},
		{
			"name": "led_buttons23",
			"from": [4.5, 1.5, 3.25],
			"to": [5.5, 1.75, 3.75],
			"faces": {
				"north": {"uv": [10.68762, 14.17682, 11.85069, 15.24558], "texture": "#2"},
				"east": {"uv": [10.68762, 14.17682, 11.85069, 15.24558], "texture": "#2"},
				"south": {"uv": [10.68762, 14.17682, 11.85069, 15.24558], "texture": "#2"},
				"west": {"uv": [10.68762, 14.17682, 11.85069, 15.24558], "texture": "#2"},
				"up": {"uv": [10.68762, 14.17682, 11.85069, 15.24558], "texture": "#2"},
				"down": {"uv": [10.68762, 14.17682, 11.85069, 15.24558], "texture": "#2"}
			}
		},
		{
			"name": "led_buttons24",
			"from": [4.5, 1.5, 4],
			"to": [5.75, 1.75, 4.5],
			"faces": {
				"north": {"uv": [10.68762, 14.17682, 11.85069, 15.24558], "texture": "#2"},
				"east": {"uv": [10.68762, 14.17682, 11.85069, 15.24558], "texture": "#2"},
				"south": {"uv": [10.68762, 14.17682, 11.85069, 15.24558], "texture": "#2"},
				"west": {"uv": [10.68762, 14.17682, 11.85069, 15.24558], "texture": "#2"},
				"up": {"uv": [10.68762, 14.17682, 11.85069, 15.24558], "texture": "#2"},
				"down": {"uv": [10.68762, 14.17682, 11.85069, 15.24558], "texture": "#2"}
			}
		},
		{
			"name": "led_buttons25",
			"from": [4.75, 1.5, 4.75],
			"to": [5.25, 1.75, 5.25],
			"faces": {
				"north": {"uv": [10.68762, 14.17682, 11.85069, 15.24558], "texture": "#2"},
				"east": {"uv": [10.68762, 14.17682, 11.85069, 15.24558], "texture": "#2"},
				"south": {"uv": [10.68762, 14.17682, 11.85069, 15.24558], "texture": "#2"},
				"west": {"uv": [10.68762, 14.17682, 11.85069, 15.24558], "texture": "#2"},
				"up": {"uv": [10.68762, 14.17682, 11.85069, 15.24558], "texture": "#2"},
				"down": {"uv": [10.68762, 14.17682, 11.85069, 15.24558], "texture": "#2"}
			}
		},
		{
			"name": "led_buttons26",
			"from": [5.5, 1.5, 1],
			"to": [6, 1.75, 1.5],
			"faces": {
				"north": {"uv": [10.68762, 14.17682, 11.85069, 15.24558], "texture": "#2"},
				"east": {"uv": [10.68762, 14.17682, 11.85069, 15.24558], "texture": "#2"},
				"south": {"uv": [10.68762, 14.17682, 11.85069, 15.24558], "texture": "#2"},
				"west": {"uv": [10.68762, 14.17682, 11.85069, 15.24558], "texture": "#2"},
				"up": {"uv": [10.68762, 14.17682, 11.85069, 15.24558], "texture": "#2"},
				"down": {"uv": [10.68762, 14.17682, 11.85069, 15.24558], "texture": "#2"}
			}
		},
		{
			"name": "led_buttons27",
			"from": [5.5, 1.5, 4.75],
			"to": [6, 1.75, 5.25],
			"faces": {
				"north": {"uv": [10.68762, 14.17682, 11.85069, 15.24558], "texture": "#2"},
				"east": {"uv": [10.68762, 14.17682, 11.85069, 15.24558], "texture": "#2"},
				"south": {"uv": [10.68762, 14.17682, 11.85069, 15.24558], "texture": "#2"},
				"west": {"uv": [10.68762, 14.17682, 11.85069, 15.24558], "texture": "#2"},
				"up": {"uv": [10.68762, 14.17682, 11.85069, 15.24558], "texture": "#2"},
				"down": {"uv": [10.68762, 14.17682, 11.85069, 15.24558], "texture": "#2"}
			}
		},
		{
			"name": "led_buttons28",
			"from": [5.75, 1.5, 3.25],
			"to": [6.25, 1.75, 3.75],
			"faces": {
				"north": {"uv": [10.68762, 14.17682, 11.85069, 15.24558], "texture": "#2"},
				"east": {"uv": [10.68762, 14.17682, 11.85069, 15.24558], "texture": "#2"},
				"south": {"uv": [10.68762, 14.17682, 11.85069, 15.24558], "texture": "#2"},
				"west": {"uv": [10.68762, 14.17682, 11.85069, 15.24558], "texture": "#2"},
				"up": {"uv": [10.68762, 14.17682, 11.85069, 15.24558], "texture": "#2"},
				"down": {"uv": [10.68762, 14.17682, 11.85069, 15.24558], "texture": "#2"}
			}
		},
		{
			"name": "led_buttons29",
			"from": [6, 1.5, 4],
			"to": [6.5, 1.75, 4.5],
			"faces": {
				"north": {"uv": [10.68762, 14.17682, 11.85069, 15.24558], "texture": "#2"},
				"east": {"uv": [10.68762, 14.17682, 11.85069, 15.24558], "texture": "#2"},
				"south": {"uv": [10.68762, 14.17682, 11.85069, 15.24558], "texture": "#2"},
				"west": {"uv": [10.68762, 14.17682, 11.85069, 15.24558], "texture": "#2"},
				"up": {"uv": [10.68762, 14.17682, 11.85069, 15.24558], "texture": "#2"},
				"down": {"uv": [10.68762, 14.17682, 11.85069, 15.24558], "texture": "#2"}
			}
		},
		{
			"name": "led_buttons30",
			"from": [6.25, 1.5, 1],
			"to": [6.75, 1.75, 1.5],
			"faces": {
				"north": {"uv": [10.68762, 14.17682, 11.85069, 15.24558], "texture": "#2"},
				"east": {"uv": [10.68762, 14.17682, 11.85069, 15.24558], "texture": "#2"},
				"south": {"uv": [10.68762, 14.17682, 11.85069, 15.24558], "texture": "#2"},
				"west": {"uv": [10.68762, 14.17682, 11.85069, 15.24558], "texture": "#2"},
				"up": {"uv": [10.68762, 14.17682, 11.85069, 15.24558], "texture": "#2"},
				"down": {"uv": [10.68762, 14.17682, 11.85069, 15.24558], "texture": "#2"}
			}
		},
		{
			"name": "led_buttons31",
			"from": [6.25, 1.5, 2.5],
			"to": [6.75, 1.75, 3],
			"faces": {
				"north": {"uv": [10.68762, 14.17682, 11.85069, 15.24558], "texture": "#2"},
				"east": {"uv": [10.68762, 14.17682, 11.85069, 15.24558], "texture": "#2"},
				"south": {"uv": [10.68762, 14.17682, 11.85069, 15.24558], "texture": "#2"},
				"west": {"uv": [10.68762, 14.17682, 11.85069, 15.24558], "texture": "#2"},
				"up": {"uv": [10.68762, 14.17682, 11.85069, 15.24558], "texture": "#2"},
				"down": {"uv": [10.68762, 14.17682, 11.85069, 15.24558], "texture": "#2"}
			}
		},
		{
			"name": "led_buttons32",
			"from": [6.25, 1.5, 4.75],
			"to": [6.75, 1.75, 5.25],
			"faces": {
				"north": {"uv": [10.68762, 14.17682, 11.85069, 15.24558], "texture": "#2"},
				"east": {"uv": [10.68762, 14.17682, 11.85069, 15.24558], "texture": "#2"},
				"south": {"uv": [10.68762, 14.17682, 11.85069, 15.24558], "texture": "#2"},
				"west": {"uv": [10.68762, 14.17682, 11.85069, 15.24558], "texture": "#2"},
				"up": {"uv": [10.68762, 14.17682, 11.85069, 15.24558], "texture": "#2"},
				"down": {"uv": [10.68762, 14.17682, 11.85069, 15.24558], "texture": "#2"}
			}
		},
		{
			"name": "led_buttons33",
			"from": [6.5, 1.5, 3.25],
			"to": [7, 1.75, 3.75],
			"faces": {
				"north": {"uv": [10.68762, 14.17682, 11.85069, 15.24558], "texture": "#2"},
				"east": {"uv": [10.68762, 14.17682, 11.85069, 15.24558], "texture": "#2"},
				"south": {"uv": [10.68762, 14.17682, 11.85069, 15.24558], "texture": "#2"},
				"west": {"uv": [10.68762, 14.17682, 11.85069, 15.24558], "texture": "#2"},
				"up": {"uv": [10.68762, 14.17682, 11.85069, 15.24558], "texture": "#2"},
				"down": {"uv": [10.68762, 14.17682, 11.85069, 15.24558], "texture": "#2"}
			}
		},
		{
			"name": "led_buttons34",
			"from": [6.75, 1.5, 1.75],
			"to": [7.25, 1.75, 2.25],
			"faces": {
				"north": {"uv": [10.68762, 14.17682, 11.85069, 15.24558], "texture": "#2"},
				"east": {"uv": [10.68762, 14.17682, 11.85069, 15.24558], "texture": "#2"},
				"south": {"uv": [10.68762, 14.17682, 11.85069, 15.24558], "texture": "#2"},
				"west": {"uv": [10.68762, 14.17682, 11.85069, 15.24558], "texture": "#2"},
				"up": {"uv": [10.68762, 14.17682, 11.85069, 15.24558], "texture": "#2"},
				"down": {"uv": [10.68762, 14.17682, 11.85069, 15.24558], "texture": "#2"}
			}
		},
		{
			"name": "led_buttons35",
			"from": [6.75, 1.5, 4],
			"to": [7.25, 1.75, 4.5],
			"faces": {
				"north": {"uv": [10.68762, 14.17682, 11.85069, 15.24558], "texture": "#2"},
				"east": {"uv": [10.68762, 14.17682, 11.85069, 15.24558], "texture": "#2"},
				"south": {"uv": [10.68762, 14.17682, 11.85069, 15.24558], "texture": "#2"},
				"west": {"uv": [10.68762, 14.17682, 11.85069, 15.24558], "texture": "#2"},
				"up": {"uv": [10.68762, 14.17682, 11.85069, 15.24558], "texture": "#2"},
				"down": {"uv": [10.68762, 14.17682, 11.85069, 15.24558], "texture": "#2"}
			}
		},
		{
			"name": "led_buttons36",
			"from": [7, 1.5, 1],
			"to": [12.25, 1.75, 1.5],
			"faces": {
				"north": {"uv": [10.68762, 14.17682, 11.85069, 15.24558], "texture": "#2"},
				"east": {"uv": [10.68762, 14.17682, 11.85069, 15.24558], "texture": "#2"},
				"south": {"uv": [10.68762, 14.17682, 11.85069, 15.24558], "texture": "#2"},
				"west": {"uv": [10.68762, 14.17682, 11.85069, 15.24558], "texture": "#2"},
				"up": {"uv": [10.68762, 14.17682, 11.85069, 15.24558], "texture": "#2"},
				"down": {"uv": [10.68762, 14.17682, 11.85069, 15.24558], "texture": "#2"}
			}
		},
		{
			"name": "led_buttons37",
			"from": [7, 1.5, 2.5],
			"to": [7.5, 1.75, 3],
			"faces": {
				"north": {"uv": [10.68762, 14.17682, 11.85069, 15.24558], "texture": "#2"},
				"east": {"uv": [10.68762, 14.17682, 11.85069, 15.24558], "texture": "#2"},
				"south": {"uv": [10.68762, 14.17682, 11.85069, 15.24558], "texture": "#2"},
				"west": {"uv": [10.68762, 14.17682, 11.85069, 15.24558], "texture": "#2"},
				"up": {"uv": [10.68762, 14.17682, 11.85069, 15.24558], "texture": "#2"},
				"down": {"uv": [10.68762, 14.17682, 11.85069, 15.24558], "texture": "#2"}
			}
		},
		{
			"name": "led_buttons38",
			"from": [7, 1.5, 4.75],
			"to": [7.5, 1.75, 5.25],
			"faces": {
				"north": {"uv": [10.68762, 14.17682, 11.85069, 15.24558], "texture": "#2"},
				"east": {"uv": [10.68762, 14.17682, 11.85069, 15.24558], "texture": "#2"},
				"south": {"uv": [10.68762, 14.17682, 11.85069, 15.24558], "texture": "#2"},
				"west": {"uv": [10.68762, 14.17682, 11.85069, 15.24558], "texture": "#2"},
				"up": {"uv": [10.68762, 14.17682, 11.85069, 15.24558], "texture": "#2"},
				"down": {"uv": [10.68762, 14.17682, 11.85069, 15.24558], "texture": "#2"}
			}
		},
		{
			"name": "led_buttons39",
			"from": [7.25, 1.5, 3.25],
			"to": [7.75, 1.75, 3.75],
			"faces": {
				"north": {"uv": [10.68762, 14.17682, 11.85069, 15.24558], "texture": "#2"},
				"east": {"uv": [10.68762, 14.17682, 11.85069, 15.24558], "texture": "#2"},
				"south": {"uv": [10.68762, 14.17682, 11.85069, 15.24558], "texture": "#2"},
				"west": {"uv": [10.68762, 14.17682, 11.85069, 15.24558], "texture": "#2"},
				"up": {"uv": [10.68762, 14.17682, 11.85069, 15.24558], "texture": "#2"},
				"down": {"uv": [10.68762, 14.17682, 11.85069, 15.24558], "texture": "#2"}
			}
		},
		{
			"name": "led_buttons40",
			"from": [7.5, 1.5, 1.75],
			"to": [8, 1.75, 2.25],
			"faces": {
				"north": {"uv": [10.68762, 14.17682, 11.85069, 15.24558], "texture": "#2"},
				"east": {"uv": [10.68762, 14.17682, 11.85069, 15.24558], "texture": "#2"},
				"south": {"uv": [10.68762, 14.17682, 11.85069, 15.24558], "texture": "#2"},
				"west": {"uv": [10.68762, 14.17682, 11.85069, 15.24558], "texture": "#2"},
				"up": {"uv": [10.68762, 14.17682, 11.85069, 15.24558], "texture": "#2"},
				"down": {"uv": [10.68762, 14.17682, 11.85069, 15.24558], "texture": "#2"}
			}
		},
		{
			"name": "led_buttons41",
			"from": [7.5, 1.5, 4],
			"to": [8, 1.75, 4.5],
			"faces": {
				"north": {"uv": [10.68762, 14.17682, 11.85069, 15.24558], "texture": "#2"},
				"east": {"uv": [10.68762, 14.17682, 11.85069, 15.24558], "texture": "#2"},
				"south": {"uv": [10.68762, 14.17682, 11.85069, 15.24558], "texture": "#2"},
				"west": {"uv": [10.68762, 14.17682, 11.85069, 15.24558], "texture": "#2"},
				"up": {"uv": [10.68762, 14.17682, 11.85069, 15.24558], "texture": "#2"},
				"down": {"uv": [10.68762, 14.17682, 11.85069, 15.24558], "texture": "#2"}
			}
		},
		{
			"name": "led_buttons42",
			"from": [7.75, 1.5, 2.5],
			"to": [8.25, 1.75, 3],
			"faces": {
				"north": {"uv": [10.68762, 14.17682, 11.85069, 15.24558], "texture": "#2"},
				"east": {"uv": [10.68762, 14.17682, 11.85069, 15.24558], "texture": "#2"},
				"south": {"uv": [10.68762, 14.17682, 11.85069, 15.24558], "texture": "#2"},
				"west": {"uv": [10.68762, 14.17682, 11.85069, 15.24558], "texture": "#2"},
				"up": {"uv": [10.68762, 14.17682, 11.85069, 15.24558], "texture": "#2"},
				"down": {"uv": [10.68762, 14.17682, 11.85069, 15.24558], "texture": "#2"}
			}
		},
		{
			"name": "led_buttons43",
			"from": [7.75, 1.5, 4.75],
			"to": [8.25, 1.75, 5.25],
			"faces": {
				"north": {"uv": [10.68762, 14.17682, 11.85069, 15.24558], "texture": "#2"},
				"east": {"uv": [10.68762, 14.17682, 11.85069, 15.24558], "texture": "#2"},
				"south": {"uv": [10.68762, 14.17682, 11.85069, 15.24558], "texture": "#2"},
				"west": {"uv": [10.68762, 14.17682, 11.85069, 15.24558], "texture": "#2"},
				"up": {"uv": [10.68762, 14.17682, 11.85069, 15.24558], "texture": "#2"},
				"down": {"uv": [10.68762, 14.17682, 11.85069, 15.24558], "texture": "#2"}
			}
		},
		{
			"name": "led_buttons44",
			"from": [8, 1.5, 3.25],
			"to": [8.5, 1.75, 3.75],
			"faces": {
				"north": {"uv": [10.68762, 14.17682, 11.85069, 15.24558], "texture": "#2"},
				"east": {"uv": [10.68762, 14.17682, 11.85069, 15.24558], "texture": "#2"},
				"south": {"uv": [10.68762, 14.17682, 11.85069, 15.24558], "texture": "#2"},
				"west": {"uv": [10.68762, 14.17682, 11.85069, 15.24558], "texture": "#2"},
				"up": {"uv": [10.68762, 14.17682, 11.85069, 15.24558], "texture": "#2"},
				"down": {"uv": [10.68762, 14.17682, 11.85069, 15.24558], "texture": "#2"}
			}
		},
		{
			"name": "led_buttons45",
			"from": [8.25, 1.5, 1.75],
			"to": [8.75, 1.75, 2.25],
			"faces": {
				"north": {"uv": [10.68762, 14.17682, 11.85069, 15.24558], "texture": "#2"},
				"east": {"uv": [10.68762, 14.17682, 11.85069, 15.24558], "texture": "#2"},
				"south": {"uv": [10.68762, 14.17682, 11.85069, 15.24558], "texture": "#2"},
				"west": {"uv": [10.68762, 14.17682, 11.85069, 15.24558], "texture": "#2"},
				"up": {"uv": [10.68762, 14.17682, 11.85069, 15.24558], "texture": "#2"},
				"down": {"uv": [10.68762, 14.17682, 11.85069, 15.24558], "texture": "#2"}
			}
		},
		{
			"name": "led_buttons46",
			"from": [8.25, 1.5, 4],
			"to": [8.75, 1.75, 4.5],
			"faces": {
				"north": {"uv": [10.68762, 14.17682, 11.85069, 15.24558], "texture": "#2"},
				"east": {"uv": [10.68762, 14.17682, 11.85069, 15.24558], "texture": "#2"},
				"south": {"uv": [10.68762, 14.17682, 11.85069, 15.24558], "texture": "#2"},
				"west": {"uv": [10.68762, 14.17682, 11.85069, 15.24558], "texture": "#2"},
				"up": {"uv": [10.68762, 14.17682, 11.85069, 15.24558], "texture": "#2"},
				"down": {"uv": [10.68762, 14.17682, 11.85069, 15.24558], "texture": "#2"}
			}
		},
		{
			"name": "led_buttons47",
			"from": [8.5, 1.5, 2.5],
			"to": [9, 1.75, 3],
			"faces": {
				"north": {"uv": [10.68762, 14.17682, 11.85069, 15.24558], "texture": "#2"},
				"east": {"uv": [10.68762, 14.17682, 11.85069, 15.24558], "texture": "#2"},
				"south": {"uv": [10.68762, 14.17682, 11.85069, 15.24558], "texture": "#2"},
				"west": {"uv": [10.68762, 14.17682, 11.85069, 15.24558], "texture": "#2"},
				"up": {"uv": [10.68762, 14.17682, 11.85069, 15.24558], "texture": "#2"},
				"down": {"uv": [10.68762, 14.17682, 11.85069, 15.24558], "texture": "#2"}
			}
		},
		{
			"name": "led_buttons48",
			"from": [8.5, 1.5, 4.75],
			"to": [9, 1.75, 5.25],
			"faces": {
				"north": {"uv": [10.68762, 14.17682, 11.85069, 15.24558], "texture": "#2"},
				"east": {"uv": [10.68762, 14.17682, 11.85069, 15.24558], "texture": "#2"},
				"south": {"uv": [10.68762, 14.17682, 11.85069, 15.24558], "texture": "#2"},
				"west": {"uv": [10.68762, 14.17682, 11.85069, 15.24558], "texture": "#2"},
				"up": {"uv": [10.68762, 14.17682, 11.85069, 15.24558], "texture": "#2"},
				"down": {"uv": [10.68762, 14.17682, 11.85069, 15.24558], "texture": "#2"}
			}
		},
		{
			"name": "led_buttons49",
			"from": [8.75, 1.5, 3.25],
			"to": [9.25, 1.75, 3.75],
			"faces": {
				"north": {"uv": [10.68762, 14.17682, 11.85069, 15.24558], "texture": "#2"},
				"east": {"uv": [10.68762, 14.17682, 11.85069, 15.24558], "texture": "#2"},
				"south": {"uv": [10.68762, 14.17682, 11.85069, 15.24558], "texture": "#2"},
				"west": {"uv": [10.68762, 14.17682, 11.85069, 15.24558], "texture": "#2"},
				"up": {"uv": [10.68762, 14.17682, 11.85069, 15.24558], "texture": "#2"},
				"down": {"uv": [10.68762, 14.17682, 11.85069, 15.24558], "texture": "#2"}
			}
		},
		{
			"name": "led_buttons50",
			"from": [9, 1.5, 1.75],
			"to": [9.5, 1.75, 2.25],
			"faces": {
				"north": {"uv": [10.68762, 14.17682, 11.85069, 15.24558], "texture": "#2"},
				"east": {"uv": [10.68762, 14.17682, 11.85069, 15.24558], "texture": "#2"},
				"south": {"uv": [10.68762, 14.17682, 11.85069, 15.24558], "texture": "#2"},
				"west": {"uv": [10.68762, 14.17682, 11.85069, 15.24558], "texture": "#2"},
				"up": {"uv": [10.68762, 14.17682, 11.85069, 15.24558], "texture": "#2"},
				"down": {"uv": [10.68762, 14.17682, 11.85069, 15.24558], "texture": "#2"}
			}
		},
		{
			"name": "led_buttons51",
			"from": [9, 1.5, 4],
			"to": [9.5, 1.75, 4.5],
			"faces": {
				"north": {"uv": [10.68762, 14.17682, 11.85069, 15.24558], "texture": "#2"},
				"east": {"uv": [10.68762, 14.17682, 11.85069, 15.24558], "texture": "#2"},
				"south": {"uv": [10.68762, 14.17682, 11.85069, 15.24558], "texture": "#2"},
				"west": {"uv": [10.68762, 14.17682, 11.85069, 15.24558], "texture": "#2"},
				"up": {"uv": [10.68762, 14.17682, 11.85069, 15.24558], "texture": "#2"},
				"down": {"uv": [10.68762, 14.17682, 11.85069, 15.24558], "texture": "#2"}
			}
		},
		{
			"name": "led_buttons52",
			"from": [9.25, 1.5, 2.5],
			"to": [9.75, 1.75, 3],
			"faces": {
				"north": {"uv": [10.68762, 14.17682, 11.85069, 15.24558], "texture": "#2"},
				"east": {"uv": [10.68762, 14.17682, 11.85069, 15.24558], "texture": "#2"},
				"south": {"uv": [10.68762, 14.17682, 11.85069, 15.24558], "texture": "#2"},
				"west": {"uv": [10.68762, 14.17682, 11.85069, 15.24558], "texture": "#2"},
				"up": {"uv": [10.68762, 14.17682, 11.85069, 15.24558], "texture": "#2"},
				"down": {"uv": [10.68762, 14.17682, 11.85069, 15.24558], "texture": "#2"}
			}
		},
		{
			"name": "led_buttons53",
			"from": [9.25, 1.5, 4.75],
			"to": [9.75, 1.75, 5.25],
			"faces": {
				"north": {"uv": [10.68762, 14.17682, 11.85069, 15.24558], "texture": "#2"},
				"east": {"uv": [10.68762, 14.17682, 11.85069, 15.24558], "texture": "#2"},
				"south": {"uv": [10.68762, 14.17682, 11.85069, 15.24558], "texture": "#2"},
				"west": {"uv": [10.68762, 14.17682, 11.85069, 15.24558], "texture": "#2"},
				"up": {"uv": [10.68762, 14.17682, 11.85069, 15.24558], "texture": "#2"},
				"down": {"uv": [10.68762, 14.17682, 11.85069, 15.24558], "texture": "#2"}
			}
		},
		{
			"name": "led_buttons54",
			"from": [9.5, 1.5, 3.25],
			"to": [10, 1.75, 3.75],
			"faces": {
				"north": {"uv": [10.68762, 14.17682, 11.85069, 15.24558], "texture": "#2"},
				"east": {"uv": [10.68762, 14.17682, 11.85069, 15.24558], "texture": "#2"},
				"south": {"uv": [10.68762, 14.17682, 11.85069, 15.24558], "texture": "#2"},
				"west": {"uv": [10.68762, 14.17682, 11.85069, 15.24558], "texture": "#2"},
				"up": {"uv": [10.68762, 14.17682, 11.85069, 15.24558], "texture": "#2"},
				"down": {"uv": [10.68762, 14.17682, 11.85069, 15.24558], "texture": "#2"}
			}
		},
		{
			"name": "led_buttons55",
			"from": [9.75, 1.5, 1.75],
			"to": [10.25, 1.75, 2.25],
			"faces": {
				"north": {"uv": [10.68762, 14.17682, 11.85069, 15.24558], "texture": "#2"},
				"east": {"uv": [10.68762, 14.17682, 11.85069, 15.24558], "texture": "#2"},
				"south": {"uv": [10.68762, 14.17682, 11.85069, 15.24558], "texture": "#2"},
				"west": {"uv": [10.68762, 14.17682, 11.85069, 15.24558], "texture": "#2"},
				"up": {"uv": [10.68762, 14.17682, 11.85069, 15.24558], "texture": "#2"},
				"down": {"uv": [10.68762, 14.17682, 11.85069, 15.24558], "texture": "#2"}
			}
		},
		{
			"name": "led_buttons56",
			"from": [9.75, 1.5, 4],
			"to": [10.25, 1.75, 4.5],
			"faces": {
				"north": {"uv": [10.68762, 14.17682, 11.85069, 15.24558], "texture": "#2"},
				"east": {"uv": [10.68762, 14.17682, 11.85069, 15.24558], "texture": "#2"},
				"south": {"uv": [10.68762, 14.17682, 11.85069, 15.24558], "texture": "#2"},
				"west": {"uv": [10.68762, 14.17682, 11.85069, 15.24558], "texture": "#2"},
				"up": {"uv": [10.68762, 14.17682, 11.85069, 15.24558], "texture": "#2"},
				"down": {"uv": [10.68762, 14.17682, 11.85069, 15.24558], "texture": "#2"}
			}
		},
		{
			"name": "led_buttons57",
			"from": [10, 1.5, 2.5],
			"to": [10.5, 1.75, 3],
			"faces": {
				"north": {"uv": [10.68762, 14.17682, 11.85069, 15.24558], "texture": "#2"},
				"east": {"uv": [10.68762, 14.17682, 11.85069, 15.24558], "texture": "#2"},
				"south": {"uv": [10.68762, 14.17682, 11.85069, 15.24558], "texture": "#2"},
				"west": {"uv": [10.68762, 14.17682, 11.85069, 15.24558], "texture": "#2"},
				"up": {"uv": [10.68762, 14.17682, 11.85069, 15.24558], "texture": "#2"},
				"down": {"uv": [10.68762, 14.17682, 11.85069, 15.24558], "texture": "#2"}
			}
		},
		{
			"name": "led_buttons58",
			"from": [10, 1.5, 4.75],
			"to": [10.5, 1.75, 5.25],
			"faces": {
				"north": {"uv": [10.68762, 14.17682, 11.85069, 15.24558], "texture": "#2"},
				"east": {"uv": [10.68762, 14.17682, 11.85069, 15.24558], "texture": "#2"},
				"south": {"uv": [10.68762, 14.17682, 11.85069, 15.24558], "texture": "#2"},
				"west": {"uv": [10.68762, 14.17682, 11.85069, 15.24558], "texture": "#2"},
				"up": {"uv": [10.68762, 14.17682, 11.85069, 15.24558], "texture": "#2"},
				"down": {"uv": [10.68762, 14.17682, 11.85069, 15.24558], "texture": "#2"}
			}
		},
		{
			"name": "led_buttons59",
			"from": [10.25, 1.5, 3.25],
			"to": [10.75, 1.75, 3.75],
			"faces": {
				"north": {"uv": [10.68762, 14.17682, 11.85069, 15.24558], "texture": "#2"},
				"east": {"uv": [10.68762, 14.17682, 11.85069, 15.24558], "texture": "#2"},
				"south": {"uv": [10.68762, 14.17682, 11.85069, 15.24558], "texture": "#2"},
				"west": {"uv": [10.68762, 14.17682, 11.85069, 15.24558], "texture": "#2"},
				"up": {"uv": [10.68762, 14.17682, 11.85069, 15.24558], "texture": "#2"},
				"down": {"uv": [10.68762, 14.17682, 11.85069, 15.24558], "texture": "#2"}
			}
		},
		{
			"name": "led_buttons60",
			"from": [10.5, 1.5, 1.75],
			"to": [11, 1.75, 2.25],
			"faces": {
				"north": {"uv": [10.68762, 14.17682, 11.85069, 15.24558], "texture": "#2"},
				"east": {"uv": [10.68762, 14.17682, 11.85069, 15.24558], "texture": "#2"},
				"south": {"uv": [10.68762, 14.17682, 11.85069, 15.24558], "texture": "#2"},
				"west": {"uv": [10.68762, 14.17682, 11.85069, 15.24558], "texture": "#2"},
				"up": {"uv": [10.68762, 14.17682, 11.85069, 15.24558], "texture": "#2"},
				"down": {"uv": [10.68762, 14.17682, 11.85069, 15.24558], "texture": "#2"}
			}
		},
		{
			"name": "led_buttons61",
			"from": [10.5, 1.5, 4],
			"to": [11, 1.75, 4.5],
			"faces": {
				"north": {"uv": [10.68762, 14.17682, 11.85069, 15.24558], "texture": "#2"},
				"east": {"uv": [10.68762, 14.17682, 11.85069, 15.24558], "texture": "#2"},
				"south": {"uv": [10.68762, 14.17682, 11.85069, 15.24558], "texture": "#2"},
				"west": {"uv": [10.68762, 14.17682, 11.85069, 15.24558], "texture": "#2"},
				"up": {"uv": [10.68762, 14.17682, 11.85069, 15.24558], "texture": "#2"},
				"down": {"uv": [10.68762, 14.17682, 11.85069, 15.24558], "texture": "#2"}
			}
		},
		{
			"name": "led_buttons62",
			"from": [10.75, 1.5, 2.5],
			"to": [11.25, 1.75, 3],
			"faces": {
				"north": {"uv": [10.68762, 14.17682, 11.85069, 15.24558], "texture": "#2"},
				"east": {"uv": [10.68762, 14.17682, 11.85069, 15.24558], "texture": "#2"},
				"south": {"uv": [10.68762, 14.17682, 11.85069, 15.24558], "texture": "#2"},
				"west": {"uv": [10.68762, 14.17682, 11.85069, 15.24558], "texture": "#2"},
				"up": {"uv": [10.68762, 14.17682, 11.85069, 15.24558], "texture": "#2"},
				"down": {"uv": [10.68762, 14.17682, 11.85069, 15.24558], "texture": "#2"}
			}
		},
		{
			"name": "led_buttons63",
			"from": [10.75, 1.5, 4.75],
			"to": [11.25, 1.75, 5.25],
			"faces": {
				"north": {"uv": [10.68762, 14.17682, 11.85069, 15.24558], "texture": "#2"},
				"east": {"uv": [10.68762, 14.17682, 11.85069, 15.24558], "texture": "#2"},
				"south": {"uv": [10.68762, 14.17682, 11.85069, 15.24558], "texture": "#2"},
				"west": {"uv": [10.68762, 14.17682, 11.85069, 15.24558], "texture": "#2"},
				"up": {"uv": [10.68762, 14.17682, 11.85069, 15.24558], "texture": "#2"},
				"down": {"uv": [10.68762, 14.17682, 11.85069, 15.24558], "texture": "#2"}
			}
		},
		{
			"name": "led_buttons64",
			"from": [11, 1.5, 3.25],
			"to": [11.5, 1.75, 3.75],
			"faces": {
				"north": {"uv": [10.68762, 14.17682, 11.85069, 15.24558], "texture": "#2"},
				"east": {"uv": [10.68762, 14.17682, 11.85069, 15.24558], "texture": "#2"},
				"south": {"uv": [10.68762, 14.17682, 11.85069, 15.24558], "texture": "#2"},
				"west": {"uv": [10.68762, 14.17682, 11.85069, 15.24558], "texture": "#2"},
				"up": {"uv": [10.68762, 14.17682, 11.85069, 15.24558], "texture": "#2"},
				"down": {"uv": [10.68762, 14.17682, 11.85069, 15.24558], "texture": "#2"}
			}
		},
		{
			"name": "led_buttons65",
			"from": [11.25, 1.5, 1.75],
			"to": [11.75, 1.75, 2.25],
			"faces": {
				"north": {"uv": [10.68762, 14.17682, 11.85069, 15.24558], "texture": "#2"},
				"east": {"uv": [10.68762, 14.17682, 11.85069, 15.24558], "texture": "#2"},
				"south": {"uv": [10.68762, 14.17682, 11.85069, 15.24558], "texture": "#2"},
				"west": {"uv": [10.68762, 14.17682, 11.85069, 15.24558], "texture": "#2"},
				"up": {"uv": [10.68762, 14.17682, 11.85069, 15.24558], "texture": "#2"},
				"down": {"uv": [10.68762, 14.17682, 11.85069, 15.24558], "texture": "#2"}
			}
		},
		{
			"name": "led_buttons66",
			"from": [11.25, 1.5, 4],
			"to": [11.75, 1.75, 4.5],
			"faces": {
				"north": {"uv": [10.68762, 14.17682, 11.85069, 15.24558], "texture": "#2"},
				"east": {"uv": [10.68762, 14.17682, 11.85069, 15.24558], "texture": "#2"},
				"south": {"uv": [10.68762, 14.17682, 11.85069, 15.24558], "texture": "#2"},
				"west": {"uv": [10.68762, 14.17682, 11.85069, 15.24558], "texture": "#2"},
				"up": {"uv": [10.68762, 14.17682, 11.85069, 15.24558], "texture": "#2"},
				"down": {"uv": [10.68762, 14.17682, 11.85069, 15.24558], "texture": "#2"}
			}
		},
		{
			"name": "led_buttons67",
			"from": [11.5, 1.5, 2.5],
			"to": [12, 1.75, 3],
			"faces": {
				"north": {"uv": [10.68762, 14.17682, 11.85069, 15.24558], "texture": "#2"},
				"east": {"uv": [10.68762, 14.17682, 11.85069, 15.24558], "texture": "#2"},
				"south": {"uv": [10.68762, 14.17682, 11.85069, 15.24558], "texture": "#2"},
				"west": {"uv": [10.68762, 14.17682, 11.85069, 15.24558], "texture": "#2"},
				"up": {"uv": [10.68762, 14.17682, 11.85069, 15.24558], "texture": "#2"},
				"down": {"uv": [10.68762, 14.17682, 11.85069, 15.24558], "texture": "#2"}
			}
		},
		{
			"name": "led_buttons68",
			"from": [11.5, 1.5, 4.75],
			"to": [12, 1.75, 5.25],
			"faces": {
				"north": {"uv": [10.68762, 14.17682, 11.85069, 15.24558], "texture": "#2"},
				"east": {"uv": [10.68762, 14.17682, 11.85069, 15.24558], "texture": "#2"},
				"south": {"uv": [10.68762, 14.17682, 11.85069, 15.24558], "texture": "#2"},
				"west": {"uv": [10.68762, 14.17682, 11.85069, 15.24558], "texture": "#2"},
				"up": {"uv": [10.68762, 14.17682, 11.85069, 15.24558], "texture": "#2"},
				"down": {"uv": [10.68762, 14.17682, 11.85069, 15.24558], "texture": "#2"}
			}
		},
		{
			"name": "led_buttons69",
			"from": [11.75, 1.5, 3.25],
			"to": [12.25, 1.75, 3.75],
			"faces": {
				"north": {"uv": [10.68762, 14.17682, 11.85069, 15.24558], "texture": "#2"},
				"east": {"uv": [10.68762, 14.17682, 11.85069, 15.24558], "texture": "#2"},
				"south": {"uv": [10.68762, 14.17682, 11.85069, 15.24558], "texture": "#2"},
				"west": {"uv": [10.68762, 14.17682, 11.85069, 15.24558], "texture": "#2"},
				"up": {"uv": [10.68762, 14.17682, 11.85069, 15.24558], "texture": "#2"},
				"down": {"uv": [10.68762, 14.17682, 11.85069, 15.24558], "texture": "#2"}
			}
		},
		{
			"name": "led_buttons70",
			"from": [12, 1.5, 1.75],
			"to": [12.5, 1.75, 2.25],
			"faces": {
				"north": {"uv": [10.68762, 14.17682, 11.85069, 15.24558], "texture": "#2"},
				"east": {"uv": [10.68762, 14.17682, 11.85069, 15.24558], "texture": "#2"},
				"south": {"uv": [10.68762, 14.17682, 11.85069, 15.24558], "texture": "#2"},
				"west": {"uv": [10.68762, 14.17682, 11.85069, 15.24558], "texture": "#2"},
				"up": {"uv": [10.68762, 14.17682, 11.85069, 15.24558], "texture": "#2"},
				"down": {"uv": [10.68762, 14.17682, 11.85069, 15.24558], "texture": "#2"}
			}
		},
		{
			"name": "led_buttons71",
			"from": [12, 1.5, 4],
			"to": [12.5, 1.75, 4.5],
			"faces": {
				"north": {"uv": [10.68762, 14.17682, 11.85069, 15.24558], "texture": "#2"},
				"east": {"uv": [10.68762, 14.17682, 11.85069, 15.24558], "texture": "#2"},
				"south": {"uv": [10.68762, 14.17682, 11.85069, 15.24558], "texture": "#2"},
				"west": {"uv": [10.68762, 14.17682, 11.85069, 15.24558], "texture": "#2"},
				"up": {"uv": [10.68762, 14.17682, 11.85069, 15.24558], "texture": "#2"},
				"down": {"uv": [10.68762, 14.17682, 11.85069, 15.24558], "texture": "#2"}
			}
		},
		{
			"name": "led_buttons72",
			"from": [12.25, 1.5, 2.5],
			"to": [12.75, 1.75, 3],
			"faces": {
				"north": {"uv": [10.68762, 14.17682, 11.85069, 15.24558], "texture": "#2"},
				"east": {"uv": [10.68762, 14.17682, 11.85069, 15.24558], "texture": "#2"},
				"south": {"uv": [10.68762, 14.17682, 11.85069, 15.24558], "texture": "#2"},
				"west": {"uv": [10.68762, 14.17682, 11.85069, 15.24558], "texture": "#2"},
				"up": {"uv": [10.68762, 14.17682, 11.85069, 15.24558], "texture": "#2"},
				"down": {"uv": [10.68762, 14.17682, 11.85069, 15.24558], "texture": "#2"}
			}
		},
		{
			"name": "led_buttons73",
			"from": [12.25, 1.5, 4.75],
			"to": [12.75, 1.75, 5.25],
			"faces": {
				"north": {"uv": [10.68762, 14.17682, 11.85069, 15.24558], "texture": "#2"},
				"east": {"uv": [10.68762, 14.17682, 11.85069, 15.24558], "texture": "#2"},
				"south": {"uv": [10.68762, 14.17682, 11.85069, 15.24558], "texture": "#2"},
				"west": {"uv": [10.68762, 14.17682, 11.85069, 15.24558], "texture": "#2"},
				"up": {"uv": [10.68762, 14.17682, 11.85069, 15.24558], "texture": "#2"},
				"down": {"uv": [10.68762, 14.17682, 11.85069, 15.24558], "texture": "#2"}
			}
		},
		{
			"name": "led_buttons74",
			"from": [12.5, 1.5, 1],
			"to": [13.25, 1.75, 1.5],
			"faces": {
				"north": {"uv": [10.68762, 14.17682, 11.85069, 15.24558], "texture": "#2"},
				"east": {"uv": [10.68762, 14.17682, 11.85069, 15.24558], "texture": "#2"},
				"south": {"uv": [10.68762, 14.17682, 11.85069, 15.24558], "texture": "#2"},
				"west": {"uv": [10.68762, 14.17682, 11.85069, 15.24558], "texture": "#2"},
				"up": {"uv": [10.68762, 14.17682, 11.85069, 15.24558], "texture": "#2"},
				"down": {"uv": [10.68762, 14.17682, 11.85069, 15.24558], "texture": "#2"}
			}
		},
		{
			"name": "led_buttons75",
			"from": [12.5, 1.5, 3.25],
			"to": [13, 1.75, 3.75],
			"faces": {
				"north": {"uv": [10.68762, 14.17682, 11.85069, 15.24558], "texture": "#2"},
				"east": {"uv": [10.68762, 14.17682, 11.85069, 15.24558], "texture": "#2"},
				"south": {"uv": [10.68762, 14.17682, 11.85069, 15.24558], "texture": "#2"},
				"west": {"uv": [10.68762, 14.17682, 11.85069, 15.24558], "texture": "#2"},
				"up": {"uv": [10.68762, 14.17682, 11.85069, 15.24558], "texture": "#2"},
				"down": {"uv": [10.68762, 14.17682, 11.85069, 15.24558], "texture": "#2"}
			}
		},
		{
			"name": "led_buttons76",
			"from": [12.75, 1.5, 1.75],
			"to": [13.25, 1.75, 2.25],
			"faces": {
				"north": {"uv": [10.68762, 14.17682, 11.85069, 15.24558], "texture": "#2"},
				"east": {"uv": [10.68762, 14.17682, 11.85069, 15.24558], "texture": "#2"},
				"south": {"uv": [10.68762, 14.17682, 11.85069, 15.24558], "texture": "#2"},
				"west": {"uv": [10.68762, 14.17682, 11.85069, 15.24558], "texture": "#2"},
				"up": {"uv": [10.68762, 14.17682, 11.85069, 15.24558], "texture": "#2"},
				"down": {"uv": [10.68762, 14.17682, 11.85069, 15.24558], "texture": "#2"}
			}
		},
		{
			"name": "led_buttons77",
			"from": [12.75, 1.5, 4],
			"to": [13.25, 1.75, 4.5],
			"faces": {
				"north": {"uv": [10.68762, 14.17682, 11.85069, 15.24558], "texture": "#2"},
				"east": {"uv": [10.68762, 14.17682, 11.85069, 15.24558], "texture": "#2"},
				"south": {"uv": [10.68762, 14.17682, 11.85069, 15.24558], "texture": "#2"},
				"west": {"uv": [10.68762, 14.17682, 11.85069, 15.24558], "texture": "#2"},
				"up": {"uv": [10.68762, 14.17682, 11.85069, 15.24558], "texture": "#2"},
				"down": {"uv": [10.68762, 14.17682, 11.85069, 15.24558], "texture": "#2"}
			}
		},
		{
			"name": "led_buttons78",
			"from": [13, 1.5, 2.5],
			"to": [13.5, 1.75, 3],
			"faces": {
				"north": {"uv": [10.68762, 14.17682, 11.85069, 15.24558], "texture": "#2"},
				"east": {"uv": [10.68762, 14.17682, 11.85069, 15.24558], "texture": "#2"},
				"south": {"uv": [10.68762, 14.17682, 11.85069, 15.24558], "texture": "#2"},
				"west": {"uv": [10.68762, 14.17682, 11.85069, 15.24558], "texture": "#2"},
				"up": {"uv": [10.68762, 14.17682, 11.85069, 15.24558], "texture": "#2"},
				"down": {"uv": [10.68762, 14.17682, 11.85069, 15.24558], "texture": "#2"}
			}
		},
		{
			"name": "led_buttons79",
			"from": [13, 1.5, 4.75],
			"to": [13.5, 1.75, 5.25],
			"faces": {
				"north": {"uv": [10.68762, 14.17682, 11.85069, 15.24558], "texture": "#2"},
				"east": {"uv": [10.68762, 14.17682, 11.85069, 15.24558], "texture": "#2"},
				"south": {"uv": [10.68762, 14.17682, 11.85069, 15.24558], "texture": "#2"},
				"west": {"uv": [10.68762, 14.17682, 11.85069, 15.24558], "texture": "#2"},
				"up": {"uv": [10.68762, 14.17682, 11.85069, 15.24558], "texture": "#2"},
				"down": {"uv": [10.68762, 14.17682, 11.85069, 15.24558], "texture": "#2"}
			}
		},
		{
			"name": "led_buttons80",
			"from": [13.25, 1.5, 3.25],
			"to": [13.75, 1.75, 3.75],
			"faces": {
				"north": {"uv": [10.68762, 14.17682, 11.85069, 15.24558], "texture": "#2"},
				"east": {"uv": [10.68762, 14.17682, 11.85069, 15.24558], "texture": "#2"},
				"south": {"uv": [10.68762, 14.17682, 11.85069, 15.24558], "texture": "#2"},
				"west": {"uv": [10.68762, 14.17682, 11.85069, 15.24558], "texture": "#2"},
				"up": {"uv": [10.68762, 14.17682, 11.85069, 15.24558], "texture": "#2"},
				"down": {"uv": [10.68762, 14.17682, 11.85069, 15.24558], "texture": "#2"}
			}
		},
		{
			"name": "led_buttons81",
			"from": [13.5, 1.5, 1],
			"to": [14.25, 1.75, 1.5],
			"faces": {
				"north": {"uv": [10.68762, 14.17682, 11.85069, 15.24558], "texture": "#2"},
				"east": {"uv": [10.68762, 14.17682, 11.85069, 15.24558], "texture": "#2"},
				"south": {"uv": [10.68762, 14.17682, 11.85069, 15.24558], "texture": "#2"},
				"west": {"uv": [10.68762, 14.17682, 11.85069, 15.24558], "texture": "#2"},
				"up": {"uv": [10.68762, 14.17682, 11.85069, 15.24558], "texture": "#2"},
				"down": {"uv": [10.68762, 14.17682, 11.85069, 15.24558], "texture": "#2"}
			}
		},
		{
			"name": "led_buttons82",
			"from": [13.5, 1.5, 1.75],
			"to": [14, 1.75, 2.25],
			"faces": {
				"north": {"uv": [10.68762, 14.17682, 11.85069, 15.24558], "texture": "#2"},
				"east": {"uv": [10.68762, 14.17682, 11.85069, 15.24558], "texture": "#2"},
				"south": {"uv": [10.68762, 14.17682, 11.85069, 15.24558], "texture": "#2"},
				"west": {"uv": [10.68762, 14.17682, 11.85069, 15.24558], "texture": "#2"},
				"up": {"uv": [10.68762, 14.17682, 11.85069, 15.24558], "texture": "#2"},
				"down": {"uv": [10.68762, 14.17682, 11.85069, 15.24558], "texture": "#2"}
			}
		},
		{
			"name": "led_buttons83",
			"from": [13.5, 1.5, 4],
			"to": [14, 1.75, 4.5],
			"faces": {
				"north": {"uv": [10.68762, 14.17682, 11.85069, 15.24558], "texture": "#2"},
				"east": {"uv": [10.68762, 14.17682, 11.85069, 15.24558], "texture": "#2"},
				"south": {"uv": [10.68762, 14.17682, 11.85069, 15.24558], "texture": "#2"},
				"west": {"uv": [10.68762, 14.17682, 11.85069, 15.24558], "texture": "#2"},
				"up": {"uv": [10.68762, 14.17682, 11.85069, 15.24558], "texture": "#2"},
				"down": {"uv": [10.68762, 14.17682, 11.85069, 15.24558], "texture": "#2"}
			}
		},
		{
			"name": "led_buttons84",
			"from": [13.75, 1.5, 2.5],
			"to": [14.25, 1.75, 3],
			"faces": {
				"north": {"uv": [10.68762, 14.17682, 11.85069, 15.24558], "texture": "#2"},
				"east": {"uv": [10.68762, 14.17682, 11.85069, 15.24558], "texture": "#2"},
				"south": {"uv": [10.68762, 14.17682, 11.85069, 15.24558], "texture": "#2"},
				"west": {"uv": [10.68762, 14.17682, 11.85069, 15.24558], "texture": "#2"},
				"up": {"uv": [10.68762, 14.17682, 11.85069, 15.24558], "texture": "#2"},
				"down": {"uv": [10.68762, 14.17682, 11.85069, 15.24558], "texture": "#2"}
			}
		},
		{
			"name": "led_buttons85",
			"from": [13.75, 1.5, 4.75],
			"to": [14.25, 1.75, 5.25],
			"faces": {
				"north": {"uv": [10.68762, 14.17682, 11.85069, 15.24558], "texture": "#2"},
				"east": {"uv": [10.68762, 14.17682, 11.85069, 15.24558], "texture": "#2"},
				"south": {"uv": [10.68762, 14.17682, 11.85069, 15.24558], "texture": "#2"},
				"west": {"uv": [10.68762, 14.17682, 11.85069, 15.24558], "texture": "#2"},
				"up": {"uv": [10.68762, 14.17682, 11.85069, 15.24558], "texture": "#2"},
				"down": {"uv": [10.68762, 14.17682, 11.85069, 15.24558], "texture": "#2"}
			}
		},
		{
			"name": "led_buttons86",
			"from": [14, 1.5, 3.25],
			"to": [14.5, 1.75, 3.75],
			"faces": {
				"north": {"uv": [10.68762, 14.17682, 11.85069, 15.24558], "texture": "#2"},
				"east": {"uv": [10.68762, 14.17682, 11.85069, 15.24558], "texture": "#2"},
				"south": {"uv": [10.68762, 14.17682, 11.85069, 15.24558], "texture": "#2"},
				"west": {"uv": [10.68762, 14.17682, 11.85069, 15.24558], "texture": "#2"},
				"up": {"uv": [10.68762, 14.17682, 11.85069, 15.24558], "texture": "#2"},
				"down": {"uv": [10.68762, 14.17682, 11.85069, 15.24558], "texture": "#2"}
			}
		},
		{
			"name": "led_buttons87",
			"from": [14.25, 1.5, 1.75],
			"to": [15.5, 1.75, 2.25],
			"faces": {
				"north": {"uv": [10.68762, 14.17682, 11.85069, 15.24558], "texture": "#2"},
				"east": {"uv": [10.68762, 14.17682, 11.85069, 15.24558], "texture": "#2"},
				"south": {"uv": [10.68762, 14.17682, 11.85069, 15.24558], "texture": "#2"},
				"west": {"uv": [10.68762, 14.17682, 11.85069, 15.24558], "texture": "#2"},
				"up": {"uv": [10.68762, 14.17682, 11.85069, 15.24558], "texture": "#2"},
				"down": {"uv": [10.68762, 14.17682, 11.85069, 15.24558], "texture": "#2"}
			}
		},
		{
			"name": "led_buttons88",
			"from": [14.25, 1.5, 4],
			"to": [14.75, 1.75, 4.5],
			"faces": {
				"north": {"uv": [10.68762, 14.17682, 11.85069, 15.24558], "texture": "#2"},
				"east": {"uv": [10.68762, 14.17682, 11.85069, 15.24558], "texture": "#2"},
				"south": {"uv": [10.68762, 14.17682, 11.85069, 15.24558], "texture": "#2"},
				"west": {"uv": [10.68762, 14.17682, 11.85069, 15.24558], "texture": "#2"},
				"up": {"uv": [10.68762, 14.17682, 11.85069, 15.24558], "texture": "#2"},
				"down": {"uv": [10.68762, 14.17682, 11.85069, 15.24558], "texture": "#2"}
			}
		},
		{
			"name": "led_buttons89",
			"from": [14.5, 1.5, 1],
			"to": [15.5, 1.75, 1.5],
			"faces": {
				"north": {"uv": [10.68762, 14.17682, 11.85069, 15.24558], "texture": "#2"},
				"east": {"uv": [10.68762, 14.17682, 11.85069, 15.24558], "texture": "#2"},
				"south": {"uv": [10.68762, 14.17682, 11.85069, 15.24558], "texture": "#2"},
				"west": {"uv": [10.68762, 14.17682, 11.85069, 15.24558], "texture": "#2"},
				"up": {"uv": [10.68762, 14.17682, 11.85069, 15.24558], "texture": "#2"},
				"down": {"uv": [10.68762, 14.17682, 11.85069, 15.24558], "texture": "#2"}
			}
		},
		{
			"name": "led_buttons90",
			"from": [14.5, 1.5, 2.5],
			"to": [15.5, 1.75, 3],
			"faces": {
				"north": {"uv": [10.68762, 14.17682, 11.85069, 15.24558], "texture": "#2"},
				"east": {"uv": [10.68762, 14.17682, 11.85069, 15.24558], "texture": "#2"},
				"south": {"uv": [10.68762, 14.17682, 11.85069, 15.24558], "texture": "#2"},
				"west": {"uv": [10.68762, 14.17682, 11.85069, 15.24558], "texture": "#2"},
				"up": {"uv": [10.68762, 14.17682, 11.85069, 15.24558], "texture": "#2"},
				"down": {"uv": [10.68762, 14.17682, 11.85069, 15.24558], "texture": "#2"}
			}
		},
		{
			"name": "led_buttons91",
			"from": [14.75, 1.5, 3.25],
			"to": [15.5, 1.75, 3.75],
			"faces": {
				"north": {"uv": [10.68762, 14.17682, 11.85069, 15.24558], "texture": "#2"},
				"east": {"uv": [10.68762, 14.17682, 11.85069, 15.24558], "texture": "#2"},
				"south": {"uv": [10.68762, 14.17682, 11.85069, 15.24558], "texture": "#2"},
				"west": {"uv": [10.68762, 14.17682, 11.85069, 15.24558], "texture": "#2"},
				"up": {"uv": [10.68762, 14.17682, 11.85069, 15.24558], "texture": "#2"},
				"down": {"uv": [10.68762, 14.17682, 11.85069, 15.24558], "texture": "#2"}
			}
		},
		{
			"name": "led_buttons92",
			"from": [15, 1.5, 4],
			"to": [15.5, 1.75, 4.5],
			"faces": {
				"north": {"uv": [10.68762, 14.17682, 11.85069, 15.24558], "texture": "#2"},
				"east": {"uv": [10.68762, 14.17682, 11.85069, 15.24558], "texture": "#2"},
				"south": {"uv": [10.68762, 14.17682, 11.85069, 15.24558], "texture": "#2"},
				"west": {"uv": [10.68762, 14.17682, 11.85069, 15.24558], "texture": "#2"},
				"up": {"uv": [10.68762, 14.17682, 11.85069, 15.24558], "texture": "#2"},
				"down": {"uv": [10.68762, 14.17682, 11.85069, 15.24558], "texture": "#2"}
			}
		},
		{
			"name": "led_buttons93",
			"from": [15, 1.5, 4.75],
			"to": [15.5, 1.75, 5.25],
			"faces": {
				"north": {"uv": [10.68762, 14.17682, 11.85069, 15.24558], "texture": "#2"},
				"east": {"uv": [10.68762, 14.17682, 11.85069, 15.24558], "texture": "#2"},
				"south": {"uv": [10.68762, 14.17682, 11.85069, 15.24558], "texture": "#2"},
				"west": {"uv": [10.68762, 14.17682, 11.85069, 15.24558], "texture": "#2"},
				"up": {"uv": [10.68762, 14.17682, 11.85069, 15.24558], "texture": "#2"},
				"down": {"uv": [10.68762, 14.17682, 11.85069, 15.24558], "texture": "#2"}
			}
		},
		{
			"name": "led_base",
			"from": [-0.375, 0.6, -0.5],
			"to": [16.625, 1.1, 6.5],
			"faces": {
				"north": {"uv": [10.68762, 14.17682, 11.85069, 15.24558], "texture": "#2"},
				"east": {"uv": [10.68762, 14.17682, 11.85069, 15.24558], "texture": "#2"},
				"south": {"uv": [10.68762, 14.17682, 11.85069, 15.24558], "texture": "#2"},
				"west": {"uv": [10.68762, 14.17682, 11.85069, 15.24558], "texture": "#2"},
				"up": {"uv": [10.68762, 14.17682, 11.85069, 15.24558], "texture": "#2"},
				"down": {"uv": [10.68762, 14.17682, 11.85069, 15.24558], "texture": "#2"}
			}
		},
		{
			"name": "mouse_base4",
			"from": [-5, 0.4, 1],
			"to": [-2.75, 1.4, 5],
			"faces": {
				"north": {"uv": [3, 12, 7.5, 14], "texture": "#0"},
				"east": {"uv": [3, 12, 7.5, 14], "texture": "#0"},
				"south": {"uv": [3, 12, 7.5, 14], "texture": "#0"},
				"west": {"uv": [3, 12, 7.5, 14], "texture": "#0"},
				"up": {"uv": [3, 12, 7.5, 14], "texture": "#0"},
				"down": {"uv": [3, 12, 7.5, 14], "texture": "#0"}
			}
		},
		{
			"name": "mouse_base3",
			"from": [-4.75, 0.4, 0.75],
			"to": [-3, 1.15, 1],
			"faces": {
				"north": {"uv": [4.5, 11, 8, 12.5], "texture": "#0"},
				"east": {"uv": [4.5, 11, 8, 12.5], "texture": "#0"},
				"south": {"uv": [4.5, 11, 8, 12.5], "texture": "#0"},
				"west": {"uv": [4.5, 11, 8, 12.5], "texture": "#0"},
				"up": {"uv": [4.5, 11, 8, 12.5], "texture": "#0"},
				"down": {"uv": [4.5, 11, 8, 12.5], "texture": "#0"}
			}
		},
		{
			"name": "mouse_base2",
			"from": [-4.75, 1.4, 1.25],
			"to": [-3, 1.65, 3.75],
			"faces": {
				"north": {"uv": [3.5, 10.5, 7, 11], "texture": "#0"},
				"east": {"uv": [3.5, 10.5, 7, 11], "texture": "#0"},
				"south": {"uv": [3.5, 10.5, 7, 11], "texture": "#0"},
				"west": {"uv": [3.5, 10.5, 7, 11], "texture": "#0"},
				"up": {"uv": [3.5, 10.5, 7, 11], "texture": "#0"},
				"down": {"uv": [3.5, 10.5, 7, 11], "texture": "#0"}
			}
		},
		{
			"name": "mouse_base1",
			"from": [-4.75, 1.4, 3.75],
			"to": [-4, 1.65, 5],
			"faces": {
				"north": {"uv": [5.5, 11.5, 7, 12], "texture": "#0"},
				"east": {"uv": [5.5, 11.5, 7, 12], "texture": "#0"},
				"south": {"uv": [5.5, 11.5, 7, 12], "texture": "#0"},
				"west": {"uv": [5.5, 11.5, 7, 12], "texture": "#0"},
				"up": {"uv": [5.5, 11.5, 7, 12], "texture": "#0"},
				"down": {"uv": [5.5, 11.5, 7, 12], "texture": "#0"}
			}
		},
		{
			"name": "mouse_base",
			"from": [-3.75, 1.4, 3.75],
			"to": [-3, 1.65, 5],
			"faces": {
				"north": {"uv": [5.5, 10.5, 7, 11], "texture": "#0"},
				"east": {"uv": [5.5, 10.5, 7, 11], "texture": "#0"},
				"south": {"uv": [5.5, 10.5, 7, 11], "texture": "#0"},
				"west": {"uv": [5.5, 10.5, 7, 11], "texture": "#0"},
				"up": {"uv": [5.5, 10.5, 7, 11], "texture": "#0"},
				"down": {"uv": [5.5, 10.5, 7, 11], "texture": "#0"}
			}
		},
		{
			"name": "led_mouse",
			"from": [-5.25, 0.65, 1],
			"to": [-5, 0.9, 5],
			"faces": {
				"north": {"uv": [3.70923, 4.71513, 4.52004, 5.57999], "texture": "#2"},
				"east": {"uv": [3.70923, 4.71513, 4.52004, 5.57999], "texture": "#2"},
				"south": {"uv": [3.70923, 4.71513, 4.52004, 5.57999], "texture": "#2"},
				"west": {"uv": [3.70923, 4.71513, 4.52004, 5.57999], "texture": "#2"},
				"up": {"uv": [3.70923, 4.71513, 4.52004, 5.57999], "texture": "#2"},
				"down": {"uv": [3.70923, 4.71513, 4.52004, 5.57999], "texture": "#2"}
			}
		},
		{
			"name": "led_mouse1",
			"from": [-5, 0.65, 0.75],
			"to": [-4.75, 0.9, 1],
			"faces": {
				"north": {"uv": [3.04912, 4.18075, 4.88696, 5.42399], "texture": "#2"},
				"east": {"uv": [3.04912, 4.18075, 4.88696, 5.42399], "texture": "#2"},
				"south": {"uv": [3.04912, 4.18075, 4.88696, 5.42399], "texture": "#2"},
				"west": {"uv": [3.04912, 4.18075, 4.88696, 5.42399], "texture": "#2"},
				"up": {"uv": [3.04912, 4.18075, 4.88696, 5.42399], "texture": "#2"},
				"down": {"uv": [3.04912, 4.18075, 4.88696, 5.42399], "texture": "#2"}
			}
		},
		{
			"name": "led_mouse2",
			"from": [-4.75, 0.65, 0.5],
			"to": [-3, 0.9, 0.75],
			"faces": {
				"north": {"uv": [3.26916, 4.36935, 4.56646, 5.45043], "texture": "#2"},
				"east": {"uv": [3.26916, 4.36935, 4.56646, 5.45043], "texture": "#2"},
				"south": {"uv": [3.26916, 4.36935, 4.56646, 5.45043], "texture": "#2"},
				"west": {"uv": [3.26916, 4.36935, 4.56646, 5.45043], "texture": "#2"},
				"up": {"uv": [3.26916, 4.36935, 4.56646, 5.45043], "texture": "#2"},
				"down": {"uv": [3.26916, 4.36935, 4.56646, 5.45043], "texture": "#2"}
			}
		},
		{
			"name": "led_mouse3",
			"from": [-4, 1.4, 3.75],
			"to": [-3.75, 1.5, 5],
			"faces": {
				"north": {"uv": [2.86051, 4.27505, 4.69835, 5.35613], "texture": "#2"},
				"east": {"uv": [2.86051, 4.27505, 4.69835, 5.35613], "texture": "#2"},
				"south": {"uv": [2.86051, 4.27505, 4.69835, 5.35613], "texture": "#2"},
				"west": {"uv": [2.86051, 4.27505, 4.69835, 5.35613], "texture": "#2"},
				"up": {"uv": [2.86051, 4.27505, 4.69835, 5.35613], "texture": "#2"},
				"down": {"uv": [2.86051, 4.27505, 4.69835, 5.35613], "texture": "#2"}
			}
		},
		{
			"name": "led_mouse4",
			"from": [-3, 0.65, 0.75],
			"to": [-2.75, 0.9, 1],
			"faces": {
				"north": {"uv": [2.73477, 4.49509, 4.57261, 5.57617], "texture": "#2"},
				"east": {"uv": [2.73477, 4.49509, 4.57261, 5.57617], "texture": "#2"},
				"south": {"uv": [2.73477, 4.49509, 4.57261, 5.57617], "texture": "#2"},
				"west": {"uv": [2.73477, 4.49509, 4.57261, 5.57617], "texture": "#2"},
				"up": {"uv": [2.73477, 4.49509, 4.57261, 5.57617], "texture": "#2"},
				"down": {"uv": [2.73477, 4.49509, 4.57261, 5.57617], "texture": "#2"}
			}
		},
		{
			"name": "led_mouse5",
			"from": [-2.75, 0.65, 1],
			"to": [-2.5, 0.9, 5],
			"faces": {
				"north": {"uv": [3.20629, 4.43222, 4.93602, 5.13492], "texture": "#2"},
				"east": {"uv": [3.20629, 4.43222, 4.93602, 5.13492], "texture": "#2"},
				"south": {"uv": [3.20629, 4.43222, 4.93602, 5.13492], "texture": "#2"},
				"west": {"uv": [3.20629, 4.43222, 4.93602, 5.13492], "texture": "#2"},
				"up": {"uv": [3.20629, 4.43222, 4.93602, 5.13492], "texture": "#2"},
				"down": {"uv": [3.20629, 4.43222, 4.93602, 5.13492], "texture": "#2"}
			}
		}
	],
	"display": {
		"thirdperson_righthand": {
			"rotation": [0, 0, -90],
			"translation": [8, -2, 3]
		},
		"thirdperson_lefthand": {
			"rotation": [0, 0, -90],
			"translation": [8, -2, 3]
		},
		"firstperson_righthand": {
			"rotation": [30, 180, 0],
			"translation": [0, 13, -1]
		},
		"firstperson_lefthand": {
			"rotation": [30, 180, 0],
			"translation": [0, 13, -1]
		},
		"ground": {
			"translation": [0, 5, 0]
		},
		"gui": {
			"rotation": [70, 180, -9],
			"translation": [-0.695, 5.913, 0],
			"scale": [0.75, 0.75, 0.75]
		},
		"fixed": {
			"rotation": [-90, 0, 0],
			"translation": [6, 10, -15],
			"scale": [2, 2, 2]
		}
	}
}