{
	"credit": "Made with Blockbench",
	"textures": {
		"3": "item/charcoal/67",
		"5": "item/charcoal/67-2",
		"7": "item/charcoal/67-5",
		"particle": "item/charcoal/67-1",
		"block": "item/charcoal/67-1"
	},
	"elements": [
		{
			"name": "Side",
			"from": [3.5, 2, 6.75],
			"to": [4.5, 14, 9.25],
			"faces": {
				"north": {"uv": [0.43956, 1.31868, 15.73626, 10.9011], "texture": "#block"},
				"east": {"uv": [0.43956, 1.31868, 15.73626, 10.9011], "texture": "#block"},
				"south": {"uv": [0.43956, 1.31868, 15.73626, 10.9011], "texture": "#block"},
				"west": {"uv": [0.43956, 1.31868, 15.73626, 10.9011], "texture": "#block"},
				"up": {"uv": [0.43956, 1.31868, 15.73626, 10.9011], "texture": "#block"},
				"down": {"uv": [0.43956, 1.31868, 15.73626, 10.9011], "texture": "#block"}
			}
		},
		{
			"name": "Side",
			"from": [3.49, 2, 6.75],
			"to": [3.5, 14, 9.25],
			"faces": {
				"north": {"uv": [3.584, 11.392, 10.784, 13.152], "rotation": 90, "texture": "#5"},
				"east": {"uv": [3.584, 11.392, 10.784, 13.152], "rotation": 90, "texture": "#5"},
				"south": {"uv": [3.584, 11.392, 10.784, 13.152], "rotation": 90, "texture": "#5"},
				"west": {"uv": [3.584, 11.392, 10.784, 13.152], "rotation": 90, "texture": "#5"},
				"up": {"uv": [3.584, 11.392, 10.784, 13.152], "rotation": 90, "texture": "#5"},
				"down": {"uv": [3.584, 11.392, 10.784, 13.152], "rotation": 90, "texture": "#5"}
			}
		},
		{
			"name": "Middle",
			"from": [4.5, 2.5, 7.5],
			"to": [12, 13.5, 8.5],
			"faces": {
				"north": {"uv": [2, 6.25, 3.25, 11], "texture": "#3"},
				"east": {"uv": [2, 6.25, 3.25, 11], "texture": "#3"},
				"south": {"uv": [2, 6.25, 3.25, 11], "texture": "#3"},
				"west": {"uv": [2, 6.25, 3.25, 11], "texture": "#3"},
				"up": {"uv": [2, 6.25, 3.25, 11], "texture": "#3"},
				"down": {"uv": [2, 6.25, 3.25, 11], "texture": "#3"}
			}
		},
		{
			"name": "Front middle",
			"from": [4.5, 3, 8.76],
			"to": [11.5, 13, 8.76],
			"faces": {
				"north": {"uv": [0.13922, 0, 16, 16], "texture": "#7"},
				"east": {"uv": [0.13922, 0, 16, 16], "texture": "#7"},
				"south": {"uv": [0.13922, 0, 16, 16], "rotation": 270, "texture": "#7"},
				"west": {"uv": [0.13922, 0, 16, 16], "texture": "#7"},
				"up": {"uv": [0.13922, 0, 16, 16], "texture": "#7"},
				"down": {"uv": [0.13922, 0, 16, 16], "texture": "#7"}
			}
		},
		{
			"name": "Front top",
			"from": [4.5, 13, 8.5],
			"to": [11.5, 14, 9],
			"faces": {
				"north": {"uv": [0.43956, 1.31868, 15.73626, 10.9011], "texture": "#block"},
				"east": {"uv": [0.43956, 1.31868, 15.73626, 10.9011], "texture": "#block"},
				"south": {"uv": [0.43956, 1.31868, 15.73626, 10.9011], "texture": "#block"},
				"west": {"uv": [0.43956, 1.31868, 15.73626, 10.9011], "texture": "#block"},
				"up": {"uv": [0.43956, 1.31868, 15.73626, 10.9011], "texture": "#block"},
				"down": {"uv": [0.43956, 1.31868, 15.73626, 10.9011], "texture": "#block"}
			}
		},
		{
			"name": "Front bottom",
			"from": [4.5, 2, 8.5],
			"to": [11.5, 3, 9],
			"faces": {
				"north": {"uv": [0.43956, 1.31868, 15.73626, 10.9011], "texture": "#block"},
				"east": {"uv": [0.43956, 1.31868, 15.73626, 10.9011], "texture": "#block"},
				"south": {"uv": [0.43956, 1.31868, 15.73626, 10.9011], "texture": "#block"},
				"west": {"uv": [0.43956, 1.31868, 15.73626, 10.9011], "texture": "#block"},
				"up": {"uv": [0.43956, 1.31868, 15.73626, 10.9011], "texture": "#block"},
				"down": {"uv": [0.43956, 1.31868, 15.73626, 10.9011], "texture": "#block"}
			}
		},
		{
			"name": "Front end",
			"from": [11.5, 2, 8.5],
			"to": [12.5, 14, 9],
			"faces": {
				"north": {"uv": [0.43956, 1.31868, 15.73626, 10.9011], "texture": "#block"},
				"east": {"uv": [0.43956, 1.31868, 15.73626, 10.9011], "texture": "#block"},
				"south": {"uv": [0.43956, 1.31868, 15.73626, 10.9011], "texture": "#block"},
				"west": {"uv": [0.43956, 1.31868, 15.73626, 10.9011], "texture": "#block"},
				"up": {"uv": [0.43956, 1.31868, 15.73626, 10.9011], "texture": "#block"},
				"down": {"uv": [0.43956, 1.31868, 15.73626, 10.9011], "texture": "#block"}
			}
		},
		{
			"name": "Back middle",
			"from": [4.5, 3, 7.26],
			"to": [11.5, 13, 7.26],
			"faces": {
				"north": {"uv": [0.47407, 0.74074, 15.40741, 15.14074], "rotation": 90, "texture": "#7"},
				"east": {"uv": [0.47407, 0.74074, 15.40741, 15.14074], "rotation": 270, "texture": "#7"},
				"south": {"uv": [0.47407, 0.74074, 15.40741, 15.14074], "rotation": 270, "texture": "#7"},
				"west": {"uv": [0.47407, 0.74074, 15.40741, 15.14074], "rotation": 270, "texture": "#7"},
				"up": {"uv": [0.47407, 0.74074, 15.40741, 15.14074], "rotation": 270, "texture": "#7"},
				"down": {"uv": [0.47407, 0.74074, 15.40741, 15.14074], "rotation": 270, "texture": "#7"}
			}
		},
		{
			"name": "Back top",
			"from": [4.5, 13, 7],
			"to": [11.5, 14, 7.5],
			"faces": {
				"north": {"uv": [0.43956, 1.31868, 15.73626, 10.9011], "texture": "#block"},
				"east": {"uv": [0.43956, 1.31868, 15.73626, 10.9011], "texture": "#block"},
				"south": {"uv": [0.43956, 1.31868, 15.73626, 10.9011], "texture": "#block"},
				"west": {"uv": [0.43956, 1.31868, 15.73626, 10.9011], "texture": "#block"},
				"up": {"uv": [0.43956, 1.31868, 15.73626, 10.9011], "texture": "#block"},
				"down": {"uv": [0.43956, 1.31868, 15.73626, 10.9011], "texture": "#block"}
			}
		},
		{
			"name": "Back bottom",
			"from": [4.5, 2, 7],
			"to": [11.5, 3, 7.5],
			"faces": {
				"north": {"uv": [0.43956, 1.31868, 15.73626, 10.9011], "texture": "#block"},
				"east": {"uv": [0.43956, 1.31868, 15.73626, 10.9011], "texture": "#block"},
				"south": {"uv": [0.43956, 1.31868, 15.73626, 10.9011], "texture": "#block"},
				"west": {"uv": [0.43956, 1.31868, 15.73626, 10.9011], "texture": "#block"},
				"up": {"uv": [0.43956, 1.31868, 15.73626, 10.9011], "texture": "#block"},
				"down": {"uv": [0.43956, 1.31868, 15.73626, 10.9011], "texture": "#block"}
			}
		},
		{
			"name": "Back end",
			"from": [11.5, 2, 7],
			"to": [12.5, 14, 7.5],
			"faces": {
				"north": {"uv": [0.43956, 1.31868, 15.73626, 10.9011], "texture": "#block"},
				"east": {"uv": [0.43956, 1.31868, 15.73626, 10.9011], "texture": "#block"},
				"south": {"uv": [0.43956, 1.31868, 15.73626, 10.9011], "texture": "#block"},
				"west": {"uv": [0.43956, 1.31868, 15.73626, 10.9011], "texture": "#block"},
				"up": {"uv": [0.43956, 1.31868, 15.73626, 10.9011], "texture": "#block"},
				"down": {"uv": [0.43956, 1.31868, 15.73626, 10.9011], "texture": "#block"}
			}
		}
	],
	"display": {
		"thirdperson_righthand": {
			"rotation": [0, 90, 0],
			"translation": [0, -1, -1.5],
			"scale": [0.68, 0.68, 0.68]
		},
		"thirdperson_lefthand": {
			"rotation": [0, 270, 0],
			"translation": [0, -1, -1.5],
			"scale": [0.68, 0.68, 0.68]
		},
		"firstperson_righthand": {
			"rotation": [0, -90, 25],
			"translation": [1.13, 3.5, 1.13],
			"scale": [0.68, 0.68, 0.68]
		},
		"firstperson_lefthand": {
			"rotation": [0, -90, 25],
			"translation": [1.13, 3.5, 1.13],
			"scale": [0.68, 0.68, 0.68]
		},
		"ground": {
			"rotation": [270, 0, 0],
			"scale": [0.5, 0.5, 0.5]
		},
		"gui": {
			"rotation": [30, -45, 0]
		},
		"head": {
			"rotation": [0, 180, 0],
			"translation": [0, 13, 7]
		},
		"fixed": {
			"rotation": [-20, 180, 0],
			"translation": [0, 0, -2.5],
			"scale": [1.25, 1.25, 1.25]
		}
	}
}