{
	"credit": "Made with Blockbench",
	"textures": {
		"3": "item/charcoal/67",
		"4": "item/charcoal/67-2",
		"6": "item/charcoal/67-6",
		"particle": "item/charcoal/67-1",
		"block": "item/charcoal/67-1"
	},
	"elements": [
		{
			"name": "Side",
			"from": [3.5, 2, 6.75],
			"to": [4.5, 14, 9.25],
			"faces": {
				"north": {"uv": [1.14286, 0.87912, 15.03297, 10.54945], "texture": "#block"},
				"east": {"uv": [1.14286, 0.87912, 15.03297, 10.54945], "texture": "#block"},
				"south": {"uv": [1.14286, 0.87912, 15.03297, 10.54945], "texture": "#block"},
				"west": {"uv": [1.14286, 0.87912, 15.03297, 10.54945], "texture": "#block"},
				"up": {"uv": [1.14286, 0.87912, 15.03297, 10.54945], "texture": "#block"},
				"down": {"uv": [1.14286, 0.87912, 15.03297, 10.54945], "texture": "#block"}
			}
		},
		{
			"name": "Side",
			"from": [3.49, 2, 6.75],
			"to": [3.5, 14, 9.25],
			"faces": {
				"north": {"uv": [4.16, 13.248, 10.176, 15.136], "rotation": 90, "texture": "#4"},
				"east": {"uv": [4.16, 13.248, 10.176, 15.136], "rotation": 90, "texture": "#4"},
				"south": {"uv": [4.16, 13.248, 10.176, 15.136], "rotation": 90, "texture": "#4"},
				"west": {"uv": [4.16, 13.248, 10.176, 15.136], "rotation": 90, "texture": "#4"},
				"up": {"uv": [4.16, 13.248, 10.176, 15.136], "rotation": 90, "texture": "#4"},
				"down": {"uv": [4.16, 13.248, 10.176, 15.136], "rotation": 90, "texture": "#4"}
			}
		},
		{
			"name": "Middle",
			"from": [4.5, 2.5, 7.5],
			"to": [12, 13.5, 8.5],
			"faces": {
				"north": {"uv": [2, 6.5, 3.25, 10.25], "texture": "#3"},
				"east": {"uv": [2, 6.5, 3.25, 10.25], "texture": "#3"},
				"south": {"uv": [2, 6.5, 3.25, 10.25], "texture": "#3"},
				"west": {"uv": [2, 6.5, 3.25, 10.25], "texture": "#3"},
				"up": {"uv": [2, 6.5, 3.25, 10.25], "texture": "#3"},
				"down": {"uv": [2, 6.5, 3.25, 10.25], "texture": "#3"}
			}
		},
		{
			"name": "Front middle",
			"from": [4.5, 3, 8.76],
			"to": [11.5, 13, 8.76],
			"faces": {
				"north": {"uv": [0.13922, 0, 16, 16], "texture": "#missing"},
				"east": {"uv": [0.13922, 0, 16, 16], "texture": "#missing"},
				"south": {"uv": [0.13922, 0, 16, 16], "rotation": 270, "texture": "#6"},
				"west": {"uv": [0.13922, 0, 16, 16], "texture": "#missing"},
				"up": {"uv": [0.13922, 0, 16, 16], "texture": "#missing"},
				"down": {"uv": [0.13922, 0, 16, 16], "texture": "#missing"}
			}
		},
		{
			"name": "Front top",
			"from": [4.5, 13, 8.5],
			"to": [11.5, 14, 9],
			"faces": {
				"north": {"uv": [0.43956, 1.31868, 15.73626, 10.9011], "texture": "#block"},
				"east": {"uv": [0.43956, 1.31868, 15.73626, 10.9011], "texture": "#block"},
				"south": {"uv": [0.43956, 1.31868, 15.73626, 10.9011], "texture": "#block"},
				"west": {"uv": [0.43956, 1.31868, 15.73626, 10.9011], "texture": "#block"},
				"up": {"uv": [0.43956, 1.31868, 15.73626, 10.9011], "texture": "#block"},
				"down": {"uv": [0.43956, 1.31868, 15.73626, 10.9011], "texture": "#block"}
			}
		},
		{
			"name": "Front bottom",
			"from": [4.5, 2, 8.5],
			"to": [11.5, 3, 9],
			"faces": {
				"north": {"uv": [0.43956, 1.31868, 15.73626, 10.9011], "texture": "#block"},
				"east": {"uv": [0.43956, 1.31868, 15.73626, 10.9011], "texture": "#block"},
				"south": {"uv": [0.43956, 1.31868, 15.73626, 10.9011], "texture": "#block"},
				"west": {"uv": [0.43956, 1.31868, 15.73626, 10.9011], "texture": "#block"},
				"up": {"uv": [0.43956, 1.31868, 15.73626, 10.9011], "texture": "#block"},
				"down": {"uv": [0.43956, 1.31868, 15.73626, 10.9011], "texture": "#block"}
			}
		},
		{
			"name": "Front end",
			"from": [11.5, 2, 8.5],
			"to": [12.5, 14, 9],
			"faces": {
				"north": {"uv": [0.43956, 1.31868, 15.73626, 10.9011], "texture": "#block"},
				"east": {"uv": [0.43956, 1.31868, 15.73626, 10.9011], "texture": "#block"},
				"south": {"uv": [0.43956, 1.31868, 15.73626, 10.9011], "texture": "#block"},
				"west": {"uv": [0.43956, 1.31868, 15.73626, 10.9011], "texture": "#block"},
				"up": {"uv": [0.43956, 1.31868, 15.73626, 10.9011], "texture": "#block"},
				"down": {"uv": [0.43956, 1.31868, 15.73626, 10.9011], "texture": "#block"}
			}
		},
		{
			"name": "Back middle",
			"from": [4.5, 3, 7.24],
			"to": [11.5, 13, 7.24],
			"faces": {
				"north": {"uv": [0.47407, 0.74074, 15.40741, 15.14074], "rotation": 90, "texture": "#6"},
				"east": {"uv": [0.47407, 0.74074, 15.40741, 15.14074], "rotation": 270, "texture": "#missing"},
				"south": {"uv": [0.47407, 0.74074, 15.40741, 15.14074], "rotation": 270, "texture": "#missing"},
				"west": {"uv": [0.47407, 0.74074, 15.40741, 15.14074], "rotation": 270, "texture": "#missing"},
				"up": {"uv": [0.47407, 0.74074, 15.40741, 15.14074], "rotation": 270, "texture": "#missing"},
				"down": {"uv": [0.47407, 0.74074, 15.40741, 15.14074], "rotation": 270, "texture": "#missing"}
			}
		},
		{
			"name": "Back top",
			"from": [4.5, 13, 7],
			"to": [11.5, 14, 7.5],
			"faces": {
				"north": {"uv": [0.43956, 1.31868, 15.73626, 10.9011], "texture": "#block"},
				"east": {"uv": [0.43956, 1.31868, 15.73626, 10.9011], "texture": "#block"},
				"south": {"uv": [0.43956, 1.31868, 15.73626, 10.9011], "texture": "#block"},
				"west": {"uv": [0.43956, 1.31868, 15.73626, 10.9011], "texture": "#block"},
				"up": {"uv": [0.43956, 1.31868, 15.73626, 10.9011], "texture": "#block"},
				"down": {"uv": [0.43956, 1.31868, 15.73626, 10.9011], "texture": "#block"}
			}
		},
		{
			"name": "Back bottom",
			"from": [4.5, 2, 7],
			"to": [11.5, 3, 7.5],
			"faces": {
				"north": {"uv": [0.43956, 1.31868, 15.73626, 10.9011], "texture": "#block"},
				"east": {"uv": [0.43956, 1.31868, 15.73626, 10.9011], "texture": "#block"},
				"south": {"uv": [0.43956, 1.31868, 15.73626, 10.9011], "texture": "#block"},
				"west": {"uv": [0.43956, 1.31868, 15.73626, 10.9011], "texture": "#block"},
				"up": {"uv": [0.43956, 1.31868, 15.73626, 10.9011], "texture": "#block"},
				"down": {"uv": [0.43956, 1.31868, 15.73626, 10.9011], "texture": "#block"}
			}
		},
		{
			"name": "Back end",
			"from": [11.5, 2, 7],
			"to": [12.5, 14, 7.5],
			"faces": {
				"north": {"uv": [0.43956, 1.31868, 15.73626, 10.9011], "texture": "#block"},
				"east": {"uv": [0.43956, 1.31868, 15.73626, 10.9011], "texture": "#block"},
				"south": {"uv": [0.43956, 1.31868, 15.73626, 10.9011], "texture": "#block"},
				"west": {"uv": [0.43956, 1.31868, 15.73626, 10.9011], "texture": "#block"},
				"up": {"uv": [0.43956, 1.31868, 15.73626, 10.9011], "texture": "#block"},
				"down": {"uv": [0.43956, 1.31868, 15.73626, 10.9011], "texture": "#block"}
			}
		}
	],
	"display": {
		"thirdperson_righthand": {
			"rotation": [0, 90, 0],
			"translation": [0, -1, -1.5],
			"scale": [0.68, 0.68, 0.68]
		},
		"thirdperson_lefthand": {
			"rotation": [0, 270, 0],
			"translation": [0, -1, -1.5],
			"scale": [0.68, 0.68, 0.68]
		},
		"firstperson_righthand": {
			"rotation": [0, -90, 25],
			"translation": [1.13, 3.5, 1.13],
			"scale": [0.68, 0.68, 0.68]
		},
		"firstperson_lefthand": {
			"rotation": [0, -90, 25],
			"translation": [1.13, 3.5, 1.13],
			"scale": [0.68, 0.68, 0.68]
		},
		"ground": {
			"rotation": [270, 0, 0],
			"scale": [0.5, 0.5, 0.5]
		},
		"gui": {
			"rotation": [30, -45, 0]
		},
		"head": {
			"rotation": [0, 180, 0],
			"translation": [0, 13, 7]
		},
		"fixed": {
			"rotation": [-20, 180, 0],
			"translation": [0, 0, -2.5],
			"scale": [1.25, 1.25, 1.25]
		}
	}
}