{
	"credit": "Made with Blockbench",
	"textures": {
		"texture": "item/charcoal/72-1",
		"glowing": "item/charcoal/72"
	},
	"elements": [
		{
			"name": "2 x64",
			"from": [8.4, 14.12, 7.44],
			"to": [25.3, 14.32, 8.56],
			"faces": {
				"north": {"uv": [13.5, 6, 0, 6.25], "texture": "#texture"},
				"east": {"uv": [13.5, 6, 13.25, 6.25], "texture": "#texture"},
				"south": {"uv": [0, 6, 13.5, 6.25], "texture": "#texture"},
				"west": {"uv": [0, 6, 0.25, 6.25], "texture": "#texture"},
				"up": {"uv": [0, 6, 13.5, 6.25], "texture": "#texture"},
				"down": {"uv": [0, 6.25, 13.5, 6], "texture": "#texture"}
			}
		},
		{
			"name": "2 x64",
			"from": [8.4, 13.32, 7.44],
			"to": [25.2, 13.52, 8.56],
			"faces": {
				"north": {"uv": [13.5, 7, 0, 7.25], "texture": "#texture"},
				"east": {"uv": [13.5, 7, 13.25, 7.25], "texture": "#texture"},
				"south": {"uv": [0, 7, 13.5, 7.25], "texture": "#texture"},
				"west": {"uv": [0, 7, 0.25, 7.25], "texture": "#texture"},
				"up": {"uv": [0, 7, 13.5, 7.25], "texture": "#texture"},
				"down": {"uv": [0, 7.25, 13.5, 7], "texture": "#texture"}
			}
		},
		{
			"name": "2 x64",
			"from": [0.25, 12.75, 7.3],
			"to": [0.5, 14.75, 8.7],
			"faces": {
				"north": {"uv": [0.5, 1.25, 0.25, 3.25], "texture": "#texture"},
				"east": {"uv": [0.5, 1.25, 0.25, 3.25], "texture": "#texture"},
				"south": {"uv": [0.25, 1.25, 0.5, 3.25], "texture": "#texture"},
				"west": {"uv": [0.25, 1.25, 0.5, 3.25], "texture": "#texture"},
				"up": {"uv": [0.25, 1.25, 0.5, 1.5], "texture": "#texture"},
				"down": {"uv": [0.25, 3.25, 0.5, 3], "texture": "#texture"}
			}
		},
		{
			"name": "2 x64",
			"from": [0.5, 14.5, 7.3],
			"to": [0.75, 15, 8.7],
			"faces": {
				"north": {"uv": [0.75, 1, 0.5, 1.5], "texture": "#texture"},
				"east": {"uv": [0.75, 1, 0.5, 1.5], "texture": "#texture"},
				"south": {"uv": [0.5, 1, 0.75, 1.5], "texture": "#texture"},
				"west": {"uv": [0.5, 1, 0.75, 1.5], "texture": "#texture"},
				"up": {"uv": [0.5, 1, 0.75, 1.25], "texture": "#texture"},
				"down": {"uv": [0.5, 1.5, 0.75, 1.25], "texture": "#texture"}
			}
		},
		{
			"name": "2 x64",
			"from": [0.5, 12.5, 7.3],
			"to": [0.75, 13, 8.7],
			"faces": {
				"north": {"uv": [0.75, 3, 0.5, 3.5], "texture": "#texture"},
				"east": {"uv": [0.75, 3, 0.5, 3.5], "texture": "#texture"},
				"south": {"uv": [0.5, 3, 0.75, 3.5], "texture": "#texture"},
				"west": {"uv": [0.5, 3, 0.75, 3.5], "texture": "#texture"},
				"up": {"uv": [0.5, 3, 0.75, 3.25], "texture": "#texture"},
				"down": {"uv": [0.5, 3.5, 0.75, 3.25], "texture": "#texture"}
			}
		},
		{
			"name": "2 x64",
			"from": [0.75, 14.75, 7.3],
			"to": [1.25, 15, 8.7],
			"faces": {
				"north": {"uv": [1.25, 1, 0.75, 1.25], "texture": "#texture"},
				"east": {"uv": [1.25, 1, 1, 1.25], "texture": "#texture"},
				"south": {"uv": [0.75, 1, 1.25, 1.25], "texture": "#texture"},
				"west": {"uv": [0.75, 1, 1, 1.25], "texture": "#texture"},
				"up": {"uv": [0.75, 1, 1.25, 1.25], "texture": "#texture"},
				"down": {"uv": [0.75, 1.25, 1.25, 1], "texture": "#texture"}
			}
		},
		{
			"name": "2 x64",
			"from": [0.75, 12.5, 7.3],
			"to": [1.25, 12.75, 8.7],
			"faces": {
				"north": {"uv": [1.25, 3.25, 0.75, 3.5], "texture": "#texture"},
				"east": {"uv": [1.25, 3.25, 1, 3.5], "texture": "#texture"},
				"south": {"uv": [0.75, 3.25, 1.25, 3.5], "texture": "#texture"},
				"west": {"uv": [0.75, 3.25, 1, 3.5], "texture": "#texture"},
				"up": {"uv": [0.75, 3.25, 1.25, 3.5], "texture": "#texture"},
				"down": {"uv": [0.75, 3.5, 1.25, 3.25], "texture": "#texture"}
			}
		},
		{
			"name": "2 x64",
			"from": [1, 14.5, 7.3],
			"to": [1.5, 14.75, 8.7],
			"faces": {
				"north": {"uv": [1.5, 1.25, 1, 1.5], "texture": "#texture"},
				"east": {"uv": [1.5, 1.25, 1.25, 1.5], "texture": "#texture"},
				"south": {"uv": [1, 1.25, 1.5, 1.5], "texture": "#texture"},
				"west": {"uv": [1, 1.25, 1.25, 1.5], "texture": "#texture"},
				"up": {"uv": [1, 1.25, 1.5, 1.5], "texture": "#texture"},
				"down": {"uv": [1, 1.5, 1.5, 1.25], "texture": "#texture"}
			}
		},
		{
			"name": "2 x64",
			"from": [1, 12.75, 7.3],
			"to": [1.5, 13, 8.7],
			"faces": {
				"north": {"uv": [1.5, 3, 1, 3.25], "texture": "#texture"},
				"east": {"uv": [1.5, 3, 1.25, 3.25], "texture": "#texture"},
				"south": {"uv": [1, 3, 1.5, 3.25], "texture": "#texture"},
				"west": {"uv": [1, 3, 1.25, 3.25], "texture": "#texture"},
				"up": {"uv": [1, 3, 1.5, 3.25], "texture": "#texture"},
				"down": {"uv": [1, 3.25, 1.5, 3], "texture": "#texture"}
			}
		},
		{
			"name": "2 x64",
			"from": [1.25, 14.25, 7.3],
			"to": [8.5, 14.5, 8.7],
			"faces": {
				"north": {"uv": [16, 1.5, 1.25, 1.75], "texture": "#texture"},
				"east": {"uv": [16, 1.5, 15.75, 1.75], "texture": "#texture"},
				"south": {"uv": [1.25, 1.5, 16, 1.75], "texture": "#texture"},
				"west": {"uv": [1.25, 1.5, 1.5, 1.75], "texture": "#texture"},
				"up": {"uv": [1.25, 1.5, 16, 1.75], "texture": "#texture"},
				"down": {"uv": [1.25, 1.75, 16, 1.5], "texture": "#texture"}
			}
		},
		{
			"name": "2 x64",
			"from": [1.25, 13, 7.3],
			"to": [8.5, 13.25, 8.7],
			"faces": {
				"north": {"uv": [16, 2.75, 1.25, 3], "texture": "#texture"},
				"east": {"uv": [16, 2.75, 15.75, 3], "texture": "#texture"},
				"south": {"uv": [1.25, 2.75, 16, 3], "texture": "#texture"},
				"west": {"uv": [1.25, 2.75, 1.5, 3], "texture": "#texture"},
				"up": {"uv": [1.25, 2.75, 16, 3], "texture": "#texture"},
				"down": {"uv": [1.25, 3, 16, 2.75], "texture": "#texture"}
			}
		},
		{
			"name": "2 x64",
			"from": [25, 13.92, 7.44],
			"to": [25.4, 14.12, 8.56],
			"faces": {
				"north": {"uv": [13.75, 6.25, 13.25, 6.5], "texture": "#texture"},
				"east": {"uv": [13.75, 6.25, 13.5, 6.5], "texture": "#texture"},
				"south": {"uv": [13.25, 6.25, 13.75, 6.5], "texture": "#texture"},
				"west": {"uv": [13.25, 6.25, 13.5, 6.5], "texture": "#texture"},
				"up": {"uv": [13.25, 6.25, 13.75, 6.5], "texture": "#texture"},
				"down": {"uv": [13.25, 6.5, 13.75, 6.25], "texture": "#texture"}
			}
		},
		{
			"name": "2 x64",
			"from": [25, 13.52, 7.44],
			"to": [25.4, 13.72, 8.56],
			"faces": {
				"north": {"uv": [13.75, 6.75, 13.25, 7], "texture": "#texture"},
				"east": {"uv": [13.75, 6.75, 13.5, 7], "texture": "#texture"},
				"south": {"uv": [13.25, 6.75, 13.75, 7], "texture": "#texture"},
				"west": {"uv": [13.25, 6.75, 13.5, 7], "texture": "#texture"},
				"up": {"uv": [13.25, 6.75, 13.75, 7], "texture": "#texture"},
				"down": {"uv": [13.25, 7, 13.75, 6.75], "texture": "#texture"}
			}
		},
		{
			"name": "2 x64",
			"from": [25.2, 13.72, 7.44],
			"to": [25.6, 13.92, 8.56],
			"faces": {
				"north": {"uv": [14, 6.5, 13.5, 6.75], "texture": "#texture"},
				"east": {"uv": [14, 6.5, 13.75, 6.75], "texture": "#texture"},
				"south": {"uv": [13.5, 6.5, 14, 6.75], "texture": "#texture"},
				"west": {"uv": [13.5, 6.5, 13.75, 6.75], "texture": "#texture"},
				"up": {"uv": [13.5, 6.5, 14, 6.75], "texture": "#texture"},
				"down": {"uv": [13.5, 6.75, 14, 6.5], "texture": "#texture"}
			}
		},
		{
			"name": "3 x64",
			"from": [8.4, 13.52, 7.28],
			"to": [25, 14.12, 8.72],
			"faces": {
				"north": {"uv": [13.25, 6.25, 0, 7], "texture": "#texture"},
				"east": {"uv": [13.25, 6.25, 13, 7], "texture": "#texture"},
				"south": {"uv": [0, 6.25, 13.25, 7], "texture": "#texture"},
				"west": {"uv": [0, 6.25, 0.25, 7], "texture": "#texture"},
				"up": {"uv": [0, 6.25, 13.25, 6.5], "texture": "#texture"},
				"down": {"uv": [0, 7, 13.25, 6.75], "texture": "#texture"}
			}
		},
		{
			"name": "3 x64",
			"from": [0.5, 13, 7.1],
			"to": [1.25, 14.5, 8.9],
			"faces": {
				"north": {"uv": [1.25, 1.5, 0.5, 3], "texture": "#texture"},
				"east": {"uv": [1.25, 1.5, 1, 3], "texture": "#texture"},
				"south": {"uv": [0.5, 1.5, 1.25, 3], "texture": "#texture"},
				"west": {"uv": [0.5, 1.5, 0.75, 3], "texture": "#texture"},
				"up": {"uv": [0.5, 1.5, 1.25, 1.75], "texture": "#texture"},
				"down": {"uv": [0.5, 3, 1.25, 2.75], "texture": "#texture"}
			}
		},
		{
			"name": "3 x64",
			"from": [0.75, 14.5, 7.1],
			"to": [1, 14.75, 8.9],
			"faces": {
				"north": {"uv": [1, 1.25, 0.75, 1.5], "texture": "#texture"},
				"east": {"uv": [1, 1.25, 0.75, 1.5], "texture": "#texture"},
				"south": {"uv": [0.75, 1.25, 1, 1.5], "texture": "#texture"},
				"west": {"uv": [0.75, 1.25, 1, 1.5], "texture": "#texture"},
				"up": {"uv": [0.75, 1.25, 1, 1.5], "texture": "#texture"},
				"down": {"uv": [0.75, 1.5, 1, 1.25], "texture": "#texture"}
			}
		},
		{
			"name": "3 x64",
			"from": [0.75, 12.75, 7.1],
			"to": [1, 13, 8.9],
			"faces": {
				"north": {"uv": [1, 3, 0.75, 3.25], "texture": "#texture"},
				"east": {"uv": [1, 3, 0.75, 3.25], "texture": "#texture"},
				"south": {"uv": [0.75, 3, 1, 3.25], "texture": "#texture"},
				"west": {"uv": [0.75, 3, 1, 3.25], "texture": "#texture"},
				"up": {"uv": [0.75, 3, 1, 3.25], "texture": "#texture"},
				"down": {"uv": [0.75, 3.25, 1, 3], "texture": "#texture"}
			}
		},
		{
			"name": "3 x64",
			"from": [1.25, 13.25, 7.1],
			"to": [8.5, 14.25, 8.9],
			"faces": {
				"north": {"uv": [16, 1.75, 1.25, 2.75], "texture": "#texture"},
				"east": {"uv": [16, 1.75, 15.75, 2.75], "texture": "#texture"},
				"south": {"uv": [1.25, 1.75, 16, 2.75], "texture": "#texture"},
				"west": {"uv": [1.25, 1.75, 1.5, 2.75], "texture": "#texture"},
				"up": {"uv": [1.25, 1.75, 16, 2], "texture": "#texture"},
				"down": {"uv": [1.25, 2.75, 16, 2.5], "texture": "#texture"}
			}
		},
		{
			"name": "3 x64",
			"from": [25, 13.72, 7.28],
			"to": [25.2, 13.92, 8.72],
			"faces": {
				"north": {"uv": [13.5, 6.5, 13.25, 6.75], "texture": "#texture"},
				"east": {"uv": [13.5, 6.5, 13.25, 6.75], "texture": "#texture"},
				"south": {"uv": [13.25, 6.5, 13.5, 6.75], "texture": "#texture"},
				"west": {"uv": [13.25, 6.5, 13.5, 6.75], "texture": "#texture"},
				"up": {"uv": [13.25, 6.5, 13.5, 6.75], "texture": "#texture"},
				"down": {"uv": [13.25, 6.75, 13.5, 6.5], "texture": "#texture"}
			}
		},
		{
			"name": "1 x64",
			"from": [0, 12.5, 7.5],
			"to": [0.25, 15, 8.5],
			"faces": {
				"north": {"uv": [0.25, 1, 0, 3.5], "texture": "#texture"},
				"east": {"uv": [0.25, 1, 0, 3.5], "texture": "#texture"},
				"south": {"uv": [0, 1, 0.25, 3.5], "texture": "#texture"},
				"west": {"uv": [0, 1, 0.25, 3.5], "texture": "#texture"},
				"up": {"uv": [0, 1, 0.25, 1.25], "texture": "#texture"},
				"down": {"uv": [0, 3.5, 0.25, 3.25], "texture": "#texture"}
			}
		},
		{
			"name": "1 x64",
			"from": [8.4, 14.32, 7.6],
			"to": [25.4, 14.72, 8.4],
			"faces": {
				"north": {"uv": [13.75, 5.5, 0, 6], "texture": "#texture"},
				"east": {"uv": [13.75, 5.5, 13.5, 6], "texture": "#texture"},
				"south": {"uv": [0, 5.5, 13.75, 6], "texture": "#texture"},
				"west": {"uv": [0, 5.5, 0.25, 6], "texture": "#texture"},
				"up": {"uv": [0, 5.5, 13.75, 5.75], "texture": "#texture"},
				"down": {"uv": [0, 6, 13.75, 5.75], "texture": "#texture"}
			}
		},
		{
			"name": "1 x64",
			"from": [8.4, 12.92, 7.6],
			"to": [25.4, 13.32, 8.4],
			"faces": {
				"north": {"uv": [13.75, 7.25, 0, 7.75], "texture": "#texture"},
				"east": {"uv": [13.75, 7.25, 13.5, 7.75], "texture": "#texture"},
				"south": {"uv": [0, 7.25, 13.75, 7.75], "texture": "#texture"},
				"west": {"uv": [0, 7.25, 0.25, 7.75], "texture": "#texture"},
				"up": {"uv": [0, 7.25, 13.75, 7.5], "texture": "#texture"},
				"down": {"uv": [0, 7.75, 13.75, 7.5], "texture": "#texture"}
			}
		},
		{
			"name": "1 x64",
			"from": [0.25, 14.75, 7.5],
			"to": [0.5, 15.25, 8.5],
			"faces": {
				"north": {"uv": [0.5, 0.75, 0.25, 1.25], "texture": "#texture"},
				"east": {"uv": [0.5, 0.75, 0.25, 1.25], "texture": "#texture"},
				"south": {"uv": [0.25, 0.75, 0.5, 1.25], "texture": "#texture"},
				"west": {"uv": [0.25, 0.75, 0.5, 1.25], "texture": "#texture"},
				"up": {"uv": [0.25, 0.75, 0.5, 1], "texture": "#texture"},
				"down": {"uv": [0.25, 1.25, 0.5, 1], "texture": "#texture"}
			}
		},
		{
			"name": "1 x64",
			"from": [0.25, 12.25, 7.5],
			"to": [0.5, 12.75, 8.5],
			"faces": {
				"north": {"uv": [0.5, 3.25, 0.25, 3.75], "texture": "#texture"},
				"east": {"uv": [0.5, 3.25, 0.25, 3.75], "texture": "#texture"},
				"south": {"uv": [0.25, 3.25, 0.5, 3.75], "texture": "#texture"},
				"west": {"uv": [0.25, 3.25, 0.5, 3.75], "texture": "#texture"},
				"up": {"uv": [0.25, 3.25, 0.5, 3.5], "texture": "#texture"},
				"down": {"uv": [0.25, 3.75, 0.5, 3.5], "texture": "#texture"}
			}
		},
		{
			"name": "1 x64",
			"from": [0.5, 15, 7.5],
			"to": [1, 15.5, 8.5],
			"faces": {
				"north": {"uv": [1, 0.5, 0.5, 1], "texture": "#texture"},
				"east": {"uv": [1, 0.5, 0.75, 1], "texture": "#texture"},
				"south": {"uv": [0.5, 0.5, 1, 1], "texture": "#texture"},
				"west": {"uv": [0.5, 0.5, 0.75, 1], "texture": "#texture"},
				"up": {"uv": [0.5, 0.5, 1, 0.75], "texture": "#texture"},
				"down": {"uv": [0.5, 1, 1, 0.75], "texture": "#texture"}
			}
		},
		{
			"name": "1 x64",
			"from": [0.5, 12, 7.5],
			"to": [1, 12.5, 8.5],
			"faces": {
				"north": {"uv": [1, 3.5, 0.5, 4], "texture": "#texture"},
				"east": {"uv": [1, 3.5, 0.75, 4], "texture": "#texture"},
				"south": {"uv": [0.5, 3.5, 1, 4], "texture": "#texture"},
				"west": {"uv": [0.5, 3.5, 0.75, 4], "texture": "#texture"},
				"up": {"uv": [0.5, 3.5, 1, 3.75], "texture": "#texture"},
				"down": {"uv": [0.5, 4, 1, 3.75], "texture": "#texture"}
			}
		},
		{
			"name": "1 x64",
			"from": [1, 15, 7.5],
			"to": [1.5, 15.25, 8.5],
			"faces": {
				"north": {"uv": [1.5, 0.75, 1, 1], "texture": "#texture"},
				"east": {"uv": [1.5, 0.75, 1.25, 1], "texture": "#texture"},
				"south": {"uv": [1, 0.75, 1.5, 1], "texture": "#texture"},
				"west": {"uv": [1, 0.75, 1.25, 1], "texture": "#texture"},
				"up": {"uv": [1, 0.75, 1.5, 1], "texture": "#texture"},
				"down": {"uv": [1, 1, 1.5, 0.75], "texture": "#texture"}
			}
		},
		{
			"name": "1 x64",
			"from": [1, 12.25, 7.5],
			"to": [1.5, 12.5, 8.5],
			"faces": {
				"north": {"uv": [1.5, 3.5, 1, 3.75], "texture": "#texture"},
				"east": {"uv": [1.5, 3.5, 1.25, 3.75], "texture": "#texture"},
				"south": {"uv": [1, 3.5, 1.5, 3.75], "texture": "#texture"},
				"west": {"uv": [1, 3.5, 1.25, 3.75], "texture": "#texture"},
				"up": {"uv": [1, 3.5, 1.5, 3.75], "texture": "#texture"},
				"down": {"uv": [1, 3.75, 1.5, 3.5], "texture": "#texture"}
			}
		},
		{
			"name": "1 x64",
			"from": [1.25, 14.75, 7.5],
			"to": [8.5, 15, 8.5],
			"faces": {
				"north": {"uv": [16, 1, 1.25, 1.25], "texture": "#texture"},
				"east": {"uv": [16, 1, 15.75, 1.25], "texture": "#texture"},
				"south": {"uv": [1.25, 1, 16, 1.25], "texture": "#texture"},
				"west": {"uv": [1.25, 1, 1.5, 1.25], "texture": "#texture"},
				"up": {"uv": [1.25, 1, 16, 1.25], "texture": "#texture"},
				"down": {"uv": [1.25, 1.25, 16, 1], "texture": "#texture"}
			}
		},
		{
			"name": "1 x64",
			"from": [1.25, 12.5, 7.5],
			"to": [8.5, 12.75, 8.5],
			"faces": {
				"north": {"uv": [16, 3.25, 1.25, 3.5], "texture": "#texture"},
				"east": {"uv": [16, 3.25, 15.75, 3.5], "texture": "#texture"},
				"south": {"uv": [1.25, 3.25, 16, 3.5], "texture": "#texture"},
				"west": {"uv": [1.25, 3.25, 1.5, 3.5], "texture": "#texture"},
				"up": {"uv": [1.25, 3.25, 16, 3.5], "texture": "#texture"},
				"down": {"uv": [1.25, 3.5, 16, 3.25], "texture": "#texture"}
			}
		},
		{
			"name": "1 x64",
			"from": [1.5, 14.5, 7.5],
			"to": [8.5, 14.75, 8.5],
			"faces": {
				"north": {"uv": [16, 1.25, 1.5, 1.5], "texture": "#texture"},
				"east": {"uv": [16, 1.25, 15.75, 1.5], "texture": "#texture"},
				"south": {"uv": [1.5, 1.25, 16, 1.5], "texture": "#texture"},
				"west": {"uv": [1.5, 1.25, 1.75, 1.5], "texture": "#texture"},
				"up": {"uv": [1.5, 1.25, 16, 1.5], "texture": "#texture"},
				"down": {"uv": [1.5, 1.5, 16, 1.25], "texture": "#texture"}
			}
		},
		{
			"name": "1 x64",
			"from": [1.5, 12.75, 7.5],
			"to": [8.5, 13, 8.5],
			"faces": {
				"north": {"uv": [16, 3, 1.5, 3.25], "texture": "#texture"},
				"east": {"uv": [16, 3, 15.75, 3.25], "texture": "#texture"},
				"south": {"uv": [1.5, 3, 16, 3.25], "texture": "#texture"},
				"west": {"uv": [1.5, 3, 1.75, 3.25], "texture": "#texture"},
				"up": {"uv": [1.5, 3, 16, 3.25], "texture": "#texture"},
				"down": {"uv": [1.5, 3.25, 16, 3], "texture": "#texture"}
			}
		},
		{
			"name": "1 x64",
			"from": [25.2, 14.12, 7.6],
			"to": [25.8, 14.32, 8.4],
			"faces": {
				"north": {"uv": [14.25, 6, 13.5, 6.25], "texture": "#texture"},
				"east": {"uv": [14.25, 6, 14, 6.25], "texture": "#texture"},
				"south": {"uv": [13.5, 6, 14.25, 6.25], "texture": "#texture"},
				"west": {"uv": [13.5, 6, 13.75, 6.25], "texture": "#texture"},
				"up": {"uv": [13.5, 6, 14.25, 6.25], "texture": "#texture"},
				"down": {"uv": [13.5, 6.25, 14.25, 6], "texture": "#texture"}
			}
		},
		{
			"name": "1 x64",
			"from": [25.2, 13.32, 7.6],
			"to": [25.8, 13.52, 8.4],
			"faces": {
				"north": {"uv": [14.25, 7, 13.5, 7.25], "texture": "#texture"},
				"east": {"uv": [14.25, 7, 14, 7.25], "texture": "#texture"},
				"south": {"uv": [13.5, 7, 14.25, 7.25], "texture": "#texture"},
				"west": {"uv": [13.5, 7, 13.75, 7.25], "texture": "#texture"},
				"up": {"uv": [13.5, 7, 14.25, 7.25], "texture": "#texture"},
				"down": {"uv": [13.5, 7.25, 14.25, 7], "texture": "#texture"}
			}
		},
		{
			"name": "1 x64",
			"from": [25.4, 14.32, 7.6],
			"to": [25.6, 14.52, 8.4],
			"faces": {
				"north": {"uv": [14, 5.75, 13.75, 6], "texture": "#texture"},
				"east": {"uv": [14, 5.75, 13.75, 6], "texture": "#texture"},
				"south": {"uv": [13.75, 5.75, 14, 6], "texture": "#texture"},
				"west": {"uv": [13.75, 5.75, 14, 6], "texture": "#texture"},
				"up": {"uv": [13.75, 5.75, 14, 6], "texture": "#texture"},
				"down": {"uv": [13.75, 6, 14, 5.75], "texture": "#texture"}
			}
		},
		{
			"name": "1 x64",
			"from": [25.4, 13.92, 7.6],
			"to": [25.8, 14.12, 8.4],
			"faces": {
				"north": {"uv": [14.25, 6.25, 13.75, 6.5], "texture": "#texture"},
				"east": {"uv": [14.25, 6.25, 14, 6.5], "texture": "#texture"},
				"south": {"uv": [13.75, 6.25, 14.25, 6.5], "texture": "#texture"},
				"west": {"uv": [13.75, 6.25, 14, 6.5], "texture": "#texture"},
				"up": {"uv": [13.75, 6.25, 14.25, 6.5], "texture": "#texture"},
				"down": {"uv": [13.75, 6.5, 14.25, 6.25], "texture": "#texture"}
			}
		},
		{
			"name": "1 x64",
			"from": [25.4, 13.52, 7.6],
			"to": [25.8, 13.72, 8.4],
			"faces": {
				"north": {"uv": [14.25, 6.75, 13.75, 7], "texture": "#texture"},
				"east": {"uv": [14.25, 6.75, 14, 7], "texture": "#texture"},
				"south": {"uv": [13.75, 6.75, 14.25, 7], "texture": "#texture"},
				"west": {"uv": [13.75, 6.75, 14, 7], "texture": "#texture"},
				"up": {"uv": [13.75, 6.75, 14.25, 7], "texture": "#texture"},
				"down": {"uv": [13.75, 7, 14.25, 6.75], "texture": "#texture"}
			}
		},
		{
			"name": "1 x64",
			"from": [25.4, 13.12, 7.6],
			"to": [25.6, 13.32, 8.4],
			"faces": {
				"north": {"uv": [14, 7.25, 13.75, 7.5], "texture": "#texture"},
				"east": {"uv": [14, 7.25, 13.75, 7.5], "texture": "#texture"},
				"south": {"uv": [13.75, 7.25, 14, 7.5], "texture": "#texture"},
				"west": {"uv": [13.75, 7.25, 14, 7.5], "texture": "#texture"},
				"up": {"uv": [13.75, 7.25, 14, 7.5], "texture": "#texture"},
				"down": {"uv": [13.75, 7.5, 14, 7.25], "texture": "#texture"}
			}
		},
		{
			"name": "1 x64",
			"from": [25.6, 13.72, 7.6],
			"to": [25.8, 13.92, 8.4],
			"faces": {
				"north": {"uv": [14.25, 6.5, 14, 6.75], "texture": "#texture"},
				"east": {"uv": [14.25, 6.5, 14, 6.75], "texture": "#texture"},
				"south": {"uv": [14, 6.5, 14.25, 6.75], "texture": "#texture"},
				"west": {"uv": [14, 6.5, 14.25, 6.75], "texture": "#texture"},
				"up": {"uv": [14, 6.5, 14.25, 6.75], "texture": "#texture"},
				"down": {"uv": [14, 6.75, 14.25, 6.5], "texture": "#texture"}
			}
		},
		{
			"name": "PlaneX42",
			"from": [26.717, 9.5938, 3.0938],
			"to": [26.7185, 18.5938, 12.8438],
			"faces": {
				"east": {"uv": [0, 0, 16, 16], "texture": "#glowing"},
				"west": {"uv": [0, 0, 16, 16], "texture": "#glowing"}
			}
		},
		{
			"name": "PlaneX42",
			"from": [21.6093, 9.3594, 7.9688],
			"to": [31.3593, 18.3594, 7.9703],
			"faces": {
				"north": {"uv": [0, 0, 16, 16], "texture": "#glowing"},
				"south": {"uv": [0, 0, 16, 16], "texture": "#glowing"}
			}
		},
		{
			"name": "PlaneX42",
			"from": [22.0314, 13.8596, 3.0937],
			"to": [31.0314, 13.8611, 12.8437],
			"faces": {
				"up": {"uv": [0, 0, 16, 16], "rotation": 270, "texture": "#glowing"},
				"down": {"uv": [16, 16, 0, 0], "rotation": 90, "texture": "#glowing"}
			}
		}
	],
	"display": {
		"thirdperson_righthand": {
			"rotation": [126, 90, -34],
			"translation": [0.38, 1.13, -1.32],
			"scale": [0.31, 0.25, 0.35]
		},
		"thirdperson_lefthand": {
			"rotation": [126, -90, 34],
			"translation": [0.38, 1.13, -1.32],
			"scale": [0.31, 0.25, 0.35]
		},
		"firstperson_righthand": {
			"rotation": [0, 67, 34],
			"translation": [-1.32, 2.65, 3.59],
			"scale": [0.2, 0.2, 0.2]
		},
		"firstperson_lefthand": {
			"rotation": [0, -67, -34],
			"translation": [-2.83, 2.65, 3.59],
			"scale": [0.2, 0.2, 0.2]
		},
		"ground": {
			"scale": [0.25, 0.25, 0.25]
		},
		"gui": {
			"rotation": [-11, 9, 44],
			"translation": [0.19, -6.05, 0],
			"scale": [0.85, 0.76, 0.85]
		},
		"fixed": {
			"rotation": [180, 0, -1],
			"translation": [-3.97, 5.1, -2.08],
			"scale": [0.79, 0.82, 0.47]
		}
	}
}