{
	"credit": "Made with Blockbench",
	"textures": {
		"0": "item/charcoal/8-1",
		"1": "item/charcoal/8",
		"particle": "item/charcoal/8-1"
	},
	"elements": [
		{
			"from": [5, 0, 3],
			"to": [7, 2, 5],
			"rotation": {"angle": 0, "axis": "y", "origin": [8, 8, 11]},
			"faces": {
				"north": {"uv": [1, 0, 0, 2], "texture": "#0"},
				"east": {"uv": [2, 0, 0, 2], "texture": "#0"},
				"south": {"uv": [2, 0, 1, 2], "texture": "#0"},
				"west": {"uv": [5, 2, 0, 7], "texture": "#0"},
				"up": {"uv": [1, 0, 0, 2], "texture": "#0"},
				"down": {"uv": [2, 0, 1, 2], "texture": "#0"}
			}
		},
		{
			"from": [5, 0, 11],
			"to": [7, 2, 13],
			"rotation": {"angle": 0, "axis": "y", "origin": [8, 8, 5]},
			"faces": {
				"north": {"uv": [1, 0, 2, 2], "texture": "#0"},
				"east": {"uv": [0, 0, 2, 2], "texture": "#0"},
				"south": {"uv": [0, 0, 1, 2], "texture": "#0"},
				"west": {"uv": [0, 2, 5, 7], "texture": "#0"},
				"up": {"uv": [1, 2, 0, 0], "texture": "#0"},
				"down": {"uv": [2, 2, 1, 0], "texture": "#0"}
			}
		},
		{
			"from": [9, 0, 3],
			"to": [11, 2, 5],
			"rotation": {"angle": 0, "axis": "y", "origin": [8, 8, 11]},
			"faces": {
				"north": {"uv": [0, 0, 1, 2], "texture": "#0"},
				"east": {"uv": [0, 2, 5, 7], "texture": "#0"},
				"south": {"uv": [1, 0, 2, 2], "texture": "#0"},
				"west": {"uv": [0, 0, 2, 2], "texture": "#0"},
				"up": {"uv": [0, 0, 1, 2], "texture": "#0"},
				"down": {"uv": [1, 0, 2, 2], "texture": "#0"}
			}
		},
		{
			"from": [9, 0, 11],
			"to": [11, 2, 13],
			"rotation": {"angle": 0, "axis": "y", "origin": [8, 8, 5]},
			"faces": {
				"north": {"uv": [2, 0, 1, 2], "texture": "#0"},
				"east": {"uv": [5, 2, 0, 7], "texture": "#0"},
				"south": {"uv": [1, 0, 0, 2], "texture": "#0"},
				"west": {"uv": [2, 0, 0, 2], "texture": "#0"},
				"up": {"uv": [0, 2, 1, 0], "texture": "#0"},
				"down": {"uv": [1, 2, 2, 0], "texture": "#0"}
			}
		},
		{
			"from": [5, 0.5, 2],
			"to": [11, 3, 3],
			"faces": {
				"north": {"uv": [1, 12, 16, 16], "rotation": 180, "texture": "#0"},
				"east": {"uv": [2, 12, 0, 16], "rotation": 180, "texture": "#0"},
				"south": {"uv": [8, 15, 9, 16], "texture": "#0"},
				"west": {"uv": [0, 12, 2, 16], "rotation": 180, "texture": "#0"},
				"up": {"uv": [8, 15, 9, 16], "texture": "#0"},
				"down": {"uv": [0, 11, 1, 12], "texture": "#0"}
			}
		},
		{
			"from": [5, 0.5, 5],
			"to": [11, 3, 6],
			"faces": {
				"north": {"uv": [0, 12, 1, 12.5], "texture": "#0"},
				"east": {"uv": [0, 13, 1, 15.5], "texture": "#0"},
				"south": {"uv": [0, 12, 1, 12.5], "texture": "#0"},
				"west": {"uv": [0, 13, 1, 15.5], "texture": "#0"},
				"up": {"uv": [0, 15, 6, 16], "texture": "#0"},
				"down": {"uv": [0, 11, 1, 12], "texture": "#0"}
			}
		},
		{
			"from": [5, 2, 3],
			"to": [11, 3, 5],
			"faces": {
				"north": {"uv": [1, 10, 2, 11], "texture": "#0"},
				"east": {"uv": [1, 10, 2, 11], "texture": "#0"},
				"south": {"uv": [1, 10, 2, 11], "texture": "#0"},
				"west": {"uv": [1, 10, 2, 11], "texture": "#0"},
				"up": {"uv": [1, 10, 2, 11], "texture": "#0"},
				"down": {"uv": [1, 10, 2, 11], "texture": "#0"}
			}
		},
		{
			"from": [5.01, 1.5, 10],
			"to": [10.99, 4.5, 11],
			"rotation": {"angle": -45, "axis": "x", "origin": [8, 4.5, 11]},
			"faces": {
				"north": {"uv": [0, 0, 1, 0.5], "texture": "#1"},
				"east": {"uv": [16, 0, 16, 0.7], "texture": "#1"},
				"south": {"uv": [3, 0, 10, 13], "texture": "#1"},
				"west": {"uv": [16, 0, 16, 0.7], "texture": "#1"},
				"up": {"uv": [6, 0, 7, 0.5], "texture": "#0"},
				"down": {"uv": [0, 0, 1, 0.5], "texture": "#0"}
			}
		},
		{
			"from": [5, 2, 11],
			"to": [11, 4, 11.5],
			"faces": {
				"north": {"uv": [0, 0, 1, 0.5], "texture": "#1"},
				"east": {"uv": [16, 1, 12, 5.7], "texture": "#1"},
				"south": {"uv": [3, 0, 10, 16], "texture": "#1"},
				"west": {"uv": [12, 1, 16, 5.7], "texture": "#1"},
				"up": {"uv": [6, 0, 7, 0.5], "texture": "#0"},
				"down": {"uv": [0, 0, 1, 0.5], "texture": "#0"}
			}
		},
		{
			"from": [5, 2, 11.5],
			"to": [11, 3, 13],
			"faces": {
				"north": {"uv": [1, 10, 7, 11], "texture": "#0"},
				"east": {"uv": [1, 10, 1.5, 11], "texture": "#0"},
				"south": {"uv": [1, 10, 7, 11], "texture": "#0"},
				"west": {"uv": [1, 10, 1.5, 11], "texture": "#0"},
				"up": {"uv": [1, 10, 7, 10.5], "texture": "#0"},
				"down": {"uv": [1, 10, 7, 10.5], "texture": "#0"}
			}
		},
		{
			"from": [5, 3, 11.5],
			"to": [11, 3.5, 12],
			"faces": {
				"north": {"uv": [1, 10, 7, 11], "texture": "#0"},
				"east": {"uv": [1, 10, 1.5, 11], "texture": "#0"},
				"south": {"uv": [1, 10, 7, 11], "texture": "#0"},
				"west": {"uv": [1, 10, 1.5, 11], "texture": "#0"},
				"up": {"uv": [1, 10, 7, 10.5], "texture": "#0"},
				"down": {"uv": [1, 10, 7, 10.5], "texture": "#0"}
			}
		},
		{
			"from": [5.02, 0.5, 1.2],
			"to": [10.98, 1.5, 3.2],
			"faces": {
				"north": {"uv": [5, 9, 16, 11], "rotation": 180, "texture": "#0"},
				"east": {"uv": [0, 12, 1, 13], "texture": "#0"},
				"south": {"uv": [0, 12, 1, 13], "texture": "#0"},
				"west": {"uv": [0, 12, 1, 13], "texture": "#0"},
				"up": {"uv": [1, 10, 16, 13], "texture": "#0"},
				"down": {"uv": [0, 11, 1, 12], "texture": "#0"}
			}
		},
		{
			"from": [7, 0.5, 3],
			"to": [9, 1.5, 5],
			"faces": {
				"north": {"uv": [0, 0, 2, 1], "texture": "#0"},
				"east": {"uv": [0, 0, 2, 1], "texture": "#0"},
				"south": {"uv": [0, 0, 2, 1], "texture": "#0"},
				"west": {"uv": [0, 0, 2, 1], "texture": "#0"},
				"up": {"uv": [0, 0, 2, 2], "texture": "#0"},
				"down": {"uv": [0, 11, 1, 12], "texture": "#0"}
			}
		},
		{
			"from": [7, 0.5, 11],
			"to": [9, 1.5, 13],
			"faces": {
				"north": {"uv": [0, 0, 2, 1], "texture": "#0"},
				"east": {"uv": [0, 0, 2, 1], "texture": "#0"},
				"south": {"uv": [0, 0, 2, 1], "texture": "#0"},
				"west": {"uv": [0, 0, 2, 1], "texture": "#0"},
				"up": {"uv": [0, 0, 2, 2], "texture": "#0"},
				"down": {"uv": [0, 11, 1, 12], "texture": "#0"}
			}
		},
		{
			"from": [5, 0.5, 14.5],
			"to": [11, 1.5, 15],
			"faces": {
				"north": {"uv": [0, 0, 1, 1], "texture": "#1"},
				"east": {"uv": [0, 0, 0.5, 1], "texture": "#1"},
				"south": {"uv": [0, 0, 1, 1], "texture": "#1"},
				"west": {"uv": [0, 0, 0.5, 1], "texture": "#1"},
				"up": {"uv": [5, 13, 11, 13.5], "texture": "#1"},
				"down": {"uv": [0, 11, 1, 11.5], "texture": "#0"}
			}
		},
		{
			"from": [6, 0.5, 13],
			"to": [10, 3, 14.5],
			"faces": {
				"north": {"uv": [0, 0, 1, 0.5], "texture": "#0"},
				"east": {"uv": [0, 0, 4, 5], "rotation": 90, "texture": "#1"},
				"south": {"uv": [3, 6, 13, 16], "rotation": 180, "texture": "#1"},
				"west": {"uv": [0, 0, 4, 5], "rotation": 90, "texture": "#1"},
				"up": {"uv": [6, 12, 7, 12.5], "texture": "#1"},
				"down": {"uv": [0, 11, 1, 11.5], "texture": "#0"}
			}
		},
		{
			"from": [5, 0.5, 13],
			"to": [6, 3, 14.5],
			"rotation": {"angle": 0, "axis": "y", "origin": [6, 1.75, 14.5]},
			"faces": {
				"north": {"uv": [0, 0, 1, 0.5], "texture": "#0"},
				"east": {"uv": [0, 0, 4, 5], "rotation": 90, "texture": "#1"},
				"south": {"uv": [0, 6, 3, 15.5], "rotation": 180, "texture": "#1"},
				"west": {"uv": [0, 0, 4, 5], "rotation": 90, "texture": "#1"},
				"up": {"uv": [6, 12, 7, 12.5], "texture": "#1"},
				"down": {"uv": [0, 11, 1, 11.5], "texture": "#0"}
			}
		},
		{
			"from": [10, 0.5, 13],
			"to": [11, 3, 14.5],
			"rotation": {"angle": 0, "axis": "y", "origin": [10, 1.75, 14.5]},
			"faces": {
				"north": {"uv": [1, 0, 0, 0.5], "texture": "#0"},
				"east": {"uv": [0, 5, 4, 0], "rotation": 90, "texture": "#1"},
				"south": {"uv": [3, 6, 0, 15.5], "rotation": 180, "texture": "#1"},
				"west": {"uv": [0, 5, 4, 0], "rotation": 90, "texture": "#1"},
				"up": {"uv": [7, 12, 6, 12.5], "texture": "#1"},
				"down": {"uv": [1, 11, 0, 11.5], "texture": "#0"}
			}
		},
		{
			"from": [5, 3, 6.5],
			"to": [11, 4.5, 11],
			"faces": {
				"north": {"uv": [0, 7, 6, 16], "texture": "#0"},
				"east": {"uv": [16, 0, 7, 3], "texture": "#0"},
				"south": {"uv": [0, 0, 1, 1], "texture": "#0"},
				"west": {"uv": [7, 0, 16, 3], "texture": "#0"},
				"up": {"uv": [6, 0, 7, 1], "texture": "#0"},
				"down": {"uv": [0, 11, 1, 12], "texture": "#0"}
			}
		},
		{
			"from": [5.01, 2.5, 6.5],
			"to": [10.99, 4.5, 7.5],
			"rotation": {"angle": 22.5, "axis": "x", "origin": [8, 4.5, 6.5]},
			"faces": {
				"north": {"uv": [0.8, 7.8, 5.2, 10.8], "texture": "#0"},
				"east": {"uv": [8, 0, 7, 1], "texture": "#0"},
				"south": {"uv": [0, 0, 1, 1], "texture": "#0"},
				"west": {"uv": [7, 0, 8, 1], "texture": "#0"},
				"up": {"uv": [6, 0, 7, 1], "texture": "#0"},
				"down": {"uv": [0, 11, 1, 12], "texture": "#0"}
			}
		},
		{
			"from": [5, 0.5, 6],
			"to": [11, 3, 11],
			"faces": {
				"north": {"uv": [0, 7, 6, 16], "texture": "#0"},
				"east": {"uv": [16, 3, 6, 9], "texture": "#0"},
				"south": {"uv": [0, 0, 1, 1], "texture": "#0"},
				"west": {"uv": [6, 3, 16, 9], "texture": "#0"},
				"up": {"uv": [6, 0, 7, 1], "texture": "#0"},
				"down": {"uv": [0, 11, 1, 12], "texture": "#0"}
			}
		}
	],
	"display": {
		"thirdperson_righthand": {
			"translation": [0, 4, 0],
			"scale": [0.5, 0.5, 0.5]
		},
		"thirdperson_lefthand": {
			"translation": [0, 3.5, 0],
			"scale": [0.5, 0.5, 0.5]
		},
		"firstperson_righthand": {
			"translation": [0, 9, 0]
		},
		"firstperson_lefthand": {
			"translation": [0, 9.5, 0]
		},
		"ground": {
			"translation": [0, 0.5, 0],
			"scale": [0.5, 0.5, 0.5]
		},
		"gui": {
			"rotation": [34, 134, 0],
			"translation": [-0.5, 3, 0],
			"scale": [0.8, 0.8, 0.8]
		},
		"head": {
			"translation": [0, 14.5, 0.5]
		},
		"fixed": {
			"rotation": [-90, 0, 0],
			"translation": [0, 0, -8]
		}
	}
}