{
	"credit": "Made with Blockbench",
	"textures": {
		"0": "item/charcoal/9-1",
		"particle": "item/charcoal/9-1"
	},
	"elements": [
		{
			"from": [7, 5, 8],
			"to": [8, 8, 9],
			"faces": {
				"north": {"uv": [1.5, 0.5, 1.625, 0.875], "texture": "#0"},
				"east": {"uv": [1.5, 0.5, 1.625, 0.875], "texture": "#0"},
				"south": {"uv": [1.5, 0, 1.625, 0.375], "texture": "#0"},
				"west": {"uv": [1.5, 0.5, 1.625, 0.875], "texture": "#0"},
				"up": {"uv": [1.5, 0.5, 1.625, 0.625], "texture": "#0"},
				"down": {"uv": [1.5, 0.5, 1.625, 0.625], "texture": "#0"}
			}
		},
		{
			"from": [6, 2, 8],
			"to": [9, 5, 9],
			"faces": {
				"north": {"uv": [11, 0, 14.875, 11.875], "texture": "#0"},
				"east": {"uv": [11, 0, 14.625, 11.875], "texture": "#0"},
				"south": {"uv": [11, 0, 11.875, 11.875], "texture": "#0"},
				"west": {"uv": [11, 0, 14.625, 11.875], "texture": "#0"},
				"up": {"uv": [1, 0, 1.375, 0.125], "texture": "#0"},
				"down": {"uv": [1.5, 0, 1.875, 0.125], "texture": "#0"}
			}
		},
		{
			"from": [7, 2, 7],
			"to": [8, 5, 10],
			"faces": {
				"north": {"uv": [11, 0, 14.625, 11.875], "texture": "#0"},
				"east": {"uv": [11, 0, 14.875, 11.875], "texture": "#0"},
				"south": {"uv": [11, 0, 14.625, 11.875], "texture": "#0"},
				"west": {"uv": [11, 0, 14.875, 11.875], "texture": "#0"},
				"up": {"uv": [1.5, 0, 1.625, 0.375], "texture": "#0"},
				"down": {"uv": [1.5, 0, 1.625, 0.375], "texture": "#0"}
			}
		},
		{
			"from": [6, 0, 7],
			"to": [9, 2, 10],
			"faces": {
				"north": {"uv": [1, 0, 1.875, 0.75], "texture": "#0"},
				"east": {"uv": [1.5, 0.5, 1.875, 0.75], "texture": "#0"},
				"south": {"uv": [1.5, 0.5, 1.875, 0.75], "texture": "#0"},
				"west": {"uv": [1.5, 0.5, 1.875, 0.75], "texture": "#0"},
				"up": {"uv": [1, 0, 1.375, 0.375], "texture": "#0"},
				"down": {"uv": [0, 0, 0.375, 0.375], "texture": "#0"}
			}
		}
	],
	"display": {
		"thirdperson_righthand": {
			"translation": [0, 6.5, -1]
		},
		"thirdperson_lefthand": {
			"rotation": [-90, 0, 0],
			"translation": [-0.5, -2.5, -10],
			"scale": [1.4, 1.4, 1.4]
		},
		"firstperson_righthand": {
			"translation": [0, 7, 0]
		},
		"firstperson_lefthand": {
			"rotation": [-69, 0, 0],
			"translation": [-2, 4, -2]
		},
		"ground": {
			"translation": [0, 4, 0]
		},
		"gui": {
			"rotation": [36, 37, 0],
			"translation": [0.5, 3.5, 9]
		},
		"head": {
			"translation": [1.5, 27, -1],
			"scale": [2.6, 2.6, 2.6]
		},
		"fixed": {
			"rotation": [-90, 0, 0],
			"translation": [1, -2, -16],
			"scale": [2, 2, 2]
		}
	}
}