{
	"credit": "Made with Blockbench",
	"textures": {
		"1": "item/boat/8",
		"particle": "item/boat/8",
		"voxels_atlas": "item/boat/43"
	},
	"elements": [
		{
			"name": "Voxels",
			"from": [-0.5, -8.75, 0],
			"to": [-0.25, 0.5, 0.5],
			"faces": {
				"north": {"uv": [7.875, 11.375, 7.8125, 12.4375], "texture": "#voxels_atlas"},
				"east": {"uv": [7.9375, 12.5625, 7.875, 13.625], "texture": "#voxels_atlas"},
				"south": {"uv": [7.75, 11.375, 7.8125, 12.4375], "texture": "#voxels_atlas"},
				"west": {"uv": [7.6875, 11.375, 7.75, 12.4375], "texture": "#voxels_atlas"},
				"up": {"uv": [8.875, 9.375, 8.9375, 9.3125], "texture": "#voxels_atlas"},
				"down": {"uv": [8.875, 9.375, 8.9375, 9.4375], "texture": "#voxels_atlas"}
			}
		},
		{
			"name": "Voxels",
			"from": [-0.5, -9.25, 0.5],
			"to": [-0.25, -8.75, 2],
			"faces": {
				"north": {"uv": [7.875, 11.375, 7.8125, 12.4375], "texture": "#voxels_atlas"},
				"east": {"uv": [7.9375, 12.5625, 7.875, 13.625], "texture": "#voxels_atlas"},
				"south": {"uv": [7.75, 11.375, 7.8125, 12.4375], "texture": "#voxels_atlas"},
				"west": {"uv": [7.6875, 11.375, 7.75, 12.4375], "texture": "#voxels_atlas"},
				"up": {"uv": [8.875, 9.375, 8.9375, 9.3125], "texture": "#voxels_atlas"},
				"down": {"uv": [8.875, 9.375, 8.9375, 9.4375], "texture": "#voxels_atlas"}
			}
		},
		{
			"name": "Voxels",
			"from": [13.25, -9.25, 0.5],
			"to": [13.5, -8.75, 2],
			"faces": {
				"north": {"uv": [7.875, 11.375, 7.8125, 12.4375], "texture": "#voxels_atlas"},
				"east": {"uv": [7.9375, 12.5625, 7.875, 13.625], "texture": "#voxels_atlas"},
				"south": {"uv": [7.75, 11.375, 7.8125, 12.4375], "texture": "#voxels_atlas"},
				"west": {"uv": [7.6875, 11.375, 7.75, 12.4375], "texture": "#voxels_atlas"},
				"up": {"uv": [8.875, 9.375, 8.9375, 9.3125], "texture": "#voxels_atlas"},
				"down": {"uv": [8.875, 9.375, 8.9375, 9.4375], "texture": "#voxels_atlas"}
			}
		},
		{
			"name": "Voxels",
			"from": [-0.5, -0.5, 0.25],
			"to": [-0.25, 1, 1.5],
			"faces": {
				"north": {"uv": [8.6875, 9.25, 8.625, 9.625], "texture": "#voxels_atlas"},
				"east": {"uv": [6.625, 10.8125, 6.3125, 11.1875], "texture": "#voxels_atlas"},
				"south": {"uv": [8.625, 9.625, 8.6875, 10], "texture": "#voxels_atlas"},
				"west": {"uv": [6.625, 10.8125, 6.9375, 11.1875], "texture": "#voxels_atlas"},
				"up": {"uv": [8.625, 9.25, 8.6875, 8.9375], "texture": "#voxels_atlas"},
				"down": {"uv": [8.625, 8.625, 8.6875, 8.9375], "texture": "#voxels_atlas"}
			}
		},
		{
			"name": "Voxels",
			"from": [-0.25, 0.5, -0.25],
			"to": [13.25, 1, 0.75],
			"faces": {
				"north": {"uv": [7.0625, 15.625, 3.6875, 15.75], "texture": "#voxels_atlas"},
				"east": {"uv": [8.8125, 15.1875, 8.5625, 15.3125], "texture": "#voxels_atlas"},
				"south": {"uv": [3.6875, 15.5, 7.0625, 15.625], "texture": "#voxels_atlas"},
				"west": {"uv": [8.3125, 8.625, 8.5625, 8.75], "texture": "#voxels_atlas"},
				"up": {"uv": [0, 11.3125, 3.375, 11.0625], "texture": "#voxels_atlas"},
				"down": {"uv": [0, 11.3125, 3.375, 11.5625], "texture": "#voxels_atlas"}
			}
		},
		{
			"name": "Voxels",
			"from": [0.75, 0.5, 0.75],
			"to": [12.25, 1, 3.75],
			"faces": {
				"north": {"uv": [7.0625, 15.625, 3.6875, 15.75], "texture": "#voxels_atlas"},
				"east": {"uv": [8.8125, 15.1875, 8.5625, 15.3125], "texture": "#voxels_atlas"},
				"south": {"uv": [3.6875, 15.5, 7.0625, 15.625], "texture": "#voxels_atlas"},
				"west": {"uv": [8.3125, 8.625, 8.5625, 8.75], "texture": "#voxels_atlas"},
				"up": {"uv": [3.33333, 9.33333, 14.66667, 6.66667], "texture": "#1"},
				"down": {"uv": [0, 11.3125, 3.375, 11.5625], "texture": "#voxels_atlas"}
			}
		},
		{
			"name": "Voxels",
			"from": [-0.25, 0.5, 0.75],
			"to": [0.75, 1, 3.75],
			"faces": {
				"north": {"uv": [6.1875, 13.375, 5.9375, 13.5], "texture": "#voxels_atlas"},
				"east": {"uv": [7, 10.25, 6.25, 10.375], "texture": "#voxels_atlas"},
				"south": {"uv": [5.6875, 13.25, 5.9375, 13.375], "texture": "#voxels_atlas"},
				"west": {"uv": [6.25, 10.375, 7, 10.5], "texture": "#voxels_atlas"},
				"up": {"uv": [4, 10, 4.25, 9.25], "texture": "#voxels_atlas"},
				"down": {"uv": [4, 10, 4.25, 10.75], "texture": "#voxels_atlas"}
			}
		},
		{
			"name": "Voxels",
			"from": [-0.25, 1, 0],
			"to": [13.25, 1.25, 0.5],
			"faces": {
				"north": {"uv": [7.0625, 11.1875, 3.6875, 11.25], "texture": "#voxels_atlas"},
				"east": {"uv": [6.375, 8, 6.25, 8.0625], "texture": "#voxels_atlas"},
				"south": {"uv": [3.6875, 11.25, 7.0625, 11.3125], "texture": "#voxels_atlas"},
				"west": {"uv": [15.875, 15.75, 16, 15.8125], "texture": "#voxels_atlas"},
				"up": {"uv": [3.6875, 16, 7.0625, 15.875], "texture": "#voxels_atlas"},
				"down": {"uv": [3.6875, 15.75, 7.0625, 15.875], "texture": "#voxels_atlas"}
			}
		},
		{
			"name": "Voxels",
			"from": [-0.25, 1, 0.5],
			"to": [0.75, 1.25, 0.75],
			"faces": {
				"north": {"uv": [8.9375, 10.5625, 8.6875, 10.625], "texture": "#voxels_atlas"},
				"east": {"uv": [12.25, 14.9375, 12.1875, 15], "texture": "#voxels_atlas"},
				"south": {"uv": [8.6875, 11.4375, 8.9375, 11.5], "texture": "#voxels_atlas"},
				"west": {"uv": [12.125, 14.9375, 12.1875, 15], "texture": "#voxels_atlas"},
				"up": {"uv": [8.6875, 10.6875, 8.9375, 10.625], "texture": "#voxels_atlas"},
				"down": {"uv": [8.6875, 10.9375, 8.9375, 11], "texture": "#voxels_atlas"}
			}
		},
		{
			"name": "Voxels",
			"from": [-0.25, 1, 0.75],
			"to": [0.5, 1.25, 2.25],
			"faces": {
				"north": {"uv": [8.875, 9.8125, 8.6875, 9.875], "texture": "#voxels_atlas"},
				"east": {"uv": [14.8125, 15.5625, 14.4375, 15.625], "texture": "#voxels_atlas"},
				"south": {"uv": [8.6875, 9.875, 8.875, 9.9375], "texture": "#voxels_atlas"},
				"west": {"uv": [6.6875, 14.8125, 7.0625, 14.875], "texture": "#voxels_atlas"},
				"up": {"uv": [7.5, 9, 7.6875, 8.625], "texture": "#voxels_atlas"},
				"down": {"uv": [7.5, 8.25, 7.6875, 8.625], "texture": "#voxels_atlas"}
			}
		},
		{
			"name": "Voxels",
			"from": [0, 1, 2.25],
			"to": [0.5, 1.25, 3.75],
			"faces": {
				"north": {"uv": [8.875, 8.6875, 8.75, 8.75], "texture": "#voxels_atlas"},
				"east": {"uv": [15.125, 15.0625, 14.75, 15.125], "texture": "#voxels_atlas"},
				"south": {"uv": [8.75, 8.75, 8.875, 8.8125], "texture": "#voxels_atlas"},
				"west": {"uv": [14.375, 15.0625, 14.75, 15.125], "texture": "#voxels_atlas"},
				"up": {"uv": [5.875, 8.5625, 6, 8.1875], "texture": "#voxels_atlas"},
				"down": {"uv": [6, 8.1875, 6.125, 8.5625], "texture": "#voxels_atlas"}
			}
		},
		{
			"name": "Voxels",
			"from": [0.25, 0.5, 3.75],
			"to": [6, 0.75, 4],
			"faces": {
				"north": {"uv": [15.5, 15.9375, 14.0625, 16], "texture": "#voxels_atlas"},
				"east": {"uv": [13, 14.9375, 12.9375, 15], "texture": "#voxels_atlas"},
				"south": {"uv": [7.9375, 15.75, 9.375, 15.8125], "texture": "#voxels_atlas"},
				"west": {"uv": [12.875, 14.9375, 12.9375, 15], "texture": "#voxels_atlas"},
				"up": {"uv": [9.375, 15.8125, 10.8125, 15.75], "texture": "#voxels_atlas"},
				"down": {"uv": [10.8125, 15.75, 12.25, 15.8125], "texture": "#voxels_atlas"}
			}
		},
		{
			"name": "Voxels",
			"from": [0.25, 0.5, 4],
			"to": [5.75, 1, 4.25],
			"faces": {
				"north": {"uv": [6, 10.5, 4.625, 10.625], "texture": "#voxels_atlas"},
				"east": {"uv": [8.6875, 8.25, 8.625, 8.375], "texture": "#voxels_atlas"},
				"south": {"uv": [4.625, 10.625, 6, 10.75], "texture": "#voxels_atlas"},
				"west": {"uv": [8.625, 8.125, 8.6875, 8.25], "texture": "#voxels_atlas"},
				"up": {"uv": [12.0625, 15.625, 13.4375, 15.5625], "texture": "#voxels_atlas"},
				"down": {"uv": [13.4375, 15.625, 14.8125, 15.6875], "texture": "#voxels_atlas"}
			}
		},
		{
			"name": "Voxels",
			"from": [0.25, 0.75, 3.75],
			"to": [5.75, 1.25, 4],
			"faces": {
				"north": {"uv": [6.25, 10.375, 4.875, 10.5], "texture": "#voxels_atlas"},
				"east": {"uv": [8.5625, 8, 8.5, 8.125], "texture": "#voxels_atlas"},
				"south": {"uv": [4.875, 10.25, 6.25, 10.375], "texture": "#voxels_atlas"},
				"west": {"uv": [8.5625, 8, 8.625, 8.125], "texture": "#voxels_atlas"},
				"up": {"uv": [10.8125, 15.75, 12.1875, 15.6875], "texture": "#voxels_atlas"},
				"down": {"uv": [12.1875, 15.6875, 13.5625, 15.75], "texture": "#voxels_atlas"}
			}
		},
		{
			"name": "Voxels",
			"from": [0.5, 1, 3.25],
			"to": [0.75, 1.25, 3.75],
			"faces": {
				"north": {"uv": [11.4375, 14.9375, 11.375, 15], "texture": "#voxels_atlas"},
				"east": {"uv": [5.875, 8, 5.75, 8.0625], "texture": "#voxels_atlas"},
				"south": {"uv": [11.4375, 14.9375, 11.5, 15], "texture": "#voxels_atlas"},
				"west": {"uv": [8.8125, 9, 8.9375, 9.0625], "texture": "#voxels_atlas"},
				"up": {"uv": [8.1875, 8.125, 8.25, 8], "texture": "#voxels_atlas"},
				"down": {"uv": [8.5, 8.125, 8.5625, 8.25], "texture": "#voxels_atlas"}
			}
		},
		{
			"name": "Voxels",
			"from": [0.75, 0.5, 3.25],
			"to": [2.25, 1, 3.75],
			"faces": {
				"north": {"uv": [8.5, 12.1875, 8.125, 12.3125], "texture": "#voxels_atlas"},
				"east": {"uv": [7.0625, 9.75, 6.9375, 9.875], "texture": "#voxels_atlas"},
				"south": {"uv": [6.6875, 14.875, 7.0625, 15], "texture": "#voxels_atlas"},
				"west": {"uv": [3.375, 8.5625, 3.5, 8.6875], "texture": "#voxels_atlas"},
				"up": {"uv": [8.125, 12.1875, 8.5, 12.0625], "texture": "#voxels_atlas"},
				"down": {"uv": [8.125, 11.9375, 8.5, 12.0625], "texture": "#voxels_atlas"}
			}
		},
		{
			"name": "Voxels",
			"from": [0.75, 1, 3.5],
			"to": [3.75, 1.25, 3.75],
			"faces": {
				"north": {"uv": [9.3125, 15.375, 8.5625, 15.4375], "texture": "#voxels_atlas"},
				"east": {"uv": [11.875, 14.9375, 11.8125, 15], "texture": "#voxels_atlas"},
				"south": {"uv": [13.75, 15.4375, 14.5, 15.5], "texture": "#voxels_atlas"},
				"west": {"uv": [11.875, 14.9375, 11.9375, 15], "texture": "#voxels_atlas"},
				"up": {"uv": [9.3125, 15.4375, 10.0625, 15.375], "texture": "#voxels_atlas"},
				"down": {"uv": [10.0625, 15.375, 10.8125, 15.4375], "texture": "#voxels_atlas"}
			}
		},
		{
			"name": "Voxels",
			"from": [1.5, 1, 0.5],
			"to": [11.5, 1.25, 0.75],
			"faces": {
				"north": {"uv": [12.25, 15.8125, 9.75, 15.875], "texture": "#voxels_atlas"},
				"east": {"uv": [11.625, 14.9375, 11.5625, 15], "texture": "#voxels_atlas"},
				"south": {"uv": [12.25, 15.8125, 14.75, 15.875], "texture": "#voxels_atlas"},
				"west": {"uv": [11.75, 14.9375, 11.8125, 15], "texture": "#voxels_atlas"},
				"up": {"uv": [7.25, 15.875, 9.75, 15.8125], "texture": "#voxels_atlas"},
				"down": {"uv": [12.6875, 15.875, 15.1875, 15.9375], "texture": "#voxels_atlas"}
			}
		},
		{
			"name": "Voxels",
			"from": [1.75, 1, 4],
			"to": [5.75, 1.25, 4.25],
			"faces": {
				"north": {"uv": [14.4375, 15.5625, 13.4375, 15.625], "texture": "#voxels_atlas"},
				"east": {"uv": [8.9375, 10.3125, 8.875, 10.375], "texture": "#voxels_atlas"},
				"south": {"uv": [9.8125, 15.5, 10.8125, 15.5625], "texture": "#voxels_atlas"},
				"west": {"uv": [11.5, 14.9375, 11.5625, 15], "texture": "#voxels_atlas"},
				"up": {"uv": [14.9375, 15.75, 15.9375, 15.6875], "texture": "#voxels_atlas"},
				"down": {"uv": [14.75, 15.8125, 15.75, 15.875], "texture": "#voxels_atlas"}
			}
		},
		{
			"name": "Voxels",
			"from": [2.25, 0.5, 3.5],
			"to": [13.25, 1, 3.75],
			"faces": {
				"north": {"uv": [6.4375, 14.5625, 3.6875, 14.6875], "texture": "#voxels_atlas"},
				"east": {"uv": [7.0625, 10, 7, 10.125], "texture": "#voxels_atlas"},
				"south": {"uv": [3.6875, 14.6875, 6.4375, 14.8125], "texture": "#voxels_atlas"},
				"west": {"uv": [7, 10.125, 7.0625, 10.25], "texture": "#voxels_atlas"},
				"up": {"uv": [7.1875, 15.9375, 9.9375, 15.875], "texture": "#voxels_atlas"},
				"down": {"uv": [9.9375, 15.875, 12.6875, 15.9375], "texture": "#voxels_atlas"}
			}
		},
		{
			"name": "Voxels",
			"from": [3, 0.5, 4.25],
			"to": [5.75, 1, 4.5],
			"faces": {
				"north": {"uv": [8.625, 15.5625, 7.9375, 15.6875], "texture": "#voxels_atlas"},
				"east": {"uv": [6.0625, 8.0625, 6, 8.1875], "texture": "#voxels_atlas"},
				"south": {"uv": [8.625, 15.5625, 9.3125, 15.6875], "texture": "#voxels_atlas"},
				"west": {"uv": [7, 9.875, 7.0625, 10], "texture": "#voxels_atlas"},
				"up": {"uv": [12.875, 15.4375, 13.5625, 15.375], "texture": "#voxels_atlas"},
				"down": {"uv": [12.1875, 15.375, 12.875, 15.4375], "texture": "#voxels_atlas"}
			}
		},
		{
			"name": "Voxels",
			"from": [4.5, 1, 4.25],
			"to": [5.25, 1.25, 4.5],
			"faces": {
				"north": {"uv": [8.875, 10.125, 8.6875, 10.1875], "texture": "#voxels_atlas"},
				"east": {"uv": [10.8125, 14.9375, 10.75, 15], "texture": "#voxels_atlas"},
				"south": {"uv": [8.6875, 10.0625, 8.875, 10.125], "texture": "#voxels_atlas"},
				"west": {"uv": [10.8125, 14.9375, 10.875, 15], "texture": "#voxels_atlas"},
				"up": {"uv": [8.6875, 10.375, 8.875, 10.3125], "texture": "#voxels_atlas"},
				"down": {"uv": [8.6875, 10.375, 8.875, 10.4375], "texture": "#voxels_atlas"}
			}
		},
		{
			"name": "Voxels",
			"from": [5, 0.5, 3.25],
			"to": [8, 1, 3.5],
			"faces": {
				"north": {"uv": [6.75, 10.625, 6, 10.75], "texture": "#voxels_atlas"},
				"east": {"uv": [7.3125, 8, 7.25, 8.125], "texture": "#voxels_atlas"},
				"south": {"uv": [6, 10.5, 6.75, 10.625], "texture": "#voxels_atlas"},
				"west": {"uv": [7.3125, 8.125, 7.375, 8.25], "texture": "#voxels_atlas"},
				"up": {"uv": [15.1875, 15.9375, 15.9375, 15.875], "texture": "#voxels_atlas"},
				"down": {"uv": [15.125, 15.75, 15.875, 15.8125], "texture": "#voxels_atlas"}
			}
		},
		{
			"name": "Voxels",
			"from": [5.25, 0.5, 2.75],
			"to": [7.75, 1, 3.25],
			"faces": {
				"north": {"uv": [9.1875, 15.4375, 8.5625, 15.5625], "texture": "#voxels_atlas"},
				"east": {"uv": [2.5, 11.75, 2.375, 11.875], "texture": "#voxels_atlas"},
				"south": {"uv": [9.1875, 15.4375, 9.8125, 15.5625], "texture": "#voxels_atlas"},
				"west": {"uv": [1.9375, 11.75, 2.0625, 11.875], "texture": "#voxels_atlas"},
				"up": {"uv": [6.4375, 14.6875, 7.0625, 14.5625], "texture": "#voxels_atlas"},
				"down": {"uv": [6.4375, 14.6875, 7.0625, 14.8125], "texture": "#voxels_atlas"}
			}
		},
		{
			"name": "Voxels",
			"from": [5.25, 1, 3.25],
			"to": [7.75, 1.25, 3.5],
			"faces": {
				"north": {"uv": [9.8125, 15.3125, 9.1875, 15.375], "texture": "#voxels_atlas"},
				"east": {"uv": [12.3125, 14.9375, 12.25, 15], "texture": "#voxels_atlas"},
				"south": {"uv": [14.8125, 15.375, 15.4375, 15.4375], "texture": "#voxels_atlas"},
				"west": {"uv": [12.3125, 14.9375, 12.375, 15], "texture": "#voxels_atlas"},
				"up": {"uv": [9.8125, 15.375, 10.4375, 15.3125], "texture": "#voxels_atlas"},
				"down": {"uv": [8.5625, 15.3125, 9.1875, 15.375], "texture": "#voxels_atlas"}
			}
		},
		{
			"name": "Voxels",
			"from": [5.25, 1, 3.5],
			"to": [6, 1.25, 3.75],
			"faces": {
				"north": {"uv": [8.875, 9.4375, 8.6875, 9.5], "texture": "#voxels_atlas"},
				"east": {"uv": [8.9375, 9.5, 8.875, 9.5625], "texture": "#voxels_atlas"},
				"south": {"uv": [8.6875, 9.375, 8.875, 9.4375], "texture": "#voxels_atlas"},
				"west": {"uv": [8.875, 9.4375, 8.9375, 9.5], "texture": "#voxels_atlas"},
				"up": {"uv": [8.6875, 9.5625, 8.875, 9.5], "texture": "#voxels_atlas"},
				"down": {"uv": [8.6875, 9.5625, 8.875, 9.625], "texture": "#voxels_atlas"}
			}
		},
		{
			"name": "Voxels",
			"from": [5.5, 0.5, 0.75],
			"to": [7.5, 1, 2.75],
			"faces": {
				"north": {"uv": [7, 9.875, 6.5, 10], "texture": "#voxels_atlas"},
				"east": {"uv": [6.6875, 14.9375, 6.1875, 15.0625], "texture": "#voxels_atlas"},
				"south": {"uv": [6.5, 10, 7, 10.125], "texture": "#voxels_atlas"},
				"west": {"uv": [5.6875, 14.8125, 6.1875, 14.9375], "texture": "#voxels_atlas"},
				"up": {"uv": [2.5, 12.125, 3, 11.625], "texture": "#voxels_atlas"},
				"down": {"uv": [3, 11.625, 3.5, 12.125], "texture": "#voxels_atlas"}
			}
		},
		{
			"name": "Voxels",
			"from": [5.5, 1, 2.75],
			"to": [7.5, 1.25, 3.25],
			"faces": {
				"north": {"uv": [3, 11.5625, 2.5, 11.625], "texture": "#voxels_atlas"},
				"east": {"uv": [10.4375, 14.9375, 10.3125, 15], "texture": "#voxels_atlas"},
				"south": {"uv": [5.8125, 10.75, 6.3125, 10.8125], "texture": "#voxels_atlas"},
				"west": {"uv": [10.1875, 14.9375, 10.3125, 15], "texture": "#voxels_atlas"},
				"up": {"uv": [6.1875, 14.9375, 6.6875, 14.8125], "texture": "#voxels_atlas"},
				"down": {"uv": [6.5, 10.125, 7, 10.25], "texture": "#voxels_atlas"}
			}
		},
		{
			"name": "Voxels",
			"from": [5.75, 1, 0.75],
			"to": [7.25, 1.25, 2.75],
			"faces": {
				"north": {"uv": [9.0625, 15, 8.6875, 15.0625], "texture": "#voxels_atlas"},
				"east": {"uv": [5.5625, 11.3125, 5.0625, 11.375], "texture": "#voxels_atlas"},
				"south": {"uv": [15.125, 15.0625, 15.5, 15.125], "texture": "#voxels_atlas"},
				"west": {"uv": [5.3125, 10.75, 5.8125, 10.8125], "texture": "#voxels_atlas"},
				"up": {"uv": [6.6875, 15.5, 7.0625, 15], "texture": "#voxels_atlas"},
				"down": {"uv": [4.25, 10.25, 4.625, 10.75], "texture": "#voxels_atlas"}
			}
		},
		{
			"name": "Voxels",
			"from": [7, 0.5, 3.75],
			"to": [12.75, 0.75, 4],
			"faces": {
				"north": {"uv": [9.375, 15.6875, 7.9375, 15.75], "texture": "#voxels_atlas"},
				"east": {"uv": [12.625, 14.9375, 12.5625, 15], "texture": "#voxels_atlas"},
				"south": {"uv": [9.375, 15.6875, 10.8125, 15.75], "texture": "#voxels_atlas"},
				"west": {"uv": [12.5, 14.9375, 12.5625, 15], "texture": "#voxels_atlas"},
				"up": {"uv": [13.6875, 15.8125, 15.125, 15.75], "texture": "#voxels_atlas"},
				"down": {"uv": [12.25, 15.75, 13.6875, 15.8125], "texture": "#voxels_atlas"}
			}
		},
		{
			"name": "Voxels",
			"from": [7, 1, 3.5],
			"to": [7.75, 1.25, 3.75],
			"faces": {
				"north": {"uv": [8.875, 9.9375, 8.6875, 10], "texture": "#voxels_atlas"},
				"east": {"uv": [11.25, 14.9375, 11.1875, 15], "texture": "#voxels_atlas"},
				"south": {"uv": [8.6875, 10, 8.875, 10.0625], "texture": "#voxels_atlas"},
				"west": {"uv": [11.125, 14.9375, 11.1875, 15], "texture": "#voxels_atlas"},
				"up": {"uv": [8.6875, 9.8125, 8.875, 9.75], "texture": "#voxels_atlas"},
				"down": {"uv": [8.6875, 9.6875, 8.875, 9.75], "texture": "#voxels_atlas"}
			}
		},
		{
			"name": "Voxels",
			"from": [7.25, 0.5, 4],
			"to": [12.75, 1, 4.25],
			"faces": {
				"north": {"uv": [6.5, 9.75, 5.125, 9.875], "texture": "#voxels_atlas"},
				"east": {"uv": [9, 13.9375, 8.9375, 14.0625], "texture": "#voxels_atlas"},
				"south": {"uv": [5.125, 9.875, 6.5, 10], "texture": "#voxels_atlas"},
				"west": {"uv": [8.9375, 14.0625, 9, 14.1875], "texture": "#voxels_atlas"},
				"up": {"uv": [9.3125, 15.6875, 10.6875, 15.625], "texture": "#voxels_atlas"},
				"down": {"uv": [13.5625, 15.6875, 14.9375, 15.75], "texture": "#voxels_atlas"}
			}
		},
		{
			"name": "Voxels",
			"from": [7.25, 0.5, 4.25],
			"to": [10, 1, 4.5],
			"faces": {
				"north": {"uv": [11.375, 15.5625, 10.6875, 15.6875], "texture": "#voxels_atlas"},
				"east": {"uv": [8.75, 8.5625, 8.6875, 8.6875], "texture": "#voxels_atlas"},
				"south": {"uv": [11.375, 15.5625, 12.0625, 15.6875], "texture": "#voxels_atlas"},
				"west": {"uv": [8.9375, 13.8125, 9, 13.9375], "texture": "#voxels_atlas"},
				"up": {"uv": [10.8125, 15.4375, 11.5, 15.375], "texture": "#voxels_atlas"},
				"down": {"uv": [11.5, 15.375, 12.1875, 15.4375], "texture": "#voxels_atlas"}
			}
		},
		{
			"name": "Voxels",
			"from": [7.25, 0.75, 3.75],
			"to": [12.75, 1.25, 4],
			"faces": {
				"north": {"uv": [6.5, 10, 5.125, 10.125], "texture": "#voxels_atlas"},
				"east": {"uv": [8.875, 8.5625, 8.8125, 8.6875], "texture": "#voxels_atlas"},
				"south": {"uv": [5.125, 10.125, 6.5, 10.25], "texture": "#voxels_atlas"},
				"west": {"uv": [8.75, 8.5625, 8.8125, 8.6875], "texture": "#voxels_atlas"},
				"up": {"uv": [9.3125, 15.625, 10.6875, 15.5625], "texture": "#voxels_atlas"},
				"down": {"uv": [12.0625, 15.625, 13.4375, 15.6875], "texture": "#voxels_atlas"}
			}
		},
		{
			"name": "Voxels",
			"from": [7.25, 1, 4],
			"to": [11.25, 1.25, 4.25],
			"faces": {
				"north": {"uv": [11.8125, 15.4375, 10.8125, 15.5], "texture": "#voxels_atlas"},
				"east": {"uv": [11.6875, 14.9375, 11.625, 15], "texture": "#voxels_atlas"},
				"south": {"uv": [11.8125, 15.5, 12.8125, 15.5625], "texture": "#voxels_atlas"},
				"west": {"uv": [11.6875, 14.9375, 11.75, 15], "texture": "#voxels_atlas"},
				"up": {"uv": [10.8125, 15.5625, 11.8125, 15.5], "texture": "#voxels_atlas"},
				"down": {"uv": [9.8125, 15.4375, 10.8125, 15.5], "texture": "#voxels_atlas"}
			}
		},
		{
			"name": "Voxels",
			"from": [7.75, 1, 4.25],
			"to": [8.5, 1.25, 4.5],
			"faces": {
				"north": {"uv": [8.875, 9.1875, 8.6875, 9.25], "texture": "#voxels_atlas"},
				"east": {"uv": [11.3125, 14.9375, 11.25, 15], "texture": "#voxels_atlas"},
				"south": {"uv": [8.6875, 9.25, 8.875, 9.3125], "texture": "#voxels_atlas"},
				"west": {"uv": [11.3125, 14.9375, 11.375, 15], "texture": "#voxels_atlas"},
				"up": {"uv": [8.6875, 9.375, 8.875, 9.3125], "texture": "#voxels_atlas"},
				"down": {"uv": [8.6875, 9.625, 8.875, 9.6875], "texture": "#voxels_atlas"}
			}
		},
		{
			"name": "Voxels",
			"from": [9.25, 1, 3.5],
			"to": [13, 1.25, 3.75],
			"faces": {
				"north": {"uv": [14.6875, 15.5, 13.75, 15.5625], "texture": "#voxels_atlas"},
				"east": {"uv": [10.9375, 14.9375, 10.875, 15], "texture": "#voxels_atlas"},
				"south": {"uv": [12.8125, 15.4375, 13.75, 15.5], "texture": "#voxels_atlas"},
				"west": {"uv": [10.9375, 14.9375, 11, 15], "texture": "#voxels_atlas"},
				"up": {"uv": [11.8125, 15.5, 12.75, 15.4375], "texture": "#voxels_atlas"},
				"down": {"uv": [12.8125, 15.5, 13.75, 15.5625], "texture": "#voxels_atlas"}
			}
		},
		{
			"name": "Voxels",
			"from": [10.75, 0.5, 3.25],
			"to": [13.25, 1, 3.5],
			"faces": {
				"north": {"uv": [8.5625, 15.4375, 7.9375, 15.5625], "texture": "#voxels_atlas"},
				"east": {"uv": [8.875, 8.3125, 8.8125, 8.4375], "texture": "#voxels_atlas"},
				"south": {"uv": [14.8125, 15.5625, 15.4375, 15.6875], "texture": "#voxels_atlas"},
				"west": {"uv": [8.75, 8.3125, 8.8125, 8.4375], "texture": "#voxels_atlas"},
				"up": {"uv": [13.5625, 15.4375, 14.1875, 15.375], "texture": "#voxels_atlas"},
				"down": {"uv": [14.1875, 15.375, 14.8125, 15.4375], "texture": "#voxels_atlas"}
			}
		},
		{
			"name": "Voxels",
			"from": [12.25, 0.5, 0.75],
			"to": [13.5, 1, 1.5],
			"faces": {
				"north": {"uv": [7.0625, 11.8125, 6.75, 11.9375], "texture": "#voxels_atlas"},
				"east": {"uv": [6.75, 11.8125, 6.5625, 11.9375], "texture": "#voxels_atlas"},
				"south": {"uv": [6.75, 11.9375, 7.0625, 12.0625], "texture": "#voxels_atlas"},
				"west": {"uv": [4.4375, 8.375, 4.625, 8.5], "texture": "#voxels_atlas"},
				"up": {"uv": [2.0625, 11.875, 2.375, 11.6875], "texture": "#voxels_atlas"},
				"down": {"uv": [1.625, 11.6875, 1.9375, 11.875], "texture": "#voxels_atlas"}
			}
		},
		{
			"name": "Voxels",
			"from": [12.25, 0.5, 1.5],
			"to": [13.25, 1, 3.25],
			"faces": {
				"north": {"uv": [2.875, 8, 2.625, 8.125], "texture": "#voxels_atlas"},
				"east": {"uv": [8.5625, 14.1875, 8.125, 14.3125], "texture": "#voxels_atlas"},
				"south": {"uv": [2.375, 8, 2.625, 8.125], "texture": "#voxels_atlas"},
				"west": {"uv": [8.125, 14.0625, 8.5625, 14.1875], "texture": "#voxels_atlas"},
				"up": {"uv": [5.6875, 12.3125, 5.9375, 11.875], "texture": "#voxels_atlas"},
				"down": {"uv": [5.9375, 11.875, 6.1875, 12.3125], "texture": "#voxels_atlas"}
			}
		},
		{
			"name": "Voxels",
			"from": [12.25, 1, 0.5],
			"to": [13.25, 1.25, 0.75],
			"faces": {
				"north": {"uv": [8.9375, 11.6875, 8.6875, 11.75], "texture": "#voxels_atlas"},
				"east": {"uv": [12.8125, 14.9375, 12.75, 15], "texture": "#voxels_atlas"},
				"south": {"uv": [8.6875, 11.5625, 8.9375, 11.625], "texture": "#voxels_atlas"},
				"west": {"uv": [12.8125, 14.9375, 12.875, 15], "texture": "#voxels_atlas"},
				"up": {"uv": [8.6875, 11.875, 8.9375, 11.8125], "texture": "#voxels_atlas"},
				"down": {"uv": [8.6875, 12.0625, 8.9375, 12.125], "texture": "#voxels_atlas"}
			}
		},
		{
			"name": "Voxels",
			"from": [12.25, 1, 3.25],
			"to": [13, 1.25, 3.5],
			"faces": {
				"north": {"uv": [8.875, 10.5, 8.6875, 10.5625], "texture": "#voxels_atlas"},
				"east": {"uv": [12.6875, 14.9375, 12.625, 15], "texture": "#voxels_atlas"},
				"south": {"uv": [8.6875, 10.4375, 8.875, 10.5], "texture": "#voxels_atlas"},
				"west": {"uv": [12.6875, 14.9375, 12.75, 15], "texture": "#voxels_atlas"},
				"up": {"uv": [15.8125, 15.375, 16, 15.3125], "texture": "#voxels_atlas"},
				"down": {"uv": [8.375, 8.75, 8.5625, 8.8125], "texture": "#voxels_atlas"}
			}
		},
		{
			"name": "Voxels",
			"from": [12.5, 1, 0.75],
			"to": [13.25, 1.25, 2.25],
			"faces": {
				"north": {"uv": [8.875, 10.25, 8.6875, 10.3125], "texture": "#voxels_atlas"},
				"east": {"uv": [15.875, 15.0625, 15.5, 15.125], "texture": "#voxels_atlas"},
				"south": {"uv": [8.6875, 10.1875, 8.875, 10.25], "texture": "#voxels_atlas"},
				"west": {"uv": [9.0625, 15, 9.4375, 15.0625], "texture": "#voxels_atlas"},
				"up": {"uv": [4.25, 8.375, 4.4375, 8], "texture": "#voxels_atlas"},
				"down": {"uv": [4.4375, 8, 4.625, 8.375], "texture": "#voxels_atlas"}
			}
		},
		{
			"name": "Voxels",
			"from": [12.5, 1, 2.25],
			"to": [13, 1.25, 3.25],
			"faces": {
				"north": {"uv": [8.8125, 8.125, 8.6875, 8.1875], "texture": "#voxels_atlas"},
				"east": {"uv": [11.1875, 15, 10.9375, 15.0625], "texture": "#voxels_atlas"},
				"south": {"uv": [8.8125, 8.125, 8.9375, 8.1875], "texture": "#voxels_atlas"},
				"west": {"uv": [11.1875, 15, 11.4375, 15.0625], "texture": "#voxels_atlas"},
				"up": {"uv": [3.375, 11.3125, 3.5, 11.0625], "texture": "#voxels_atlas"},
				"down": {"uv": [3.375, 11.3125, 3.5, 11.5625], "texture": "#voxels_atlas"}
			}
		},
		{
			"name": "Voxels",
			"from": [13.25, -8.75, 0],
			"to": [13.5, 0.5, 0.5],
			"faces": {
				"north": {"uv": [7.125, 9.0625, 7.0625, 12.5], "texture": "#voxels_atlas"},
				"east": {"uv": [3.6875, 9.125, 3.5, 12.5625], "texture": "#voxels_atlas"},
				"south": {"uv": [7.0625, 12.5, 7.125, 15.9375], "texture": "#voxels_atlas"},
				"west": {"uv": [3.5, 12.5625, 3.6875, 16], "texture": "#voxels_atlas"},
				"up": {"uv": [5.9375, 8.1875, 6, 8], "texture": "#voxels_atlas"},
				"down": {"uv": [5.875, 8, 5.9375, 8.1875], "texture": "#voxels_atlas"}
			}
		}
	],
	"display": {
		"thirdperson_righthand": {
			"rotation": [-90, 0, 0],
			"translation": [0.6956, 0.35, -3.776],
			"scale": [0.2938, 0.2938, 0.2938]
		},
		"thirdperson_lefthand": {
			"rotation": [-90, 0, 0],
			"translation": [0.6956, 0.35, -3.776],
			"scale": [0.2938, 0.2938, 0.2938]
		},
		"firstperson_righthand": {
			"rotation": [10, 5, 0],
			"translation": [6.2853, 4.5708, 0],
			"scale": [0.6271, 0.6271, 0.6271]
		},
		"firstperson_lefthand": {
			"rotation": [10, 5, 0],
			"translation": [6.2853, 4.5708, 0],
			"scale": [0.6271, 0.6271, 0.6271]
		},
		"ground": {
			"rotation": [90, 0, 0],
			"translation": [0.7663, -6.276, 8.9782],
			"scale": [0.6538, 0.6538, 0.6538]
		},
		"gui": {
			"rotation": [81, -2, 26],
			"translation": [-3.243, -4.659, 1.1874],
			"scale": [0.7156, 0.7156, 0.7156]
		},
		"head": {
			"rotation": [90, 0, -180],
			"translation": [-1.51, -7.722, -14.15]
		},
		"fixed": {
			"rotation": [-90, 180, 0],
			"translation": [-1.852, -5.516, -12.72]
		}
	}
}