{
	"credit": "Made with Blockbench",
	"textures": {
		"end": "item/boat/boat_side_end",
		"side_front": "item/boat/boat_side_front",
		"side_back": "item/boat/boat_side_back",
		"particle": "item/boat/boat_inside_front"
	},
	"elements": [
		{
			"name": "Side back",
			"from": [-8.45636, 3, -12.7138],
			"to": [-6.45636, 9, 0.2862],
			"rotation": {"angle": 45, "axis": "y", "origin": [7.96188, 4.07143, 3.12776]},
			"faces": {
				"north": {"uv": [1.99, 1.01, 0.01, 6.99], "texture": "#end"},
				"east": {"uv": [0.01, 7.01, 15.99, 12.99], "texture": "#end"},
				"south": {"uv": [15.99, 1.01, 14.01, 6.99], "texture": "#end"},
				"west": {"uv": [0.01, 1.01, 15.99, 6.99], "texture": "#end"},
				"up": {"uv": [0.01, 0.01, 15.99, 1.99], "rotation": 90, "texture": "#end"},
				"down": {"uv": [0.01, 6.99, 15.99, 5.01], "rotation": 270, "texture": "#end"}
			}
		},
		{
			"name": "Side back",
			"from": [-8.87968, 3, 5.54599],
			"to": [-6.87968, 9, 18.54599],
			"rotation": {"angle": -45, "axis": "y", "origin": [7.96188, 4.07143, 3.12776]},
			"faces": {
				"north": {"uv": [1.99, 1.01, 0.01, 6.99], "texture": "#end"},
				"east": {"uv": [0.01, 7.01, 15.99, 12.99], "texture": "#end"},
				"south": {"uv": [15.99, 1.01, 14.01, 6.99], "texture": "#end"},
				"west": {"uv": [0.01, 1.01, 15.99, 6.99], "texture": "#end"},
				"up": {"uv": [0.01, 0.01, 15.99, 1.99], "rotation": 90, "texture": "#end"},
				"down": {"uv": [0.01, 6.99, 15.99, 5.01], "rotation": 270, "texture": "#end"}
			}
		},
		{
			"name": "Bottom back middle",
			"from": [-6, 1, -4],
			"to": [8, 3, 10],
			"rotation": {"angle": 0, "axis": "y", "origin": [7.96188, 4.07143, 3.12776]},
			"faces": {
				"north": {"uv": [0, 0, 13, 1], "rotation": 180, "texture": "#end"},
				"east": {"uv": [0, 0, 13, 1], "rotation": 180, "texture": "#end"},
				"south": {"uv": [0, 0, 13, 1], "rotation": 180, "texture": "#end"},
				"west": {"uv": [0, 0, 13, 1], "rotation": 180, "texture": "#end"},
				"up": {"uv": [0, 0, 13, 1], "rotation": 180, "texture": "#end"},
				"down": {"uv": [0, 0, 13, 1], "rotation": 180, "texture": "#end"}
			}
		},
		{
			"name": "Bottom back middle",
			"from": [-7, 1, -4],
			"to": [-6, 3, 10],
			"rotation": {"angle": 0, "axis": "y", "origin": [7.96188, 4.07143, 3.12776]},
			"faces": {
				"north": {"uv": [1, 0, 2, 1], "rotation": 180, "texture": "#end"},
				"east": {"uv": [1, 0, 2, 1], "rotation": 180, "texture": "#end"},
				"south": {"uv": [1, 0, 2, 1], "rotation": 180, "texture": "#end"},
				"west": {"uv": [1, 0, 2, 1], "rotation": 180, "texture": "#end"},
				"up": {"uv": [1, 0, 2, 1], "rotation": 180, "texture": "#end"},
				"down": {"uv": [1, 0, 2, 1], "rotation": 180, "texture": "#end"}
			}
		},
		{
			"name": "Bottom back middle",
			"from": [22, 1, -4],
			"to": [23, 3, 10],
			"rotation": {"angle": 0, "axis": "y", "origin": [7.96188, 4.07143, 3.12776]},
			"faces": {
				"north": {"uv": [0, 0, 1, 1], "rotation": 180, "texture": "#end"},
				"east": {"uv": [0, 0, 1, 1], "rotation": 180, "texture": "#end"},
				"south": {"uv": [0, 0, 1, 1], "rotation": 180, "texture": "#end"},
				"west": {"uv": [0, 0, 1, 1], "rotation": 180, "texture": "#end"},
				"up": {"uv": [0, 0, 1, 1], "rotation": 180, "texture": "#end"},
				"down": {"uv": [0, 0, 1, 1], "rotation": 180, "texture": "#end"}
			}
		},
		{
			"name": "Bottom back middle",
			"from": [23, 1, -4],
			"to": [24, 3, 10],
			"rotation": {"angle": 0, "axis": "y", "origin": [7.96188, 4.07143, 3.12776]},
			"faces": {
				"north": {"uv": [0, 0, 1, 1], "rotation": 180, "texture": "#end"},
				"east": {"uv": [0, 0, 1, 1], "rotation": 180, "texture": "#end"},
				"south": {"uv": [0, 0, 1, 1], "rotation": 180, "texture": "#end"},
				"west": {"uv": [0, 0, 1, 1], "rotation": 180, "texture": "#end"},
				"up": {"uv": [0, 0, 1, 1], "rotation": 180, "texture": "#end"},
				"down": {"uv": [1, 1, 2, 2], "rotation": 180, "texture": "#end"}
			}
		},
		{
			"name": "Bottom back middle",
			"from": [-8, 1, -4],
			"to": [-7, 3, 10],
			"rotation": {"angle": 0, "axis": "y", "origin": [7.96188, 4.07143, 3.12776]},
			"faces": {
				"north": {"uv": [2, 0, 3, 1], "rotation": 180, "texture": "#end"},
				"east": {"uv": [2, 0, 3, 1], "rotation": 180, "texture": "#end"},
				"south": {"uv": [2, 0, 3, 1], "rotation": 180, "texture": "#end"},
				"west": {"uv": [2, 0, 3, 1], "rotation": 180, "texture": "#end"},
				"up": {"uv": [2, 0, 3, 1], "rotation": 180, "texture": "#end"},
				"down": {"uv": [2, 0, 3, 1], "rotation": 180, "texture": "#end"}
			}
		},
		{
			"name": "Bottom back middle",
			"from": [-10, 1, -2],
			"to": [-8, 3, 8],
			"rotation": {"angle": 0, "axis": "y", "origin": [7.96188, 4.07143, 3.12776]},
			"faces": {
				"north": {"uv": [3, 0, 5, 1], "rotation": 180, "texture": "#end"},
				"east": {"uv": [3, 0, 5, 1], "rotation": 180, "texture": "#end"},
				"south": {"uv": [3, 0, 5, 1], "rotation": 180, "texture": "#end"},
				"west": {"uv": [3, 0, 5, 1], "rotation": 180, "texture": "#end"},
				"up": {"uv": [3, 0, 5, 1], "rotation": 180, "texture": "#end"},
				"down": {"uv": [3, 0, 5, 1], "rotation": 180, "texture": "#end"}
			}
		},
		{
			"name": "Bottom back middle",
			"from": [24, 1, -2.5],
			"to": [26, 3, 7.5],
			"rotation": {"angle": 0, "axis": "y", "origin": [7.96188, 4.07143, 3.12776]},
			"faces": {
				"north": {"uv": [1, 0, 3, 1], "rotation": 180, "texture": "#end"},
				"east": {"uv": [1, 0, 3, 1], "rotation": 180, "texture": "#end"},
				"south": {"uv": [1, 0, 3, 1], "rotation": 180, "texture": "#end"},
				"west": {"uv": [1, 0, 3, 1], "rotation": 180, "texture": "#end"},
				"up": {"uv": [1, 0, 3, 1], "rotation": 180, "texture": "#end"},
				"down": {"uv": [1, 0, 3, 1], "rotation": 180, "texture": "#end"}
			}
		},
		{
			"name": "Bottom back middle",
			"from": [-12, 1, -0.8],
			"to": [-10, 3, 6.2],
			"rotation": {"angle": 0, "axis": "y", "origin": [7.96188, 4.07143, 3.12776]},
			"faces": {
				"north": {"uv": [2, 0, 4, 1], "rotation": 180, "texture": "#end"},
				"east": {"uv": [2, 0, 4, 1], "rotation": 180, "texture": "#end"},
				"south": {"uv": [2, 0, 4, 1], "rotation": 180, "texture": "#end"},
				"west": {"uv": [2, 0, 4, 1], "rotation": 180, "texture": "#end"},
				"up": {"uv": [2, 0, 4, 1], "rotation": 180, "texture": "#end"},
				"down": {"uv": [2, 0, 4, 1], "rotation": 180, "texture": "#end"}
			}
		},
		{
			"name": "Bottom back middle",
			"from": [26, 1, 0.2],
			"to": [28, 3, 5.2],
			"rotation": {"angle": 0, "axis": "y", "origin": [7.96188, 4.07143, 3.12776]},
			"faces": {
				"north": {"uv": [1, 0, 3, 1], "rotation": 180, "texture": "#end"},
				"east": {"uv": [1, 0, 3, 1], "rotation": 180, "texture": "#end"},
				"south": {"uv": [1, 0, 3, 1], "rotation": 180, "texture": "#end"},
				"west": {"uv": [1, 0, 3, 1], "rotation": 180, "texture": "#end"},
				"up": {"uv": [1, 0, 3, 1], "rotation": 180, "texture": "#end"},
				"down": {"uv": [1, 0, 3, 1], "rotation": 180, "texture": "#end"}
			}
		},
		{
			"name": "Bottom back middle",
			"from": [-13, 1, 0.5],
			"to": [-12, 3, 4.5],
			"rotation": {"angle": 0, "axis": "y", "origin": [7.96188, 4.07143, 3.12776]},
			"faces": {
				"north": {"uv": [2, 0, 3, 1], "rotation": 180, "texture": "#end"},
				"east": {"uv": [2, 0, 3, 1], "rotation": 180, "texture": "#end"},
				"south": {"uv": [2, 0, 3, 1], "rotation": 180, "texture": "#end"},
				"west": {"uv": [2, 0, 3, 1], "rotation": 180, "texture": "#end"},
				"up": {"uv": [2, 0, 3, 1], "rotation": 180, "texture": "#end"},
				"down": {"uv": [2, 0, 3, 1], "rotation": 180, "texture": "#end"}
			}
		},
		{
			"name": "Bottom back left",
			"from": [-6, 1, -5.02],
			"to": [8, 3, -4],
			"rotation": {"angle": 0, "axis": "y", "origin": [7.96188, 4.07143, 3.12776]},
			"faces": {
				"north": {"uv": [0, 0, 13, 1], "texture": "#end"},
				"east": {"uv": [0, 0, 13, 1], "texture": "#end"},
				"south": {"uv": [0, 0, 13, 1], "texture": "#end"},
				"west": {"uv": [0, 0, 13, 1], "texture": "#end"},
				"up": {"uv": [0, 0, 13, 1], "texture": "#end"},
				"down": {"uv": [0, 0, 13, 1], "texture": "#end"}
			}
		},
		{
			"name": "Side left back",
			"from": [-6, 3, -7],
			"to": [8, 9, -5],
			"rotation": {"angle": 0, "axis": "y", "origin": [7.96188, 4.07143, 3.12776]},
			"faces": {
				"north": {"uv": [0.01, 1.01, 13.99, 6.99], "texture": "#side_back"},
				"south": {"uv": [0.01, 7.01, 13.99, 12.99], "texture": "#side_back"},
				"west": {"uv": [13.99, 1.01, 12.01, 6.99], "texture": "#side_back"},
				"up": {"uv": [0.01, 0.01, 13.99, 1.99], "rotation": 180, "texture": "#side_back"},
				"down": {"uv": [0.01, 6.99, 13.99, 5.01], "rotation": 180, "texture": "#side_back"}
			}
		},
		{
			"name": "Bottom back right",
			"from": [-6, 1, 10],
			"to": [8, 3, 11.02],
			"rotation": {"angle": 0, "axis": "y", "origin": [7.96188, 4.07143, 3.12776]},
			"faces": {
				"north": {"uv": [0, 0, 13, 1], "texture": "#end"},
				"east": {"uv": [0, 0, 13, 1], "texture": "#end"},
				"south": {"uv": [0, 0, 13, 1], "texture": "#end"},
				"west": {"uv": [0, 0, 13, 1], "texture": "#end"},
				"up": {"uv": [0, 0, 13, 1], "texture": "#end"},
				"down": {"uv": [0, 0, 13, 1], "texture": "#end"}
			}
		},
		{
			"name": "Side right back",
			"from": [-6, 3, 11],
			"to": [8, 9, 13],
			"rotation": {"angle": 0, "axis": "y", "origin": [7.96188, 4.07143, 3.12776]},
			"faces": {
				"north": {"uv": [0.01, 7.01, 13.99, 12.99], "texture": "#side_back"},
				"south": {"uv": [0.01, 1.01, 13.99, 6.99], "texture": "#side_back"},
				"west": {"uv": [0.01, 1.01, 1.99, 6.99], "texture": "#side_back"},
				"up": {"uv": [0.01, 0.01, 13.99, 1.99], "texture": "#side_back"},
				"down": {"uv": [0.01, 6.99, 13.99, 5.01], "texture": "#side_back"}
			}
		},
		{
			"name": "Side front",
			"from": [22, 3, -12.45401],
			"to": [24, 9, 0.54599],
			"rotation": {"angle": -45, "axis": "y", "origin": [7.96188, 4.07143, 3.12776]},
			"faces": {
				"north": {"uv": [15.99, 1.01, 14.01, 6.99], "texture": "#end"},
				"east": {"uv": [0.01, 1.01, 15.99, 6.99], "texture": "#end"},
				"south": {"uv": [1.99, 1.01, 0.01, 6.99], "texture": "#end"},
				"west": {"uv": [0.01, 7.01, 15.99, 12.99], "texture": "#end"},
				"up": {"uv": [0.01, 0.01, 15.99, 1.99], "rotation": 270, "texture": "#end"},
				"down": {"uv": [0.01, 6.99, 15.99, 5.01], "rotation": 90, "texture": "#end"}
			}
		},
		{
			"name": "Side front",
			"from": [22.54364, 3, 5.2862],
			"to": [24.54364, 9, 18.2862],
			"rotation": {"angle": 45, "axis": "y", "origin": [7.96188, 4.07143, 3.12776]},
			"faces": {
				"north": {"uv": [15.99, 1.01, 14.01, 6.99], "texture": "#end"},
				"east": {"uv": [0.01, 1.01, 15.99, 6.99], "texture": "#end"},
				"south": {"uv": [1.99, 1.01, 0.01, 6.99], "texture": "#end"},
				"west": {"uv": [0.01, 7.01, 15.99, 12.99], "texture": "#end"},
				"up": {"uv": [0.01, 0.01, 15.99, 1.99], "rotation": 270, "texture": "#end"},
				"down": {"uv": [0.01, 6.99, 15.99, 5.01], "rotation": 90, "texture": "#end"}
			}
		},
		{
			"name": "Bottom front middle",
			"from": [8, 1, -4],
			"to": [22, 3, 10],
			"rotation": {"angle": 0, "axis": "y", "origin": [7.96188, 4.07143, 3.12776]},
			"faces": {
				"north": {"uv": [0, 0, 13, 1], "rotation": 180, "texture": "#end"},
				"east": {"uv": [0, 0, 13, 1], "rotation": 180, "texture": "#end"},
				"south": {"uv": [0, 0, 13, 1], "rotation": 180, "texture": "#end"},
				"west": {"uv": [0, 0, 13, 1], "rotation": 180, "texture": "#end"},
				"up": {"uv": [0, 0, 13, 1], "rotation": 180, "texture": "#end"},
				"down": {"uv": [0, 0, 13, 1], "rotation": 180, "texture": "#end"}
			}
		},
		{
			"name": "Bottom front left",
			"from": [8, 1, -5.02],
			"to": [22, 3, -4],
			"rotation": {"angle": 0, "axis": "y", "origin": [7.96188, 4.07143, 3.12776]},
			"faces": {
				"north": {"uv": [0, 0, 13, 1], "texture": "#end"},
				"east": {"uv": [0, 0, 13, 1], "texture": "#end"},
				"south": {"uv": [0, 0, 13, 1], "texture": "#end"},
				"west": {"uv": [0, 0, 13, 1], "texture": "#end"},
				"up": {"uv": [0, 0, 13, 1], "texture": "#end"},
				"down": {"uv": [0, 0, 13, 1], "texture": "#end"}
			}
		},
		{
			"name": "Side left front",
			"from": [8, 3, -7],
			"to": [22, 9, -5],
			"rotation": {"angle": 0, "axis": "y", "origin": [7.96188, 4.07143, 3.12776]},
			"faces": {
				"north": {"uv": [0.01, 1.01, 13.99, 6.99], "texture": "#side_front"},
				"east": {"uv": [1.99, 1.01, 0.01, 6.99], "texture": "#side_front"},
				"south": {"uv": [0.01, 7.01, 13.99, 12.99], "texture": "#side_front"},
				"up": {"uv": [0.01, 0.01, 13.99, 1.99], "rotation": 180, "texture": "#side_front"},
				"down": {"uv": [0.01, 6.99, 13.99, 5.01], "rotation": 180, "texture": "#side_front"}
			}
		},
		{
			"name": "Bottom front right",
			"from": [8, 1, 10],
			"to": [22, 3, 11.02],
			"rotation": {"angle": 0, "axis": "y", "origin": [7.96188, 4.07143, 3.12776]},
			"faces": {
				"north": {"uv": [0, 0, 13, 1], "texture": "#end"},
				"east": {"uv": [0, 0, 13, 1], "texture": "#end"},
				"south": {"uv": [0, 0, 13, 1], "texture": "#end"},
				"west": {"uv": [0, 0, 13, 1], "texture": "#end"},
				"up": {"uv": [0, 0, 13, 1], "texture": "#end"},
				"down": {"uv": [0, 0, 13, 1], "texture": "#end"}
			}
		},
		{
			"name": "Side right front",
			"from": [8, 3, 11],
			"to": [22, 9, 13],
			"rotation": {"angle": 0, "axis": "y", "origin": [7.96188, 4.07143, 3.12776]},
			"faces": {
				"north": {"uv": [0.01, 7.01, 13.99, 12.99], "texture": "#side_front"},
				"east": {"uv": [13.99, 1.01, 12.01, 6.99], "texture": "#side_front"},
				"south": {"uv": [0.01, 1.01, 13.99, 6.99], "texture": "#side_front"},
				"up": {"uv": [0.01, 0.01, 13.99, 1.99], "texture": "#side_front"},
				"down": {"uv": [0.01, 6.99, 13.99, 5.01], "texture": "#side_front"}
			}
		},
		{
			"from": [4, 4, 2.5],
			"to": [5, 25, 3.5],
			"faces": {
				"north": {"uv": [0, 0, 2, 13], "texture": "#end"},
				"east": {"uv": [0, 0, 2, 13], "texture": "#end"},
				"south": {"uv": [0, 0, 2, 13], "texture": "#end"},
				"west": {"uv": [0, 0, 2, 13], "texture": "#end"},
				"up": {"uv": [0, 0, 2, 13], "texture": "#end"},
				"down": {"uv": [0, 0, 2, 13], "texture": "#end"}
			}
		},
		{
			"from": [5, 15, 2.5],
			"to": [15, 25, 3.5],
			"faces": {
				"north": {"uv": [0, 0, 16, 13], "texture": "#end"},
				"east": {"uv": [0, 0, 16, 13], "texture": "#end"},
				"south": {"uv": [0, 0, 16, 13], "texture": "#end"},
				"west": {"uv": [0, 0, 16, 13], "texture": "#end"},
				"up": {"uv": [0, 0, 16, 13], "texture": "#end"},
				"down": {"uv": [0, 0, 16, 13], "texture": "#end"}
			}
		}
	],
	"display": {
		"thirdperson_righthand": {
			"rotation": [75, 45, 0],
			"translation": [0.5, 4, 0],
			"scale": [0.3, 0.3, 0.3]
		},
		"thirdperson_lefthand": {
			"rotation": [75, 225, 0],
			"translation": [0.5, 4, 0],
			"scale": [0.3, 0.3, 0.3]
		},
		"firstperson_righthand": {
			"rotation": [0, 45, 0],
			"translation": [1, 0, 0],
			"scale": [0.4, 0.4, 0.4]
		},
		"firstperson_lefthand": {
			"rotation": [0, 225, 0],
			"translation": [1, 0, 0],
			"scale": [0.4, 0.4, 0.4]
		},
		"ground": {
			"translation": [0, 3, 0],
			"scale": [0.2, 0.2, 0.2]
		},
		"gui": {
			"rotation": [30, 45, 0],
			"translation": [-0.25, 0, 0],
			"scale": [0.425, 0.425, 0.425]
		},
		"head": {
			"rotation": [0, -130, -180],
			"translation": [-5.75, -51, -4],
			"scale": [1.73, 1.73, 1.7]
		},
		"fixed": {
			"rotation": [-20, 90, 0],
			"translation": [0, -0.5, -3],
			"scale": [0.5, 0.5, 0.5]
		}
	}
}