{
	"credit": "Made with Blockbench",
	"textures": {
		"1": "item/boat/0"
	},
	"elements": [
		{
			"name": "Bottom",
			"from": [6, -5.5, 6],
			"to": [10, -5, 10],
			"faces": {
				"north": {"uv": [15, 15, 16, 16], "texture": "#1"},
				"east": {"uv": [15, 15, 16, 16], "texture": "#1"},
				"south": {"uv": [15, 15, 16, 16], "texture": "#1"},
				"west": {"uv": [15, 15, 16, 16], "texture": "#1"},
				"up": {"uv": [15, 15, 16, 16], "texture": "#1"},
				"down": {"uv": [15, 15, 16, 16], "texture": "#1"}
			}
		},
		{
			"name": "Bottom north",
			"from": [6, -5, 5.5],
			"to": [10, 7.5, 6],
			"faces": {
				"north": {"uv": [15, 15, 16, 16], "texture": "#1"},
				"east": {"uv": [15, 15, 16, 16], "texture": "#1"},
				"south": {"uv": [15, 15, 16, 16], "texture": "#1"},
				"west": {"uv": [15, 15, 16, 16], "texture": "#1"},
				"up": {"uv": [15, 15, 16, 16], "texture": "#1"},
				"down": {"uv": [15, 15, 16, 16], "texture": "#1"}
			}
		},
		{
			"name": "Bottom east",
			"from": [10, -5, 6],
			"to": [10.5, 7.5, 10],
			"faces": {
				"north": {"uv": [15, 15, 16, 16], "texture": "#1"},
				"east": {"uv": [15, 15, 16, 16], "texture": "#1"},
				"south": {"uv": [15, 15, 16, 16], "texture": "#1"},
				"west": {"uv": [15, 15, 16, 16], "texture": "#1"},
				"up": {"uv": [15, 15, 16, 16], "texture": "#1"},
				"down": {"uv": [15, 15, 16, 16], "texture": "#1"}
			}
		},
		{
			"name": "Bottom south",
			"from": [6, -5, 10],
			"to": [10, 7.5, 10.5],
			"faces": {
				"north": {"uv": [15, 15, 16, 16], "texture": "#1"},
				"east": {"uv": [15, 15, 16, 16], "texture": "#1"},
				"south": {"uv": [15, 15, 16, 16], "texture": "#1"},
				"west": {"uv": [15, 15, 16, 16], "texture": "#1"},
				"up": {"uv": [15, 15, 16, 16], "texture": "#1"},
				"down": {"uv": [15, 15, 16, 16], "texture": "#1"}
			}
		},
		{
			"name": "Bottom west",
			"from": [5.5, -5, 6],
			"to": [6, 7.5, 10],
			"faces": {
				"north": {"uv": [15, 15, 16, 16], "texture": "#1"},
				"east": {"uv": [15, 15, 16, 16], "texture": "#1"},
				"south": {"uv": [15, 15, 16, 16], "texture": "#1"},
				"west": {"uv": [15, 15, 16, 16], "texture": "#1"},
				"up": {"uv": [15, 15, 16, 16], "texture": "#1"},
				"down": {"uv": [15, 15, 16, 16], "texture": "#1"}
			}
		},
		{
			"name": "Top north",
			"from": [6, 7, 6],
			"to": [10, 8, 7],
			"faces": {
				"north": {"uv": [15, 15, 16, 16], "texture": "#1"},
				"east": {"uv": [15, 15, 16, 16], "texture": "#1"},
				"south": {"uv": [15, 15, 16, 16], "texture": "#1"},
				"west": {"uv": [15, 15, 16, 16], "texture": "#1"},
				"up": {"uv": [15, 15, 16, 16], "texture": "#1"},
				"down": {"uv": [15, 15, 16, 16], "texture": "#1"}
			}
		},
		{
			"name": "Top east",
			"from": [8.5, 7, 6.5],
			"to": [10, 8, 9.5],
			"faces": {
				"north": {"uv": [15, 15, 16, 16], "texture": "#1"},
				"east": {"uv": [15, 15, 16, 16], "texture": "#1"},
				"south": {"uv": [15, 15, 16, 16], "texture": "#1"},
				"west": {"uv": [15, 15, 16, 16], "texture": "#1"},
				"up": {"uv": [15, 15, 16, 16], "texture": "#1"},
				"down": {"uv": [15, 15, 16, 16], "texture": "#1"}
			}
		},
		{
			"name": "Top south",
			"from": [6, 7, 9],
			"to": [10, 8, 10],
			"faces": {
				"north": {"uv": [15, 15, 16, 16], "texture": "#1"},
				"east": {"uv": [15, 15, 16, 16], "texture": "#1"},
				"south": {"uv": [15, 15, 16, 16], "texture": "#1"},
				"west": {"uv": [15, 15, 16, 16], "texture": "#1"},
				"up": {"uv": [15, 15, 16, 16], "texture": "#1"},
				"down": {"uv": [15, 15, 16, 16], "texture": "#1"}
			}
		},
		{
			"name": "Top west",
			"from": [6, 7, 6.5],
			"to": [7.5, 8, 9.5],
			"faces": {
				"north": {"uv": [15, 15, 16, 16], "texture": "#1"},
				"east": {"uv": [15, 15, 16, 16], "texture": "#1"},
				"south": {"uv": [15, 15, 16, 16], "texture": "#1"},
				"west": {"uv": [15, 15, 16, 16], "texture": "#1"},
				"up": {"uv": [15, 15, 16, 16], "texture": "#1"},
				"down": {"uv": [15, 15, 16, 16], "texture": "#1"}
			}
		},
		{
			"name": "Neck north",
			"from": [7.5, 8, 7],
			"to": [8.5, 10, 7.5],
			"faces": {
				"north": {"uv": [15, 15, 16, 16], "texture": "#1"},
				"east": {"uv": [15, 15, 16, 16], "texture": "#1"},
				"south": {"uv": [15, 15, 16, 16], "texture": "#1"},
				"west": {"uv": [15, 15, 16, 16], "texture": "#1"},
				"up": {"uv": [15, 15, 16, 16], "texture": "#1"},
				"down": {"uv": [15, 15, 16, 16], "texture": "#1"}
			}
		},
		{
			"name": "Neck east",
			"from": [8.5, 8, 7.5],
			"to": [9, 10, 8.5],
			"faces": {
				"north": {"uv": [15, 15, 16, 16], "texture": "#1"},
				"east": {"uv": [15, 15, 16, 16], "texture": "#1"},
				"south": {"uv": [15, 15, 16, 16], "texture": "#1"},
				"west": {"uv": [15, 15, 16, 16], "texture": "#1"},
				"up": {"uv": [15, 15, 16, 16], "texture": "#1"},
				"down": {"uv": [15, 15, 16, 16], "texture": "#1"}
			}
		},
		{
			"name": "Neck south",
			"from": [7.5, 8, 8.5],
			"to": [8.5, 10, 9],
			"faces": {
				"north": {"uv": [15, 15, 16, 16], "texture": "#1"},
				"east": {"uv": [15, 15, 16, 16], "texture": "#1"},
				"south": {"uv": [15, 15, 16, 16], "texture": "#1"},
				"west": {"uv": [15, 15, 16, 16], "texture": "#1"},
				"up": {"uv": [15, 15, 16, 16], "texture": "#1"},
				"down": {"uv": [15, 15, 16, 16], "texture": "#1"}
			}
		},
		{
			"name": "Neck west",
			"from": [7, 8, 7.5],
			"to": [7.5, 10, 8.5],
			"faces": {
				"north": {"uv": [15, 15, 16, 16], "texture": "#1"},
				"east": {"uv": [15, 15, 16, 16], "texture": "#1"},
				"south": {"uv": [15, 15, 16, 16], "texture": "#1"},
				"west": {"uv": [15, 15, 16, 16], "texture": "#1"},
				"up": {"uv": [15, 15, 16, 16], "texture": "#1"},
				"down": {"uv": [15, 15, 16, 16], "texture": "#1"}
			}
		},
		{
			"name": "Neck top north",
			"from": [7.5, 10, 6.5],
			"to": [8.5, 11, 7.5],
			"faces": {
				"north": {"uv": [15, 15, 16, 16], "texture": "#1"},
				"east": {"uv": [15, 15, 16, 16], "texture": "#1"},
				"south": {"uv": [15, 15, 16, 16], "texture": "#1"},
				"west": {"uv": [15, 15, 16, 16], "texture": "#1"},
				"up": {"uv": [15, 15, 16, 16], "texture": "#1"},
				"down": {"uv": [15, 15, 16, 16], "texture": "#1"}
			}
		},
		{
			"name": "Neck top east",
			"from": [8.5, 10, 6.5],
			"to": [9.5, 11, 9.5],
			"faces": {
				"north": {"uv": [15, 15, 16, 16], "texture": "#1"},
				"east": {"uv": [15, 15, 16, 16], "texture": "#1"},
				"south": {"uv": [15, 15, 16, 16], "texture": "#1"},
				"west": {"uv": [15, 15, 16, 16], "texture": "#1"},
				"up": {"uv": [15, 15, 16, 16], "texture": "#1"},
				"down": {"uv": [15, 15, 16, 16], "texture": "#1"}
			}
		},
		{
			"name": "Neck top south",
			"from": [7.5, 10, 8.5],
			"to": [8.5, 11, 9.5],
			"faces": {
				"north": {"uv": [15, 15, 16, 16], "texture": "#1"},
				"east": {"uv": [15, 15, 16, 16], "texture": "#1"},
				"south": {"uv": [15, 15, 16, 16], "texture": "#1"},
				"west": {"uv": [15, 15, 16, 16], "texture": "#1"},
				"up": {"uv": [15, 15, 16, 16], "texture": "#1"},
				"down": {"uv": [15, 15, 16, 16], "texture": "#1"}
			}
		},
		{
			"name": "Neck top west",
			"from": [6.5, 10, 6.5],
			"to": [7.5, 11, 9.5],
			"faces": {
				"north": {"uv": [15, 15, 16, 16], "texture": "#1"},
				"east": {"uv": [15, 15, 16, 16], "texture": "#1"},
				"south": {"uv": [15, 15, 16, 16], "texture": "#1"},
				"west": {"uv": [15, 15, 16, 16], "texture": "#1"},
				"up": {"uv": [15, 15, 16, 16], "texture": "#1"},
				"down": {"uv": [15, 15, 16, 16], "texture": "#1"}
			}
		}
	],
	"display": {
		"thirdperson_righthand": {
			"rotation": [90, 0, 0],
			"translation": [-6, -2, -3.5],
			"scale": [0.625, 0.625, 0.625]
		},
		"thirdperson_lefthand": {
			"rotation": [90, 0, 0],
			"translation": [-6, -2, -3.5],
			"scale": [0.625, 0.625, 0.625]
		},
		"firstperson_righthand": {
			"translation": [-2.5, 4, 4],
			"scale": [0.4, 0.4, 0.4]
		},
		"firstperson_lefthand": {
			"rotation": [0, 90, 0],
			"translation": [-2.5, 4, 4],
			"scale": [0.4, 0.4, 0.4]
		},
		"ground": {
			"translation": [0, 3, 0],
			"scale": [0.5, 0.5, 0.5]
		},
		"gui": {
			"rotation": [15, 15, 0],
			"translation": [0, 4, 0],
			"scale": [0.8, 0.8, 0.8]
		},
		"head": {
			"rotation": [0, 180, 0],
			"translation": [0, 19.5, 0]
		},
		"fixed": {
			"rotation": [-20, 180, 0],
			"translation": [0, 5, -2.75],
			"scale": [1.125, 1.125, 1.125]
		}
	}
}