{
	"credit": "Made with Blockbench",
	"textures": {
		"2": "item/boat/61",
		"soil": "item/boat/1-1"
	},
	"elements": [
		{
			"name": "North",
			"from": [6, 0, 5.002],
			"to": [9.9998, 6, 6],
			"faces": {
				"north": {"uv": [7.13556, 4.65226, 8.13556, 5.65226], "rotation": 180, "texture": "#soil", "cullface": "down"},
				"east": {"uv": [7.13556, 4.65226, 8.13556, 5.65226], "rotation": 180, "texture": "#soil", "cullface": "down"},
				"south": {"uv": [7.13556, 4.65226, 8.13556, 5.65226], "rotation": 180, "texture": "#soil", "cullface": "down"},
				"west": {"uv": [7.13556, 4.65226, 8.13556, 5.65226], "rotation": 180, "texture": "#soil", "cullface": "down"},
				"up": {"uv": [7.13556, 4.65226, 8.13556, 5.65226], "rotation": 180, "texture": "#soil", "cullface": "down"},
				"down": {"uv": [7.13556, 4.65226, 8.13556, 5.65226], "rotation": 180, "texture": "#soil", "cullface": "down"}
			}
		},
		{
			"name": "East",
			"from": [10, 0, 5.002],
			"to": [10.998, 6, 15.998],
			"faces": {
				"north": {"uv": [7.13556, 4.65226, 8.13556, 5.65226], "rotation": 90, "texture": "#soil", "cullface": "down"},
				"east": {"uv": [7.13556, 4.65226, 8.13556, 5.65226], "rotation": 90, "texture": "#soil", "cullface": "down"},
				"south": {"uv": [7.13556, 4.65226, 8.13556, 5.65226], "rotation": 90, "texture": "#soil", "cullface": "down"},
				"west": {"uv": [7.13556, 4.65226, 8.13556, 5.65226], "rotation": 90, "texture": "#soil", "cullface": "down"},
				"up": {"uv": [7.13556, 4.65226, 8.13556, 5.65226], "rotation": 90, "texture": "#soil", "cullface": "down"},
				"down": {"uv": [7.13556, 4.65226, 8.13556, 5.65226], "rotation": 90, "texture": "#soil", "cullface": "down"}
			}
		},
		{
			"name": "South",
			"from": [6, 0, 15],
			"to": [9.9998, 6, 15.998],
			"faces": {
				"north": {"uv": [7.13556, 4.65226, 8.13556, 5.65226], "texture": "#soil", "cullface": "down"},
				"east": {"uv": [7.13556, 4.65226, 8.13556, 5.65226], "texture": "#soil", "cullface": "down"},
				"south": {"uv": [7.13556, 4.65226, 8.13556, 5.65226], "texture": "#soil", "cullface": "down"},
				"west": {"uv": [7.13556, 4.65226, 8.13556, 5.65226], "texture": "#soil", "cullface": "down"},
				"up": {"uv": [7.13556, 4.65226, 8.13556, 5.65226], "texture": "#soil", "cullface": "down"},
				"down": {"uv": [7.13556, 4.65226, 8.13556, 5.65226], "texture": "#soil", "cullface": "down"}
			}
		},
		{
			"name": "West",
			"from": [5.002, 0, 5.002],
			"to": [6, 6, 15.998],
			"faces": {
				"north": {"uv": [7.13556, 4.65226, 8.13556, 5.65226], "rotation": 270, "texture": "#soil", "cullface": "down"},
				"east": {"uv": [7.13556, 4.65226, 8.13556, 5.65226], "rotation": 270, "texture": "#soil", "cullface": "down"},
				"south": {"uv": [7.13556, 4.65226, 8.13556, 5.65226], "rotation": 270, "texture": "#soil", "cullface": "down"},
				"west": {"uv": [7.13556, 4.65226, 8.13556, 5.65226], "rotation": 270, "texture": "#soil", "cullface": "down"},
				"up": {"uv": [7.13556, 4.65226, 8.13556, 5.65226], "rotation": 270, "texture": "#soil", "cullface": "down"},
				"down": {"uv": [7.13556, 4.65226, 8.13556, 5.65226], "rotation": 270, "texture": "#soil", "cullface": "down"}
			}
		},
		{
			"name": "Bottom",
			"from": [6, 0.1, 6],
			"to": [10, 5.1, 15],
			"faces": {
				"north": {"uv": [7.13556, 3.80354, 8.86444, 5.72102], "texture": "#soil", "cullface": "down"},
				"east": {"uv": [7.13556, 3.80354, 8.86444, 5.72102], "texture": "#soil", "cullface": "down"},
				"south": {"uv": [7.13556, 3.80354, 8.86444, 5.72102], "texture": "#soil", "cullface": "down"},
				"west": {"uv": [7.13556, 3.80354, 8.86444, 5.72102], "texture": "#soil", "cullface": "down"},
				"up": {"uv": [0, 5.6875, 16, 11], "rotation": 90, "texture": "#2", "cullface": "down"},
				"down": {"uv": [6.91552, 3.8664, 8.6444, 5.78389], "texture": "#soil", "cullface": "down"}
			}
		},
		{
			"name": "Soil",
			"from": [6, 4, 6],
			"to": [10, 5, 15],
			"faces": {
				"north": {"uv": [7.13556, 4.65226, 7.88556, 5.15226], "rotation": 90, "texture": "#soil"},
				"east": {"uv": [7.13556, 4.65226, 7.88556, 5.15226], "rotation": 90, "texture": "#soil"},
				"south": {"uv": [7.13556, 4.65226, 7.88556, 5.15226], "rotation": 90, "texture": "#soil"},
				"west": {"uv": [7.13556, 4.65226, 7.88556, 5.15226], "rotation": 90, "texture": "#soil"},
				"up": {"uv": [7.13556, 4.65226, 7.88556, 5.15226], "rotation": 90, "texture": "#soil"},
				"down": {"uv": [7.13556, 4.65226, 7.88556, 5.15226], "rotation": 90, "texture": "#soil"}
			}
		}
	],
	"display": {
		"thirdperson_righthand": {
			"rotation": [75, 45, 0],
			"translation": [0, 2.5, 3],
			"scale": [0.75, 0.75, 0.75]
		},
		"firstperson_righthand": {
			"rotation": [0, 45, 0],
			"translation": [0, 3, 0],
			"scale": [0.75, 0.75, 0.75]
		},
		"firstperson_lefthand": {
			"rotation": [0, 225, 0],
			"translation": [0, 3, 0],
			"scale": [0.75, 0.75, 0.75]
		},
		"ground": {
			"translation": [0, 3, 0],
			"scale": [0.25, 0.25, 0.25]
		},
		"gui": {
			"rotation": [61, 99, 10],
			"translation": [-2.5, 1.5, 0]
		},
		"head": {
			"rotation": [-180, -90, -90],
			"translation": [2.5, -12, -8.5]
		},
		"fixed": {
			"rotation": [0, -90, 90],
			"translation": [2, 0, -5.5]
		}
	}
}