{
	"credit": "Made with Blockbench",
	"textures": {
		"2": "item/colour/stone/3",
		"particle": "item/colour/stone/3",
		"mesh_atlas": "item/boat/1-1"
	},
	"elements": [
		{
			"name": "Voxels",
			"from": [-3.5, -13.5, 7.75],
			"to": [0.5, -12.75, 8.25],
			"faces": {
				"north": {"uv": [10.59332, 0.62868, 12.35363, 2.32613], "texture": "#mesh_atlas"},
				"east": {"uv": [10.59332, 0.62868, 12.35363, 2.32613], "texture": "#mesh_atlas"},
				"south": {"uv": [10.59332, 0.62868, 12.35363, 2.32613], "texture": "#mesh_atlas"},
				"west": {"uv": [10.59332, 0.62868, 12.35363, 2.32613], "texture": "#mesh_atlas"},
				"up": {"uv": [10.59332, 0.62868, 12.35363, 2.32613], "texture": "#mesh_atlas"},
				"down": {"uv": [10.59332, 0.62868, 12.35363, 2.32613], "texture": "#mesh_atlas"}
			}
		},
		{
			"name": "Voxels",
			"from": [-3.5, -13.25, 7.25],
			"to": [0.5, -12.75, 7.75],
			"faces": {
				"north": {"uv": [10.59332, 0.62868, 12.35363, 2.32613], "texture": "#mesh_atlas"},
				"east": {"uv": [10.59332, 0.62868, 12.35363, 2.32613], "texture": "#mesh_atlas"},
				"south": {"uv": [10.59332, 0.62868, 12.35363, 2.32613], "texture": "#mesh_atlas"},
				"west": {"uv": [10.59332, 0.62868, 12.35363, 2.32613], "texture": "#mesh_atlas"},
				"up": {"uv": [10.59332, 0.62868, 12.35363, 2.32613], "texture": "#mesh_atlas"},
				"down": {"uv": [10.59332, 0.62868, 12.35363, 2.32613], "texture": "#mesh_atlas"}
			}
		},
		{
			"name": "Voxels",
			"from": [-3.5, -13.25, 8.25],
			"to": [0.5, -12.75, 8.75],
			"faces": {
				"north": {"uv": [10.59332, 0.62868, 12.35363, 2.32613], "texture": "#mesh_atlas"},
				"east": {"uv": [10.59332, 0.62868, 12.35363, 2.32613], "texture": "#mesh_atlas"},
				"south": {"uv": [10.59332, 0.62868, 12.35363, 2.32613], "texture": "#mesh_atlas"},
				"west": {"uv": [10.59332, 0.62868, 12.35363, 2.32613], "texture": "#mesh_atlas"},
				"up": {"uv": [10.59332, 0.62868, 12.35363, 2.32613], "texture": "#mesh_atlas"},
				"down": {"uv": [10.59332, 0.62868, 12.35363, 2.32613], "texture": "#mesh_atlas"}
			}
		},
		{
			"name": "Voxels",
			"from": [-3.5, -13, 7],
			"to": [0.5, -12.75, 7.25],
			"faces": {
				"north": {"uv": [10.59332, 0.62868, 12.35363, 2.32613], "texture": "#mesh_atlas"},
				"east": {"uv": [10.59332, 0.62868, 12.35363, 2.32613], "texture": "#mesh_atlas"},
				"south": {"uv": [10.59332, 0.62868, 12.35363, 2.32613], "texture": "#mesh_atlas"},
				"west": {"uv": [10.59332, 0.62868, 12.35363, 2.32613], "texture": "#mesh_atlas"},
				"up": {"uv": [10.59332, 0.62868, 12.35363, 2.32613], "texture": "#mesh_atlas"},
				"down": {"uv": [10.59332, 0.62868, 12.35363, 2.32613], "texture": "#mesh_atlas"}
			}
		},
		{
			"name": "Voxels",
			"from": [-3.5, -13, 8.75],
			"to": [0.5, -12.75, 9],
			"faces": {
				"north": {"uv": [10.59332, 0.62868, 12.35363, 2.32613], "texture": "#mesh_atlas"},
				"east": {"uv": [10.59332, 0.62868, 12.35363, 2.32613], "texture": "#mesh_atlas"},
				"south": {"uv": [10.59332, 0.62868, 12.35363, 2.32613], "texture": "#mesh_atlas"},
				"west": {"uv": [10.59332, 0.62868, 12.35363, 2.32613], "texture": "#mesh_atlas"},
				"up": {"uv": [10.59332, 0.62868, 12.35363, 2.32613], "texture": "#mesh_atlas"},
				"down": {"uv": [10.59332, 0.62868, 12.35363, 2.32613], "texture": "#mesh_atlas"}
			}
		},
		{
			"name": "Voxels",
			"from": [-3.5, -12.75, 7],
			"to": [-2.75, -5.5, 7.25],
			"faces": {
				"north": {"uv": [10.59332, 0.62868, 12.35363, 2.32613], "texture": "#mesh_atlas"},
				"east": {"uv": [10.59332, 0.62868, 12.35363, 2.32613], "texture": "#mesh_atlas"},
				"south": {"uv": [10.59332, 0.62868, 12.35363, 2.32613], "texture": "#mesh_atlas"},
				"west": {"uv": [10.59332, 0.62868, 12.35363, 2.32613], "texture": "#mesh_atlas"},
				"up": {"uv": [10.59332, 0.62868, 12.35363, 2.32613], "texture": "#mesh_atlas"},
				"down": {"uv": [10.59332, 0.62868, 12.35363, 2.32613], "texture": "#mesh_atlas"}
			}
		},
		{
			"name": "Voxels",
			"from": [-3.5, -12.75, 7.25],
			"to": [-3, -5.25, 8.75],
			"faces": {
				"north": {"uv": [10.59332, 0.62868, 12.35363, 2.32613], "texture": "#mesh_atlas"},
				"east": {"uv": [10.59332, 0.62868, 12.35363, 2.32613], "texture": "#mesh_atlas"},
				"south": {"uv": [10.59332, 0.62868, 12.35363, 2.32613], "texture": "#mesh_atlas"},
				"west": {"uv": [10.59332, 0.62868, 12.35363, 2.32613], "texture": "#mesh_atlas"},
				"up": {"uv": [10.59332, 0.62868, 12.35363, 2.32613], "texture": "#mesh_atlas"},
				"down": {"uv": [10.59332, 0.62868, 12.35363, 2.32613], "texture": "#mesh_atlas"}
			}
		},
		{
			"name": "Voxels",
			"from": [-3.5, -12.75, 8.75],
			"to": [-2.75, -5.5, 9],
			"faces": {
				"north": {"uv": [10.59332, 0.62868, 12.35363, 2.32613], "texture": "#mesh_atlas"},
				"east": {"uv": [10.59332, 0.62868, 12.35363, 2.32613], "texture": "#mesh_atlas"},
				"south": {"uv": [10.59332, 0.62868, 12.35363, 2.32613], "texture": "#mesh_atlas"},
				"west": {"uv": [10.59332, 0.62868, 12.35363, 2.32613], "texture": "#mesh_atlas"},
				"up": {"uv": [10.59332, 0.62868, 12.35363, 2.32613], "texture": "#mesh_atlas"},
				"down": {"uv": [10.59332, 0.62868, 12.35363, 2.32613], "texture": "#mesh_atlas"}
			}
		},
		{
			"name": "Voxels",
			"from": [-3.5, 22.25, 7.25],
			"to": [0.5, 22.75, 8.75],
			"faces": {
				"north": {"uv": [10.59332, 0.62868, 12.35363, 2.32613], "texture": "#mesh_atlas"},
				"east": {"uv": [10.59332, 0.62868, 12.35363, 2.32613], "texture": "#mesh_atlas"},
				"south": {"uv": [10.59332, 0.62868, 12.35363, 2.32613], "texture": "#mesh_atlas"},
				"west": {"uv": [10.59332, 0.62868, 12.35363, 2.32613], "texture": "#mesh_atlas"},
				"up": {"uv": [10.59332, 0.62868, 12.35363, 2.32613], "texture": "#mesh_atlas"},
				"down": {"uv": [10.59332, 0.62868, 12.35363, 2.32613], "texture": "#mesh_atlas"}
			}
		},
		{
			"name": "Voxels",
			"from": [-3.5, 22.5, 7],
			"to": [0.5, 22.75, 7.25],
			"faces": {
				"north": {"uv": [10.59332, 0.62868, 12.35363, 2.32613], "texture": "#mesh_atlas"},
				"east": {"uv": [10.59332, 0.62868, 12.35363, 2.32613], "texture": "#mesh_atlas"},
				"south": {"uv": [10.59332, 0.62868, 12.35363, 2.32613], "texture": "#mesh_atlas"},
				"west": {"uv": [10.59332, 0.62868, 12.35363, 2.32613], "texture": "#mesh_atlas"},
				"up": {"uv": [10.59332, 0.62868, 12.35363, 2.32613], "texture": "#mesh_atlas"},
				"down": {"uv": [10.59332, 0.62868, 12.35363, 2.32613], "texture": "#mesh_atlas"}
			}
		},
		{
			"name": "Voxels",
			"from": [-3.5, 22.5, 8.75],
			"to": [0.5, 22.75, 9],
			"faces": {
				"north": {"uv": [10.59332, 0.62868, 12.35363, 2.32613], "texture": "#mesh_atlas"},
				"east": {"uv": [10.59332, 0.62868, 12.35363, 2.32613], "texture": "#mesh_atlas"},
				"south": {"uv": [10.59332, 0.62868, 12.35363, 2.32613], "texture": "#mesh_atlas"},
				"west": {"uv": [10.59332, 0.62868, 12.35363, 2.32613], "texture": "#mesh_atlas"},
				"up": {"uv": [10.59332, 0.62868, 12.35363, 2.32613], "texture": "#mesh_atlas"},
				"down": {"uv": [10.59332, 0.62868, 12.35363, 2.32613], "texture": "#mesh_atlas"}
			}
		},
		{
			"name": "Voxels",
			"from": [-3.5, 22.75, 7],
			"to": [-2.75, 30, 7.25],
			"faces": {
				"north": {"uv": [10.59332, 0.62868, 12.35363, 2.32613], "texture": "#mesh_atlas"},
				"east": {"uv": [10.59332, 0.62868, 12.35363, 2.32613], "texture": "#mesh_atlas"},
				"south": {"uv": [10.59332, 0.62868, 12.35363, 2.32613], "texture": "#mesh_atlas"},
				"west": {"uv": [10.59332, 0.62868, 12.35363, 2.32613], "texture": "#mesh_atlas"},
				"up": {"uv": [10.59332, 0.62868, 12.35363, 2.32613], "texture": "#mesh_atlas"},
				"down": {"uv": [10.59332, 0.62868, 12.35363, 2.32613], "texture": "#mesh_atlas"}
			}
		},
		{
			"name": "Voxels",
			"from": [-3.5, 22.75, 7.25],
			"to": [-3, 30.25, 8.75],
			"faces": {
				"north": {"uv": [10.59332, 0.62868, 12.35363, 2.32613], "texture": "#mesh_atlas"},
				"east": {"uv": [10.59332, 0.62868, 12.35363, 2.32613], "texture": "#mesh_atlas"},
				"south": {"uv": [10.59332, 0.62868, 12.35363, 2.32613], "texture": "#mesh_atlas"},
				"west": {"uv": [10.59332, 0.62868, 12.35363, 2.32613], "texture": "#mesh_atlas"},
				"up": {"uv": [10.59332, 0.62868, 12.35363, 2.32613], "texture": "#mesh_atlas"},
				"down": {"uv": [10.59332, 0.62868, 12.35363, 2.32613], "texture": "#mesh_atlas"}
			}
		},
		{
			"name": "Voxels",
			"from": [-3.5, 22.75, 8.75],
			"to": [-2.75, 30, 9],
			"faces": {
				"north": {"uv": [10.59332, 0.62868, 12.35363, 2.32613], "texture": "#mesh_atlas"},
				"east": {"uv": [10.59332, 0.62868, 12.35363, 2.32613], "texture": "#mesh_atlas"},
				"south": {"uv": [10.59332, 0.62868, 12.35363, 2.32613], "texture": "#mesh_atlas"},
				"west": {"uv": [10.59332, 0.62868, 12.35363, 2.32613], "texture": "#mesh_atlas"},
				"up": {"uv": [10.59332, 0.62868, 12.35363, 2.32613], "texture": "#mesh_atlas"},
				"down": {"uv": [10.59332, 0.62868, 12.35363, 2.32613], "texture": "#mesh_atlas"}
			}
		},
		{
			"name": "Voxels",
			"from": [-3.5, 30.25, 7.75],
			"to": [0.5, 30.5, 8.25],
			"faces": {
				"north": {"uv": [10.59332, 0.62868, 12.35363, 2.32613], "texture": "#mesh_atlas"},
				"east": {"uv": [10.59332, 0.62868, 12.35363, 2.32613], "texture": "#mesh_atlas"},
				"south": {"uv": [10.59332, 0.62868, 12.35363, 2.32613], "texture": "#mesh_atlas"},
				"west": {"uv": [10.59332, 0.62868, 12.35363, 2.32613], "texture": "#mesh_atlas"},
				"up": {"uv": [10.59332, 0.62868, 12.35363, 2.32613], "texture": "#mesh_atlas"},
				"down": {"uv": [10.59332, 0.62868, 12.35363, 2.32613], "texture": "#mesh_atlas"}
			}
		},
		{
			"name": "Voxels",
			"from": [-3.25, -13.5, 7],
			"to": [0.25, -13, 7.25],
			"faces": {
				"north": {"uv": [10.59332, 0.62868, 12.35363, 2.32613], "texture": "#mesh_atlas"},
				"east": {"uv": [10.59332, 0.62868, 12.35363, 2.32613], "texture": "#mesh_atlas"},
				"south": {"uv": [10.59332, 0.62868, 12.35363, 2.32613], "texture": "#mesh_atlas"},
				"west": {"uv": [10.59332, 0.62868, 12.35363, 2.32613], "texture": "#mesh_atlas"},
				"up": {"uv": [10.59332, 0.62868, 12.35363, 2.32613], "texture": "#mesh_atlas"},
				"down": {"uv": [10.59332, 0.62868, 12.35363, 2.32613], "texture": "#mesh_atlas"}
			}
		},
		{
			"name": "Voxels",
			"from": [-3.25, -13.5, 7.25],
			"to": [0.25, -13.25, 7.75],
			"faces": {
				"north": {"uv": [10.59332, 0.62868, 12.35363, 2.32613], "texture": "#mesh_atlas"},
				"east": {"uv": [10.59332, 0.62868, 12.35363, 2.32613], "texture": "#mesh_atlas"},
				"south": {"uv": [10.59332, 0.62868, 12.35363, 2.32613], "texture": "#mesh_atlas"},
				"west": {"uv": [10.59332, 0.62868, 12.35363, 2.32613], "texture": "#mesh_atlas"},
				"up": {"uv": [10.59332, 0.62868, 12.35363, 2.32613], "texture": "#mesh_atlas"},
				"down": {"uv": [10.59332, 0.62868, 12.35363, 2.32613], "texture": "#mesh_atlas"}
			}
		},
		{
			"name": "Voxels",
			"from": [-3.25, -13.5, 8.25],
			"to": [0.25, -13.25, 9],
			"faces": {
				"north": {"uv": [10.59332, 0.62868, 12.35363, 2.32613], "texture": "#mesh_atlas"},
				"east": {"uv": [10.59332, 0.62868, 12.35363, 2.32613], "texture": "#mesh_atlas"},
				"south": {"uv": [10.59332, 0.62868, 12.35363, 2.32613], "texture": "#mesh_atlas"},
				"west": {"uv": [10.59332, 0.62868, 12.35363, 2.32613], "texture": "#mesh_atlas"},
				"up": {"uv": [10.59332, 0.62868, 12.35363, 2.32613], "texture": "#mesh_atlas"},
				"down": {"uv": [10.59332, 0.62868, 12.35363, 2.32613], "texture": "#mesh_atlas"}
			}
		},
		{
			"name": "Voxels",
			"from": [-3.25, -13.25, 6.75],
			"to": [0.25, -12.75, 7],
			"faces": {
				"north": {"uv": [10.59332, 0.62868, 12.35363, 2.32613], "texture": "#mesh_atlas"},
				"east": {"uv": [10.59332, 0.62868, 12.35363, 2.32613], "texture": "#mesh_atlas"},
				"south": {"uv": [10.59332, 0.62868, 12.35363, 2.32613], "texture": "#mesh_atlas"},
				"west": {"uv": [10.59332, 0.62868, 12.35363, 2.32613], "texture": "#mesh_atlas"},
				"up": {"uv": [10.59332, 0.62868, 12.35363, 2.32613], "texture": "#mesh_atlas"},
				"down": {"uv": [10.59332, 0.62868, 12.35363, 2.32613], "texture": "#mesh_atlas"}
			}
		},
		{
			"name": "Voxels",
			"from": [-3.25, -13.25, 8.75],
			"to": [0.25, -13, 9.25],
			"faces": {
				"north": {"uv": [10.59332, 0.62868, 12.35363, 2.32613], "texture": "#mesh_atlas"},
				"east": {"uv": [10.59332, 0.62868, 12.35363, 2.32613], "texture": "#mesh_atlas"},
				"south": {"uv": [10.59332, 0.62868, 12.35363, 2.32613], "texture": "#mesh_atlas"},
				"west": {"uv": [10.59332, 0.62868, 12.35363, 2.32613], "texture": "#mesh_atlas"},
				"up": {"uv": [10.59332, 0.62868, 12.35363, 2.32613], "texture": "#mesh_atlas"},
				"down": {"uv": [10.59332, 0.62868, 12.35363, 2.32613], "texture": "#mesh_atlas"}
			}
		},
		{
			"name": "Voxels",
			"from": [-3.25, -13, 6.5],
			"to": [0.25, -12.75, 6.75],
			"faces": {
				"north": {"uv": [10.59332, 0.62868, 12.35363, 2.32613], "texture": "#mesh_atlas"},
				"east": {"uv": [10.59332, 0.62868, 12.35363, 2.32613], "texture": "#mesh_atlas"},
				"south": {"uv": [10.59332, 0.62868, 12.35363, 2.32613], "texture": "#mesh_atlas"},
				"west": {"uv": [10.59332, 0.62868, 12.35363, 2.32613], "texture": "#mesh_atlas"},
				"up": {"uv": [10.59332, 0.62868, 12.35363, 2.32613], "texture": "#mesh_atlas"},
				"down": {"uv": [10.59332, 0.62868, 12.35363, 2.32613], "texture": "#mesh_atlas"}
			}
		},
		{
			"name": "Voxels",
			"from": [-3.25, -13, 9],
			"to": [0.25, -12.75, 9.5],
			"faces": {
				"north": {"uv": [10.59332, 0.62868, 12.35363, 2.32613], "texture": "#mesh_atlas"},
				"east": {"uv": [10.59332, 0.62868, 12.35363, 2.32613], "texture": "#mesh_atlas"},
				"south": {"uv": [10.59332, 0.62868, 12.35363, 2.32613], "texture": "#mesh_atlas"},
				"west": {"uv": [10.59332, 0.62868, 12.35363, 2.32613], "texture": "#mesh_atlas"},
				"up": {"uv": [10.59332, 0.62868, 12.35363, 2.32613], "texture": "#mesh_atlas"},
				"down": {"uv": [10.59332, 0.62868, 12.35363, 2.32613], "texture": "#mesh_atlas"}
			}
		},
		{
			"name": "Voxels",
			"from": [-3.25, -12.75, 6.5],
			"to": [-2.25, -5.5, 6.75],
			"faces": {
				"north": {"uv": [10.59332, 0.62868, 12.35363, 2.32613], "texture": "#mesh_atlas"},
				"east": {"uv": [10.59332, 0.62868, 12.35363, 2.32613], "texture": "#mesh_atlas"},
				"south": {"uv": [10.59332, 0.62868, 12.35363, 2.32613], "texture": "#mesh_atlas"},
				"west": {"uv": [10.59332, 0.62868, 12.35363, 2.32613], "texture": "#mesh_atlas"},
				"up": {"uv": [10.59332, 0.62868, 12.35363, 2.32613], "texture": "#mesh_atlas"},
				"down": {"uv": [10.59332, 0.62868, 12.35363, 2.32613], "texture": "#mesh_atlas"}
			}
		},
		{
			"name": "Voxels",
			"from": [-3.25, -12.75, 6.75],
			"to": [-2.5, -5.25, 7],
			"faces": {
				"north": {"uv": [10.59332, 0.62868, 12.35363, 2.32613], "texture": "#mesh_atlas"},
				"east": {"uv": [10.59332, 0.62868, 12.35363, 2.32613], "texture": "#mesh_atlas"},
				"south": {"uv": [10.59332, 0.62868, 12.35363, 2.32613], "texture": "#mesh_atlas"},
				"west": {"uv": [10.59332, 0.62868, 12.35363, 2.32613], "texture": "#mesh_atlas"},
				"up": {"uv": [10.59332, 0.62868, 12.35363, 2.32613], "texture": "#mesh_atlas"},
				"down": {"uv": [10.59332, 0.62868, 12.35363, 2.32613], "texture": "#mesh_atlas"}
			}
		},
		{
			"name": "Voxels",
			"from": [-3.25, -12.75, 9],
			"to": [-2.5, -5.25, 9.25],
			"faces": {
				"north": {"uv": [10.59332, 0.62868, 12.35363, 2.32613], "texture": "#mesh_atlas"},
				"east": {"uv": [10.59332, 0.62868, 12.35363, 2.32613], "texture": "#mesh_atlas"},
				"south": {"uv": [10.59332, 0.62868, 12.35363, 2.32613], "texture": "#mesh_atlas"},
				"west": {"uv": [10.59332, 0.62868, 12.35363, 2.32613], "texture": "#mesh_atlas"},
				"up": {"uv": [10.59332, 0.62868, 12.35363, 2.32613], "texture": "#mesh_atlas"},
				"down": {"uv": [10.59332, 0.62868, 12.35363, 2.32613], "texture": "#mesh_atlas"}
			}
		},
		{
			"name": "Voxels",
			"from": [-3.25, -12.75, 9.25],
			"to": [-2.25, -5.5, 9.5],
			"faces": {
				"north": {"uv": [10.59332, 0.62868, 12.35363, 2.32613], "texture": "#mesh_atlas"},
				"east": {"uv": [10.59332, 0.62868, 12.35363, 2.32613], "texture": "#mesh_atlas"},
				"south": {"uv": [10.59332, 0.62868, 12.35363, 2.32613], "texture": "#mesh_atlas"},
				"west": {"uv": [10.59332, 0.62868, 12.35363, 2.32613], "texture": "#mesh_atlas"},
				"up": {"uv": [10.59332, 0.62868, 12.35363, 2.32613], "texture": "#mesh_atlas"},
				"down": {"uv": [10.59332, 0.62868, 12.35363, 2.32613], "texture": "#mesh_atlas"}
			}
		},
		{
			"name": "Voxels",
			"from": [-3.25, -5.5, 7],
			"to": [0.25, -5.25, 7.25],
			"faces": {
				"north": {"uv": [10.59332, 0.62868, 12.35363, 2.32613], "texture": "#mesh_atlas"},
				"east": {"uv": [10.59332, 0.62868, 12.35363, 2.32613], "texture": "#mesh_atlas"},
				"south": {"uv": [10.59332, 0.62868, 12.35363, 2.32613], "texture": "#mesh_atlas"},
				"west": {"uv": [10.59332, 0.62868, 12.35363, 2.32613], "texture": "#mesh_atlas"},
				"up": {"uv": [10.59332, 0.62868, 12.35363, 2.32613], "texture": "#mesh_atlas"},
				"down": {"uv": [10.59332, 0.62868, 12.35363, 2.32613], "texture": "#mesh_atlas"}
			}
		},
		{
			"name": "Voxels",
			"from": [-3.25, -5.5, 8.75],
			"to": [0.25, -5.25, 9],
			"faces": {
				"north": {"uv": [10.59332, 0.62868, 12.35363, 2.32613], "texture": "#mesh_atlas"},
				"east": {"uv": [10.59332, 0.62868, 12.35363, 2.32613], "texture": "#mesh_atlas"},
				"south": {"uv": [10.59332, 0.62868, 12.35363, 2.32613], "texture": "#mesh_atlas"},
				"west": {"uv": [10.59332, 0.62868, 12.35363, 2.32613], "texture": "#mesh_atlas"},
				"up": {"uv": [10.59332, 0.62868, 12.35363, 2.32613], "texture": "#mesh_atlas"},
				"down": {"uv": [10.59332, 0.62868, 12.35363, 2.32613], "texture": "#mesh_atlas"}
			}
		},
		{
			"name": "Voxels",
			"from": [-3.25, -5.25, 7],
			"to": [-2.75, 22.5, 7.25],
			"faces": {
				"north": {"uv": [15, 0, 16, 0], "texture": "#2"},
				"east": {"uv": [15, 0, 16, 0], "texture": "#2"},
				"south": {"uv": [15, 0, 16, 0], "texture": "#2"},
				"west": {"uv": [15, 0, 16, 0], "texture": "#2"},
				"up": {"uv": [15, 0, 16, 0], "texture": "#2"},
				"down": {"uv": [15, 0, 16, 0], "texture": "#2"}
			}
		},
		{
			"name": "Voxels",
			"from": [-3.25, -5.25, 7.25],
			"to": [-3, 22.25, 9],
			"faces": {
				"north": {"uv": [15, 0, 16, 0], "texture": "#2"},
				"east": {"uv": [15, 0, 16, 0], "texture": "#2"},
				"south": {"uv": [15, 0, 16, 0], "texture": "#2"},
				"west": {"uv": [15, 0, 16, 0], "texture": "#2"},
				"up": {"uv": [15, 0, 16, 0], "texture": "#2"},
				"down": {"uv": [15, 0, 16, 0], "texture": "#2"}
			}
		},
		{
			"name": "Voxels",
			"from": [-3.25, 22.25, 6.75],
			"to": [0.25, 22.75, 7],
			"faces": {
				"north": {"uv": [10.59332, 0.62868, 12.35363, 2.32613], "texture": "#mesh_atlas"},
				"east": {"uv": [10.59332, 0.62868, 12.35363, 2.32613], "texture": "#mesh_atlas"},
				"south": {"uv": [10.59332, 0.62868, 12.35363, 2.32613], "texture": "#mesh_atlas"},
				"west": {"uv": [10.59332, 0.62868, 12.35363, 2.32613], "texture": "#mesh_atlas"},
				"up": {"uv": [10.59332, 0.62868, 12.35363, 2.32613], "texture": "#mesh_atlas"},
				"down": {"uv": [10.59332, 0.62868, 12.35363, 2.32613], "texture": "#mesh_atlas"}
			}
		},
		{
			"name": "Voxels",
			"from": [-3.25, 22.25, 8.75],
			"to": [0.25, 22.5, 9.25],
			"faces": {
				"north": {"uv": [10.59332, 0.62868, 12.35363, 2.32613], "texture": "#mesh_atlas"},
				"east": {"uv": [10.59332, 0.62868, 12.35363, 2.32613], "texture": "#mesh_atlas"},
				"south": {"uv": [10.59332, 0.62868, 12.35363, 2.32613], "texture": "#mesh_atlas"},
				"west": {"uv": [10.59332, 0.62868, 12.35363, 2.32613], "texture": "#mesh_atlas"},
				"up": {"uv": [10.59332, 0.62868, 12.35363, 2.32613], "texture": "#mesh_atlas"},
				"down": {"uv": [10.59332, 0.62868, 12.35363, 2.32613], "texture": "#mesh_atlas"}
			}
		},
		{
			"name": "Voxels",
			"from": [-3.25, 22.5, 6.5],
			"to": [0.25, 22.75, 6.75],
			"faces": {
				"north": {"uv": [10.59332, 0.62868, 12.35363, 2.32613], "texture": "#mesh_atlas"},
				"east": {"uv": [10.59332, 0.62868, 12.35363, 2.32613], "texture": "#mesh_atlas"},
				"south": {"uv": [10.59332, 0.62868, 12.35363, 2.32613], "texture": "#mesh_atlas"},
				"west": {"uv": [10.59332, 0.62868, 12.35363, 2.32613], "texture": "#mesh_atlas"},
				"up": {"uv": [10.59332, 0.62868, 12.35363, 2.32613], "texture": "#mesh_atlas"},
				"down": {"uv": [10.59332, 0.62868, 12.35363, 2.32613], "texture": "#mesh_atlas"}
			}
		},
		{
			"name": "Voxels",
			"from": [-3.25, 22.5, 9],
			"to": [0.25, 22.75, 9.5],
			"faces": {
				"north": {"uv": [10.59332, 0.62868, 12.35363, 2.32613], "texture": "#mesh_atlas"},
				"east": {"uv": [10.59332, 0.62868, 12.35363, 2.32613], "texture": "#mesh_atlas"},
				"south": {"uv": [10.59332, 0.62868, 12.35363, 2.32613], "texture": "#mesh_atlas"},
				"west": {"uv": [10.59332, 0.62868, 12.35363, 2.32613], "texture": "#mesh_atlas"},
				"up": {"uv": [10.59332, 0.62868, 12.35363, 2.32613], "texture": "#mesh_atlas"},
				"down": {"uv": [10.59332, 0.62868, 12.35363, 2.32613], "texture": "#mesh_atlas"}
			}
		},
		{
			"name": "Voxels",
			"from": [-3.25, 22.75, 6.5],
			"to": [-2.25, 30, 6.75],
			"faces": {
				"north": {"uv": [10.59332, 0.62868, 12.35363, 2.32613], "texture": "#mesh_atlas"},
				"east": {"uv": [10.59332, 0.62868, 12.35363, 2.32613], "texture": "#mesh_atlas"},
				"south": {"uv": [10.59332, 0.62868, 12.35363, 2.32613], "texture": "#mesh_atlas"},
				"west": {"uv": [10.59332, 0.62868, 12.35363, 2.32613], "texture": "#mesh_atlas"},
				"up": {"uv": [10.59332, 0.62868, 12.35363, 2.32613], "texture": "#mesh_atlas"},
				"down": {"uv": [10.59332, 0.62868, 12.35363, 2.32613], "texture": "#mesh_atlas"}
			}
		},
		{
			"name": "Voxels",
			"from": [-3.25, 22.75, 6.75],
			"to": [-2.5, 30.25, 7],
			"faces": {
				"north": {"uv": [10.59332, 0.62868, 12.35363, 2.32613], "texture": "#mesh_atlas"},
				"east": {"uv": [10.59332, 0.62868, 12.35363, 2.32613], "texture": "#mesh_atlas"},
				"south": {"uv": [10.59332, 0.62868, 12.35363, 2.32613], "texture": "#mesh_atlas"},
				"west": {"uv": [10.59332, 0.62868, 12.35363, 2.32613], "texture": "#mesh_atlas"},
				"up": {"uv": [10.59332, 0.62868, 12.35363, 2.32613], "texture": "#mesh_atlas"},
				"down": {"uv": [10.59332, 0.62868, 12.35363, 2.32613], "texture": "#mesh_atlas"}
			}
		},
		{
			"name": "Voxels",
			"from": [-3.25, 22.75, 9],
			"to": [-2.5, 30.25, 9.25],
			"faces": {
				"north": {"uv": [10.59332, 0.62868, 12.35363, 2.32613], "texture": "#mesh_atlas"},
				"east": {"uv": [10.59332, 0.62868, 12.35363, 2.32613], "texture": "#mesh_atlas"},
				"south": {"uv": [10.59332, 0.62868, 12.35363, 2.32613], "texture": "#mesh_atlas"},
				"west": {"uv": [10.59332, 0.62868, 12.35363, 2.32613], "texture": "#mesh_atlas"},
				"up": {"uv": [10.59332, 0.62868, 12.35363, 2.32613], "texture": "#mesh_atlas"},
				"down": {"uv": [10.59332, 0.62868, 12.35363, 2.32613], "texture": "#mesh_atlas"}
			}
		},
		{
			"name": "Voxels",
			"from": [-3.25, 22.75, 9.25],
			"to": [-2.25, 30, 9.5],
			"faces": {
				"north": {"uv": [10.59332, 0.62868, 12.35363, 2.32613], "texture": "#mesh_atlas"},
				"east": {"uv": [10.59332, 0.62868, 12.35363, 2.32613], "texture": "#mesh_atlas"},
				"south": {"uv": [10.59332, 0.62868, 12.35363, 2.32613], "texture": "#mesh_atlas"},
				"west": {"uv": [10.59332, 0.62868, 12.35363, 2.32613], "texture": "#mesh_atlas"},
				"up": {"uv": [10.59332, 0.62868, 12.35363, 2.32613], "texture": "#mesh_atlas"},
				"down": {"uv": [10.59332, 0.62868, 12.35363, 2.32613], "texture": "#mesh_atlas"}
			}
		},
		{
			"name": "Voxels",
			"from": [-3.25, 30, 7],
			"to": [0.25, 30.5, 7.25],
			"faces": {
				"north": {"uv": [10.59332, 0.62868, 12.35363, 2.32613], "texture": "#mesh_atlas"},
				"east": {"uv": [10.59332, 0.62868, 12.35363, 2.32613], "texture": "#mesh_atlas"},
				"south": {"uv": [10.59332, 0.62868, 12.35363, 2.32613], "texture": "#mesh_atlas"},
				"west": {"uv": [10.59332, 0.62868, 12.35363, 2.32613], "texture": "#mesh_atlas"},
				"up": {"uv": [10.59332, 0.62868, 12.35363, 2.32613], "texture": "#mesh_atlas"},
				"down": {"uv": [10.59332, 0.62868, 12.35363, 2.32613], "texture": "#mesh_atlas"}
			}
		},
		{
			"name": "Voxels",
			"from": [-3.25, 30, 8.75],
			"to": [0.25, 30.5, 9],
			"faces": {
				"north": {"uv": [10.59332, 0.62868, 12.35363, 2.32613], "texture": "#mesh_atlas"},
				"east": {"uv": [10.59332, 0.62868, 12.35363, 2.32613], "texture": "#mesh_atlas"},
				"south": {"uv": [10.59332, 0.62868, 12.35363, 2.32613], "texture": "#mesh_atlas"},
				"west": {"uv": [10.59332, 0.62868, 12.35363, 2.32613], "texture": "#mesh_atlas"},
				"up": {"uv": [10.59332, 0.62868, 12.35363, 2.32613], "texture": "#mesh_atlas"},
				"down": {"uv": [10.59332, 0.62868, 12.35363, 2.32613], "texture": "#mesh_atlas"}
			}
		},
		{
			"name": "Voxels",
			"from": [-3.25, 30.25, 7.25],
			"to": [0.25, 30.5, 7.75],
			"faces": {
				"north": {"uv": [10.59332, 0.62868, 12.35363, 2.32613], "texture": "#mesh_atlas"},
				"east": {"uv": [10.59332, 0.62868, 12.35363, 2.32613], "texture": "#mesh_atlas"},
				"south": {"uv": [10.59332, 0.62868, 12.35363, 2.32613], "texture": "#mesh_atlas"},
				"west": {"uv": [10.59332, 0.62868, 12.35363, 2.32613], "texture": "#mesh_atlas"},
				"up": {"uv": [10.59332, 0.62868, 12.35363, 2.32613], "texture": "#mesh_atlas"},
				"down": {"uv": [10.59332, 0.62868, 12.35363, 2.32613], "texture": "#mesh_atlas"}
			}
		},
		{
			"name": "Voxels",
			"from": [-3.25, 30.25, 8.25],
			"to": [0.25, 30.5, 8.75],
			"faces": {
				"north": {"uv": [10.59332, 0.62868, 12.35363, 2.32613], "texture": "#mesh_atlas"},
				"east": {"uv": [10.59332, 0.62868, 12.35363, 2.32613], "texture": "#mesh_atlas"},
				"south": {"uv": [10.59332, 0.62868, 12.35363, 2.32613], "texture": "#mesh_atlas"},
				"west": {"uv": [10.59332, 0.62868, 12.35363, 2.32613], "texture": "#mesh_atlas"},
				"up": {"uv": [10.59332, 0.62868, 12.35363, 2.32613], "texture": "#mesh_atlas"},
				"down": {"uv": [10.59332, 0.62868, 12.35363, 2.32613], "texture": "#mesh_atlas"}
			}
		},
		{
			"name": "Voxels",
			"from": [-3, -13.5, 6.75],
			"to": [0, -13.25, 7],
			"faces": {
				"north": {"uv": [10.59332, 0.62868, 12.35363, 2.32613], "texture": "#mesh_atlas"},
				"east": {"uv": [10.59332, 0.62868, 12.35363, 2.32613], "texture": "#mesh_atlas"},
				"south": {"uv": [10.59332, 0.62868, 12.35363, 2.32613], "texture": "#mesh_atlas"},
				"west": {"uv": [10.59332, 0.62868, 12.35363, 2.32613], "texture": "#mesh_atlas"},
				"up": {"uv": [10.59332, 0.62868, 12.35363, 2.32613], "texture": "#mesh_atlas"},
				"down": {"uv": [10.59332, 0.62868, 12.35363, 2.32613], "texture": "#mesh_atlas"}
			}
		},
		{
			"name": "Voxels",
			"from": [-3, -13.5, 9],
			"to": [0, -13.25, 9.25],
			"faces": {
				"north": {"uv": [10.59332, 0.62868, 12.35363, 2.32613], "texture": "#mesh_atlas"},
				"east": {"uv": [10.59332, 0.62868, 12.35363, 2.32613], "texture": "#mesh_atlas"},
				"south": {"uv": [10.59332, 0.62868, 12.35363, 2.32613], "texture": "#mesh_atlas"},
				"west": {"uv": [10.59332, 0.62868, 12.35363, 2.32613], "texture": "#mesh_atlas"},
				"up": {"uv": [10.59332, 0.62868, 12.35363, 2.32613], "texture": "#mesh_atlas"},
				"down": {"uv": [10.59332, 0.62868, 12.35363, 2.32613], "texture": "#mesh_atlas"}
			}
		},
		{
			"name": "Voxels",
			"from": [-3, -13.25, 6.5],
			"to": [0, -13, 6.75],
			"faces": {
				"north": {"uv": [10.59332, 0.62868, 12.35363, 2.32613], "texture": "#mesh_atlas"},
				"east": {"uv": [10.59332, 0.62868, 12.35363, 2.32613], "texture": "#mesh_atlas"},
				"south": {"uv": [10.59332, 0.62868, 12.35363, 2.32613], "texture": "#mesh_atlas"},
				"west": {"uv": [10.59332, 0.62868, 12.35363, 2.32613], "texture": "#mesh_atlas"},
				"up": {"uv": [10.59332, 0.62868, 12.35363, 2.32613], "texture": "#mesh_atlas"},
				"down": {"uv": [10.59332, 0.62868, 12.35363, 2.32613], "texture": "#mesh_atlas"}
			}
		},
		{
			"name": "Voxels",
			"from": [-3, -13.25, 9.25],
			"to": [0, -13, 9.5],
			"faces": {
				"north": {"uv": [10.59332, 0.62868, 12.35363, 2.32613], "texture": "#mesh_atlas"},
				"east": {"uv": [10.59332, 0.62868, 12.35363, 2.32613], "texture": "#mesh_atlas"},
				"south": {"uv": [10.59332, 0.62868, 12.35363, 2.32613], "texture": "#mesh_atlas"},
				"west": {"uv": [10.59332, 0.62868, 12.35363, 2.32613], "texture": "#mesh_atlas"},
				"up": {"uv": [10.59332, 0.62868, 12.35363, 2.32613], "texture": "#mesh_atlas"},
				"down": {"uv": [10.59332, 0.62868, 12.35363, 2.32613], "texture": "#mesh_atlas"}
			}
		},
		{
			"name": "Voxels",
			"from": [-3, -13, 6.25],
			"to": [0, -5.5, 6.5],
			"faces": {
				"north": {"uv": [10.59332, 0.62868, 12.35363, 2.32613], "texture": "#mesh_atlas"},
				"east": {"uv": [10.59332, 0.62868, 12.35363, 2.32613], "texture": "#mesh_atlas"},
				"south": {"uv": [10.59332, 0.62868, 12.35363, 2.32613], "texture": "#mesh_atlas"},
				"west": {"uv": [10.59332, 0.62868, 12.35363, 2.32613], "texture": "#mesh_atlas"},
				"up": {"uv": [10.59332, 0.62868, 12.35363, 2.32613], "texture": "#mesh_atlas"},
				"down": {"uv": [10.59332, 0.62868, 12.35363, 2.32613], "texture": "#mesh_atlas"}
			}
		},
		{
			"name": "Voxels",
			"from": [-3, -13, 9.5],
			"to": [0, -5.5, 9.75],
			"faces": {
				"north": {"uv": [10.59332, 0.62868, 12.35363, 2.32613], "texture": "#mesh_atlas"},
				"east": {"uv": [10.59332, 0.62868, 12.35363, 2.32613], "texture": "#mesh_atlas"},
				"south": {"uv": [10.59332, 0.62868, 12.35363, 2.32613], "texture": "#mesh_atlas"},
				"west": {"uv": [10.59332, 0.62868, 12.35363, 2.32613], "texture": "#mesh_atlas"},
				"up": {"uv": [10.59332, 0.62868, 12.35363, 2.32613], "texture": "#mesh_atlas"},
				"down": {"uv": [10.59332, 0.62868, 12.35363, 2.32613], "texture": "#mesh_atlas"}
			}
		},
		{
			"name": "Voxels",
			"from": [-3, -5.75, 7.25],
			"to": [0.5, -5.25, 8.75],
			"faces": {
				"north": {"uv": [10.59332, 0.62868, 12.35363, 2.32613], "texture": "#mesh_atlas"},
				"east": {"uv": [10.59332, 0.62868, 12.35363, 2.32613], "texture": "#mesh_atlas"},
				"south": {"uv": [10.59332, 0.62868, 12.35363, 2.32613], "texture": "#mesh_atlas"},
				"west": {"uv": [10.59332, 0.62868, 12.35363, 2.32613], "texture": "#mesh_atlas"},
				"up": {"uv": [10.59332, 0.62868, 12.35363, 2.32613], "texture": "#mesh_atlas"},
				"down": {"uv": [10.59332, 0.62868, 12.35363, 2.32613], "texture": "#mesh_atlas"}
			}
		},
		{
			"name": "Voxels",
			"from": [-3, -5.5, 6.5],
			"to": [0, -5.25, 6.75],
			"faces": {
				"north": {"uv": [10.59332, 0.62868, 12.35363, 2.32613], "texture": "#mesh_atlas"},
				"east": {"uv": [10.59332, 0.62868, 12.35363, 2.32613], "texture": "#mesh_atlas"},
				"south": {"uv": [10.59332, 0.62868, 12.35363, 2.32613], "texture": "#mesh_atlas"},
				"west": {"uv": [10.59332, 0.62868, 12.35363, 2.32613], "texture": "#mesh_atlas"},
				"up": {"uv": [10.59332, 0.62868, 12.35363, 2.32613], "texture": "#mesh_atlas"},
				"down": {"uv": [10.59332, 0.62868, 12.35363, 2.32613], "texture": "#mesh_atlas"}
			}
		},
		{
			"name": "Voxels",
			"from": [-3, -5.5, 9.25],
			"to": [0, -5.25, 9.5],
			"faces": {
				"north": {"uv": [10.59332, 0.62868, 12.35363, 2.32613], "texture": "#mesh_atlas"},
				"east": {"uv": [10.59332, 0.62868, 12.35363, 2.32613], "texture": "#mesh_atlas"},
				"south": {"uv": [10.59332, 0.62868, 12.35363, 2.32613], "texture": "#mesh_atlas"},
				"west": {"uv": [10.59332, 0.62868, 12.35363, 2.32613], "texture": "#mesh_atlas"},
				"up": {"uv": [10.59332, 0.62868, 12.35363, 2.32613], "texture": "#mesh_atlas"},
				"down": {"uv": [10.59332, 0.62868, 12.35363, 2.32613], "texture": "#mesh_atlas"}
			}
		},
		{
			"name": "Voxels",
			"from": [-3, -5.25, 6.75],
			"to": [-2.5, 22.25, 7],
			"faces": {
				"north": {"uv": [15, 0, 16, 0], "texture": "#2"},
				"east": {"uv": [15, 0, 16, 0], "texture": "#2"},
				"south": {"uv": [15, 0, 16, 0], "texture": "#2"},
				"west": {"uv": [15, 0, 16, 0], "texture": "#2"},
				"up": {"uv": [15, 0, 16, 0], "texture": "#2"},
				"down": {"uv": [15, 0, 16, 0], "texture": "#2"}
			}
		},
		{
			"name": "Voxels",
			"from": [-3, -5.25, 8.75],
			"to": [-2.75, 22.25, 9.25],
			"faces": {
				"north": {"uv": [15, 0, 16, 0], "texture": "#2"},
				"east": {"uv": [15, 0, 16, 0], "texture": "#2"},
				"south": {"uv": [15, 0, 16, 0], "texture": "#2"},
				"west": {"uv": [15, 0, 16, 0], "texture": "#2"},
				"up": {"uv": [15, 0, 16, 0], "texture": "#2"},
				"down": {"uv": [15, 0, 16, 0], "texture": "#2"}
			}
		},
		{
			"name": "Voxels",
			"from": [-3, 22.25, 6.5],
			"to": [0, 22.5, 6.75],
			"faces": {
				"north": {"uv": [10.59332, 0.62868, 12.35363, 2.32613], "texture": "#mesh_atlas"},
				"east": {"uv": [10.59332, 0.62868, 12.35363, 2.32613], "texture": "#mesh_atlas"},
				"south": {"uv": [10.59332, 0.62868, 12.35363, 2.32613], "texture": "#mesh_atlas"},
				"west": {"uv": [10.59332, 0.62868, 12.35363, 2.32613], "texture": "#mesh_atlas"},
				"up": {"uv": [10.59332, 0.62868, 12.35363, 2.32613], "texture": "#mesh_atlas"},
				"down": {"uv": [10.59332, 0.62868, 12.35363, 2.32613], "texture": "#mesh_atlas"}
			}
		},
		{
			"name": "Voxels",
			"from": [-3, 22.25, 9.25],
			"to": [0, 22.5, 9.5],
			"faces": {
				"north": {"uv": [10.59332, 0.62868, 12.35363, 2.32613], "texture": "#mesh_atlas"},
				"east": {"uv": [10.59332, 0.62868, 12.35363, 2.32613], "texture": "#mesh_atlas"},
				"south": {"uv": [10.59332, 0.62868, 12.35363, 2.32613], "texture": "#mesh_atlas"},
				"west": {"uv": [10.59332, 0.62868, 12.35363, 2.32613], "texture": "#mesh_atlas"},
				"up": {"uv": [10.59332, 0.62868, 12.35363, 2.32613], "texture": "#mesh_atlas"},
				"down": {"uv": [10.59332, 0.62868, 12.35363, 2.32613], "texture": "#mesh_atlas"}
			}
		},
		{
			"name": "Voxels",
			"from": [-3, 22.5, 6.25],
			"to": [0, 30, 6.5],
			"faces": {
				"north": {"uv": [10.59332, 0.62868, 12.35363, 2.32613], "texture": "#mesh_atlas"},
				"east": {"uv": [10.59332, 0.62868, 12.35363, 2.32613], "texture": "#mesh_atlas"},
				"south": {"uv": [10.59332, 0.62868, 12.35363, 2.32613], "texture": "#mesh_atlas"},
				"west": {"uv": [10.59332, 0.62868, 12.35363, 2.32613], "texture": "#mesh_atlas"},
				"up": {"uv": [10.59332, 0.62868, 12.35363, 2.32613], "texture": "#mesh_atlas"},
				"down": {"uv": [10.59332, 0.62868, 12.35363, 2.32613], "texture": "#mesh_atlas"}
			}
		},
		{
			"name": "Voxels",
			"from": [-3, 22.5, 9.5],
			"to": [0, 30, 9.75],
			"faces": {
				"north": {"uv": [10.59332, 0.62868, 12.35363, 2.32613], "texture": "#mesh_atlas"},
				"east": {"uv": [10.59332, 0.62868, 12.35363, 2.32613], "texture": "#mesh_atlas"},
				"south": {"uv": [10.59332, 0.62868, 12.35363, 2.32613], "texture": "#mesh_atlas"},
				"west": {"uv": [10.59332, 0.62868, 12.35363, 2.32613], "texture": "#mesh_atlas"},
				"up": {"uv": [10.59332, 0.62868, 12.35363, 2.32613], "texture": "#mesh_atlas"},
				"down": {"uv": [10.59332, 0.62868, 12.35363, 2.32613], "texture": "#mesh_atlas"}
			}
		},
		{
			"name": "Voxels",
			"from": [-3, 29.75, 7.25],
			"to": [0.5, 30.25, 8.75],
			"faces": {
				"north": {"uv": [10.59332, 0.62868, 12.35363, 2.32613], "texture": "#mesh_atlas"},
				"east": {"uv": [10.59332, 0.62868, 12.35363, 2.32613], "texture": "#mesh_atlas"},
				"south": {"uv": [10.59332, 0.62868, 12.35363, 2.32613], "texture": "#mesh_atlas"},
				"west": {"uv": [10.59332, 0.62868, 12.35363, 2.32613], "texture": "#mesh_atlas"},
				"up": {"uv": [10.59332, 0.62868, 12.35363, 2.32613], "texture": "#mesh_atlas"},
				"down": {"uv": [10.59332, 0.62868, 12.35363, 2.32613], "texture": "#mesh_atlas"}
			}
		},
		{
			"name": "Voxels",
			"from": [-3, 30, 6.5],
			"to": [0, 30.25, 6.75],
			"faces": {
				"north": {"uv": [10.59332, 0.62868, 12.35363, 2.32613], "texture": "#mesh_atlas"},
				"east": {"uv": [10.59332, 0.62868, 12.35363, 2.32613], "texture": "#mesh_atlas"},
				"south": {"uv": [10.59332, 0.62868, 12.35363, 2.32613], "texture": "#mesh_atlas"},
				"west": {"uv": [10.59332, 0.62868, 12.35363, 2.32613], "texture": "#mesh_atlas"},
				"up": {"uv": [10.59332, 0.62868, 12.35363, 2.32613], "texture": "#mesh_atlas"},
				"down": {"uv": [10.59332, 0.62868, 12.35363, 2.32613], "texture": "#mesh_atlas"}
			}
		},
		{
			"name": "Voxels",
			"from": [-3, 30, 9.25],
			"to": [0, 30.25, 9.5],
			"faces": {
				"north": {"uv": [10.59332, 0.62868, 12.35363, 2.32613], "texture": "#mesh_atlas"},
				"east": {"uv": [10.59332, 0.62868, 12.35363, 2.32613], "texture": "#mesh_atlas"},
				"south": {"uv": [10.59332, 0.62868, 12.35363, 2.32613], "texture": "#mesh_atlas"},
				"west": {"uv": [10.59332, 0.62868, 12.35363, 2.32613], "texture": "#mesh_atlas"},
				"up": {"uv": [10.59332, 0.62868, 12.35363, 2.32613], "texture": "#mesh_atlas"},
				"down": {"uv": [10.59332, 0.62868, 12.35363, 2.32613], "texture": "#mesh_atlas"}
			}
		},
		{
			"name": "Voxels",
			"from": [-3, 30.25, 6.75],
			"to": [0, 30.5, 7],
			"faces": {
				"north": {"uv": [10.59332, 0.62868, 12.35363, 2.32613], "texture": "#mesh_atlas"},
				"east": {"uv": [10.59332, 0.62868, 12.35363, 2.32613], "texture": "#mesh_atlas"},
				"south": {"uv": [10.59332, 0.62868, 12.35363, 2.32613], "texture": "#mesh_atlas"},
				"west": {"uv": [10.59332, 0.62868, 12.35363, 2.32613], "texture": "#mesh_atlas"},
				"up": {"uv": [10.59332, 0.62868, 12.35363, 2.32613], "texture": "#mesh_atlas"},
				"down": {"uv": [10.59332, 0.62868, 12.35363, 2.32613], "texture": "#mesh_atlas"}
			}
		},
		{
			"name": "Voxels",
			"from": [-3, 30.25, 9],
			"to": [0, 30.5, 9.25],
			"faces": {
				"north": {"uv": [10.59332, 0.62868, 12.35363, 2.32613], "texture": "#mesh_atlas"},
				"east": {"uv": [10.59332, 0.62868, 12.35363, 2.32613], "texture": "#mesh_atlas"},
				"south": {"uv": [10.59332, 0.62868, 12.35363, 2.32613], "texture": "#mesh_atlas"},
				"west": {"uv": [10.59332, 0.62868, 12.35363, 2.32613], "texture": "#mesh_atlas"},
				"up": {"uv": [10.59332, 0.62868, 12.35363, 2.32613], "texture": "#mesh_atlas"},
				"down": {"uv": [10.59332, 0.62868, 12.35363, 2.32613], "texture": "#mesh_atlas"}
			}
		},
		{
			"name": "Voxels",
			"from": [-2.75, -13.5, 6.5],
			"to": [-0.25, -13.25, 6.75],
			"faces": {
				"north": {"uv": [10.59332, 0.62868, 12.35363, 2.32613], "texture": "#mesh_atlas"},
				"east": {"uv": [10.59332, 0.62868, 12.35363, 2.32613], "texture": "#mesh_atlas"},
				"south": {"uv": [10.59332, 0.62868, 12.35363, 2.32613], "texture": "#mesh_atlas"},
				"west": {"uv": [10.59332, 0.62868, 12.35363, 2.32613], "texture": "#mesh_atlas"},
				"up": {"uv": [10.59332, 0.62868, 12.35363, 2.32613], "texture": "#mesh_atlas"},
				"down": {"uv": [10.59332, 0.62868, 12.35363, 2.32613], "texture": "#mesh_atlas"}
			}
		},
		{
			"name": "Voxels",
			"from": [-2.75, -13.5, 9.25],
			"to": [-0.25, -13.25, 9.5],
			"faces": {
				"north": {"uv": [10.59332, 0.62868, 12.35363, 2.32613], "texture": "#mesh_atlas"},
				"east": {"uv": [10.59332, 0.62868, 12.35363, 2.32613], "texture": "#mesh_atlas"},
				"south": {"uv": [10.59332, 0.62868, 12.35363, 2.32613], "texture": "#mesh_atlas"},
				"west": {"uv": [10.59332, 0.62868, 12.35363, 2.32613], "texture": "#mesh_atlas"},
				"up": {"uv": [10.59332, 0.62868, 12.35363, 2.32613], "texture": "#mesh_atlas"},
				"down": {"uv": [10.59332, 0.62868, 12.35363, 2.32613], "texture": "#mesh_atlas"}
			}
		},
		{
			"name": "Voxels",
			"from": [-2.75, -13.25, 6.25],
			"to": [-0.25, -13, 6.5],
			"faces": {
				"north": {"uv": [10.59332, 0.62868, 12.35363, 2.32613], "texture": "#mesh_atlas"},
				"east": {"uv": [10.59332, 0.62868, 12.35363, 2.32613], "texture": "#mesh_atlas"},
				"south": {"uv": [10.59332, 0.62868, 12.35363, 2.32613], "texture": "#mesh_atlas"},
				"west": {"uv": [10.59332, 0.62868, 12.35363, 2.32613], "texture": "#mesh_atlas"},
				"up": {"uv": [10.59332, 0.62868, 12.35363, 2.32613], "texture": "#mesh_atlas"},
				"down": {"uv": [10.59332, 0.62868, 12.35363, 2.32613], "texture": "#mesh_atlas"}
			}
		},
		{
			"name": "Voxels",
			"from": [-2.75, -13.25, 9.5],
			"to": [-0.25, -13, 9.75],
			"faces": {
				"north": {"uv": [10.59332, 0.62868, 12.35363, 2.32613], "texture": "#mesh_atlas"},
				"east": {"uv": [10.59332, 0.62868, 12.35363, 2.32613], "texture": "#mesh_atlas"},
				"south": {"uv": [10.59332, 0.62868, 12.35363, 2.32613], "texture": "#mesh_atlas"},
				"west": {"uv": [10.59332, 0.62868, 12.35363, 2.32613], "texture": "#mesh_atlas"},
				"up": {"uv": [10.59332, 0.62868, 12.35363, 2.32613], "texture": "#mesh_atlas"},
				"down": {"uv": [10.59332, 0.62868, 12.35363, 2.32613], "texture": "#mesh_atlas"}
			}
		},
		{
			"name": "Voxels",
			"from": [-2.75, -5.75, 7],
			"to": [0.5, -5.5, 7.25],
			"faces": {
				"north": {"uv": [10.59332, 0.62868, 12.35363, 2.32613], "texture": "#mesh_atlas"},
				"east": {"uv": [10.59332, 0.62868, 12.35363, 2.32613], "texture": "#mesh_atlas"},
				"south": {"uv": [10.59332, 0.62868, 12.35363, 2.32613], "texture": "#mesh_atlas"},
				"west": {"uv": [10.59332, 0.62868, 12.35363, 2.32613], "texture": "#mesh_atlas"},
				"up": {"uv": [10.59332, 0.62868, 12.35363, 2.32613], "texture": "#mesh_atlas"},
				"down": {"uv": [10.59332, 0.62868, 12.35363, 2.32613], "texture": "#mesh_atlas"}
			}
		},
		{
			"name": "Voxels",
			"from": [-2.75, -5.75, 8.75],
			"to": [0.5, -5.5, 9],
			"faces": {
				"north": {"uv": [10.59332, 0.62868, 12.35363, 2.32613], "texture": "#mesh_atlas"},
				"east": {"uv": [10.59332, 0.62868, 12.35363, 2.32613], "texture": "#mesh_atlas"},
				"south": {"uv": [10.59332, 0.62868, 12.35363, 2.32613], "texture": "#mesh_atlas"},
				"west": {"uv": [10.59332, 0.62868, 12.35363, 2.32613], "texture": "#mesh_atlas"},
				"up": {"uv": [10.59332, 0.62868, 12.35363, 2.32613], "texture": "#mesh_atlas"},
				"down": {"uv": [10.59332, 0.62868, 12.35363, 2.32613], "texture": "#mesh_atlas"}
			}
		},
		{
			"name": "Voxels",
			"from": [-2.75, -5.5, 6.25],
			"to": [-0.25, -5.25, 6.5],
			"faces": {
				"north": {"uv": [10.59332, 0.62868, 12.35363, 2.32613], "texture": "#mesh_atlas"},
				"east": {"uv": [10.59332, 0.62868, 12.35363, 2.32613], "texture": "#mesh_atlas"},
				"south": {"uv": [10.59332, 0.62868, 12.35363, 2.32613], "texture": "#mesh_atlas"},
				"west": {"uv": [10.59332, 0.62868, 12.35363, 2.32613], "texture": "#mesh_atlas"},
				"up": {"uv": [10.59332, 0.62868, 12.35363, 2.32613], "texture": "#mesh_atlas"},
				"down": {"uv": [10.59332, 0.62868, 12.35363, 2.32613], "texture": "#mesh_atlas"}
			}
		},
		{
			"name": "Voxels",
			"from": [-2.75, -5.5, 9.5],
			"to": [-0.25, -5.25, 9.75],
			"faces": {
				"north": {"uv": [10.59332, 0.62868, 12.35363, 2.32613], "texture": "#mesh_atlas"},
				"east": {"uv": [10.59332, 0.62868, 12.35363, 2.32613], "texture": "#mesh_atlas"},
				"south": {"uv": [10.59332, 0.62868, 12.35363, 2.32613], "texture": "#mesh_atlas"},
				"west": {"uv": [10.59332, 0.62868, 12.35363, 2.32613], "texture": "#mesh_atlas"},
				"up": {"uv": [10.59332, 0.62868, 12.35363, 2.32613], "texture": "#mesh_atlas"},
				"down": {"uv": [10.59332, 0.62868, 12.35363, 2.32613], "texture": "#mesh_atlas"}
			}
		},
		{
			"name": "Voxels",
			"from": [-2.75, -5.25, 6.5],
			"to": [-2.25, 22.25, 6.75],
			"faces": {
				"north": {"uv": [15, 0, 16, 0], "texture": "#2"},
				"east": {"uv": [15, 0, 16, 0], "texture": "#2"},
				"south": {"uv": [15, 0, 16, 0], "texture": "#2"},
				"west": {"uv": [15, 0, 16, 0], "texture": "#2"},
				"up": {"uv": [15, 0, 16, 0], "texture": "#2"},
				"down": {"uv": [15, 0, 16, 0], "texture": "#2"}
			}
		},
		{
			"name": "Voxels",
			"from": [-2.75, -5.25, 9],
			"to": [-2.5, 22.25, 9.5],
			"faces": {
				"north": {"uv": [15, 0, 16, 0], "texture": "#2"},
				"east": {"uv": [15, 0, 16, 0], "texture": "#2"},
				"south": {"uv": [15, 0, 16, 0], "texture": "#2"},
				"west": {"uv": [15, 0, 16, 0], "texture": "#2"},
				"up": {"uv": [15, 0, 16, 0], "texture": "#2"},
				"down": {"uv": [15, 0, 16, 0], "texture": "#2"}
			}
		},
		{
			"name": "Voxels",
			"from": [-2.75, 22.25, 6.25],
			"to": [-0.25, 22.5, 6.5],
			"faces": {
				"north": {"uv": [10.59332, 0.62868, 12.35363, 2.32613], "texture": "#mesh_atlas"},
				"east": {"uv": [10.59332, 0.62868, 12.35363, 2.32613], "texture": "#mesh_atlas"},
				"south": {"uv": [10.59332, 0.62868, 12.35363, 2.32613], "texture": "#mesh_atlas"},
				"west": {"uv": [10.59332, 0.62868, 12.35363, 2.32613], "texture": "#mesh_atlas"},
				"up": {"uv": [10.59332, 0.62868, 12.35363, 2.32613], "texture": "#mesh_atlas"},
				"down": {"uv": [10.59332, 0.62868, 12.35363, 2.32613], "texture": "#mesh_atlas"}
			}
		},
		{
			"name": "Voxels",
			"from": [-2.75, 22.25, 7],
			"to": [0.25, 22.5, 7.25],
			"faces": {
				"north": {"uv": [10.59332, 0.62868, 12.35363, 2.32613], "texture": "#mesh_atlas"},
				"east": {"uv": [10.59332, 0.62868, 12.35363, 2.32613], "texture": "#mesh_atlas"},
				"south": {"uv": [10.59332, 0.62868, 12.35363, 2.32613], "texture": "#mesh_atlas"},
				"west": {"uv": [10.59332, 0.62868, 12.35363, 2.32613], "texture": "#mesh_atlas"},
				"up": {"uv": [10.59332, 0.62868, 12.35363, 2.32613], "texture": "#mesh_atlas"},
				"down": {"uv": [10.59332, 0.62868, 12.35363, 2.32613], "texture": "#mesh_atlas"}
			}
		},
		{
			"name": "Voxels",
			"from": [-2.75, 22.25, 9.5],
			"to": [-0.25, 22.5, 9.75],
			"faces": {
				"north": {"uv": [10.59332, 0.62868, 12.35363, 2.32613], "texture": "#mesh_atlas"},
				"east": {"uv": [10.59332, 0.62868, 12.35363, 2.32613], "texture": "#mesh_atlas"},
				"south": {"uv": [10.59332, 0.62868, 12.35363, 2.32613], "texture": "#mesh_atlas"},
				"west": {"uv": [10.59332, 0.62868, 12.35363, 2.32613], "texture": "#mesh_atlas"},
				"up": {"uv": [10.59332, 0.62868, 12.35363, 2.32613], "texture": "#mesh_atlas"},
				"down": {"uv": [10.59332, 0.62868, 12.35363, 2.32613], "texture": "#mesh_atlas"}
			}
		},
		{
			"name": "Voxels",
			"from": [-2.75, 29.75, 7],
			"to": [0.5, 30, 7.25],
			"faces": {
				"north": {"uv": [10.59332, 0.62868, 12.35363, 2.32613], "texture": "#mesh_atlas"},
				"east": {"uv": [10.59332, 0.62868, 12.35363, 2.32613], "texture": "#mesh_atlas"},
				"south": {"uv": [10.59332, 0.62868, 12.35363, 2.32613], "texture": "#mesh_atlas"},
				"west": {"uv": [10.59332, 0.62868, 12.35363, 2.32613], "texture": "#mesh_atlas"},
				"up": {"uv": [10.59332, 0.62868, 12.35363, 2.32613], "texture": "#mesh_atlas"},
				"down": {"uv": [10.59332, 0.62868, 12.35363, 2.32613], "texture": "#mesh_atlas"}
			}
		},
		{
			"name": "Voxels",
			"from": [-2.75, 29.75, 8.75],
			"to": [0.5, 30, 9],
			"faces": {
				"north": {"uv": [10.59332, 0.62868, 12.35363, 2.32613], "texture": "#mesh_atlas"},
				"east": {"uv": [10.59332, 0.62868, 12.35363, 2.32613], "texture": "#mesh_atlas"},
				"south": {"uv": [10.59332, 0.62868, 12.35363, 2.32613], "texture": "#mesh_atlas"},
				"west": {"uv": [10.59332, 0.62868, 12.35363, 2.32613], "texture": "#mesh_atlas"},
				"up": {"uv": [10.59332, 0.62868, 12.35363, 2.32613], "texture": "#mesh_atlas"},
				"down": {"uv": [10.59332, 0.62868, 12.35363, 2.32613], "texture": "#mesh_atlas"}
			}
		},
		{
			"name": "Voxels",
			"from": [-2.75, 30, 6.25],
			"to": [-0.25, 30.25, 6.5],
			"faces": {
				"north": {"uv": [10.59332, 0.62868, 12.35363, 2.32613], "texture": "#mesh_atlas"},
				"east": {"uv": [10.59332, 0.62868, 12.35363, 2.32613], "texture": "#mesh_atlas"},
				"south": {"uv": [10.59332, 0.62868, 12.35363, 2.32613], "texture": "#mesh_atlas"},
				"west": {"uv": [10.59332, 0.62868, 12.35363, 2.32613], "texture": "#mesh_atlas"},
				"up": {"uv": [10.59332, 0.62868, 12.35363, 2.32613], "texture": "#mesh_atlas"},
				"down": {"uv": [10.59332, 0.62868, 12.35363, 2.32613], "texture": "#mesh_atlas"}
			}
		},
		{
			"name": "Voxels",
			"from": [-2.75, 30, 9.5],
			"to": [-0.25, 30.25, 9.75],
			"faces": {
				"north": {"uv": [10.59332, 0.62868, 12.35363, 2.32613], "texture": "#mesh_atlas"},
				"east": {"uv": [10.59332, 0.62868, 12.35363, 2.32613], "texture": "#mesh_atlas"},
				"south": {"uv": [10.59332, 0.62868, 12.35363, 2.32613], "texture": "#mesh_atlas"},
				"west": {"uv": [10.59332, 0.62868, 12.35363, 2.32613], "texture": "#mesh_atlas"},
				"up": {"uv": [10.59332, 0.62868, 12.35363, 2.32613], "texture": "#mesh_atlas"},
				"down": {"uv": [10.59332, 0.62868, 12.35363, 2.32613], "texture": "#mesh_atlas"}
			}
		},
		{
			"name": "Voxels",
			"from": [-2.75, 30.25, 6.5],
			"to": [-0.25, 30.5, 6.75],
			"faces": {
				"north": {"uv": [10.59332, 0.62868, 12.35363, 2.32613], "texture": "#mesh_atlas"},
				"east": {"uv": [10.59332, 0.62868, 12.35363, 2.32613], "texture": "#mesh_atlas"},
				"south": {"uv": [10.59332, 0.62868, 12.35363, 2.32613], "texture": "#mesh_atlas"},
				"west": {"uv": [10.59332, 0.62868, 12.35363, 2.32613], "texture": "#mesh_atlas"},
				"up": {"uv": [10.59332, 0.62868, 12.35363, 2.32613], "texture": "#mesh_atlas"},
				"down": {"uv": [10.59332, 0.62868, 12.35363, 2.32613], "texture": "#mesh_atlas"}
			}
		},
		{
			"name": "Voxels",
			"from": [-2.75, 30.25, 9.25],
			"to": [-0.25, 30.5, 9.5],
			"faces": {
				"north": {"uv": [10.59332, 0.62868, 12.35363, 2.32613], "texture": "#mesh_atlas"},
				"east": {"uv": [10.59332, 0.62868, 12.35363, 2.32613], "texture": "#mesh_atlas"},
				"south": {"uv": [10.59332, 0.62868, 12.35363, 2.32613], "texture": "#mesh_atlas"},
				"west": {"uv": [10.59332, 0.62868, 12.35363, 2.32613], "texture": "#mesh_atlas"},
				"up": {"uv": [10.59332, 0.62868, 12.35363, 2.32613], "texture": "#mesh_atlas"},
				"down": {"uv": [10.59332, 0.62868, 12.35363, 2.32613], "texture": "#mesh_atlas"}
			}
		},
		{
			"name": "Voxels",
			"from": [-2.5, -13.5, 6.25],
			"to": [-0.5, -13.25, 6.5],
			"faces": {
				"north": {"uv": [10.59332, 0.62868, 12.35363, 2.32613], "texture": "#mesh_atlas"},
				"east": {"uv": [10.59332, 0.62868, 12.35363, 2.32613], "texture": "#mesh_atlas"},
				"south": {"uv": [10.59332, 0.62868, 12.35363, 2.32613], "texture": "#mesh_atlas"},
				"west": {"uv": [10.59332, 0.62868, 12.35363, 2.32613], "texture": "#mesh_atlas"},
				"up": {"uv": [10.59332, 0.62868, 12.35363, 2.32613], "texture": "#mesh_atlas"},
				"down": {"uv": [10.59332, 0.62868, 12.35363, 2.32613], "texture": "#mesh_atlas"}
			}
		},
		{
			"name": "Voxels",
			"from": [-2.5, -13.5, 9.5],
			"to": [-0.5, -13.25, 9.75],
			"faces": {
				"north": {"uv": [10.59332, 0.62868, 12.35363, 2.32613], "texture": "#mesh_atlas"},
				"east": {"uv": [10.59332, 0.62868, 12.35363, 2.32613], "texture": "#mesh_atlas"},
				"south": {"uv": [10.59332, 0.62868, 12.35363, 2.32613], "texture": "#mesh_atlas"},
				"west": {"uv": [10.59332, 0.62868, 12.35363, 2.32613], "texture": "#mesh_atlas"},
				"up": {"uv": [10.59332, 0.62868, 12.35363, 2.32613], "texture": "#mesh_atlas"},
				"down": {"uv": [10.59332, 0.62868, 12.35363, 2.32613], "texture": "#mesh_atlas"}
			}
		},
		{
			"name": "Voxels",
			"from": [-2.5, -13, 6],
			"to": [-0.5, -5.5, 6.25],
			"faces": {
				"north": {"uv": [10.59332, 0.62868, 12.35363, 2.32613], "texture": "#mesh_atlas"},
				"east": {"uv": [10.59332, 0.62868, 12.35363, 2.32613], "texture": "#mesh_atlas"},
				"south": {"uv": [10.59332, 0.62868, 12.35363, 2.32613], "texture": "#mesh_atlas"},
				"west": {"uv": [10.59332, 0.62868, 12.35363, 2.32613], "texture": "#mesh_atlas"},
				"up": {"uv": [10.59332, 0.62868, 12.35363, 2.32613], "texture": "#mesh_atlas"},
				"down": {"uv": [10.59332, 0.62868, 12.35363, 2.32613], "texture": "#mesh_atlas"}
			}
		},
		{
			"name": "Voxels",
			"from": [-2.5, -13, 9.75],
			"to": [-0.5, -5.5, 10],
			"faces": {
				"north": {"uv": [10.59332, 0.62868, 12.35363, 2.32613], "texture": "#mesh_atlas"},
				"east": {"uv": [10.59332, 0.62868, 12.35363, 2.32613], "texture": "#mesh_atlas"},
				"south": {"uv": [10.59332, 0.62868, 12.35363, 2.32613], "texture": "#mesh_atlas"},
				"west": {"uv": [10.59332, 0.62868, 12.35363, 2.32613], "texture": "#mesh_atlas"},
				"up": {"uv": [10.59332, 0.62868, 12.35363, 2.32613], "texture": "#mesh_atlas"},
				"down": {"uv": [10.59332, 0.62868, 12.35363, 2.32613], "texture": "#mesh_atlas"}
			}
		},
		{
			"name": "Voxels",
			"from": [-2.5, -5.75, 6.75],
			"to": [0.25, -5.25, 7],
			"faces": {
				"north": {"uv": [10.59332, 0.62868, 12.35363, 2.32613], "texture": "#mesh_atlas"},
				"east": {"uv": [10.59332, 0.62868, 12.35363, 2.32613], "texture": "#mesh_atlas"},
				"south": {"uv": [10.59332, 0.62868, 12.35363, 2.32613], "texture": "#mesh_atlas"},
				"west": {"uv": [10.59332, 0.62868, 12.35363, 2.32613], "texture": "#mesh_atlas"},
				"up": {"uv": [10.59332, 0.62868, 12.35363, 2.32613], "texture": "#mesh_atlas"},
				"down": {"uv": [10.59332, 0.62868, 12.35363, 2.32613], "texture": "#mesh_atlas"}
			}
		},
		{
			"name": "Voxels",
			"from": [-2.5, -5.75, 9],
			"to": [0.25, -5.25, 9.25],
			"faces": {
				"north": {"uv": [10.59332, 0.62868, 12.35363, 2.32613], "texture": "#mesh_atlas"},
				"east": {"uv": [10.59332, 0.62868, 12.35363, 2.32613], "texture": "#mesh_atlas"},
				"south": {"uv": [10.59332, 0.62868, 12.35363, 2.32613], "texture": "#mesh_atlas"},
				"west": {"uv": [10.59332, 0.62868, 12.35363, 2.32613], "texture": "#mesh_atlas"},
				"up": {"uv": [10.59332, 0.62868, 12.35363, 2.32613], "texture": "#mesh_atlas"},
				"down": {"uv": [10.59332, 0.62868, 12.35363, 2.32613], "texture": "#mesh_atlas"}
			}
		},
		{
			"name": "Voxels",
			"from": [-2.5, -5.25, 6.25],
			"to": [-0.5, 22.25, 6.5],
			"faces": {
				"north": {"uv": [15, 0, 16, 0], "texture": "#2"},
				"east": {"uv": [15, 0, 16, 0], "texture": "#2"},
				"south": {"uv": [15, 0, 16, 0], "texture": "#2"},
				"west": {"uv": [15, 0, 16, 0], "texture": "#2"},
				"up": {"uv": [15, 0, 16, 0], "texture": "#2"},
				"down": {"uv": [15, 0, 16, 0], "texture": "#2"}
			}
		},
		{
			"name": "Voxels",
			"from": [-2.5, -5.25, 9.25],
			"to": [-2.25, 22.25, 9.75],
			"faces": {
				"north": {"uv": [15, 0, 16, 0], "texture": "#2"},
				"east": {"uv": [15, 0, 16, 0], "texture": "#2"},
				"south": {"uv": [15, 0, 16, 0], "texture": "#2"},
				"west": {"uv": [15, 0, 16, 0], "texture": "#2"},
				"up": {"uv": [15, 0, 16, 0], "texture": "#2"},
				"down": {"uv": [15, 0, 16, 0], "texture": "#2"}
			}
		},
		{
			"name": "Voxels",
			"from": [-2.5, 22.5, 6],
			"to": [-0.5, 30, 6.25],
			"faces": {
				"north": {"uv": [10.59332, 0.62868, 12.35363, 2.32613], "texture": "#mesh_atlas"},
				"east": {"uv": [10.59332, 0.62868, 12.35363, 2.32613], "texture": "#mesh_atlas"},
				"south": {"uv": [10.59332, 0.62868, 12.35363, 2.32613], "texture": "#mesh_atlas"},
				"west": {"uv": [10.59332, 0.62868, 12.35363, 2.32613], "texture": "#mesh_atlas"},
				"up": {"uv": [10.59332, 0.62868, 12.35363, 2.32613], "texture": "#mesh_atlas"},
				"down": {"uv": [10.59332, 0.62868, 12.35363, 2.32613], "texture": "#mesh_atlas"}
			}
		},
		{
			"name": "Voxels",
			"from": [-2.5, 22.5, 9.75],
			"to": [-0.5, 30, 10],
			"faces": {
				"north": {"uv": [10.59332, 0.62868, 12.35363, 2.32613], "texture": "#mesh_atlas"},
				"east": {"uv": [10.59332, 0.62868, 12.35363, 2.32613], "texture": "#mesh_atlas"},
				"south": {"uv": [10.59332, 0.62868, 12.35363, 2.32613], "texture": "#mesh_atlas"},
				"west": {"uv": [10.59332, 0.62868, 12.35363, 2.32613], "texture": "#mesh_atlas"},
				"up": {"uv": [10.59332, 0.62868, 12.35363, 2.32613], "texture": "#mesh_atlas"},
				"down": {"uv": [10.59332, 0.62868, 12.35363, 2.32613], "texture": "#mesh_atlas"}
			}
		},
		{
			"name": "Voxels",
			"from": [-2.5, 29.75, 6.75],
			"to": [0.25, 30.25, 7],
			"faces": {
				"north": {"uv": [10.59332, 0.62868, 12.35363, 2.32613], "texture": "#mesh_atlas"},
				"east": {"uv": [10.59332, 0.62868, 12.35363, 2.32613], "texture": "#mesh_atlas"},
				"south": {"uv": [10.59332, 0.62868, 12.35363, 2.32613], "texture": "#mesh_atlas"},
				"west": {"uv": [10.59332, 0.62868, 12.35363, 2.32613], "texture": "#mesh_atlas"},
				"up": {"uv": [10.59332, 0.62868, 12.35363, 2.32613], "texture": "#mesh_atlas"},
				"down": {"uv": [10.59332, 0.62868, 12.35363, 2.32613], "texture": "#mesh_atlas"}
			}
		},
		{
			"name": "Voxels",
			"from": [-2.5, 29.75, 9],
			"to": [0.25, 30.25, 9.25],
			"faces": {
				"north": {"uv": [10.59332, 0.62868, 12.35363, 2.32613], "texture": "#mesh_atlas"},
				"east": {"uv": [10.59332, 0.62868, 12.35363, 2.32613], "texture": "#mesh_atlas"},
				"south": {"uv": [10.59332, 0.62868, 12.35363, 2.32613], "texture": "#mesh_atlas"},
				"west": {"uv": [10.59332, 0.62868, 12.35363, 2.32613], "texture": "#mesh_atlas"},
				"up": {"uv": [10.59332, 0.62868, 12.35363, 2.32613], "texture": "#mesh_atlas"},
				"down": {"uv": [10.59332, 0.62868, 12.35363, 2.32613], "texture": "#mesh_atlas"}
			}
		},
		{
			"name": "Voxels",
			"from": [-2.5, 30.25, 6.25],
			"to": [-0.5, 30.5, 6.5],
			"faces": {
				"north": {"uv": [10.59332, 0.62868, 12.35363, 2.32613], "texture": "#mesh_atlas"},
				"east": {"uv": [10.59332, 0.62868, 12.35363, 2.32613], "texture": "#mesh_atlas"},
				"south": {"uv": [10.59332, 0.62868, 12.35363, 2.32613], "texture": "#mesh_atlas"},
				"west": {"uv": [10.59332, 0.62868, 12.35363, 2.32613], "texture": "#mesh_atlas"},
				"up": {"uv": [10.59332, 0.62868, 12.35363, 2.32613], "texture": "#mesh_atlas"},
				"down": {"uv": [10.59332, 0.62868, 12.35363, 2.32613], "texture": "#mesh_atlas"}
			}
		},
		{
			"name": "Voxels",
			"from": [-2.5, 30.25, 9.5],
			"to": [-0.5, 30.5, 9.75],
			"faces": {
				"north": {"uv": [10.59332, 0.62868, 12.35363, 2.32613], "texture": "#mesh_atlas"},
				"east": {"uv": [10.59332, 0.62868, 12.35363, 2.32613], "texture": "#mesh_atlas"},
				"south": {"uv": [10.59332, 0.62868, 12.35363, 2.32613], "texture": "#mesh_atlas"},
				"west": {"uv": [10.59332, 0.62868, 12.35363, 2.32613], "texture": "#mesh_atlas"},
				"up": {"uv": [10.59332, 0.62868, 12.35363, 2.32613], "texture": "#mesh_atlas"},
				"down": {"uv": [10.59332, 0.62868, 12.35363, 2.32613], "texture": "#mesh_atlas"}
			}
		},
		{
			"name": "Voxels",
			"from": [-2.25, -13.25, 6],
			"to": [-0.75, -13, 6.25],
			"faces": {
				"north": {"uv": [10.59332, 0.62868, 12.35363, 2.32613], "texture": "#mesh_atlas"},
				"east": {"uv": [10.59332, 0.62868, 12.35363, 2.32613], "texture": "#mesh_atlas"},
				"south": {"uv": [10.59332, 0.62868, 12.35363, 2.32613], "texture": "#mesh_atlas"},
				"west": {"uv": [10.59332, 0.62868, 12.35363, 2.32613], "texture": "#mesh_atlas"},
				"up": {"uv": [10.59332, 0.62868, 12.35363, 2.32613], "texture": "#mesh_atlas"},
				"down": {"uv": [10.59332, 0.62868, 12.35363, 2.32613], "texture": "#mesh_atlas"}
			}
		},
		{
			"name": "Voxels",
			"from": [-2.25, -13.25, 9.75],
			"to": [-0.75, -13, 10],
			"faces": {
				"north": {"uv": [10.59332, 0.62868, 12.35363, 2.32613], "texture": "#mesh_atlas"},
				"east": {"uv": [10.59332, 0.62868, 12.35363, 2.32613], "texture": "#mesh_atlas"},
				"south": {"uv": [10.59332, 0.62868, 12.35363, 2.32613], "texture": "#mesh_atlas"},
				"west": {"uv": [10.59332, 0.62868, 12.35363, 2.32613], "texture": "#mesh_atlas"},
				"up": {"uv": [10.59332, 0.62868, 12.35363, 2.32613], "texture": "#mesh_atlas"},
				"down": {"uv": [10.59332, 0.62868, 12.35363, 2.32613], "texture": "#mesh_atlas"}
			}
		},
		{
			"name": "Voxels",
			"from": [-2.25, -5.75, 6.5],
			"to": [0.25, -5.5, 6.75],
			"faces": {
				"north": {"uv": [10.59332, 0.62868, 12.35363, 2.32613], "texture": "#mesh_atlas"},
				"east": {"uv": [10.59332, 0.62868, 12.35363, 2.32613], "texture": "#mesh_atlas"},
				"south": {"uv": [10.59332, 0.62868, 12.35363, 2.32613], "texture": "#mesh_atlas"},
				"west": {"uv": [10.59332, 0.62868, 12.35363, 2.32613], "texture": "#mesh_atlas"},
				"up": {"uv": [10.59332, 0.62868, 12.35363, 2.32613], "texture": "#mesh_atlas"},
				"down": {"uv": [10.59332, 0.62868, 12.35363, 2.32613], "texture": "#mesh_atlas"}
			}
		},
		{
			"name": "Voxels",
			"from": [-2.25, -5.75, 9.25],
			"to": [0.25, -5.5, 9.5],
			"faces": {
				"north": {"uv": [10.59332, 0.62868, 12.35363, 2.32613], "texture": "#mesh_atlas"},
				"east": {"uv": [10.59332, 0.62868, 12.35363, 2.32613], "texture": "#mesh_atlas"},
				"south": {"uv": [10.59332, 0.62868, 12.35363, 2.32613], "texture": "#mesh_atlas"},
				"west": {"uv": [10.59332, 0.62868, 12.35363, 2.32613], "texture": "#mesh_atlas"},
				"up": {"uv": [10.59332, 0.62868, 12.35363, 2.32613], "texture": "#mesh_atlas"},
				"down": {"uv": [10.59332, 0.62868, 12.35363, 2.32613], "texture": "#mesh_atlas"}
			}
		},
		{
			"name": "Voxels",
			"from": [-2.25, -5.5, 6],
			"to": [-0.75, -5.25, 6.25],
			"faces": {
				"north": {"uv": [10.59332, 0.62868, 12.35363, 2.32613], "texture": "#mesh_atlas"},
				"east": {"uv": [10.59332, 0.62868, 12.35363, 2.32613], "texture": "#mesh_atlas"},
				"south": {"uv": [10.59332, 0.62868, 12.35363, 2.32613], "texture": "#mesh_atlas"},
				"west": {"uv": [10.59332, 0.62868, 12.35363, 2.32613], "texture": "#mesh_atlas"},
				"up": {"uv": [10.59332, 0.62868, 12.35363, 2.32613], "texture": "#mesh_atlas"},
				"down": {"uv": [10.59332, 0.62868, 12.35363, 2.32613], "texture": "#mesh_atlas"}
			}
		},
		{
			"name": "Voxels",
			"from": [-2.25, -5.5, 9.75],
			"to": [-0.75, -5.25, 10],
			"faces": {
				"north": {"uv": [10.59332, 0.62868, 12.35363, 2.32613], "texture": "#mesh_atlas"},
				"east": {"uv": [10.59332, 0.62868, 12.35363, 2.32613], "texture": "#mesh_atlas"},
				"south": {"uv": [10.59332, 0.62868, 12.35363, 2.32613], "texture": "#mesh_atlas"},
				"west": {"uv": [10.59332, 0.62868, 12.35363, 2.32613], "texture": "#mesh_atlas"},
				"up": {"uv": [10.59332, 0.62868, 12.35363, 2.32613], "texture": "#mesh_atlas"},
				"down": {"uv": [10.59332, 0.62868, 12.35363, 2.32613], "texture": "#mesh_atlas"}
			}
		},
		{
			"name": "Voxels",
			"from": [-2.25, -5.25, 9.5],
			"to": [-0.5, 22.25, 9.75],
			"faces": {
				"north": {"uv": [15, 0, 16, 0], "texture": "#2"},
				"east": {"uv": [15, 0, 16, 0], "texture": "#2"},
				"south": {"uv": [15, 0, 16, 0], "texture": "#2"},
				"west": {"uv": [15, 0, 16, 0], "texture": "#2"},
				"up": {"uv": [15, 0, 16, 0], "texture": "#2"},
				"down": {"uv": [15, 0, 16, 0], "texture": "#2"}
			}
		},
		{
			"name": "Voxels",
			"from": [-2.25, 22.25, 6],
			"to": [-0.75, 22.5, 6.25],
			"faces": {
				"north": {"uv": [10.59332, 0.62868, 12.35363, 2.32613], "texture": "#mesh_atlas"},
				"east": {"uv": [10.59332, 0.62868, 12.35363, 2.32613], "texture": "#mesh_atlas"},
				"south": {"uv": [10.59332, 0.62868, 12.35363, 2.32613], "texture": "#mesh_atlas"},
				"west": {"uv": [10.59332, 0.62868, 12.35363, 2.32613], "texture": "#mesh_atlas"},
				"up": {"uv": [10.59332, 0.62868, 12.35363, 2.32613], "texture": "#mesh_atlas"},
				"down": {"uv": [10.59332, 0.62868, 12.35363, 2.32613], "texture": "#mesh_atlas"}
			}
		},
		{
			"name": "Voxels",
			"from": [-2.25, 22.25, 9.75],
			"to": [-0.75, 22.5, 10],
			"faces": {
				"north": {"uv": [10.59332, 0.62868, 12.35363, 2.32613], "texture": "#mesh_atlas"},
				"east": {"uv": [10.59332, 0.62868, 12.35363, 2.32613], "texture": "#mesh_atlas"},
				"south": {"uv": [10.59332, 0.62868, 12.35363, 2.32613], "texture": "#mesh_atlas"},
				"west": {"uv": [10.59332, 0.62868, 12.35363, 2.32613], "texture": "#mesh_atlas"},
				"up": {"uv": [10.59332, 0.62868, 12.35363, 2.32613], "texture": "#mesh_atlas"},
				"down": {"uv": [10.59332, 0.62868, 12.35363, 2.32613], "texture": "#mesh_atlas"}
			}
		},
		{
			"name": "Voxels",
			"from": [-2.25, 29.75, 6.5],
			"to": [0.25, 30, 6.75],
			"faces": {
				"north": {"uv": [10.59332, 0.62868, 12.35363, 2.32613], "texture": "#mesh_atlas"},
				"east": {"uv": [10.59332, 0.62868, 12.35363, 2.32613], "texture": "#mesh_atlas"},
				"south": {"uv": [10.59332, 0.62868, 12.35363, 2.32613], "texture": "#mesh_atlas"},
				"west": {"uv": [10.59332, 0.62868, 12.35363, 2.32613], "texture": "#mesh_atlas"},
				"up": {"uv": [10.59332, 0.62868, 12.35363, 2.32613], "texture": "#mesh_atlas"},
				"down": {"uv": [10.59332, 0.62868, 12.35363, 2.32613], "texture": "#mesh_atlas"}
			}
		},
		{
			"name": "Voxels",
			"from": [-2.25, 29.75, 9.25],
			"to": [0.25, 30, 9.5],
			"faces": {
				"north": {"uv": [10.59332, 0.62868, 12.35363, 2.32613], "texture": "#mesh_atlas"},
				"east": {"uv": [10.59332, 0.62868, 12.35363, 2.32613], "texture": "#mesh_atlas"},
				"south": {"uv": [10.59332, 0.62868, 12.35363, 2.32613], "texture": "#mesh_atlas"},
				"west": {"uv": [10.59332, 0.62868, 12.35363, 2.32613], "texture": "#mesh_atlas"},
				"up": {"uv": [10.59332, 0.62868, 12.35363, 2.32613], "texture": "#mesh_atlas"},
				"down": {"uv": [10.59332, 0.62868, 12.35363, 2.32613], "texture": "#mesh_atlas"}
			}
		},
		{
			"name": "Voxels",
			"from": [-2.25, 30, 6],
			"to": [-0.75, 30.25, 6.25],
			"faces": {
				"north": {"uv": [10.59332, 0.62868, 12.35363, 2.32613], "texture": "#mesh_atlas"},
				"east": {"uv": [10.59332, 0.62868, 12.35363, 2.32613], "texture": "#mesh_atlas"},
				"south": {"uv": [10.59332, 0.62868, 12.35363, 2.32613], "texture": "#mesh_atlas"},
				"west": {"uv": [10.59332, 0.62868, 12.35363, 2.32613], "texture": "#mesh_atlas"},
				"up": {"uv": [10.59332, 0.62868, 12.35363, 2.32613], "texture": "#mesh_atlas"},
				"down": {"uv": [10.59332, 0.62868, 12.35363, 2.32613], "texture": "#mesh_atlas"}
			}
		},
		{
			"name": "Voxels",
			"from": [-2.25, 30, 9.75],
			"to": [-0.75, 30.25, 10],
			"faces": {
				"north": {"uv": [10.59332, 0.62868, 12.35363, 2.32613], "texture": "#mesh_atlas"},
				"east": {"uv": [10.59332, 0.62868, 12.35363, 2.32613], "texture": "#mesh_atlas"},
				"south": {"uv": [10.59332, 0.62868, 12.35363, 2.32613], "texture": "#mesh_atlas"},
				"west": {"uv": [10.59332, 0.62868, 12.35363, 2.32613], "texture": "#mesh_atlas"},
				"up": {"uv": [10.59332, 0.62868, 12.35363, 2.32613], "texture": "#mesh_atlas"},
				"down": {"uv": [10.59332, 0.62868, 12.35363, 2.32613], "texture": "#mesh_atlas"}
			}
		},
		{
			"name": "Voxels",
			"from": [-1.75, -13.5, 6],
			"to": [-1.25, -13.25, 6.25],
			"faces": {
				"north": {"uv": [10.59332, 0.62868, 12.35363, 2.32613], "texture": "#mesh_atlas"},
				"east": {"uv": [10.59332, 0.62868, 12.35363, 2.32613], "texture": "#mesh_atlas"},
				"south": {"uv": [10.59332, 0.62868, 12.35363, 2.32613], "texture": "#mesh_atlas"},
				"west": {"uv": [10.59332, 0.62868, 12.35363, 2.32613], "texture": "#mesh_atlas"},
				"up": {"uv": [10.59332, 0.62868, 12.35363, 2.32613], "texture": "#mesh_atlas"},
				"down": {"uv": [10.59332, 0.62868, 12.35363, 2.32613], "texture": "#mesh_atlas"}
			}
		},
		{
			"name": "Voxels",
			"from": [-1.75, -13.5, 9.75],
			"to": [-1.25, -13.25, 10],
			"faces": {
				"north": {"uv": [10.59332, 0.62868, 12.35363, 2.32613], "texture": "#mesh_atlas"},
				"east": {"uv": [10.59332, 0.62868, 12.35363, 2.32613], "texture": "#mesh_atlas"},
				"south": {"uv": [10.59332, 0.62868, 12.35363, 2.32613], "texture": "#mesh_atlas"},
				"west": {"uv": [10.59332, 0.62868, 12.35363, 2.32613], "texture": "#mesh_atlas"},
				"up": {"uv": [10.59332, 0.62868, 12.35363, 2.32613], "texture": "#mesh_atlas"},
				"down": {"uv": [10.59332, 0.62868, 12.35363, 2.32613], "texture": "#mesh_atlas"}
			}
		},
		{
			"name": "Voxels",
			"from": [-1.75, 30.25, 6],
			"to": [-1.25, 30.5, 6.25],
			"faces": {
				"north": {"uv": [10.59332, 0.62868, 12.35363, 2.32613], "texture": "#mesh_atlas"},
				"east": {"uv": [10.59332, 0.62868, 12.35363, 2.32613], "texture": "#mesh_atlas"},
				"south": {"uv": [10.59332, 0.62868, 12.35363, 2.32613], "texture": "#mesh_atlas"},
				"west": {"uv": [10.59332, 0.62868, 12.35363, 2.32613], "texture": "#mesh_atlas"},
				"up": {"uv": [10.59332, 0.62868, 12.35363, 2.32613], "texture": "#mesh_atlas"},
				"down": {"uv": [10.59332, 0.62868, 12.35363, 2.32613], "texture": "#mesh_atlas"}
			}
		},
		{
			"name": "Voxels",
			"from": [-1.75, 30.25, 9.75],
			"to": [-1.25, 30.5, 10],
			"faces": {
				"north": {"uv": [10.59332, 0.62868, 12.35363, 2.32613], "texture": "#mesh_atlas"},
				"east": {"uv": [10.59332, 0.62868, 12.35363, 2.32613], "texture": "#mesh_atlas"},
				"south": {"uv": [10.59332, 0.62868, 12.35363, 2.32613], "texture": "#mesh_atlas"},
				"west": {"uv": [10.59332, 0.62868, 12.35363, 2.32613], "texture": "#mesh_atlas"},
				"up": {"uv": [10.59332, 0.62868, 12.35363, 2.32613], "texture": "#mesh_atlas"},
				"down": {"uv": [10.59332, 0.62868, 12.35363, 2.32613], "texture": "#mesh_atlas"}
			}
		},
		{
			"name": "Voxels",
			"from": [-0.75, -12.75, 6.5],
			"to": [0.25, -5.75, 6.75],
			"faces": {
				"north": {"uv": [10.59332, 0.62868, 12.35363, 2.32613], "texture": "#mesh_atlas"},
				"east": {"uv": [10.59332, 0.62868, 12.35363, 2.32613], "texture": "#mesh_atlas"},
				"south": {"uv": [10.59332, 0.62868, 12.35363, 2.32613], "texture": "#mesh_atlas"},
				"west": {"uv": [10.59332, 0.62868, 12.35363, 2.32613], "texture": "#mesh_atlas"},
				"up": {"uv": [10.59332, 0.62868, 12.35363, 2.32613], "texture": "#mesh_atlas"},
				"down": {"uv": [10.59332, 0.62868, 12.35363, 2.32613], "texture": "#mesh_atlas"}
			}
		},
		{
			"name": "Voxels",
			"from": [-0.75, -12.75, 9.25],
			"to": [0.25, -5.75, 9.5],
			"faces": {
				"north": {"uv": [10.59332, 0.62868, 12.35363, 2.32613], "texture": "#mesh_atlas"},
				"east": {"uv": [10.59332, 0.62868, 12.35363, 2.32613], "texture": "#mesh_atlas"},
				"south": {"uv": [10.59332, 0.62868, 12.35363, 2.32613], "texture": "#mesh_atlas"},
				"west": {"uv": [10.59332, 0.62868, 12.35363, 2.32613], "texture": "#mesh_atlas"},
				"up": {"uv": [10.59332, 0.62868, 12.35363, 2.32613], "texture": "#mesh_atlas"},
				"down": {"uv": [10.59332, 0.62868, 12.35363, 2.32613], "texture": "#mesh_atlas"}
			}
		},
		{
			"name": "Voxels",
			"from": [-0.75, -5.25, 6.5],
			"to": [-0.25, 22.25, 6.75],
			"faces": {
				"north": {"uv": [15, 0, 16, 0], "texture": "#2"},
				"east": {"uv": [15, 0, 16, 0], "texture": "#2"},
				"south": {"uv": [15, 0, 16, 0], "texture": "#2"},
				"west": {"uv": [15, 0, 16, 0], "texture": "#2"},
				"up": {"uv": [15, 0, 16, 0], "texture": "#2"},
				"down": {"uv": [15, 0, 16, 0], "texture": "#2"}
			}
		},
		{
			"name": "Voxels",
			"from": [-0.75, -5.25, 9.25],
			"to": [-0.25, 22.25, 9.5],
			"faces": {
				"north": {"uv": [15, 0, 16, 0], "texture": "#2"},
				"east": {"uv": [15, 0, 16, 0], "texture": "#2"},
				"south": {"uv": [15, 0, 16, 0], "texture": "#2"},
				"west": {"uv": [15, 0, 16, 0], "texture": "#2"},
				"up": {"uv": [15, 0, 16, 0], "texture": "#2"},
				"down": {"uv": [15, 0, 16, 0], "texture": "#2"}
			}
		},
		{
			"name": "Voxels",
			"from": [-0.75, 22.75, 6.5],
			"to": [0.25, 29.75, 6.75],
			"faces": {
				"north": {"uv": [10.59332, 0.62868, 12.35363, 2.32613], "texture": "#mesh_atlas"},
				"east": {"uv": [10.59332, 0.62868, 12.35363, 2.32613], "texture": "#mesh_atlas"},
				"south": {"uv": [10.59332, 0.62868, 12.35363, 2.32613], "texture": "#mesh_atlas"},
				"west": {"uv": [10.59332, 0.62868, 12.35363, 2.32613], "texture": "#mesh_atlas"},
				"up": {"uv": [10.59332, 0.62868, 12.35363, 2.32613], "texture": "#mesh_atlas"},
				"down": {"uv": [10.59332, 0.62868, 12.35363, 2.32613], "texture": "#mesh_atlas"}
			}
		},
		{
			"name": "Voxels",
			"from": [-0.75, 22.75, 9.25],
			"to": [0.25, 29.75, 9.5],
			"faces": {
				"north": {"uv": [10.59332, 0.62868, 12.35363, 2.32613], "texture": "#mesh_atlas"},
				"east": {"uv": [10.59332, 0.62868, 12.35363, 2.32613], "texture": "#mesh_atlas"},
				"south": {"uv": [10.59332, 0.62868, 12.35363, 2.32613], "texture": "#mesh_atlas"},
				"west": {"uv": [10.59332, 0.62868, 12.35363, 2.32613], "texture": "#mesh_atlas"},
				"up": {"uv": [10.59332, 0.62868, 12.35363, 2.32613], "texture": "#mesh_atlas"},
				"down": {"uv": [10.59332, 0.62868, 12.35363, 2.32613], "texture": "#mesh_atlas"}
			}
		},
		{
			"name": "Voxels",
			"from": [-0.5, -12.75, 6.75],
			"to": [0.25, -5.75, 7],
			"faces": {
				"north": {"uv": [10.59332, 0.62868, 12.35363, 2.32613], "texture": "#mesh_atlas"},
				"east": {"uv": [10.59332, 0.62868, 12.35363, 2.32613], "texture": "#mesh_atlas"},
				"south": {"uv": [10.59332, 0.62868, 12.35363, 2.32613], "texture": "#mesh_atlas"},
				"west": {"uv": [10.59332, 0.62868, 12.35363, 2.32613], "texture": "#mesh_atlas"},
				"up": {"uv": [10.59332, 0.62868, 12.35363, 2.32613], "texture": "#mesh_atlas"},
				"down": {"uv": [10.59332, 0.62868, 12.35363, 2.32613], "texture": "#mesh_atlas"}
			}
		},
		{
			"name": "Voxels",
			"from": [-0.5, -12.75, 9],
			"to": [0.25, -5.75, 9.25],
			"faces": {
				"north": {"uv": [10.59332, 0.62868, 12.35363, 2.32613], "texture": "#mesh_atlas"},
				"east": {"uv": [10.59332, 0.62868, 12.35363, 2.32613], "texture": "#mesh_atlas"},
				"south": {"uv": [10.59332, 0.62868, 12.35363, 2.32613], "texture": "#mesh_atlas"},
				"west": {"uv": [10.59332, 0.62868, 12.35363, 2.32613], "texture": "#mesh_atlas"},
				"up": {"uv": [10.59332, 0.62868, 12.35363, 2.32613], "texture": "#mesh_atlas"},
				"down": {"uv": [10.59332, 0.62868, 12.35363, 2.32613], "texture": "#mesh_atlas"}
			}
		},
		{
			"name": "Voxels",
			"from": [-0.5, -5.25, 6.75],
			"to": [0, 22.25, 7],
			"faces": {
				"north": {"uv": [15, 0, 16, 0], "texture": "#2"},
				"east": {"uv": [15, 0, 16, 0], "texture": "#2"},
				"south": {"uv": [15, 0, 16, 0], "texture": "#2"},
				"west": {"uv": [15, 0, 16, 0], "texture": "#2"},
				"up": {"uv": [15, 0, 16, 0], "texture": "#2"},
				"down": {"uv": [15, 0, 16, 0], "texture": "#2"}
			}
		},
		{
			"name": "Voxels",
			"from": [-0.5, -5.25, 9],
			"to": [0, 22.25, 9.25],
			"faces": {
				"north": {"uv": [15, 0, 16, 0], "texture": "#2"},
				"east": {"uv": [15, 0, 16, 0], "texture": "#2"},
				"south": {"uv": [15, 0, 16, 0], "texture": "#2"},
				"west": {"uv": [15, 0, 16, 0], "texture": "#2"},
				"up": {"uv": [15, 0, 16, 0], "texture": "#2"},
				"down": {"uv": [15, 0, 16, 0], "texture": "#2"}
			}
		},
		{
			"name": "Voxels",
			"from": [-0.5, 22.75, 6.75],
			"to": [0.25, 29.75, 7],
			"faces": {
				"north": {"uv": [10.59332, 0.62868, 12.35363, 2.32613], "texture": "#mesh_atlas"},
				"east": {"uv": [10.59332, 0.62868, 12.35363, 2.32613], "texture": "#mesh_atlas"},
				"south": {"uv": [10.59332, 0.62868, 12.35363, 2.32613], "texture": "#mesh_atlas"},
				"west": {"uv": [10.59332, 0.62868, 12.35363, 2.32613], "texture": "#mesh_atlas"},
				"up": {"uv": [10.59332, 0.62868, 12.35363, 2.32613], "texture": "#mesh_atlas"},
				"down": {"uv": [10.59332, 0.62868, 12.35363, 2.32613], "texture": "#mesh_atlas"}
			}
		},
		{
			"name": "Voxels",
			"from": [-0.5, 22.75, 9],
			"to": [0.25, 29.75, 9.25],
			"faces": {
				"north": {"uv": [10.59332, 0.62868, 12.35363, 2.32613], "texture": "#mesh_atlas"},
				"east": {"uv": [10.59332, 0.62868, 12.35363, 2.32613], "texture": "#mesh_atlas"},
				"south": {"uv": [10.59332, 0.62868, 12.35363, 2.32613], "texture": "#mesh_atlas"},
				"west": {"uv": [10.59332, 0.62868, 12.35363, 2.32613], "texture": "#mesh_atlas"},
				"up": {"uv": [10.59332, 0.62868, 12.35363, 2.32613], "texture": "#mesh_atlas"},
				"down": {"uv": [10.59332, 0.62868, 12.35363, 2.32613], "texture": "#mesh_atlas"}
			}
		},
		{
			"name": "Voxels",
			"from": [-0.25, -12.75, 7],
			"to": [0.5, -5.75, 7.25],
			"faces": {
				"north": {"uv": [10.59332, 0.62868, 12.35363, 2.32613], "texture": "#mesh_atlas"},
				"east": {"uv": [10.59332, 0.62868, 12.35363, 2.32613], "texture": "#mesh_atlas"},
				"south": {"uv": [10.59332, 0.62868, 12.35363, 2.32613], "texture": "#mesh_atlas"},
				"west": {"uv": [10.59332, 0.62868, 12.35363, 2.32613], "texture": "#mesh_atlas"},
				"up": {"uv": [10.59332, 0.62868, 12.35363, 2.32613], "texture": "#mesh_atlas"},
				"down": {"uv": [10.59332, 0.62868, 12.35363, 2.32613], "texture": "#mesh_atlas"}
			}
		},
		{
			"name": "Voxels",
			"from": [-0.25, -12.75, 8.75],
			"to": [0.5, -5.75, 9],
			"faces": {
				"north": {"uv": [10.59332, 0.62868, 12.35363, 2.32613], "texture": "#mesh_atlas"},
				"east": {"uv": [10.59332, 0.62868, 12.35363, 2.32613], "texture": "#mesh_atlas"},
				"south": {"uv": [10.59332, 0.62868, 12.35363, 2.32613], "texture": "#mesh_atlas"},
				"west": {"uv": [10.59332, 0.62868, 12.35363, 2.32613], "texture": "#mesh_atlas"},
				"up": {"uv": [10.59332, 0.62868, 12.35363, 2.32613], "texture": "#mesh_atlas"},
				"down": {"uv": [10.59332, 0.62868, 12.35363, 2.32613], "texture": "#mesh_atlas"}
			}
		},
		{
			"name": "Voxels",
			"from": [-0.25, -5.25, 7],
			"to": [0.25, 22.25, 7.25],
			"faces": {
				"north": {"uv": [15, 0, 16, 0], "texture": "#2"},
				"east": {"uv": [15, 0, 16, 0], "texture": "#2"},
				"south": {"uv": [15, 0, 16, 0], "texture": "#2"},
				"west": {"uv": [15, 0, 16, 0], "texture": "#2"},
				"up": {"uv": [15, 0, 16, 0], "texture": "#2"},
				"down": {"uv": [15, 0, 16, 0], "texture": "#2"}
			}
		},
		{
			"name": "Voxels",
			"from": [-0.25, -5.25, 8.75],
			"to": [0.25, 22.25, 9],
			"faces": {
				"north": {"uv": [15, 0, 16, 0], "texture": "#2"},
				"east": {"uv": [15, 0, 16, 0], "texture": "#2"},
				"south": {"uv": [15, 0, 16, 0], "texture": "#2"},
				"west": {"uv": [15, 0, 16, 0], "texture": "#2"},
				"up": {"uv": [15, 0, 16, 0], "texture": "#2"},
				"down": {"uv": [15, 0, 16, 0], "texture": "#2"}
			}
		},
		{
			"name": "Voxels",
			"from": [-0.25, 22.75, 7],
			"to": [0.5, 29.75, 7.25],
			"faces": {
				"north": {"uv": [10.59332, 0.62868, 12.35363, 2.32613], "texture": "#mesh_atlas"},
				"east": {"uv": [10.59332, 0.62868, 12.35363, 2.32613], "texture": "#mesh_atlas"},
				"south": {"uv": [10.59332, 0.62868, 12.35363, 2.32613], "texture": "#mesh_atlas"},
				"west": {"uv": [10.59332, 0.62868, 12.35363, 2.32613], "texture": "#mesh_atlas"},
				"up": {"uv": [10.59332, 0.62868, 12.35363, 2.32613], "texture": "#mesh_atlas"},
				"down": {"uv": [10.59332, 0.62868, 12.35363, 2.32613], "texture": "#mesh_atlas"}
			}
		},
		{
			"name": "Voxels",
			"from": [-0.25, 22.75, 8.75],
			"to": [0.5, 29.75, 9],
			"faces": {
				"north": {"uv": [10.59332, 0.62868, 12.35363, 2.32613], "texture": "#mesh_atlas"},
				"east": {"uv": [10.59332, 0.62868, 12.35363, 2.32613], "texture": "#mesh_atlas"},
				"south": {"uv": [10.59332, 0.62868, 12.35363, 2.32613], "texture": "#mesh_atlas"},
				"west": {"uv": [10.59332, 0.62868, 12.35363, 2.32613], "texture": "#mesh_atlas"},
				"up": {"uv": [10.59332, 0.62868, 12.35363, 2.32613], "texture": "#mesh_atlas"},
				"down": {"uv": [10.59332, 0.62868, 12.35363, 2.32613], "texture": "#mesh_atlas"}
			}
		},
		{
			"name": "Voxels",
			"from": [0, -12.75, 7.25],
			"to": [0.5, -5.75, 8.75],
			"faces": {
				"north": {"uv": [10.59332, 0.62868, 12.35363, 2.32613], "texture": "#mesh_atlas"},
				"east": {"uv": [10.59332, 0.62868, 12.35363, 2.32613], "texture": "#mesh_atlas"},
				"south": {"uv": [10.59332, 0.62868, 12.35363, 2.32613], "texture": "#mesh_atlas"},
				"west": {"uv": [10.59332, 0.62868, 12.35363, 2.32613], "texture": "#mesh_atlas"},
				"up": {"uv": [10.59332, 0.62868, 12.35363, 2.32613], "texture": "#mesh_atlas"},
				"down": {"uv": [10.59332, 0.62868, 12.35363, 2.32613], "texture": "#mesh_atlas"}
			}
		},
		{
			"name": "Voxels",
			"from": [0, -5.25, 7.25],
			"to": [0.25, 22.25, 8.75],
			"faces": {
				"north": {"uv": [15, 0, 16, 0], "texture": "#2"},
				"east": {"uv": [15, 0, 16, 0], "texture": "#2"},
				"south": {"uv": [15, 0, 16, 0], "texture": "#2"},
				"west": {"uv": [15, 0, 16, 0], "texture": "#2"},
				"up": {"uv": [15, 0, 16, 0], "texture": "#2"},
				"down": {"uv": [15, 0, 16, 0], "texture": "#2"}
			}
		},
		{
			"name": "Voxels",
			"from": [0, 22.75, 7.25],
			"to": [0.5, 29.75, 8.75],
			"faces": {
				"north": {"uv": [10.59332, 0.62868, 12.35363, 2.32613], "texture": "#mesh_atlas"},
				"east": {"uv": [10.59332, 0.62868, 12.35363, 2.32613], "texture": "#mesh_atlas"},
				"south": {"uv": [10.59332, 0.62868, 12.35363, 2.32613], "texture": "#mesh_atlas"},
				"west": {"uv": [10.59332, 0.62868, 12.35363, 2.32613], "texture": "#mesh_atlas"},
				"up": {"uv": [10.59332, 0.62868, 12.35363, 2.32613], "texture": "#mesh_atlas"},
				"down": {"uv": [10.59332, 0.62868, 12.35363, 2.32613], "texture": "#mesh_atlas"}
			}
		}
	],
	"display": {
		"thirdperson_righthand": {
			"rotation": [5, 0, 0],
			"translation": [4.5, 2, 0.5],
			"scale": [0.5, 0.5, 0.5]
		},
		"thirdperson_lefthand": {
			"rotation": [5, 0, 6],
			"translation": [-6.5, 3, 11],
			"scale": [0.1, 0.1, 0.1]
		},
		"firstperson_righthand": {
			"rotation": [-14, 0, 0],
			"translation": [0.6956, 4.8695, 0.6956],
			"scale": [0.2347, 0.2347, 0.2347]
		},
		"firstperson_lefthand": {
			"rotation": [-23, 0, 0],
			"translation": [-1.391, 4.8695, 0.6956],
			"scale": [0.2347, 0.2347, 0.2347]
		},
		"ground": {
			"translation": [6.9557, 13.216, 0.6956],
			"scale": [0.7565, 0.7565, 0.7565]
		},
		"gui": {
			"rotation": [0, 0, -45],
			"translation": [2.0869, -2.782, 0],
			"scale": [0.3738, 0.3738, 0.3738]
		},
		"head": {
			"rotation": [0, 0, -49],
			"translation": [13.217, -22.26, 5.5644],
			"scale": [1.5, 1.5, 1.5]
		},
		"fixed": {
			"rotation": [0, 0, 44],
			"translation": [2.7826, 3.4782, 0.6956],
			"scale": [0.5216, 0.5216, 0.5216]
		}
	}
}