{
	"credit": "Made with Blockbench",
	"textures": {
		"1": "item/colour/20",
		"particle": "item/colour/20",
		"texture": "item/boat/6"
	},
	"elements": [
		{
			"name": "Top",
			"from": [4, 12, 4],
			"to": [12, 12.5, 12],
			"faces": {
				"north": {"uv": [0.01, 7.01, 7.99, 7.99], "rotation": 180, "texture": "#texture"},
				"east": {"uv": [7.01, 0.01, 7.99, 7.99], "rotation": 90, "texture": "#texture"},
				"south": {"uv": [0.01, 7.01, 7.99, 7.99], "texture": "#texture"},
				"west": {"uv": [0.01, 0.01, 0.99, 7.99], "rotation": 270, "texture": "#texture"},
				"up": {"uv": [0.01, 0.01, 7.99, 7.99], "texture": "#texture"},
				"down": {"uv": [0.01, 7.99, 7.99, 0.01], "texture": "#texture"}
			}
		},
		{
			"name": "North",
			"from": [4, 7, 3.5],
			"to": [12, 12, 4],
			"faces": {
				"north": {"uv": [0.01, 8.01, 7.99, 12.99], "texture": "#texture"},
				"east": {"uv": [0.01, 8.01, 0.99, 12.99], "texture": "#texture"},
				"south": {"uv": [0.01, 8.01, 7.99, 12.99], "texture": "#texture"},
				"west": {"uv": [7.01, 8.01, 7.99, 12.99], "texture": "#texture"},
				"up": {"uv": [0.01, 8.01, 7.99, 8.99], "rotation": 180, "texture": "#texture"},
				"down": {"uv": [0.01, 12.01, 7.99, 12.99], "rotation": 180, "texture": "#texture"}
			}
		},
		{
			"name": "East",
			"from": [12, 8, 4],
			"to": [12.5, 12, 12],
			"faces": {
				"north": {"uv": [15.01, 10.01, 15.99, 13.99], "texture": "#texture"},
				"east": {"uv": [8.01, 10.01, 15.99, 13.99], "texture": "#texture"},
				"south": {"uv": [8.01, 10.01, 8.99, 13.99], "texture": "#texture"},
				"west": {"uv": [15.99, 10.01, 8.01, 13.99], "texture": "#texture"},
				"up": {"uv": [8.01, 10.01, 15.99, 10.99], "rotation": 270, "texture": "#texture"},
				"down": {"uv": [8.01, 13.01, 15.99, 13.99], "rotation": 90, "texture": "#texture"}
			}
		},
		{
			"name": "East bottom",
			"from": [12, 7, 4],
			"to": [12.5, 8, 8],
			"faces": {
				"north": {"uv": [15.01, 14.01, 15.99, 14.99], "texture": "#texture"},
				"east": {"uv": [12.01, 14.01, 15.99, 14.99], "texture": "#texture"},
				"south": {"uv": [12.01, 14.01, 12.99, 14.99], "texture": "#texture"},
				"west": {"uv": [15.99, 14.01, 12.01, 14.99], "texture": "#texture"},
				"down": {"uv": [12.01, 14.01, 15.99, 14.99], "rotation": 90, "texture": "#texture"}
			}
		},
		{
			"name": "East strap",
			"from": [12, 4, 8],
			"to": [12.25, 8, 9],
			"faces": {
				"north": {"uv": [0.01, 15.01, 3.99, 15.99], "rotation": 90, "texture": "#texture"},
				"east": {"uv": [0.01, 15.01, 3.99, 15.99], "rotation": 90, "texture": "#texture"},
				"south": {"uv": [0.01, 15.01, 3.99, 15.99], "rotation": 90, "texture": "#texture"},
				"west": {"uv": [0.01, 15.01, 3.99, 15.99], "rotation": 90, "texture": "#texture"},
				"down": {"uv": [3.01, 15.01, 3.99, 15.99], "texture": "#texture"}
			}
		},
		{
			"name": "South",
			"from": [4, 8, 12],
			"to": [12, 12, 12.5],
			"faces": {
				"north": {"uv": [15.99, 0.01, 8.01, 3.99], "texture": "#texture"},
				"east": {"uv": [15.01, 0.01, 15.99, 3.99], "texture": "#texture"},
				"south": {"uv": [8.01, 0.01, 15.99, 3.99], "texture": "#texture"},
				"west": {"uv": [8.01, 0.01, 8.99, 3.99], "texture": "#texture"},
				"up": {"uv": [8.01, 0.01, 15.99, 0.99], "texture": "#texture"},
				"down": {"uv": [8.01, 3.01, 15.99, 3.99], "texture": "#texture"}
			}
		},
		{
			"name": "West",
			"from": [3.5, 8, 4],
			"to": [4, 12, 12],
			"faces": {
				"north": {"uv": [8.01, 5.01, 8.99, 8.99], "texture": "#texture"},
				"east": {"uv": [15.99, 5.01, 8.01, 8.99], "texture": "#texture"},
				"south": {"uv": [15.01, 5.01, 15.99, 8.99], "texture": "#texture"},
				"west": {"uv": [8.01, 5.01, 15.99, 8.99], "texture": "#texture"},
				"up": {"uv": [8.01, 5.01, 15.99, 5.99], "rotation": 90, "texture": "#texture"},
				"down": {"uv": [8.01, 8.01, 15.99, 8.99], "rotation": 270, "texture": "#texture"}
			}
		},
		{
			"name": "West bottom",
			"from": [3.5, 7, 4],
			"to": [4, 8, 8],
			"faces": {
				"north": {"uv": [8.01, 9.01, 8.99, 9.99], "texture": "#texture"},
				"east": {"uv": [11.99, 9.01, 8.01, 9.99], "texture": "#texture"},
				"south": {"uv": [11.01, 9.01, 11.99, 9.99], "texture": "#texture"},
				"west": {"uv": [8.01, 9.01, 11.99, 9.99], "texture": "#texture"},
				"down": {"uv": [8.01, 9.01, 11.99, 9.99], "rotation": 270, "texture": "#texture"}
			}
		},
		{
			"name": "West strap",
			"from": [3.75, 3, 8],
			"to": [4.25, 8, 9],
			"faces": {
				"north": {"uv": [0.01, 15.01, 3.99, 15.99], "rotation": 90, "texture": "#texture"},
				"east": {"uv": [0.01, 15.01, 3.99, 15.99], "rotation": 90, "texture": "#texture"},
				"south": {"uv": [0.01, 15.01, 3.99, 15.99], "rotation": 90, "texture": "#texture"},
				"west": {"uv": [0.01, 15.01, 3.99, 15.99], "rotation": 90, "texture": "#texture"},
				"down": {"uv": [3.01, 15.01, 3.99, 15.99], "texture": "#texture"}
			}
		},
		{
			"name": "West strap",
			"from": [3.65, 2, 7.9],
			"to": [4.45, 3, 9.1],
			"faces": {
				"north": {"uv": [15.232, 3.456, 16, 4.48], "rotation": 90, "texture": "#1"},
				"east": {"uv": [15.232, 3.456, 16, 4.48], "rotation": 90, "texture": "#1"},
				"south": {"uv": [15.232, 3.456, 16, 4.48], "rotation": 90, "texture": "#1"},
				"west": {"uv": [15.232, 3.456, 16, 4.48], "rotation": 90, "texture": "#1"},
				"up": {"uv": [15.232, 3.456, 16, 4.48], "rotation": 90, "texture": "#1"},
				"down": {"uv": [15.232, 3.456, 16, 4.48], "rotation": 90, "texture": "#1"}
			}
		},
		{
			"name": "West strap",
			"from": [3.75, 1, 8],
			"to": [4.25, 2, 9],
			"faces": {
				"north": {"uv": [0, 15, 1, 16], "rotation": 90, "texture": "#texture"},
				"east": {"uv": [0, 15, 1, 16], "rotation": 90, "texture": "#texture"},
				"south": {"uv": [0, 15, 1, 16], "rotation": 90, "texture": "#texture"},
				"west": {"uv": [0, 15, 1, 16], "rotation": 90, "texture": "#texture"},
				"up": {"uv": [0, 15, 1, 16], "rotation": 90, "texture": "#texture"},
				"down": {"uv": [0, 15, 1, 16], "rotation": 90, "texture": "#texture"}
			}
		}
	],
	"display": {
		"thirdperson_righthand": {
			"rotation": [75, -45, 0],
			"translation": [0, 2.5, 0],
			"scale": [0.5625, 0.5625, 0.5625]
		},
		"firstperson_righthand": {
			"rotation": [0, -45, 0],
			"translation": [0, 1, 0],
			"scale": [0.6, 0.6, 0.6]
		},
		"firstperson_lefthand": {
			"rotation": [0, -45, 0],
			"translation": [0, 1, 0],
			"scale": [0.6, 0.6, 0.6]
		},
		"ground": {
			"translation": [0, 3, 0],
			"scale": [0.375, 0.375, 0.375]
		},
		"gui": {
			"rotation": [30, -45, 0],
			"translation": [0, -2, 0],
			"scale": [0.9375, 0.9375, 0.9375]
		},
		"head": {
			"scale": [1.7, 1.63, 1.6]
		},
		"fixed": {
			"rotation": [-20, 180, 0],
			"translation": [0, 0, -0.75]
		}
	}
}