{
	"parent": "item/handheld",
	"textures": {
		"layer0": "item/charcoal"
	},
	
	"overrides": [
		{"predicate": {"custom_model_data":1}, "model": "item/charcoal/1"},
		{"predicate": {"custom_model_data":2}, "model": "item/charcoal/2"},
		{"predicate": {"custom_model_data":3}, "model": "item/charcoal/3"},
		{"predicate": {"custom_model_data":4}, "model": "item/charcoal/4"},
		{"predicate": {"custom_model_data":5}, "model": "item/charcoal/5"},
		{"predicate": {"custom_model_data":6}, "model": "item/charcoal/6"},
		{"predicate": {"custom_model_data":7}, "model": "item/charcoal/7"},
		{"predicate": {"custom_model_data":8}, "model": "item/charcoal/8"},
		{"predicate": {"custom_model_data":9}, "model": "item/charcoal/9"},
		{"predicate": {"custom_model_data":10}, "model": "item/charcoal/10"},
		{"predicate": {"custom_model_data":11}, "model": "item/charcoal/11"},
		{"predicate": {"custom_model_data":12}, "model": "item/charcoal/12"},
		{"predicate": {"custom_model_data":13}, "model": "item/charcoal/13"},
		{"predicate": {"custom_model_data":14}, "model": "item/charcoal/14"},
		{"predicate": {"custom_model_data":15}, "model": "item/charcoal/15"},
		{"predicate": {"custom_model_data":16}, "model": "item/charcoal/16"},
		{"predicate": {"custom_model_data":17}, "model": "item/charcoal/17"},
		{"predicate": {"custom_model_data":18}, "model": "item/charcoal/18"},
		{"predicate": {"custom_model_data":19}, "model": "item/charcoal/19"},
		{"predicate": {"custom_model_data":20}, "model": "item/charcoal/20"},
		{"predicate": {"custom_model_data":21}, "model": "item/charcoal/21"},
		{"predicate": {"custom_model_data":22}, "model": "item/charcoal/22"},
		{"predicate": {"custom_model_data":23}, "model": "item/charcoal/23"},
		{"predicate": {"custom_model_data":24}, "model": "item/charcoal/24"},
		{"predicate": {"custom_model_data":25}, "model": "item/charcoal/25"},
		{"predicate": {"custom_model_data":26}, "model": "item/charcoal/26"},
		{"predicate": {"custom_model_data":27}, "model": "item/charcoal/27"},
		{"predicate": {"custom_model_data":28}, "model": "item/charcoal/28"},
		{"predicate": {"custom_model_data":29}, "model": "item/charcoal/29"},
		{"predicate": {"custom_model_data":30}, "model": "item/charcoal/30"},
		{"predicate": {"custom_model_data":31}, "model": "item/charcoal/31"},
		{"predicate": {"custom_model_data":32}, "model": "item/charcoal/32"},
		{"predicate": {"custom_model_data":33}, "model": "item/charcoal/33"},
		{"predicate": {"custom_model_data":34}, "model": "item/charcoal/34"},
		{"predicate": {"custom_model_data":35}, "model": "item/charcoal/35"},
		{"predicate": {"custom_model_data":36}, "model": "item/charcoal/36"},
		{"predicate": {"custom_model_data":37}, "model": "item/charcoal/37"},
		{"predicate": {"custom_model_data":38}, "model": "item/charcoal/38"},
		{"predicate": {"custom_model_data":39}, "model": "item/charcoal/39"},
		{"predicate": {"custom_model_data":40}, "model": "item/charcoal/40"},
		{"predicate": {"custom_model_data":41}, "model": "item/charcoal/41"},
		{"predicate": {"custom_model_data":42}, "model": "item/charcoal/42"},
		{"predicate": {"custom_model_data":43}, "model": "item/charcoal/43"},
		{"predicate": {"custom_model_data":44}, "model": "item/charcoal/44"},
		{"predicate": {"custom_model_data":45}, "model": "item/charcoal/45"},
		{"predicate": {"custom_model_data":46}, "model": "item/charcoal/46"},
		{"predicate": {"custom_model_data":47}, "model": "item/charcoal/47"},
		{"predicate": {"custom_model_data":48}, "model": "item/charcoal/48"},
		{"predicate": {"custom_model_data":49}, "model": "item/charcoal/49"},
		{"predicate": {"custom_model_data":50}, "model": "item/charcoal/50"},
		{"predicate": {"custom_model_data":51}, "model": "item/charcoal/51"},
		{"predicate": {"custom_model_data":52}, "model": "item/charcoal/52"},
		{"predicate": {"custom_model_data":53}, "model": "item/charcoal/53"},
		{"predicate": {"custom_model_data":54}, "model": "item/charcoal/54"},
		{"predicate": {"custom_model_data":55}, "model": "item/charcoal/55"},
		{"predicate": {"custom_model_data":56}, "model": "item/charcoal/56"},
		{"predicate": {"custom_model_data":57}, "model": "item/charcoal/57"},
		{"predicate": {"custom_model_data":58}, "model": "item/charcoal/58"},
		{"predicate": {"custom_model_data":59}, "model": "item/charcoal/59"},
		{"predicate": {"custom_model_data":60}, "model": "item/charcoal/60"},
		{"predicate": {"custom_model_data":61}, "model": "item/charcoal/61"},
		{"predicate": {"custom_model_data":62}, "model": "item/charcoal/62"},
		{"predicate": {"custom_model_data":63}, "model": "item/charcoal/63"},
		{"predicate": {"custom_model_data":64}, "model": "item/charcoal/64"},
		{"predicate": {"custom_model_data":65}, "model": "item/charcoal/65"},
		{"predicate": {"custom_model_data":66}, "model": "item/charcoal/66"},
		{"predicate": {"custom_model_data":67}, "model": "item/charcoal/67"},
		{"predicate": {"custom_model_data":68}, "model": "item/charcoal/68"},
		{"predicate": {"custom_model_data":69}, "model": "item/charcoal/69"},
		{"predicate": {"custom_model_data":70}, "model": "item/charcoal/70"},
		{"predicate": {"custom_model_data":71}, "model": "item/charcoal/71"},
		{"predicate": {"custom_model_data":72}, "model": "item/charcoal/72"}
	]
}