{
    "parent": "item/handheld",
    "textures": {
        "layer0": "item/coal"
    },
	
	"overrides": [
		{"predicate": {"custom_model_data":1}, "model": "item/coal/1"},
		{"predicate": {"custom_model_data":2}, "model": "item/coal/2"},
		{"predicate": {"custom_model_data":3}, "model": "item/coal/3"},
		{"predicate": {"custom_model_data":4}, "model": "item/coal/4"},
		{"predicate": {"custom_model_data":5}, "model": "item/coal/5"},
		{"predicate": {"custom_model_data":6}, "model": "item/coal/6"},
		{"predicate": {"custom_model_data":7}, "model": "item/coal/7"},
		{"predicate": {"custom_model_data":8}, "model": "item/coal/8"},
		{"predicate": {"custom_model_data":9}, "model": "item/coal/9"},
		{"predicate": {"custom_model_data":10}, "model": "item/coal/10"},
		{"predicate": {"custom_model_data":11}, "model": "item/coal/11"},
		{"predicate": {"custom_model_data":12}, "model": "item/coal/12"},
		{"predicate": {"custom_model_data":13}, "model": "item/coal/13"},
		{"predicate": {"custom_model_data":14}, "model": "item/coal/14"},
		{"predicate": {"custom_model_data":15}, "model": "item/coal/15"},
		{"predicate": {"custom_model_data":16}, "model": "item/coal/16"},
		{"predicate": {"custom_model_data":17}, "model": "item/coal/17"},
		{"predicate": {"custom_model_data":18}, "model": "item/coal/18"},
		{"predicate": {"custom_model_data":19}, "model": "item/coal/19"},
		{"predicate": {"custom_model_data":20}, "model": "item/coal/20"},
		{"predicate": {"custom_model_data":21}, "model": "item/coal/21"},
		{"predicate": {"custom_model_data":22}, "model": "item/coal/22"},
		{"predicate": {"custom_model_data":23}, "model": "item/coal/23"},
		{"predicate": {"custom_model_data":24}, "model": "item/coal/24"},
		{"predicate": {"custom_model_data":25}, "model": "item/coal/25"},
		{"predicate": {"custom_model_data":26}, "model": "item/coal/26"},
		{"predicate": {"custom_model_data":27}, "model": "item/coal/27"},
		{"predicate": {"custom_model_data":28}, "model": "item/coal/28"},
		{"predicate": {"custom_model_data":29}, "model": "item/coal/29"},
		{"predicate": {"custom_model_data":30}, "model": "item/coal/30"},
		{"predicate": {"custom_model_data":31}, "model": "item/coal/31"},
		{"predicate": {"custom_model_data":32}, "model": "item/coal/32"},
		{"predicate": {"custom_model_data":33}, "model": "item/coal/33"},
		{"predicate": {"custom_model_data":34}, "model": "item/coal/34"},
		{"predicate": {"custom_model_data":35}, "model": "item/coal/35"},
		{"predicate": {"custom_model_data":36}, "model": "item/coal/36"},
		{"predicate": {"custom_model_data":37}, "model": "item/coal/37"},
		{"predicate": {"custom_model_data":38}, "model": "item/coal/38"},
		{"predicate": {"custom_model_data":39}, "model": "item/coal/39"},
		{"predicate": {"custom_model_data":40}, "model": "item/coal/40"},
		{"predicate": {"custom_model_data":41}, "model": "item/coal/41"},
		{"predicate": {"custom_model_data":42}, "model": "item/coal/42"},
		{"predicate": {"custom_model_data":43}, "model": "item/coal/43"},
		{"predicate": {"custom_model_data":44}, "model": "item/coal/44"},
		{"predicate": {"custom_model_data":45}, "model": "item/coal/45"},
		{"predicate": {"custom_model_data":46}, "model": "item/coal/46"},
		{"predicate": {"custom_model_data":47}, "model": "item/coal/47"},
		{"predicate": {"custom_model_data":48}, "model": "item/coal/48"},
		{"predicate": {"custom_model_data":49}, "model": "item/coal/49"},
		{"predicate": {"custom_model_data":50}, "model": "item/coal/50"},
		{"predicate": {"custom_model_data":51}, "model": "item/coal/51"},
		{"predicate": {"custom_model_data":52}, "model": "item/coal/52"},
		{"predicate": {"custom_model_data":53}, "model": "item/coal/53"},
		{"predicate": {"custom_model_data":54}, "model": "item/coal/54"},
		{"predicate": {"custom_model_data":55}, "model": "item/coal/55"},
		{"predicate": {"custom_model_data":56}, "model": "item/coal/56"},
		{"predicate": {"custom_model_data":57}, "model": "item/coal/57"},
		{"predicate": {"custom_model_data":58}, "model": "item/coal/58"},
		{"predicate": {"custom_model_data":59}, "model": "item/coal/59"},
		{"predicate": {"custom_model_data":60}, "model": "item/coal/60"},
		{"predicate": {"custom_model_data":61}, "model": "item/coal/61"},
		{"predicate": {"custom_model_data":62}, "model": "item/coal/62"},
		{"predicate": {"custom_model_data":63}, "model": "item/coal/63"},
		{"predicate": {"custom_model_data":64}, "model": "item/coal/64"},
		{"predicate": {"custom_model_data":65}, "model": "item/coal/65"},
		{"predicate": {"custom_model_data":66}, "model": "item/coal/66"},
		{"predicate": {"custom_model_data":67}, "model": "item/coal/67"},
		{"predicate": {"custom_model_data":68}, "model": "item/coal/68"},
		{"predicate": {"custom_model_data":69}, "model": "item/coal/69"},
		{"predicate": {"custom_model_data":70}, "model": "item/coal/70"},
		{"predicate": {"custom_model_data":71}, "model": "item/coal/71"},
		{"predicate": {"custom_model_data":72}, "model": "item/coal/72"},
		{"predicate": {"custom_model_data":73}, "model": "item/coal/73"},
		{"predicate": {"custom_model_data":74}, "model": "item/coal/74"},
		{"predicate": {"custom_model_data":75}, "model": "item/coal/75"},
		{"predicate": {"custom_model_data":76}, "model": "item/coal/76"},
		{"predicate": {"custom_model_data":77}, "model": "item/coal/77"},
		{"predicate": {"custom_model_data":78}, "model": "item/coal/78"},
		{"predicate": {"custom_model_data":79}, "model": "item/coal/79"},
		{"predicate": {"custom_model_data":80}, "model": "item/coal/80"},
		{"predicate": {"custom_model_data":81}, "model": "item/coal/81"},
		{"predicate": {"custom_model_data":82}, "model": "item/coal/82"},
		{"predicate": {"custom_model_data":83}, "model": "item/coal/83"},
		{"predicate": {"custom_model_data":84}, "model": "item/coal/84"},
		{"predicate": {"custom_model_data":85}, "model": "item/coal/85"},
		{"predicate": {"custom_model_data":86}, "model": "item/coal/86"},
		{"predicate": {"custom_model_data":87}, "model": "item/coal/87"},
		{"predicate": {"custom_model_data":88}, "model": "item/coal/88"},
		{"predicate": {"custom_model_data":89}, "model": "item/coal/89"},
		{"predicate": {"custom_model_data":90}, "model": "item/coal/90"},
		{"predicate": {"custom_model_data":91}, "model": "item/coal/91"},
		{"predicate": {"custom_model_data":92}, "model": "item/coal/92"},
		{"predicate": {"custom_model_data":93}, "model": "item/coal/93"},
		{"predicate": {"custom_model_data":94}, "model": "item/coal/94"},
		{"predicate": {"custom_model_data":95}, "model": "item/coal/95"},
		{"predicate": {"custom_model_data":96}, "model": "item/coal/96"},
		{"predicate": {"custom_model_data":97}, "model": "item/coal/97"},
		{"predicate": {"custom_model_data":98}, "model": "item/coal/98"},
		{"predicate": {"custom_model_data":99}, "model": "item/coal/99"},
		{"predicate": {"custom_model_data":100}, "model": "item/coal/100"},
		{"predicate": {"custom_model_data":101}, "model": "item/coal/101"},
		{"predicate": {"custom_model_data":102}, "model": "item/coal/102"},
		{"predicate": {"custom_model_data":103}, "model": "item/coal/103"},
		{"predicate": {"custom_model_data":104}, "model": "item/coal/104"},
		{"predicate": {"custom_model_data":105}, "model": "item/coal/105"},
		{"predicate": {"custom_model_data":106}, "model": "item/coal/106"},
		{"predicate": {"custom_model_data":107}, "model": "item/coal/107"},
		{"predicate": {"custom_model_data":108}, "model": "item/coal/108"},
		{"predicate": {"custom_model_data":109}, "model": "item/coal/109"},
		{"predicate": {"custom_model_data":110}, "model": "item/coal/110"},
		{"predicate": {"custom_model_data":111}, "model": "item/coal/111"},
		{"predicate": {"custom_model_data":112}, "model": "item/coal/112"},
		{"predicate": {"custom_model_data":113}, "model": "item/coal/113"},
		{"predicate": {"custom_model_data":114}, "model": "item/coal/114"},
		{"predicate": {"custom_model_data":115}, "model": "item/coal/115"},
		{"predicate": {"custom_model_data":116}, "model": "item/coal/116"},
		{"predicate": {"custom_model_data":117}, "model": "item/coal/117"},
		{"predicate": {"custom_model_data":118}, "model": "item/coal/118"},
		{"predicate": {"custom_model_data":119}, "model": "item/coal/119"},
		{"predicate": {"custom_model_data":120}, "model": "item/coal/120"},
		{"predicate": {"custom_model_data":121}, "model": "item/coal/121"},
		{"predicate": {"custom_model_data":122}, "model": "item/coal/122"},
		{"predicate": {"custom_model_data":123}, "model": "item/coal/123"},
		{"predicate": {"custom_model_data":124}, "model": "item/coal/124"},
		{"predicate": {"custom_model_data":125}, "model": "item/coal/125"},
		{"predicate": {"custom_model_data":126}, "model": "item/coal/126"},
		{"predicate": {"custom_model_data":127}, "model": "item/coal/127"},
		{"predicate": {"custom_model_data":128}, "model": "item/coal/128"},
		{"predicate": {"custom_model_data":129}, "model": "item/coal/129"},
		{"predicate": {"custom_model_data":130}, "model": "item/coal/130"},
		{"predicate": {"custom_model_data":131}, "model": "item/coal/131"},
		{"predicate": {"custom_model_data":132}, "model": "item/coal/132"},
		{"predicate": {"custom_model_data":133}, "model": "item/coal/133"},
		{"predicate": {"custom_model_data":134}, "model": "item/coal/134"},
		{"predicate": {"custom_model_data":135}, "model": "item/coal/135"},
		{"predicate": {"custom_model_data":136}, "model": "item/coal/136"},
		{"predicate": {"custom_model_data":137}, "model": "item/coal/137"},
		{"predicate": {"custom_model_data":138}, "model": "item/coal/138"},
		{"predicate": {"custom_model_data":139}, "model": "item/coal/139"},
		{"predicate": {"custom_model_data":140}, "model": "item/coal/140"},
		{"predicate": {"custom_model_data":141}, "model": "item/coal/141"},
		{"predicate": {"custom_model_data":142}, "model": "item/coal/142"},
		{"predicate": {"custom_model_data":143}, "model": "item/coal/143"},
		{"predicate": {"custom_model_data":144}, "model": "item/coal/144"},
		{"predicate": {"custom_model_data":145}, "model": "item/coal/145"},
		{"predicate": {"custom_model_data":146}, "model": "item/coal/146"},
		{"predicate": {"custom_model_data":147}, "model": "item/coal/147"},
		{"predicate": {"custom_model_data":148}, "model": "item/coal/148"},
		{"predicate": {"custom_model_data":149}, "model": "item/coal/149"},
		{"predicate": {"custom_model_data":150}, "model": "item/coal/150"},
		{"predicate": {"custom_model_data":151}, "model": "item/coal/151"},
		{"predicate": {"custom_model_data":152}, "model": "item/coal/152"},
		{"predicate": {"custom_model_data":153}, "model": "item/coal/153"},
		{"predicate": {"custom_model_data":154}, "model": "item/coal/154"},
		{"predicate": {"custom_model_data":155}, "model": "item/coal/155"},
		{"predicate": {"custom_model_data":156}, "model": "item/coal/156"},
		{"predicate": {"custom_model_data":157}, "model": "item/coal/157"},
		{"predicate": {"custom_model_data":158}, "model": "item/coal/158"},
		{"predicate": {"custom_model_data":159}, "model": "item/coal/159"},
		{"predicate": {"custom_model_data":160}, "model": "item/coal/160"},
		{"predicate": {"custom_model_data":161}, "model": "item/coal/161"},
		{"predicate": {"custom_model_data":162}, "model": "item/coal/162"},
		{"predicate": {"custom_model_data":163}, "model": "item/coal/163"},
		{"predicate": {"custom_model_data":164}, "model": "item/coal/164"},
		{"predicate": {"custom_model_data":165}, "model": "item/coal/165"},
		{"predicate": {"custom_model_data":166}, "model": "item/coal/166"},
		{"predicate": {"custom_model_data":167}, "model": "item/coal/167"},
		{"predicate": {"custom_model_data":168}, "model": "item/coal/168"},
		{"predicate": {"custom_model_data":169}, "model": "item/coal/169"},
		{"predicate": {"custom_model_data":170}, "model": "item/coal/170"},
		{"predicate": {"custom_model_data":171}, "model": "item/coal/171"},
		{"predicate": {"custom_model_data":172}, "model": "item/coal/172"},
		{"predicate": {"custom_model_data":173}, "model": "item/coal/173"},
		{"predicate": {"custom_model_data":174}, "model": "item/coal/174"},
		{"predicate": {"custom_model_data":175}, "model": "item/coal/175"},
		{"predicate": {"custom_model_data":176}, "model": "item/coal/176"},
		{"predicate": {"custom_model_data":177}, "model": "item/coal/177"},
		{"predicate": {"custom_model_data":178}, "model": "item/coal/178"},
		{"predicate": {"custom_model_data":179}, "model": "item/coal/179"},
		{"predicate": {"custom_model_data":180}, "model": "item/coal/180"},
		{"predicate": {"custom_model_data":181}, "model": "item/coal/181"},
		{"predicate": {"custom_model_data":182}, "model": "item/coal/182"},
		{"predicate": {"custom_model_data":183}, "model": "item/coal/183"},
		{"predicate": {"custom_model_data":184}, "model": "item/coal/184"},
		{"predicate": {"custom_model_data":185}, "model": "item/coal/185"},
		{"predicate": {"custom_model_data":186}, "model": "item/coal/186"},
		{"predicate": {"custom_model_data":187}, "model": "item/coal/187"},
		{"predicate": {"custom_model_data":188}, "model": "item/coal/188"},
		{"predicate": {"custom_model_data":189}, "model": "item/coal/189"},
		{"predicate": {"custom_model_data":190}, "model": "item/coal/190"},
		{"predicate": {"custom_model_data":191}, "model": "item/coal/191"},
		{"predicate": {"custom_model_data":192}, "model": "item/coal/192"},
		{"predicate": {"custom_model_data":193}, "model": "item/coal/193"},
		{"predicate": {"custom_model_data":194}, "model": "item/coal/194"},
		{"predicate": {"custom_model_data":195}, "model": "item/coal/195"},
		{"predicate": {"custom_model_data":196}, "model": "item/coal/196"},
		{"predicate": {"custom_model_data":197}, "model": "item/coal/197"},
		{"predicate": {"custom_model_data":198}, "model": "item/coal/198"},
		{"predicate": {"custom_model_data":199}, "model": "item/coal/199"},
		{"predicate": {"custom_model_data":200}, "model": "item/coal/200"},
		{"predicate": {"custom_model_data":201}, "model": "item/coal/201"},
		{"predicate": {"custom_model_data":202}, "model": "item/coal/202"},
		{"predicate": {"custom_model_data":203}, "model": "item/coal/203"},
		{"predicate": {"custom_model_data":204}, "model": "item/coal/204"},
		{"predicate": {"custom_model_data":205}, "model": "item/coal/205"},
		{"predicate": {"custom_model_data":206}, "model": "item/coal/206"},
		{"predicate": {"custom_model_data":207}, "model": "item/coal/207"},
		{"predicate": {"custom_model_data":208}, "model": "item/coal/208"},
		{"predicate": {"custom_model_data":209}, "model": "item/coal/209"},
		{"predicate": {"custom_model_data":210}, "model": "item/coal/210"},
		{"predicate": {"custom_model_data":211}, "model": "item/coal/211"},
		{"predicate": {"custom_model_data":212}, "model": "item/coal/212"},
		{"predicate": {"custom_model_data":213}, "model": "item/coal/213"},
		{"predicate": {"custom_model_data":214}, "model": "item/coal/214"},
		{"predicate": {"custom_model_data":215}, "model": "item/coal/215"},
		{"predicate": {"custom_model_data":216}, "model": "item/coal/216"},
		{"predicate": {"custom_model_data":217}, "model": "item/coal/217"},
		{"predicate": {"custom_model_data":218}, "model": "item/coal/218"},
		{"predicate": {"custom_model_data":219}, "model": "item/coal/219"},
		{"predicate": {"custom_model_data":220}, "model": "item/coal/220"},
		{"predicate": {"custom_model_data":221}, "model": "item/coal/221"},
		{"predicate": {"custom_model_data":222}, "model": "item/coal/222"},
		{"predicate": {"custom_model_data":223}, "model": "item/coal/223"},
		{"predicate": {"custom_model_data":224}, "model": "item/coal/224"},
		{"predicate": {"custom_model_data":225}, "model": "item/coal/225"},
		{"predicate": {"custom_model_data":226}, "model": "item/coal/226"},
		{"predicate": {"custom_model_data":227}, "model": "item/coal/227"},
		{"predicate": {"custom_model_data":228}, "model": "item/coal/228"},
		{"predicate": {"custom_model_data":229}, "model": "item/coal/229"},
		{"predicate": {"custom_model_data":230}, "model": "item/coal/230"},
		{"predicate": {"custom_model_data":231}, "model": "item/coal/231"},
		{"predicate": {"custom_model_data":232}, "model": "item/coal/232"},
		{"predicate": {"custom_model_data":233}, "model": "item/coal/233"},
		{"predicate": {"custom_model_data":234}, "model": "item/coal/234"},
		{"predicate": {"custom_model_data":235}, "model": "item/coal/235"},
		{"predicate": {"custom_model_data":236}, "model": "item/coal/236"},
		{"predicate": {"custom_model_data":237}, "model": "item/coal/237"},
		{"predicate": {"custom_model_data":238}, "model": "item/coal/238"},
		{"predicate": {"custom_model_data":239}, "model": "item/coal/239"},
		{"predicate": {"custom_model_data":240}, "model": "item/coal/240"},
		{"predicate": {"custom_model_data":241}, "model": "item/coal/241"},
		{"predicate": {"custom_model_data":242}, "model": "item/coal/242"},
		{"predicate": {"custom_model_data":243}, "model": "item/coal/243"},
		{"predicate": {"custom_model_data":244}, "model": "item/coal/244"},
		{"predicate": {"custom_model_data":245}, "model": "item/coal/245"},
		{"predicate": {"custom_model_data":246}, "model": "item/coal/246"},
		{"predicate": {"custom_model_data":247}, "model": "item/coal/247"},
		{"predicate": {"custom_model_data":248}, "model": "item/coal/248"},
		{"predicate": {"custom_model_data":249}, "model": "item/coal/249"},
		{"predicate": {"custom_model_data":250}, "model": "item/coal/250"},
		{"predicate": {"custom_model_data":251}, "model": "item/coal/251"},
		{"predicate": {"custom_model_data":252}, "model": "item/coal/252"},
		{"predicate": {"custom_model_data":253}, "model": "item/coal/253"},
		{"predicate": {"custom_model_data":254}, "model": "item/coal/254"},
		{"predicate": {"custom_model_data":255}, "model": "item/coal/255"},
		{"predicate": {"custom_model_data":256}, "model": "item/coal/256"},
		{"predicate": {"custom_model_data":257}, "model": "item/coal/257"},
		{"predicate": {"custom_model_data":258}, "model": "item/coal/258"},
		{"predicate": {"custom_model_data":259}, "model": "item/coal/259"},
		{"predicate": {"custom_model_data":260}, "model": "item/coal/260"},
		{"predicate": {"custom_model_data":261}, "model": "item/coal/261"},
		{"predicate": {"custom_model_data":262}, "model": "item/coal/262"},
		{"predicate": {"custom_model_data":263}, "model": "item/coal/263"},
		{"predicate": {"custom_model_data":264}, "model": "item/coal/264"},
		{"predicate": {"custom_model_data":265}, "model": "item/coal/265"},
		{"predicate": {"custom_model_data":266}, "model": "item/coal/266"},
		{"predicate": {"custom_model_data":267}, "model": "item/coal/267"},
		{"predicate": {"custom_model_data":268}, "model": "item/coal/268"},
		{"predicate": {"custom_model_data":269}, "model": "item/coal/269"},
		{"predicate": {"custom_model_data":270}, "model": "item/coal/270"},
		{"predicate": {"custom_model_data":271}, "model": "item/coal/271"},
		{"predicate": {"custom_model_data":272}, "model": "item/coal/272"},
		{"predicate": {"custom_model_data":273}, "model": "item/coal/273"},
		{"predicate": {"custom_model_data":274}, "model": "item/coal/274"},
		{"predicate": {"custom_model_data":275}, "model": "item/coal/275"},
		{"predicate": {"custom_model_data":276}, "model": "item/coal/276"},
		{"predicate": {"custom_model_data":277}, "model": "item/coal/277"},
		{"predicate": {"custom_model_data":278}, "model": "item/coal/278"},
		{"predicate": {"custom_model_data":279}, "model": "item/coal/279"},
		{"predicate": {"custom_model_data":280}, "model": "item/coal/280"},
		{"predicate": {"custom_model_data":281}, "model": "item/coal/281"},
		{"predicate": {"custom_model_data":282}, "model": "item/coal/282"},
		{"predicate": {"custom_model_data":283}, "model": "item/coal/283"},
		{"predicate": {"custom_model_data":284}, "model": "item/coal/284"},
		{"predicate": {"custom_model_data":285}, "model": "item/coal/285"},
		{"predicate": {"custom_model_data":286}, "model": "item/coal/286"},
		{"predicate": {"custom_model_data":287}, "model": "item/coal/287"},
		{"predicate": {"custom_model_data":288}, "model": "item/coal/288"},
		{"predicate": {"custom_model_data":289}, "model": "item/coal/289"},
		{"predicate": {"custom_model_data":290}, "model": "item/coal/290"},
		{"predicate": {"custom_model_data":291}, "model": "item/coal/291"},
		{"predicate": {"custom_model_data":292}, "model": "item/coal/292"},
		{"predicate": {"custom_model_data":293}, "model": "item/coal/293"},
		{"predicate": {"custom_model_data":294}, "model": "item/coal/294"},
		{"predicate": {"custom_model_data":295}, "model": "item/coal/295"},
		{"predicate": {"custom_model_data":296}, "model": "item/coal/296"},
		{"predicate": {"custom_model_data":297}, "model": "item/coal/297"},
		{"predicate": {"custom_model_data":298}, "model": "item/coal/298"},
		{"predicate": {"custom_model_data":299}, "model": "item/coal/299"},
		{"predicate": {"custom_model_data":300}, "model": "item/coal/300"},
		{"predicate": {"custom_model_data":301}, "model": "item/coal/301"},
		{"predicate": {"custom_model_data":302}, "model": "item/coal/302"},
		{"predicate": {"custom_model_data":303}, "model": "item/coal/303"},
		{"predicate": {"custom_model_data":304}, "model": "item/coal/304"},
		{"predicate": {"custom_model_data":305}, "model": "item/coal/305"},
		{"predicate": {"custom_model_data":306}, "model": "item/coal/306"},
		{"predicate": {"custom_model_data":307}, "model": "item/coal/307"},
		{"predicate": {"custom_model_data":308}, "model": "item/coal/308"},
		{"predicate": {"custom_model_data":309}, "model": "item/coal/309"},
		{"predicate": {"custom_model_data":310}, "model": "item/coal/310"},
		{"predicate": {"custom_model_data":311}, "model": "item/coal/311"},
		{"predicate": {"custom_model_data":312}, "model": "item/coal/312"},
		{"predicate": {"custom_model_data":313}, "model": "item/coal/313"},
		{"predicate": {"custom_model_data":314}, "model": "item/coal/314"},
		{"predicate": {"custom_model_data":315}, "model": "item/coal/315"},
		{"predicate": {"custom_model_data":316}, "model": "item/coal/316"},
		{"predicate": {"custom_model_data":317}, "model": "item/coal/317"},
		{"predicate": {"custom_model_data":318}, "model": "item/coal/318"},
		{"predicate": {"custom_model_data":319}, "model": "item/coal/319"},
		{"predicate": {"custom_model_data":320}, "model": "item/coal/320"},
		{"predicate": {"custom_model_data":321}, "model": "item/coal/321"},
		{"predicate": {"custom_model_data":322}, "model": "item/coal/322"},
		{"predicate": {"custom_model_data":323}, "model": "item/coal/323"},
		{"predicate": {"custom_model_data":324}, "model": "item/coal/324"},
		{"predicate": {"custom_model_data":325}, "model": "item/coal/325"},
		{"predicate": {"custom_model_data":326}, "model": "item/coal/326"},
		{"predicate": {"custom_model_data":327}, "model": "item/coal/327"},
		{"predicate": {"custom_model_data":328}, "model": "item/coal/328"},
		{"predicate": {"custom_model_data":329}, "model": "item/coal/329"},
		{"predicate": {"custom_model_data":330}, "model": "item/coal/330"},
		{"predicate": {"custom_model_data":331}, "model": "item/coal/331"},
		{"predicate": {"custom_model_data":332}, "model": "item/coal/332"},
		{"predicate": {"custom_model_data":333}, "model": "item/coal/333"},
		{"predicate": {"custom_model_data":334}, "model": "item/coal/334"},
		{"predicate": {"custom_model_data":335}, "model": "item/coal/335"},
		{"predicate": {"custom_model_data":336}, "model": "item/coal/336"},
		{"predicate": {"custom_model_data":337}, "model": "item/coal/337"},
		{"predicate": {"custom_model_data":338}, "model": "item/coal/338"},
		{"predicate": {"custom_model_data":339}, "model": "item/coal/339"},
		{"predicate": {"custom_model_data":340}, "model": "item/coal/340"},
		{"predicate": {"custom_model_data":341}, "model": "item/coal/341"},
		{"predicate": {"custom_model_data":342}, "model": "item/coal/342"},
		{"predicate": {"custom_model_data":343}, "model": "item/coal/343"},
		{"predicate": {"custom_model_data":344}, "model": "item/coal/344"},
		{"predicate": {"custom_model_data":345}, "model": "item/coal/345"},
		{"predicate": {"custom_model_data":346}, "model": "item/coal/346"},
		{"predicate": {"custom_model_data":347}, "model": "item/coal/347"},
		{"predicate": {"custom_model_data":348}, "model": "item/coal/348"},
		{"predicate": {"custom_model_data":349}, "model": "item/coal/349"},
		{"predicate": {"custom_model_data":350}, "model": "item/coal/350"},
		{"predicate": {"custom_model_data":351}, "model": "item/coal/351"},
		{"predicate": {"custom_model_data":352}, "model": "item/coal/352"},
		{"predicate": {"custom_model_data":353}, "model": "item/coal/353"},
		{"predicate": {"custom_model_data":354}, "model": "item/coal/354"},
		{"predicate": {"custom_model_data":355}, "model": "item/coal/355"},
		{"predicate": {"custom_model_data":356}, "model": "item/coal/356"},
		{"predicate": {"custom_model_data":357}, "model": "item/coal/357"},
		{"predicate": {"custom_model_data":358}, "model": "item/coal/358"},
		{"predicate": {"custom_model_data":359}, "model": "item/coal/359"},
		{"predicate": {"custom_model_data":360}, "model": "item/coal/360"},
		{"predicate": {"custom_model_data":361}, "model": "item/coal/361"},
		{"predicate": {"custom_model_data":362}, "model": "item/coal/362"},
		{"predicate": {"custom_model_data":363}, "model": "item/coal/363"},
		{"predicate": {"custom_model_data":364}, "model": "item/coal/364"},
		{"predicate": {"custom_model_data":365}, "model": "item/coal/365"},
		{"predicate": {"custom_model_data":366}, "model": "item/coal/366"},
		{"predicate": {"custom_model_data":367}, "model": "item/coal/367"},
		{"predicate": {"custom_model_data":368}, "model": "item/coal/368"},
		{"predicate": {"custom_model_data":369}, "model": "item/coal/369"},
		{"predicate": {"custom_model_data":370}, "model": "item/coal/370"},
		{"predicate": {"custom_model_data":371}, "model": "item/coal/371"},
		{"predicate": {"custom_model_data":372}, "model": "item/coal/372"},
		{"predicate": {"custom_model_data":373}, "model": "item/coal/373"},
		{"predicate": {"custom_model_data":374}, "model": "item/coal/374"},
		{"predicate": {"custom_model_data":375}, "model": "item/coal/375"},
		{"predicate": {"custom_model_data":376}, "model": "item/coal/376"},
		{"predicate": {"custom_model_data":377}, "model": "item/coal/377"},
		{"predicate": {"custom_model_data":378}, "model": "item/coal/378"},
		{"predicate": {"custom_model_data":379}, "model": "item/coal/379"},
		{"predicate": {"custom_model_data":380}, "model": "item/coal/380"},
		{"predicate": {"custom_model_data":381}, "model": "item/coal/381"},
		{"predicate": {"custom_model_data":382}, "model": "item/coal/382"},
		{"predicate": {"custom_model_data":383}, "model": "item/coal/383"},
		{"predicate": {"custom_model_data":384}, "model": "item/coal/384"},
		{"predicate": {"custom_model_data":385}, "model": "item/coal/385"},
		{"predicate": {"custom_model_data":386}, "model": "item/coal/386"},
		{"predicate": {"custom_model_data":387}, "model": "item/coal/387"},
		{"predicate": {"custom_model_data":388}, "model": "item/coal/388"},
		{"predicate": {"custom_model_data":389}, "model": "item/coal/389"},
		{"predicate": {"custom_model_data":390}, "model": "item/coal/390"},
		{"predicate": {"custom_model_data":391}, "model": "item/coal/391"},
		{"predicate": {"custom_model_data":392}, "model": "item/coal/392"},
		{"predicate": {"custom_model_data":393}, "model": "item/coal/393"},
		{"predicate": {"custom_model_data":394}, "model": "item/coal/394"},
		{"predicate": {"custom_model_data":395}, "model": "item/coal/395"},
		{"predicate": {"custom_model_data":396}, "model": "item/coal/396"},
		{"predicate": {"custom_model_data":397}, "model": "item/coal/397"},
		{"predicate": {"custom_model_data":398}, "model": "item/coal/398"},
		{"predicate": {"custom_model_data":399}, "model": "item/coal/399"},
		{"predicate": {"custom_model_data":400}, "model": "item/coal/400"},
		{"predicate": {"custom_model_data":401}, "model": "item/coal/401"},
		{"predicate": {"custom_model_data":402}, "model": "item/coal/402"},
		{"predicate": {"custom_model_data":403}, "model": "item/coal/403"},
		{"predicate": {"custom_model_data":404}, "model": "item/coal/404"},
		{"predicate": {"custom_model_data":405}, "model": "item/coal/405"},
		{"predicate": {"custom_model_data":406}, "model": "item/coal/406"},
		{"predicate": {"custom_model_data":407}, "model": "item/coal/407"},
		{"predicate": {"custom_model_data":408}, "model": "item/coal/408"},
		{"predicate": {"custom_model_data":409}, "model": "item/coal/409"},
		{"predicate": {"custom_model_data":410}, "model": "item/coal/410"},
		{"predicate": {"custom_model_data":411}, "model": "item/coal/411"},
		{"predicate": {"custom_model_data":412}, "model": "item/coal/412"},
		{"predicate": {"custom_model_data":413}, "model": "item/coal/413"},
		{"predicate": {"custom_model_data":414}, "model": "item/coal/414"},
		{"predicate": {"custom_model_data":415}, "model": "item/coal/415"},
		{"predicate": {"custom_model_data":416}, "model": "item/coal/416"},
		{"predicate": {"custom_model_data":417}, "model": "item/coal/417"},
		{"predicate": {"custom_model_data":418}, "model": "item/coal/418"},
		{"predicate": {"custom_model_data":419}, "model": "item/coal/419"},
		{"predicate": {"custom_model_data":420}, "model": "item/coal/420"},
		{"predicate": {"custom_model_data":421}, "model": "item/coal/421"},
		{"predicate": {"custom_model_data":422}, "model": "item/coal/422"},
		{"predicate": {"custom_model_data":423}, "model": "item/coal/423"},
		{"predicate": {"custom_model_data":424}, "model": "item/coal/424"},
		{"predicate": {"custom_model_data":425}, "model": "item/coal/425"},
		{"predicate": {"custom_model_data":426}, "model": "item/coal/426"},
		{"predicate": {"custom_model_data":427}, "model": "item/coal/427"},
		{"predicate": {"custom_model_data":428}, "model": "item/coal/428"},
		{"predicate": {"custom_model_data":429}, "model": "item/coal/429"},
		{"predicate": {"custom_model_data":430}, "model": "item/coal/430"},
		{"predicate": {"custom_model_data":431}, "model": "item/coal/431"},
		{"predicate": {"custom_model_data":432}, "model": "item/coal/432"},
		{"predicate": {"custom_model_data":433}, "model": "item/coal/433"},
		{"predicate": {"custom_model_data":434}, "model": "item/coal/434"},
		{"predicate": {"custom_model_data":435}, "model": "item/coal/435"},
		{"predicate": {"custom_model_data":436}, "model": "item/coal/436"},
		{"predicate": {"custom_model_data":437}, "model": "item/coal/437"},
		{"predicate": {"custom_model_data":438}, "model": "item/coal/438"},
		{"predicate": {"custom_model_data":439}, "model": "item/coal/439"},
		{"predicate": {"custom_model_data":440}, "model": "item/coal/440"},
		{"predicate": {"custom_model_data":441}, "model": "item/coal/441"},
		{"predicate": {"custom_model_data":442}, "model": "item/coal/442"},
		{"predicate": {"custom_model_data":443}, "model": "item/coal/443"},
		{"predicate": {"custom_model_data":444}, "model": "item/coal/444"},
		{"predicate": {"custom_model_data":445}, "model": "item/coal/445"},
		{"predicate": {"custom_model_data":446}, "model": "item/coal/446"},
		{"predicate": {"custom_model_data":447}, "model": "item/coal/447"},
		{"predicate": {"custom_model_data":448}, "model": "item/coal/448"},
		{"predicate": {"custom_model_data":449}, "model": "item/coal/449"},
		{"predicate": {"custom_model_data":450}, "model": "item/coal/450"},
		{"predicate": {"custom_model_data":451}, "model": "item/coal/451"},
		{"predicate": {"custom_model_data":452}, "model": "item/coal/452"},
		{"predicate": {"custom_model_data":453}, "model": "item/coal/453"},
		{"predicate": {"custom_model_data":454}, "model": "item/coal/454"},
		{"predicate": {"custom_model_data":455}, "model": "item/coal/455"},
		{"predicate": {"custom_model_data":456}, "model": "item/coal/456"},
		{"predicate": {"custom_model_data":457}, "model": "item/coal/457"},
		{"predicate": {"custom_model_data":458}, "model": "item/coal/458"},
		{"predicate": {"custom_model_data":459}, "model": "item/coal/459"},
		{"predicate": {"custom_model_data":460}, "model": "item/coal/460"},
		{"predicate": {"custom_model_data":461}, "model": "item/coal/461"},
		{"predicate": {"custom_model_data":462}, "model": "item/coal/462"},
		{"predicate": {"custom_model_data":463}, "model": "item/coal/463"},
		{"predicate": {"custom_model_data":464}, "model": "item/coal/464"},
		{"predicate": {"custom_model_data":465}, "model": "item/coal/465"},
		{"predicate": {"custom_model_data":466}, "model": "item/coal/466"},
		{"predicate": {"custom_model_data":467}, "model": "item/coal/467"},
		{"predicate": {"custom_model_data":468}, "model": "item/coal/468"},
		{"predicate": {"custom_model_data":469}, "model": "item/coal/469"},
		{"predicate": {"custom_model_data":470}, "model": "item/coal/470"},
		{"predicate": {"custom_model_data":471}, "model": "item/coal/471"},
		{"predicate": {"custom_model_data":472}, "model": "item/coal/472"},
		{"predicate": {"custom_model_data":473}, "model": "item/coal/473"},
		{"predicate": {"custom_model_data":474}, "model": "item/coal/474"},
		{"predicate": {"custom_model_data":475}, "model": "item/coal/475"},
		{"predicate": {"custom_model_data":476}, "model": "item/coal/476"},
		{"predicate": {"custom_model_data":477}, "model": "item/coal/477"},
		{"predicate": {"custom_model_data":478}, "model": "item/coal/478"},
		{"predicate": {"custom_model_data":479}, "model": "item/coal/479"},
		{"predicate": {"custom_model_data":480}, "model": "item/coal/480"},
		{"predicate": {"custom_model_data":481}, "model": "item/coal/481"},
		{"predicate": {"custom_model_data":482}, "model": "item/coal/482"},
		{"predicate": {"custom_model_data":483}, "model": "item/coal/483"},
		{"predicate": {"custom_model_data":484}, "model": "item/coal/484"},
		{"predicate": {"custom_model_data":485}, "model": "item/coal/485"},
		{"predicate": {"custom_model_data":486}, "model": "item/coal/486"},
		{"predicate": {"custom_model_data":487}, "model": "item/coal/487"},
		{"predicate": {"custom_model_data":488}, "model": "item/coal/488"},
		{"predicate": {"custom_model_data":489}, "model": "item/coal/489"},
		{"predicate": {"custom_model_data":490}, "model": "item/coal/490"},
		{"predicate": {"custom_model_data":491}, "model": "item/coal/491"},
		{"predicate": {"custom_model_data":492}, "model": "item/coal/492"},
		{"predicate": {"custom_model_data":493}, "model": "item/coal/493"},
		{"predicate": {"custom_model_data":494}, "model": "item/coal/494"},
		{"predicate": {"custom_model_data":495}, "model": "item/coal/495"},
		{"predicate": {"custom_model_data":496}, "model": "item/coal/496"},
		{"predicate": {"custom_model_data":497}, "model": "item/coal/497"},
		{"predicate": {"custom_model_data":498}, "model": "item/coal/498"},
		{"predicate": {"custom_model_data":499}, "model": "item/coal/499"},
		{"predicate": {"custom_model_data":500}, "model": "item/coal/500"},
		{"predicate": {"custom_model_data":501}, "model": "item/coal/501"},
		{"predicate": {"custom_model_data":502}, "model": "item/coal/502"},
		{"predicate": {"custom_model_data":503}, "model": "item/coal/503"},
		{"predicate": {"custom_model_data":504}, "model": "item/coal/504"},
		{"predicate": {"custom_model_data":505}, "model": "item/coal/505"},
		{"predicate": {"custom_model_data":506}, "model": "item/coal/506"},
		{"predicate": {"custom_model_data":507}, "model": "item/coal/507"},
		{"predicate": {"custom_model_data":508}, "model": "item/coal/508"},
		{"predicate": {"custom_model_data":509}, "model": "item/coal/509"},
		{"predicate": {"custom_model_data":510}, "model": "item/coal/510"},
		{"predicate": {"custom_model_data":511}, "model": "item/coal/511"},
		{"predicate": {"custom_model_data":512}, "model": "item/coal/512"},
		{"predicate": {"custom_model_data":513}, "model": "item/coal/513"},
		{"predicate": {"custom_model_data":514}, "model": "item/coal/514"},
		{"predicate": {"custom_model_data":515}, "model": "item/coal/515"},
		{"predicate": {"custom_model_data":516}, "model": "item/coal/516"},
		{"predicate": {"custom_model_data":517}, "model": "item/coal/517"},
		{"predicate": {"custom_model_data":518}, "model": "item/coal/518"},
		{"predicate": {"custom_model_data":519}, "model": "item/coal/519"},
		{"predicate": {"custom_model_data":520}, "model": "item/coal/520"},
		{"predicate": {"custom_model_data":521}, "model": "item/coal/521"},
		{"predicate": {"custom_model_data":522}, "model": "item/coal/522"},
		{"predicate": {"custom_model_data":523}, "model": "item/coal/523"},
		{"predicate": {"custom_model_data":524}, "model": "item/coal/524"},
		{"predicate": {"custom_model_data":525}, "model": "item/coal/525"},
		{"predicate": {"custom_model_data":526}, "model": "item/coal/526"},
		{"predicate": {"custom_model_data":527}, "model": "item/coal/527"},
		{"predicate": {"custom_model_data":528}, "model": "item/coal/528"},
		{"predicate": {"custom_model_data":529}, "model": "item/coal/529"},
		{"predicate": {"custom_model_data":530}, "model": "item/coal/530"},
		{"predicate": {"custom_model_data":531}, "model": "item/coal/531"},
		{"predicate": {"custom_model_data":532}, "model": "item/coal/532"},
		{"predicate": {"custom_model_data":533}, "model": "item/coal/533"},
		{"predicate": {"custom_model_data":534}, "model": "item/coal/534"},
		{"predicate": {"custom_model_data":535}, "model": "item/coal/535"},
		{"predicate": {"custom_model_data":536}, "model": "item/coal/536"},
		{"predicate": {"custom_model_data":537}, "model": "item/coal/537"},
		{"predicate": {"custom_model_data":538}, "model": "item/coal/538"},
		{"predicate": {"custom_model_data":539}, "model": "item/coal/539"},
		{"predicate": {"custom_model_data":540}, "model": "item/coal/540"},
		{"predicate": {"custom_model_data":541}, "model": "item/coal/541"},
		{"predicate": {"custom_model_data":542}, "model": "item/coal/542"},
		{"predicate": {"custom_model_data":543}, "model": "item/coal/543"},
		{"predicate": {"custom_model_data":544}, "model": "item/coal/544"},
		{"predicate": {"custom_model_data":545}, "model": "item/coal/545"},
		{"predicate": {"custom_model_data":546}, "model": "item/coal/546"},
		{"predicate": {"custom_model_data":547}, "model": "item/coal/547"},
		{"predicate": {"custom_model_data":548}, "model": "item/coal/548"},
		{"predicate": {"custom_model_data":549}, "model": "item/coal/549"},
		{"predicate": {"custom_model_data":550}, "model": "item/coal/550"},
		{"predicate": {"custom_model_data":551}, "model": "item/coal/551"},
		{"predicate": {"custom_model_data":552}, "model": "item/coal/552"},
		{"predicate": {"custom_model_data":553}, "model": "item/coal/553"},
		{"predicate": {"custom_model_data":554}, "model": "item/coal/554"},
		{"predicate": {"custom_model_data":555}, "model": "item/coal/555"},
		{"predicate": {"custom_model_data":556}, "model": "item/coal/556"},
		{"predicate": {"custom_model_data":557}, "model": "item/coal/557"},
		{"predicate": {"custom_model_data":558}, "model": "item/coal/558"},
		{"predicate": {"custom_model_data":559}, "model": "item/coal/559"},
		{"predicate": {"custom_model_data":560}, "model": "item/coal/560"},
		{"predicate": {"custom_model_data":561}, "model": "item/coal/561"},
		{"predicate": {"custom_model_data":562}, "model": "item/coal/562"},
		{"predicate": {"custom_model_data":563}, "model": "item/coal/563"},
		{"predicate": {"custom_model_data":564}, "model": "item/coal/564"},
		{"predicate": {"custom_model_data":565}, "model": "item/coal/565"},
		{"predicate": {"custom_model_data":566}, "model": "item/coal/566"},
		{"predicate": {"custom_model_data":567}, "model": "item/coal/567"},
		{"predicate": {"custom_model_data":568}, "model": "item/coal/568"},
		{"predicate": {"custom_model_data":569}, "model": "item/coal/569"},
		{"predicate": {"custom_model_data":570}, "model": "item/coal/570"},
		{"predicate": {"custom_model_data":571}, "model": "item/coal/571"},
		{"predicate": {"custom_model_data":572}, "model": "item/coal/572"},
		{"predicate": {"custom_model_data":573}, "model": "item/coal/573"},
		{"predicate": {"custom_model_data":574}, "model": "item/coal/574"},
		{"predicate": {"custom_model_data":575}, "model": "item/coal/575"},
		{"predicate": {"custom_model_data":576}, "model": "item/coal/576"},
		{"predicate": {"custom_model_data":577}, "model": "item/coal/577"},
		{"predicate": {"custom_model_data":578}, "model": "item/coal/578"},
		{"predicate": {"custom_model_data":579}, "model": "item/coal/579"},
		{"predicate": {"custom_model_data":580}, "model": "item/coal/580"},
		{"predicate": {"custom_model_data":581}, "model": "item/coal/581"},
		{"predicate": {"custom_model_data":582}, "model": "item/coal/582"},
		{"predicate": {"custom_model_data":583}, "model": "item/coal/583"},
		{"predicate": {"custom_model_data":584}, "model": "item/coal/584"},
		{"predicate": {"custom_model_data":585}, "model": "item/coal/585"},
		{"predicate": {"custom_model_data":586}, "model": "item/coal/586"},
		{"predicate": {"custom_model_data":587}, "model": "item/coal/587"},
		{"predicate": {"custom_model_data":588}, "model": "item/coal/588"},
		{"predicate": {"custom_model_data":589}, "model": "item/coal/589"},
		{"predicate": {"custom_model_data":590}, "model": "item/coal/590"},
		{"predicate": {"custom_model_data":591}, "model": "item/coal/591"},
		{"predicate": {"custom_model_data":592}, "model": "item/coal/592"},
		{"predicate": {"custom_model_data":593}, "model": "item/coal/593"},
		{"predicate": {"custom_model_data":594}, "model": "item/coal/594"},
		{"predicate": {"custom_model_data":595}, "model": "item/coal/595"},
		{"predicate": {"custom_model_data":596}, "model": "item/coal/596"},
		{"predicate": {"custom_model_data":597}, "model": "item/coal/597"},
		{"predicate": {"custom_model_data":598}, "model": "item/coal/598"},
		{"predicate": {"custom_model_data":599}, "model": "item/coal/599"},
		{"predicate": {"custom_model_data":600}, "model": "item/coal/600"},
		{"predicate": {"custom_model_data":601}, "model": "item/coal/601"},
		{"predicate": {"custom_model_data":602}, "model": "item/coal/602"},
		{"predicate": {"custom_model_data":603}, "model": "item/coal/603"},
		{"predicate": {"custom_model_data":604}, "model": "item/coal/604"},
		{"predicate": {"custom_model_data":605}, "model": "item/coal/605"},
		{"predicate": {"custom_model_data":606}, "model": "item/coal/606"},
		{"predicate": {"custom_model_data":607}, "model": "item/coal/607"},
		{"predicate": {"custom_model_data":608}, "model": "item/coal/608"},
		{"predicate": {"custom_model_data":609}, "model": "item/coal/609"},
		{"predicate": {"custom_model_data":610}, "model": "item/coal/610"},
		{"predicate": {"custom_model_data":611}, "model": "item/coal/611"},
		{"predicate": {"custom_model_data":612}, "model": "item/coal/612"},
		{"predicate": {"custom_model_data":613}, "model": "item/coal/613"},
		{"predicate": {"custom_model_data":614}, "model": "item/coal/614"},
		{"predicate": {"custom_model_data":615}, "model": "item/coal/615"},
		{"predicate": {"custom_model_data":616}, "model": "item/coal/616"},
		{"predicate": {"custom_model_data":617}, "model": "item/coal/617"},
		{"predicate": {"custom_model_data":618}, "model": "item/coal/618"},
		{"predicate": {"custom_model_data":619}, "model": "item/coal/619"},
		{"predicate": {"custom_model_data":620}, "model": "item/coal/620"},
		{"predicate": {"custom_model_data":621}, "model": "item/coal/621"},
		{"predicate": {"custom_model_data":622}, "model": "item/coal/622"},
		{"predicate": {"custom_model_data":623}, "model": "item/coal/623"},
		{"predicate": {"custom_model_data":624}, "model": "item/coal/624"},
		{"predicate": {"custom_model_data":625}, "model": "item/coal/625"},
		{"predicate": {"custom_model_data":626}, "model": "item/coal/626"},
		{"predicate": {"custom_model_data":627}, "model": "item/coal/627"},
		{"predicate": {"custom_model_data":628}, "model": "item/coal/628"},
		{"predicate": {"custom_model_data":629}, "model": "item/coal/629"},
		{"predicate": {"custom_model_data":630}, "model": "item/coal/630"},
		{"predicate": {"custom_model_data":631}, "model": "item/coal/631"},
		{"predicate": {"custom_model_data":632}, "model": "item/coal/632"},
		{"predicate": {"custom_model_data":633}, "model": "item/coal/633"},
		{"predicate": {"custom_model_data":634}, "model": "item/coal/634"},
		{"predicate": {"custom_model_data":635}, "model": "item/coal/635"},
		{"predicate": {"custom_model_data":636}, "model": "item/coal/636"},
		{"predicate": {"custom_model_data":637}, "model": "item/coal/637"},
		{"predicate": {"custom_model_data":638}, "model": "item/coal/638"},
		{"predicate": {"custom_model_data":639}, "model": "item/coal/639"},
		{"predicate": {"custom_model_data":640}, "model": "item/coal/640"},
		{"predicate": {"custom_model_data":641}, "model": "item/coal/641"},
		{"predicate": {"custom_model_data":642}, "model": "item/coal/642"},
		{"predicate": {"custom_model_data":643}, "model": "item/coal/643"},
		{"predicate": {"custom_model_data":644}, "model": "item/coal/644"},
		{"predicate": {"custom_model_data":645}, "model": "item/coal/645"},
		{"predicate": {"custom_model_data":646}, "model": "item/coal/646"},
		{"predicate": {"custom_model_data":647}, "model": "item/coal/647"},
		{"predicate": {"custom_model_data":648}, "model": "item/coal/648"},
		{"predicate": {"custom_model_data":649}, "model": "item/coal/649"},
		{"predicate": {"custom_model_data":650}, "model": "item/coal/650"},
		{"predicate": {"custom_model_data":651}, "model": "item/coal/651"},
		{"predicate": {"custom_model_data":652}, "model": "item/coal/652"},
		{"predicate": {"custom_model_data":653}, "model": "item/coal/653"},
		{"predicate": {"custom_model_data":654}, "model": "item/coal/654"},
		{"predicate": {"custom_model_data":655}, "model": "item/coal/655"},
		{"predicate": {"custom_model_data":656}, "model": "item/coal/656"},
		{"predicate": {"custom_model_data":657}, "model": "item/coal/657"},
		{"predicate": {"custom_model_data":658}, "model": "item/coal/658"},
		{"predicate": {"custom_model_data":659}, "model": "item/coal/659"},
		{"predicate": {"custom_model_data":660}, "model": "item/coal/660"},
		{"predicate": {"custom_model_data":661}, "model": "item/coal/661"},
		{"predicate": {"custom_model_data":662}, "model": "item/coal/662"},
		{"predicate": {"custom_model_data":663}, "model": "item/coal/663"},
		{"predicate": {"custom_model_data":664}, "model": "item/coal/664"},
		{"predicate": {"custom_model_data":665}, "model": "item/coal/665"},
		{"predicate": {"custom_model_data":666}, "model": "item/coal/666"},
		{"predicate": {"custom_model_data":667}, "model": "item/coal/667"},
		{"predicate": {"custom_model_data":668}, "model": "item/coal/668"},
		{"predicate": {"custom_model_data":669}, "model": "item/coal/669"},
		{"predicate": {"custom_model_data":670}, "model": "item/coal/670"},
		{"predicate": {"custom_model_data":671}, "model": "item/coal/671"},
		{"predicate": {"custom_model_data":672}, "model": "item/coal/672"},
		{"predicate": {"custom_model_data":673}, "model": "item/coal/673"},
		{"predicate": {"custom_model_data":674}, "model": "item/coal/674"},
		{"predicate": {"custom_model_data":675}, "model": "item/coal/675"},
		{"predicate": {"custom_model_data":676}, "model": "item/coal/676"},
		{"predicate": {"custom_model_data":677}, "model": "item/coal/677"},
		{"predicate": {"custom_model_data":678}, "model": "item/coal/678"},
		{"predicate": {"custom_model_data":679}, "model": "item/coal/679"},
		{"predicate": {"custom_model_data":680}, "model": "item/coal/680"},
		{"predicate": {"custom_model_data":681}, "model": "item/coal/681"},
		{"predicate": {"custom_model_data":682}, "model": "item/coal/682"},
		{"predicate": {"custom_model_data":683}, "model": "item/coal/683"},
		{"predicate": {"custom_model_data":684}, "model": "item/coal/684"},
		{"predicate": {"custom_model_data":685}, "model": "item/coal/685"},
		{"predicate": {"custom_model_data":686}, "model": "item/coal/686"},
		{"predicate": {"custom_model_data":687}, "model": "item/coal/687"},
		{"predicate": {"custom_model_data":688}, "model": "item/coal/688"},
		{"predicate": {"custom_model_data":689}, "model": "item/coal/689"},
		{"predicate": {"custom_model_data":690}, "model": "item/coal/690"},
		{"predicate": {"custom_model_data":691}, "model": "item/coal/691"},
		{"predicate": {"custom_model_data":692}, "model": "item/coal/692"},
		{"predicate": {"custom_model_data":693}, "model": "item/coal/693"},
		{"predicate": {"custom_model_data":694}, "model": "item/coal/694"},
		{"predicate": {"custom_model_data":695}, "model": "item/coal/695"},
		{"predicate": {"custom_model_data":696}, "model": "item/coal/696"},
		{"predicate": {"custom_model_data":697}, "model": "item/coal/697"},
		{"predicate": {"custom_model_data":698}, "model": "item/coal/698"},
		{"predicate": {"custom_model_data":699}, "model": "item/coal/699"},
		{"predicate": {"custom_model_data":700}, "model": "item/coal/700"},
		{"predicate": {"custom_model_data":701}, "model": "item/coal/701"},
		{"predicate": {"custom_model_data":702}, "model": "item/coal/702"},
		{"predicate": {"custom_model_data":703}, "model": "item/coal/703"},
		{"predicate": {"custom_model_data":704}, "model": "item/coal/704"},
		{"predicate": {"custom_model_data":705}, "model": "item/coal/705"},
		{"predicate": {"custom_model_data":706}, "model": "item/coal/706"},
		{"predicate": {"custom_model_data":707}, "model": "item/coal/707"},
		{"predicate": {"custom_model_data":708}, "model": "item/coal/708"},
		{"predicate": {"custom_model_data":709}, "model": "item/coal/709"},
		{"predicate": {"custom_model_data":710}, "model": "item/coal/710"},
		{"predicate": {"custom_model_data":711}, "model": "item/coal/711"},
		{"predicate": {"custom_model_data":712}, "model": "item/coal/712"},
		{"predicate": {"custom_model_data":713}, "model": "item/coal/713"},
		{"predicate": {"custom_model_data":714}, "model": "item/coal/714"},
		{"predicate": {"custom_model_data":715}, "model": "item/coal/715"},
		{"predicate": {"custom_model_data":716}, "model": "item/coal/716"},
		{"predicate": {"custom_model_data":717}, "model": "item/coal/717"},
		{"predicate": {"custom_model_data":718}, "model": "item/coal/718"},
		{"predicate": {"custom_model_data":719}, "model": "item/coal/719"},
		{"predicate": {"custom_model_data":720}, "model": "item/coal/720"},
		{"predicate": {"custom_model_data":721}, "model": "item/coal/721"},
		{"predicate": {"custom_model_data":722}, "model": "item/coal/722"},
		{"predicate": {"custom_model_data":723}, "model": "item/coal/723"},
		{"predicate": {"custom_model_data":724}, "model": "item/coal/724"},
		{"predicate": {"custom_model_data":725}, "model": "item/coal/725"},
		{"predicate": {"custom_model_data":726}, "model": "item/coal/726"},
		{"predicate": {"custom_model_data":727}, "model": "item/coal/727"},
		{"predicate": {"custom_model_data":728}, "model": "item/coal/728"},
		{"predicate": {"custom_model_data":729}, "model": "item/coal/729"},
		{"predicate": {"custom_model_data":730}, "model": "item/coal/730"},
		{"predicate": {"custom_model_data":731}, "model": "item/coal/731"},
		{"predicate": {"custom_model_data":732}, "model": "item/coal/732"},
		{"predicate": {"custom_model_data":733}, "model": "item/coal/733"},
		{"predicate": {"custom_model_data":734}, "model": "item/coal/734"},
		{"predicate": {"custom_model_data":735}, "model": "item/coal/735"},
		{"predicate": {"custom_model_data":736}, "model": "item/coal/736"},
		{"predicate": {"custom_model_data":737}, "model": "item/coal/737"},
		{"predicate": {"custom_model_data":738}, "model": "item/coal/738"},
		{"predicate": {"custom_model_data":739}, "model": "item/coal/739"},
		{"predicate": {"custom_model_data":740}, "model": "item/coal/740"},
		{"predicate": {"custom_model_data":741}, "model": "item/coal/741"},
		{"predicate": {"custom_model_data":742}, "model": "item/coal/742"},
		{"predicate": {"custom_model_data":743}, "model": "item/coal/743"},
		{"predicate": {"custom_model_data":744}, "model": "item/coal/744"},
		{"predicate": {"custom_model_data":745}, "model": "item/coal/745"},
		{"predicate": {"custom_model_data":746}, "model": "item/coal/746"},
		{"predicate": {"custom_model_data":747}, "model": "item/coal/747"},
		{"predicate": {"custom_model_data":748}, "model": "item/coal/748"},
		{"predicate": {"custom_model_data":749}, "model": "item/coal/749"},
		{"predicate": {"custom_model_data":750}, "model": "item/coal/750"},
		{"predicate": {"custom_model_data":751}, "model": "item/coal/751"},
		{"predicate": {"custom_model_data":752}, "model": "item/coal/752"},
		{"predicate": {"custom_model_data":753}, "model": "item/coal/753"},
		{"predicate": {"custom_model_data":754}, "model": "item/coal/754"},
		{"predicate": {"custom_model_data":755}, "model": "item/coal/755"},
		{"predicate": {"custom_model_data":756}, "model": "item/coal/756"},
		{"predicate": {"custom_model_data":757}, "model": "item/coal/757"},
		{"predicate": {"custom_model_data":758}, "model": "item/coal/758"},
		{"predicate": {"custom_model_data":759}, "model": "item/coal/759"},
		{"predicate": {"custom_model_data":760}, "model": "item/coal/760"},
		{"predicate": {"custom_model_data":761}, "model": "item/coal/761"},
		{"predicate": {"custom_model_data":762}, "model": "item/coal/762"},
		{"predicate": {"custom_model_data":763}, "model": "item/coal/763"},
		{"predicate": {"custom_model_data":764}, "model": "item/coal/764"},
		{"predicate": {"custom_model_data":765}, "model": "item/coal/765"},
		{"predicate": {"custom_model_data":766}, "model": "item/coal/766"},
		{"predicate": {"custom_model_data":767}, "model": "item/coal/767"},
		{"predicate": {"custom_model_data":768}, "model": "item/coal/768"},
		{"predicate": {"custom_model_data":769}, "model": "item/coal/769"},
		{"predicate": {"custom_model_data":770}, "model": "item/coal/770"},
		{"predicate": {"custom_model_data":771}, "model": "item/coal/771"},
		{"predicate": {"custom_model_data":772}, "model": "item/coal/772"},
		{"predicate": {"custom_model_data":773}, "model": "item/coal/773"},
		{"predicate": {"custom_model_data":774}, "model": "item/coal/774"},
		{"predicate": {"custom_model_data":775}, "model": "item/coal/775"},
		{"predicate": {"custom_model_data":776}, "model": "item/coal/776"},
		{"predicate": {"custom_model_data":777}, "model": "item/coal/777"},
		{"predicate": {"custom_model_data":778}, "model": "item/coal/778"},
		{"predicate": {"custom_model_data":779}, "model": "item/coal/779"},
		{"predicate": {"custom_model_data":780}, "model": "item/coal/780"},
		{"predicate": {"custom_model_data":781}, "model": "item/coal/781"},
		{"predicate": {"custom_model_data":782}, "model": "item/coal/782"},
		{"predicate": {"custom_model_data":783}, "model": "item/coal/783"},
		{"predicate": {"custom_model_data":784}, "model": "item/coal/784"},
		{"predicate": {"custom_model_data":785}, "model": "item/coal/785"},
		{"predicate": {"custom_model_data":786}, "model": "item/coal/786"},
		{"predicate": {"custom_model_data":787}, "model": "item/coal/787"},
		{"predicate": {"custom_model_data":788}, "model": "item/coal/788"},
		{"predicate": {"custom_model_data":789}, "model": "item/coal/789"},
		{"predicate": {"custom_model_data":790}, "model": "item/coal/790"},
		{"predicate": {"custom_model_data":791}, "model": "item/coal/791"},
		{"predicate": {"custom_model_data":792}, "model": "item/coal/792"},
		{"predicate": {"custom_model_data":793}, "model": "item/coal/793"},
		{"predicate": {"custom_model_data":794}, "model": "item/coal/794"},
		{"predicate": {"custom_model_data":795}, "model": "item/coal/795"},
		{"predicate": {"custom_model_data":796}, "model": "item/coal/796"},
		{"predicate": {"custom_model_data":797}, "model": "item/coal/797"},
		{"predicate": {"custom_model_data":798}, "model": "item/coal/798"},
		{"predicate": {"custom_model_data":799}, "model": "item/coal/799"},
		{"predicate": {"custom_model_data":800}, "model": "item/coal/800"},
		{"predicate": {"custom_model_data":801}, "model": "item/coal/801"},
		{"predicate": {"custom_model_data":802}, "model": "item/coal/802"},
		{"predicate": {"custom_model_data":803}, "model": "item/coal/803"},
		{"predicate": {"custom_model_data":804}, "model": "item/coal/804"},
		{"predicate": {"custom_model_data":805}, "model": "item/coal/805"},
		{"predicate": {"custom_model_data":806}, "model": "item/coal/806"},
		{"predicate": {"custom_model_data":807}, "model": "item/coal/807"},
		{"predicate": {"custom_model_data":808}, "model": "item/coal/808"},
		{"predicate": {"custom_model_data":809}, "model": "item/coal/809"},
		{"predicate": {"custom_model_data":810}, "model": "item/coal/810"},
		{"predicate": {"custom_model_data":811}, "model": "item/coal/811"},
		{"predicate": {"custom_model_data":812}, "model": "item/coal/812"},
		{"predicate": {"custom_model_data":813}, "model": "item/coal/813"},
		{"predicate": {"custom_model_data":814}, "model": "item/coal/814"},
		{"predicate": {"custom_model_data":815}, "model": "item/coal/815"},
		{"predicate": {"custom_model_data":816}, "model": "item/coal/816"},
		{"predicate": {"custom_model_data":817}, "model": "item/coal/817"},
		{"predicate": {"custom_model_data":818}, "model": "item/coal/818"},
		{"predicate": {"custom_model_data":819}, "model": "item/coal/819"},
		{"predicate": {"custom_model_data":820}, "model": "item/coal/820"},
		{"predicate": {"custom_model_data":821}, "model": "item/coal/821"},
		{"predicate": {"custom_model_data":822}, "model": "item/coal/822"},
		{"predicate": {"custom_model_data":823}, "model": "item/coal/823"},
		{"predicate": {"custom_model_data":824}, "model": "item/coal/824"},
		{"predicate": {"custom_model_data":825}, "model": "item/coal/825"},
		{"predicate": {"custom_model_data":826}, "model": "item/coal/826"},
		{"predicate": {"custom_model_data":827}, "model": "item/coal/827"},
		{"predicate": {"custom_model_data":828}, "model": "item/coal/828"},
		{"predicate": {"custom_model_data":829}, "model": "item/coal/829"},
		{"predicate": {"custom_model_data":830}, "model": "item/coal/830"},
		{"predicate": {"custom_model_data":831}, "model": "item/coal/831"},
		{"predicate": {"custom_model_data":832}, "model": "item/coal/832"},
		{"predicate": {"custom_model_data":833}, "model": "item/coal/833"},
		{"predicate": {"custom_model_data":834}, "model": "item/coal/834"},
		{"predicate": {"custom_model_data":835}, "model": "item/coal/835"},
		{"predicate": {"custom_model_data":836}, "model": "item/coal/836"},
		{"predicate": {"custom_model_data":837}, "model": "item/coal/837"},
		{"predicate": {"custom_model_data":838}, "model": "item/coal/838"},
		{"predicate": {"custom_model_data":839}, "model": "item/coal/839"},
		{"predicate": {"custom_model_data":840}, "model": "item/coal/840"},
		{"predicate": {"custom_model_data":841}, "model": "item/coal/841"},
		{"predicate": {"custom_model_data":842}, "model": "item/coal/842"},
		{"predicate": {"custom_model_data":843}, "model": "item/coal/843"},
		{"predicate": {"custom_model_data":844}, "model": "item/coal/844"},
		{"predicate": {"custom_model_data":845}, "model": "item/coal/845"},
		{"predicate": {"custom_model_data":846}, "model": "item/coal/846"},
		{"predicate": {"custom_model_data":847}, "model": "item/coal/847"},
		{"predicate": {"custom_model_data":848}, "model": "item/coal/848"},
		{"predicate": {"custom_model_data":849}, "model": "item/coal/849"},
		{"predicate": {"custom_model_data":850}, "model": "item/coal/850"},
		{"predicate": {"custom_model_data":851}, "model": "item/coal/851"},
		{"predicate": {"custom_model_data":852}, "model": "item/coal/852"},
		{"predicate": {"custom_model_data":853}, "model": "item/coal/853"},
		{"predicate": {"custom_model_data":854}, "model": "item/coal/854"},
		{"predicate": {"custom_model_data":855}, "model": "item/coal/855"},
		{"predicate": {"custom_model_data":856}, "model": "item/coal/856"},
		{"predicate": {"custom_model_data":857}, "model": "item/coal/857"},
		{"predicate": {"custom_model_data":858}, "model": "item/coal/858"},
		{"predicate": {"custom_model_data":859}, "model": "item/coal/859"},
		{"predicate": {"custom_model_data":860}, "model": "item/coal/860"},
		{"predicate": {"custom_model_data":861}, "model": "item/coal/861"},
		{"predicate": {"custom_model_data":862}, "model": "item/coal/862"},
		{"predicate": {"custom_model_data":863}, "model": "item/coal/863"},
		{"predicate": {"custom_model_data":864}, "model": "item/coal/864"},
		{"predicate": {"custom_model_data":865}, "model": "item/coal/865"},
		{"predicate": {"custom_model_data":866}, "model": "item/coal/866"},
		{"predicate": {"custom_model_data":867}, "model": "item/coal/867"},
		{"predicate": {"custom_model_data":868}, "model": "item/coal/868"},
		{"predicate": {"custom_model_data":869}, "model": "item/coal/869"},
		{"predicate": {"custom_model_data":870}, "model": "item/coal/870"},
		{"predicate": {"custom_model_data":871}, "model": "item/coal/871"},
		{"predicate": {"custom_model_data":872}, "model": "item/coal/872"},
		{"predicate": {"custom_model_data":873}, "model": "item/coal/873"},
		{"predicate": {"custom_model_data":874}, "model": "item/coal/874"},
		{"predicate": {"custom_model_data":875}, "model": "item/coal/875"},
		{"predicate": {"custom_model_data":876}, "model": "item/coal/876"},
		{"predicate": {"custom_model_data":877}, "model": "item/coal/877"},
		{"predicate": {"custom_model_data":878}, "model": "item/coal/878"},
		{"predicate": {"custom_model_data":879}, "model": "item/coal/879"},
		{"predicate": {"custom_model_data":880}, "model": "item/coal/880"},
		{"predicate": {"custom_model_data":881}, "model": "item/coal/881"},
		{"predicate": {"custom_model_data":882}, "model": "item/coal/882"},
		{"predicate": {"custom_model_data":883}, "model": "item/coal/883"},
		{"predicate": {"custom_model_data":884}, "model": "item/coal/884"},
		{"predicate": {"custom_model_data":885}, "model": "item/coal/885"},
		{"predicate": {"custom_model_data":886}, "model": "item/coal/886"},
		{"predicate": {"custom_model_data":887}, "model": "item/coal/887"},
		{"predicate": {"custom_model_data":888}, "model": "item/coal/888"},
		{"predicate": {"custom_model_data":889}, "model": "item/coal/889"},
		{"predicate": {"custom_model_data":890}, "model": "item/coal/890"},
		{"predicate": {"custom_model_data":891}, "model": "item/coal/891"},
		{"predicate": {"custom_model_data":892}, "model": "item/coal/892"},
		{"predicate": {"custom_model_data":893}, "model": "item/coal/893"},
		{"predicate": {"custom_model_data":894}, "model": "item/coal/894"},
		{"predicate": {"custom_model_data":895}, "model": "item/coal/895"},
		{"predicate": {"custom_model_data":896}, "model": "item/coal/896"},
		{"predicate": {"custom_model_data":897}, "model": "item/coal/897"},
		{"predicate": {"custom_model_data":898}, "model": "item/coal/898"},
		{"predicate": {"custom_model_data":899}, "model": "item/coal/899"},
		{"predicate": {"custom_model_data":900}, "model": "item/coal/900"},
		{"predicate": {"custom_model_data":901}, "model": "item/coal/901"},
		{"predicate": {"custom_model_data":902}, "model": "item/coal/902"},
		{"predicate": {"custom_model_data":903}, "model": "item/coal/903"},
		{"predicate": {"custom_model_data":904}, "model": "item/coal/904"},
		{"predicate": {"custom_model_data":905}, "model": "item/coal/905"},
		{"predicate": {"custom_model_data":906}, "model": "item/coal/906"},
		{"predicate": {"custom_model_data":907}, "model": "item/coal/907"},
		{"predicate": {"custom_model_data":908}, "model": "item/coal/908"},
		{"predicate": {"custom_model_data":909}, "model": "item/coal/909"},
		{"predicate": {"custom_model_data":910}, "model": "item/coal/910"},
		{"predicate": {"custom_model_data":911}, "model": "item/coal/911"},
		{"predicate": {"custom_model_data":912}, "model": "item/coal/912"},
		{"predicate": {"custom_model_data":913}, "model": "item/coal/913"},
		{"predicate": {"custom_model_data":914}, "model": "item/coal/914"},
		{"predicate": {"custom_model_data":915}, "model": "item/coal/915"},
		{"predicate": {"custom_model_data":916}, "model": "item/coal/916"},
		{"predicate": {"custom_model_data":917}, "model": "item/coal/917"},
		{"predicate": {"custom_model_data":918}, "model": "item/coal/918"},
		{"predicate": {"custom_model_data":919}, "model": "item/coal/919"},
		{"predicate": {"custom_model_data":920}, "model": "item/coal/920"},
		{"predicate": {"custom_model_data":921}, "model": "item/coal/921"},
		{"predicate": {"custom_model_data":922}, "model": "item/coal/922"},
		{"predicate": {"custom_model_data":923}, "model": "item/coal/923"},
		{"predicate": {"custom_model_data":924}, "model": "item/coal/924"},
		{"predicate": {"custom_model_data":925}, "model": "item/coal/925"},
		{"predicate": {"custom_model_data":926}, "model": "item/coal/926"},
		{"predicate": {"custom_model_data":927}, "model": "item/coal/927"},
		{"predicate": {"custom_model_data":928}, "model": "item/coal/928"},
		{"predicate": {"custom_model_data":929}, "model": "item/coal/929"},
		{"predicate": {"custom_model_data":930}, "model": "item/coal/930"},
		{"predicate": {"custom_model_data":931}, "model": "item/coal/931"},
		{"predicate": {"custom_model_data":932}, "model": "item/coal/932"},
		{"predicate": {"custom_model_data":933}, "model": "item/coal/933"},
		{"predicate": {"custom_model_data":934}, "model": "item/coal/934"},
		{"predicate": {"custom_model_data":935}, "model": "item/coal/935"},
		{"predicate": {"custom_model_data":936}, "model": "item/coal/936"},
		{"predicate": {"custom_model_data":937}, "model": "item/coal/937"},
		{"predicate": {"custom_model_data":938}, "model": "item/coal/938"},
		{"predicate": {"custom_model_data":939}, "model": "item/coal/939"},
		{"predicate": {"custom_model_data":940}, "model": "item/coal/940"},
		{"predicate": {"custom_model_data":941}, "model": "item/coal/941"},
		{"predicate": {"custom_model_data":942}, "model": "item/coal/942"},
		{"predicate": {"custom_model_data":943}, "model": "item/coal/943"},
		{"predicate": {"custom_model_data":944}, "model": "item/coal/944"},
		{"predicate": {"custom_model_data":945}, "model": "item/coal/945"},
		{"predicate": {"custom_model_data":946}, "model": "item/coal/946"},
		{"predicate": {"custom_model_data":947}, "model": "item/coal/947"},
		{"predicate": {"custom_model_data":948}, "model": "item/coal/948"},
		{"predicate": {"custom_model_data":949}, "model": "item/coal/949"},
		{"predicate": {"custom_model_data":950}, "model": "item/coal/950"},
		{"predicate": {"custom_model_data":951}, "model": "item/coal/951"},
		{"predicate": {"custom_model_data":952}, "model": "item/coal/952"},
		{"predicate": {"custom_model_data":953}, "model": "item/coal/953"},
		{"predicate": {"custom_model_data":954}, "model": "item/coal/954"},
		{"predicate": {"custom_model_data":955}, "model": "item/coal/955"},
		{"predicate": {"custom_model_data":956}, "model": "item/coal/956"},
		{"predicate": {"custom_model_data":957}, "model": "item/coal/957"},
		{"predicate": {"custom_model_data":958}, "model": "item/coal/958"},
		{"predicate": {"custom_model_data":959}, "model": "item/coal/959"},
		{"predicate": {"custom_model_data":960}, "model": "item/coal/960"},
		{"predicate": {"custom_model_data":961}, "model": "item/coal/961"},
		{"predicate": {"custom_model_data":962}, "model": "item/coal/962"},
		{"predicate": {"custom_model_data":963}, "model": "item/coal/963"},
		{"predicate": {"custom_model_data":964}, "model": "item/coal/964"},
		{"predicate": {"custom_model_data":965}, "model": "item/coal/965"},
		{"predicate": {"custom_model_data":966}, "model": "item/coal/966"},
		{"predicate": {"custom_model_data":967}, "model": "item/coal/967"},
		{"predicate": {"custom_model_data":968}, "model": "item/coal/968"},
		{"predicate": {"custom_model_data":969}, "model": "item/coal/969"},
		{"predicate": {"custom_model_data":970}, "model": "item/coal/970"},
		{"predicate": {"custom_model_data":971}, "model": "item/coal/971"},
		{"predicate": {"custom_model_data":972}, "model": "item/coal/972"},
		{"predicate": {"custom_model_data":973}, "model": "item/coal/973"},
		{"predicate": {"custom_model_data":974}, "model": "item/coal/974"},
		{"predicate": {"custom_model_data":975}, "model": "item/coal/975"},
		{"predicate": {"custom_model_data":976}, "model": "item/coal/976"},
		{"predicate": {"custom_model_data":977}, "model": "item/coal/977"},
		{"predicate": {"custom_model_data":978}, "model": "item/coal/978"},
		{"predicate": {"custom_model_data":979}, "model": "item/coal/979"},
		{"predicate": {"custom_model_data":980}, "model": "item/coal/980"},
		{"predicate": {"custom_model_data":981}, "model": "item/coal/981"},
		{"predicate": {"custom_model_data":982}, "model": "item/coal/982"},
		{"predicate": {"custom_model_data":983}, "model": "item/coal/983"},
		{"predicate": {"custom_model_data":984}, "model": "item/coal/984"},
		{"predicate": {"custom_model_data":985}, "model": "item/coal/985"},
		{"predicate": {"custom_model_data":986}, "model": "item/coal/986"},
		{"predicate": {"custom_model_data":987}, "model": "item/coal/987"},
		{"predicate": {"custom_model_data":988}, "model": "item/coal/988"},
		{"predicate": {"custom_model_data":989}, "model": "item/coal/989"},
		{"predicate": {"custom_model_data":990}, "model": "item/coal/990"},
		{"predicate": {"custom_model_data":991}, "model": "item/coal/991"},
		{"predicate": {"custom_model_data":992}, "model": "item/coal/992"},
		{"predicate": {"custom_model_data":993}, "model": "item/coal/993"},
		{"predicate": {"custom_model_data":994}, "model": "item/coal/994"},
		{"predicate": {"custom_model_data":995}, "model": "item/coal/995"},
		{"predicate": {"custom_model_data":996}, "model": "item/coal/996"},
		{"predicate": {"custom_model_data":997}, "model": "item/coal/997"},
		{"predicate": {"custom_model_data":998}, "model": "item/coal/998"},
		{"predicate": {"custom_model_data":999}, "model": "item/coal/999"}
	]
}