{
	"credit": "Made with Blockbench",
	"textures": {
		"particle": "item/diamond_x/4",
		"texture": "item/diamond_x/4"
	},
	"elements": [
		{
			"name": "Voxels",
			"from": [-12, 6.5, 7.5],
			"to": [6.5, 8, 9],
			"faces": {
				"north": {"uv": [9.25, 13.75, 0, 14.5], "texture": "#texture"},
				"east": {"uv": [16, 15.25, 15.25, 16], "texture": "#texture"},
				"south": {"uv": [0, 13, 9.25, 13.75], "texture": "#texture"},
				"west": {"uv": [15, 13.75, 15.75, 14.5], "texture": "#texture"},
				"up": {"uv": [0, 15.25, 9.25, 14.5], "texture": "#texture"},
				"down": {"uv": [0, 15.25, 9.25, 16], "texture": "#texture"}
			}
		},
		{
			"name": "Voxels",
			"from": [-11.5, 6, 7.5],
			"to": [-10.5, 6.5, 9],
			"faces": {
				"north": {"uv": [6.75, 3.75, 6.25, 4], "texture": "#texture"},
				"east": {"uv": [16, 11.75, 15.25, 12], "texture": "#texture"},
				"south": {"uv": [6.25, 0.5, 6.75, 0.75], "texture": "#texture"},
				"west": {"uv": [15.25, 12.5, 16, 12.75], "texture": "#texture"},
				"up": {"uv": [0.5, 6.25, 1, 5.5], "texture": "#texture"},
				"down": {"uv": [0, 4.75, 0.5, 5.5], "texture": "#texture"}
			}
		},
		{
			"name": "Voxels",
			"from": [-11.5, 6.5, 7],
			"to": [-10.5, 8, 7.5],
			"faces": {
				"north": {"uv": [0.5, 5.5, 0, 6.25], "texture": "#texture"},
				"east": {"uv": [16, 13.75, 15.75, 14.5], "texture": "#texture"},
				"south": {"uv": [0.5, 6.25, 1, 7], "texture": "#texture"},
				"west": {"uv": [15.75, 14.5, 16, 15.25], "texture": "#texture"},
				"up": {"uv": [6.25, 3.75, 6.75, 3.5], "texture": "#texture"},
				"down": {"uv": [6.25, 2, 6.75, 2.25], "texture": "#texture"}
			}
		},
		{
			"name": "Voxels",
			"from": [-11.5, 6.5, 9],
			"to": [-10.5, 8, 9.5],
			"faces": {
				"north": {"uv": [0.5, 6.25, 0, 7], "texture": "#texture"},
				"east": {"uv": [1.25, 7.75, 1, 8.5], "texture": "#texture"},
				"south": {"uv": [0.5, 7, 1, 7.75], "texture": "#texture"},
				"west": {"uv": [15.75, 13, 16, 13.75], "texture": "#texture"},
				"up": {"uv": [6.25, 1.25, 6.75, 1], "texture": "#texture"},
				"down": {"uv": [6.25, 0.75, 6.75, 1], "texture": "#texture"}
			}
		},
		{
			"name": "Voxels",
			"from": [-11.5, 8, 7.5],
			"to": [-10.5, 8.5, 9],
			"faces": {
				"north": {"uv": [6.75, 1.25, 6.25, 1.5], "texture": "#texture"},
				"east": {"uv": [7.5, 1.5, 6.75, 1.75], "texture": "#texture"},
				"south": {"uv": [6.25, 1.5, 6.75, 1.75], "texture": "#texture"},
				"west": {"uv": [3.75, 0, 4.5, 0.25], "texture": "#texture"},
				"up": {"uv": [0.5, 8.5, 1, 7.75], "texture": "#texture"},
				"down": {"uv": [0, 7, 0.5, 7.75], "texture": "#texture"}
			}
		},
		{
			"name": "Voxels",
			"from": [-0.5, 6, 7.5],
			"to": [0, 6.5, 9],
			"faces": {
				"north": {"uv": [4.5, 3, 4.25, 3.25], "texture": "#texture"},
				"east": {"uv": [7.5, 1.25, 6.75, 1.5], "texture": "#texture"},
				"south": {"uv": [4.25, 3.25, 4.5, 3.5], "texture": "#texture"},
				"west": {"uv": [7.5, 1.5, 8.25, 1.75], "texture": "#texture"},
				"up": {"uv": [1, 7, 1.25, 6.25], "texture": "#texture"},
				"down": {"uv": [1, 7, 1.25, 7.75], "texture": "#texture"}
			}
		},
		{
			"name": "Voxels",
			"from": [-0.5, 6.5, 7],
			"to": [0, 8, 7.5],
			"faces": {
				"north": {"uv": [1.25, 5.5, 1, 6.25], "texture": "#texture"},
				"east": {"uv": [7.25, 0.5, 7, 1.25], "texture": "#texture"},
				"south": {"uv": [1, 4.75, 1.25, 5.5], "texture": "#texture"},
				"west": {"uv": [6.75, 0.5, 7, 1.25], "texture": "#texture"},
				"up": {"uv": [4.25, 4, 4.5, 3.75], "texture": "#texture"},
				"down": {"uv": [4.25, 3.5, 4.5, 3.75], "texture": "#texture"}
			}
		},
		{
			"name": "Voxels",
			"from": [-0.5, 6.5, 9],
			"to": [0, 8, 9.5],
			"faces": {
				"north": {"uv": [7.5, 0.5, 7.25, 1.25], "texture": "#texture"},
				"east": {"uv": [8.25, 0.5, 8, 1.25], "texture": "#texture"},
				"south": {"uv": [7.5, 0.5, 7.75, 1.25], "texture": "#texture"},
				"west": {"uv": [7.75, 0.5, 8, 1.25], "texture": "#texture"},
				"up": {"uv": [4.25, 5, 4.5, 4.75], "texture": "#texture"},
				"down": {"uv": [4.25, 4.5, 4.5, 4.75], "texture": "#texture"}
			}
		},
		{
			"name": "Voxels",
			"from": [-0.5, 7, 3],
			"to": [7.5, 7.5, 3.5],
			"faces": {
				"north": {"uv": [16, 12.75, 12, 13], "texture": "#texture"},
				"east": {"uv": [4.5, 5.25, 4.25, 5.5], "texture": "#texture"},
				"south": {"uv": [8, 12.75, 12, 13], "texture": "#texture"},
				"west": {"uv": [4.25, 5, 4.5, 5.25], "texture": "#texture"},
				"up": {"uv": [0, 12.75, 4, 12.5], "texture": "#texture"},
				"down": {"uv": [9.25, 13.5, 13.25, 13.75], "texture": "#texture"}
			}
		},
		{
			"name": "Voxels",
			"from": [-0.5, 7, 13],
			"to": [7.5, 7.5, 13.5],
			"faces": {
				"north": {"uv": [13.25, 13, 9.25, 13.25], "texture": "#texture"},
				"east": {"uv": [4.5, 6.25, 4.25, 6.5], "texture": "#texture"},
				"south": {"uv": [9.25, 13.25, 13.25, 13.5], "texture": "#texture"},
				"west": {"uv": [4.25, 6, 4.5, 6.25], "texture": "#texture"},
				"up": {"uv": [0, 13, 4, 12.75], "texture": "#texture"},
				"down": {"uv": [4, 12.75, 8, 13], "texture": "#texture"}
			}
		},
		{
			"name": "Voxels",
			"from": [-0.5, 8, 7.5],
			"to": [0, 8.5, 9],
			"faces": {
				"north": {"uv": [4.5, 6.5, 4.25, 6.75], "texture": "#texture"},
				"east": {"uv": [9.25, 7.5, 8.5, 7.75], "texture": "#texture"},
				"south": {"uv": [4.25, 6.75, 4.5, 7], "texture": "#texture"},
				"west": {"uv": [7.5, 1.25, 8.25, 1.5], "texture": "#texture"},
				"up": {"uv": [8.25, 7, 8.5, 6.25], "texture": "#texture"},
				"down": {"uv": [8.25, 7, 8.5, 7.75], "texture": "#texture"}
			}
		},
		{
			"name": "Voxels",
			"from": [0, 7, 2.5],
			"to": [7.5, 7.5, 3],
			"faces": {
				"north": {"uv": [7.5, 12.25, 3.75, 12.5], "texture": "#texture"},
				"east": {"uv": [4.5, 7.75, 4.25, 8], "texture": "#texture"},
				"south": {"uv": [7.5, 12.25, 11.25, 12.5], "texture": "#texture"},
				"west": {"uv": [4.25, 7.5, 4.5, 7.75], "texture": "#texture"},
				"up": {"uv": [0, 12.5, 3.75, 12.25], "texture": "#texture"},
				"down": {"uv": [11.5, 12.5, 15.25, 12.75], "texture": "#texture"}
			}
		},
		{
			"name": "Voxels",
			"from": [0, 7, 13.5],
			"to": [7.5, 7.5, 14],
			"faces": {
				"north": {"uv": [7.75, 12.5, 4, 12.75], "texture": "#texture"},
				"east": {"uv": [1.25, 8.5, 1, 8.75], "texture": "#texture"},
				"south": {"uv": [7.75, 12.5, 11.5, 12.75], "texture": "#texture"},
				"west": {"uv": [4.25, 8, 4.5, 8.25], "texture": "#texture"},
				"up": {"uv": [1.25, 12.25, 5, 12], "texture": "#texture"},
				"down": {"uv": [11.25, 12.25, 15, 12.5], "texture": "#texture"}
			}
		},
		{
			"name": "Voxels",
			"from": [0.5, 7, 2],
			"to": [7.5, 7.5, 2.5],
			"faces": {
				"north": {"uv": [12, 12, 8.5, 12.25], "texture": "#texture"},
				"east": {"uv": [1.25, 9, 1, 9.25], "texture": "#texture"},
				"south": {"uv": [1.25, 11.5, 4.75, 11.75], "texture": "#texture"},
				"west": {"uv": [1, 8.75, 1.25, 9], "texture": "#texture"},
				"up": {"uv": [8.25, 12, 11.75, 11.75], "texture": "#texture"},
				"down": {"uv": [12, 12, 15.5, 12.25], "texture": "#texture"}
			}
		},
		{
			"name": "Voxels",
			"from": [0.5, 7, 14],
			"to": [7.5, 7.5, 14.5],
			"faces": {
				"north": {"uv": [4.75, 11.75, 1.25, 12], "texture": "#texture"},
				"east": {"uv": [1.25, 9.5, 1, 9.75], "texture": "#texture"},
				"south": {"uv": [5, 12, 8.5, 12.25], "texture": "#texture"},
				"west": {"uv": [1, 9.25, 1.25, 9.5], "texture": "#texture"},
				"up": {"uv": [11.75, 12, 15.25, 11.75], "texture": "#texture"},
				"down": {"uv": [4.75, 11.75, 8.25, 12], "texture": "#texture"}
			}
		},
		{
			"name": "Voxels",
			"from": [1, 6.5, 2.5],
			"to": [7.5, 7, 3],
			"faces": {
				"north": {"uv": [4.5, 9.5, 1.25, 9.75], "texture": "#texture"},
				"east": {"uv": [1.25, 10, 1, 10.25], "texture": "#texture"},
				"south": {"uv": [1.25, 8.75, 4.5, 9], "texture": "#texture"},
				"west": {"uv": [1, 9.75, 1.25, 10], "texture": "#texture"},
				"up": {"uv": [1.25, 10, 4.5, 9.75], "texture": "#texture"},
				"down": {"uv": [1.25, 10.25, 4.5, 10.5], "texture": "#texture"}
			}
		},
		{
			"name": "Voxels",
			"from": [1, 6.5, 13.5],
			"to": [7.5, 7, 14],
			"faces": {
				"north": {"uv": [4.5, 11.25, 1.25, 11.5], "texture": "#texture"},
				"east": {"uv": [9, 2, 8.75, 2.25], "texture": "#texture"},
				"south": {"uv": [1.25, 9, 4.5, 9.25], "texture": "#texture"},
				"west": {"uv": [8.75, 1.75, 9, 2], "texture": "#texture"},
				"up": {"uv": [1.25, 10.75, 4.5, 10.5], "texture": "#texture"},
				"down": {"uv": [1.25, 9.25, 4.5, 9.5], "texture": "#texture"}
			}
		},
		{
			"name": "Voxels",
			"from": [1, 7, 3.5],
			"to": [7, 7.5, 4],
			"faces": {
				"north": {"uv": [4.25, 3.75, 1.25, 4], "texture": "#texture"},
				"east": {"uv": [9, 3.25, 8.75, 3.5], "texture": "#texture"},
				"south": {"uv": [1.25, 3.5, 4.25, 3.75], "texture": "#texture"},
				"west": {"uv": [8.75, 2.25, 9, 2.5], "texture": "#texture"},
				"up": {"uv": [1.25, 4.25, 4.25, 4], "texture": "#texture"},
				"down": {"uv": [1.25, 4.25, 4.25, 4.5], "texture": "#texture"}
			}
		},
		{
			"name": "Voxels",
			"from": [1, 7, 12.5],
			"to": [7, 7.5, 13],
			"faces": {
				"north": {"uv": [4.25, 2.25, 1.25, 2.5], "texture": "#texture"},
				"east": {"uv": [9, 6.25, 8.75, 6.5], "texture": "#texture"},
				"south": {"uv": [1.25, 2, 4.25, 2.25], "texture": "#texture"},
				"west": {"uv": [8.75, 6, 9, 6.25], "texture": "#texture"},
				"up": {"uv": [1.25, 2.75, 4.25, 2.5], "texture": "#texture"},
				"down": {"uv": [1.25, 2.75, 4.25, 3], "texture": "#texture"}
			}
		},
		{
			"name": "Voxels",
			"from": [1, 7.5, 2.5],
			"to": [7.5, 8, 3],
			"faces": {
				"north": {"uv": [11.25, 11.5, 8, 11.75], "texture": "#texture"},
				"east": {"uv": [9, 6.75, 8.75, 7], "texture": "#texture"},
				"south": {"uv": [1.25, 10.75, 4.5, 11], "texture": "#texture"},
				"west": {"uv": [8.75, 6.5, 9, 6.75], "texture": "#texture"},
				"up": {"uv": [1.25, 8.5, 4.5, 8.25], "texture": "#texture"},
				"down": {"uv": [1.25, 8.5, 4.5, 8.75], "texture": "#texture"}
			}
		},
		{
			"name": "Voxels",
			"from": [1, 7.5, 13.5],
			"to": [7.5, 8, 14],
			"faces": {
				"north": {"uv": [4.5, 11, 1.25, 11.25], "texture": "#texture"},
				"east": {"uv": [15, 7, 14.75, 7.25], "texture": "#texture"},
				"south": {"uv": [11.25, 11.5, 14.5, 11.75], "texture": "#texture"},
				"west": {"uv": [15, 7, 15.25, 7.25], "texture": "#texture"},
				"up": {"uv": [4.75, 11.75, 8, 11.5], "texture": "#texture"},
				"down": {"uv": [1.25, 10, 4.5, 10.25], "texture": "#texture"}
			}
		},
		{
			"name": "Voxels",
			"from": [1.5, 6.5, 3],
			"to": [7.5, 7, 3.5],
			"faces": {
				"north": {"uv": [4.25, 7, 1.25, 7.25], "texture": "#texture"},
				"east": {"uv": [14, 7, 13.75, 7.25], "texture": "#texture"},
				"south": {"uv": [1.25, 6.75, 4.25, 7], "texture": "#texture"},
				"west": {"uv": [14.5, 7, 14.75, 7.25], "texture": "#texture"},
				"up": {"uv": [1.25, 1.75, 4.25, 1.5], "texture": "#texture"},
				"down": {"uv": [1.25, 1.75, 4.25, 2], "texture": "#texture"}
			}
		},
		{
			"name": "Voxels",
			"from": [1.5, 6.5, 13],
			"to": [7.5, 7, 13.5],
			"faces": {
				"north": {"uv": [4.25, 0.5, 1.25, 0.75], "texture": "#texture"},
				"east": {"uv": [12.25, 7, 12, 7.25], "texture": "#texture"},
				"south": {"uv": [1.25, 0.25, 4.25, 0.5], "texture": "#texture"},
				"west": {"uv": [13, 7, 13.25, 7.25], "texture": "#texture"},
				"up": {"uv": [1.25, 8, 4.25, 7.75], "texture": "#texture"},
				"down": {"uv": [1.25, 4.5, 4.25, 4.75], "texture": "#texture"}
			}
		},
		{
			"name": "Voxels",
			"from": [1.5, 7, 1.5],
			"to": [7.5, 7.5, 2],
			"faces": {
				"north": {"uv": [4.25, 5, 1.25, 5.25], "texture": "#texture"},
				"east": {"uv": [10.75, 7, 10.5, 7.25], "texture": "#texture"},
				"south": {"uv": [1.25, 5.75, 4.25, 6], "texture": "#texture"},
				"west": {"uv": [11.75, 7, 12, 7.25], "texture": "#texture"},
				"up": {"uv": [1.25, 1, 4.25, 0.75], "texture": "#texture"},
				"down": {"uv": [1.25, 3.25, 4.25, 3.5], "texture": "#texture"}
			}
		},
		{
			"name": "Voxels",
			"from": [1.5, 7, 14.5],
			"to": [7.5, 7.5, 15],
			"faces": {
				"north": {"uv": [4.25, 7.5, 1.25, 7.75], "texture": "#texture"},
				"east": {"uv": [16, 7.25, 15.75, 7.5], "texture": "#texture"},
				"south": {"uv": [1.25, 8, 4.25, 8.25], "texture": "#texture"},
				"west": {"uv": [10.25, 7, 10.5, 7.25], "texture": "#texture"},
				"up": {"uv": [1.25, 6.5, 4.25, 6.25], "texture": "#texture"},
				"down": {"uv": [1.25, 7.25, 4.25, 7.5], "texture": "#texture"}
			}
		},
		{
			"name": "Voxels",
			"from": [1.5, 7.5, 3],
			"to": [7.5, 8, 3.5],
			"faces": {
				"north": {"uv": [4.25, 5.5, 1.25, 5.75], "texture": "#texture"},
				"east": {"uv": [8.75, 0.75, 8.5, 1], "texture": "#texture"},
				"south": {"uv": [1.25, 3, 4.25, 3.25], "texture": "#texture"},
				"west": {"uv": [8.5, 0, 8.75, 0.25], "texture": "#texture"},
				"up": {"uv": [1.25, 5.5, 4.25, 5.25], "texture": "#texture"},
				"down": {"uv": [1.25, 1.25, 4.25, 1.5], "texture": "#texture"}
			}
		},
		{
			"name": "Voxels",
			"from": [1.5, 7.5, 13],
			"to": [7.5, 8, 13.5],
			"faces": {
				"north": {"uv": [4.25, 1, 1.25, 1.25], "texture": "#texture"},
				"east": {"uv": [8.75, 1.25, 8.5, 1.5], "texture": "#texture"},
				"south": {"uv": [1.25, 6.5, 4.25, 6.75], "texture": "#texture"},
				"west": {"uv": [8.5, 1, 8.75, 1.25], "texture": "#texture"},
				"up": {"uv": [1.25, 5, 4.25, 4.75], "texture": "#texture"},
				"down": {"uv": [1.25, 6, 4.25, 6.25], "texture": "#texture"}
			}
		},
		{
			"name": "Voxels",
			"from": [2, 6.5, 2],
			"to": [7, 7, 2.5],
			"faces": {
				"north": {"uv": [7, 11, 4.5, 11.25], "texture": "#texture"},
				"east": {"uv": [16, 7.5, 15.75, 7.75], "texture": "#texture"},
				"south": {"uv": [12, 11.25, 14.5, 11.5], "texture": "#texture"},
				"west": {"uv": [8.5, 2.5, 8.75, 2.75], "texture": "#texture"},
				"up": {"uv": [7, 11.25, 9.5, 11], "texture": "#texture"},
				"down": {"uv": [9.5, 11, 12, 11.25], "texture": "#texture"}
			}
		},
		{
			"name": "Voxels",
			"from": [2, 6.5, 14],
			"to": [7, 7, 14.5],
			"faces": {
				"north": {"uv": [7, 11.25, 4.5, 11.5], "texture": "#texture"},
				"east": {"uv": [9.5, 6.75, 9.25, 7], "texture": "#texture"},
				"south": {"uv": [1.25, 0, 3.75, 0.25], "texture": "#texture"},
				"west": {"uv": [8.25, 0, 8.5, 0.25], "texture": "#texture"},
				"up": {"uv": [7, 11.5, 9.5, 11.25], "texture": "#texture"},
				"down": {"uv": [9.5, 11.25, 12, 11.5], "texture": "#texture"}
			}
		},
		{
			"name": "Voxels",
			"from": [2, 7, 4],
			"to": [7, 7.5, 4.5],
			"faces": {
				"north": {"uv": [12, 10.5, 9.5, 10.75], "texture": "#texture"},
				"east": {"uv": [7.5, 0, 7.25, 0.25], "texture": "#texture"},
				"south": {"uv": [7, 10.5, 9.5, 10.75], "texture": "#texture"},
				"west": {"uv": [9, 6.75, 9.25, 7], "texture": "#texture"},
				"up": {"uv": [9.5, 10.5, 12, 10.25], "texture": "#texture"},
				"down": {"uv": [12, 11, 14.5, 11.25], "texture": "#texture"}
			}
		},
		{
			"name": "Voxels",
			"from": [2, 7, 12],
			"to": [7, 7.5, 12.5],
			"faces": {
				"north": {"uv": [12, 10.75, 9.5, 11], "texture": "#texture"},
				"east": {"uv": [7.25, 0, 7, 0.25], "texture": "#texture"},
				"south": {"uv": [7, 10.75, 9.5, 11], "texture": "#texture"},
				"west": {"uv": [7.25, 0.25, 7.5, 0.5], "texture": "#texture"},
				"up": {"uv": [12, 11, 14.5, 10.75], "texture": "#texture"},
				"down": {"uv": [4.5, 10.5, 7, 10.75], "texture": "#texture"}
			}
		},
		{
			"name": "Voxels",
			"from": [2, 7.5, 2],
			"to": [7, 8, 2.5],
			"faces": {
				"north": {"uv": [7, 10.25, 4.5, 10.5], "texture": "#texture"},
				"east": {"uv": [8.25, 5, 8, 5.25], "texture": "#texture"},
				"south": {"uv": [7, 10.25, 9.5, 10.5], "texture": "#texture"},
				"west": {"uv": [7, 0.25, 7.25, 0.5], "texture": "#texture"},
				"up": {"uv": [12, 10.75, 14.5, 10.5], "texture": "#texture"},
				"down": {"uv": [4.5, 10.75, 7, 11], "texture": "#texture"}
			}
		},
		{
			"name": "Voxels",
			"from": [2, 7.5, 14],
			"to": [7, 8, 14.5],
			"faces": {
				"north": {"uv": [9.5, 10, 7, 10.25], "texture": "#texture"},
				"east": {"uv": [8.25, 5.25, 8, 5.5], "texture": "#texture"},
				"south": {"uv": [9.5, 10, 12, 10.25], "texture": "#texture"},
				"west": {"uv": [12.25, 7, 12.5, 7.25], "texture": "#texture"},
				"up": {"uv": [4.5, 10.25, 7, 10], "texture": "#texture"},
				"down": {"uv": [12, 10.25, 14.5, 10.5], "texture": "#texture"}
			}
		},
		{
			"name": "Voxels",
			"from": [2.5, 6.5, 3.5],
			"to": [7, 7, 4],
			"faces": {
				"north": {"uv": [15.75, 9.5, 13.5, 9.75], "texture": "#texture"},
				"east": {"uv": [6.75, 4.25, 6.5, 4.5], "texture": "#texture"},
				"south": {"uv": [4.5, 9.25, 6.75, 9.5], "texture": "#texture"},
				"west": {"uv": [15.75, 7.75, 16, 8], "texture": "#texture"},
				"up": {"uv": [11.25, 9.75, 13.5, 9.5], "texture": "#texture"},
				"down": {"uv": [9, 9.75, 11.25, 10], "texture": "#texture"}
			}
		},
		{
			"name": "Voxels",
			"from": [2.5, 6.5, 12.5],
			"to": [7, 7, 13],
			"faces": {
				"north": {"uv": [13.5, 9.25, 11.25, 9.5], "texture": "#texture"},
				"east": {"uv": [6.75, 5.75, 6.5, 6], "texture": "#texture"},
				"south": {"uv": [13.5, 9.25, 15.75, 9.5], "texture": "#texture"},
				"west": {"uv": [6.5, 5.5, 6.75, 5.75], "texture": "#texture"},
				"up": {"uv": [9, 9.5, 11.25, 9.25], "texture": "#texture"},
				"down": {"uv": [6.75, 9.25, 9, 9.5], "texture": "#texture"}
			}
		},
		{
			"name": "Voxels",
			"from": [2.5, 7, 1],
			"to": [7, 7.5, 1.5],
			"faces": {
				"north": {"uv": [6.75, 8.5, 4.5, 8.75], "texture": "#texture"},
				"east": {"uv": [6.75, 6.25, 6.5, 6.5], "texture": "#texture"},
				"south": {"uv": [4.5, 8.25, 6.75, 8.5], "texture": "#texture"},
				"west": {"uv": [8.5, 3.5, 8.75, 3.75], "texture": "#texture"},
				"up": {"uv": [4.5, 9, 6.75, 8.75], "texture": "#texture"},
				"down": {"uv": [4.5, 9, 6.75, 9.25], "texture": "#texture"}
			}
		},
		{
			"name": "Voxels",
			"from": [2.5, 7, 15],
			"to": [7, 7.5, 15.5],
			"faces": {
				"north": {"uv": [6.75, 7.5, 4.5, 7.75], "texture": "#texture"},
				"east": {"uv": [16, 9.75, 15.75, 10], "texture": "#texture"},
				"south": {"uv": [4.5, 7.25, 6.75, 7.5], "texture": "#texture"},
				"west": {"uv": [15.75, 9.5, 16, 9.75], "texture": "#texture"},
				"up": {"uv": [4.5, 8, 6.75, 7.75], "texture": "#texture"},
				"down": {"uv": [4.5, 8, 6.75, 8.25], "texture": "#texture"}
			}
		},
		{
			"name": "Voxels",
			"from": [2.5, 7.5, 3.5],
			"to": [7, 8, 4],
			"faces": {
				"north": {"uv": [9, 9.75, 6.75, 10], "texture": "#texture"},
				"east": {"uv": [4.5, 1, 4.25, 1.25], "texture": "#texture"},
				"south": {"uv": [11.25, 9.75, 13.5, 10], "texture": "#texture"},
				"west": {"uv": [4.25, 0.75, 4.5, 1], "texture": "#texture"},
				"up": {"uv": [4.5, 10, 6.75, 9.75], "texture": "#texture"},
				"down": {"uv": [12, 10, 14.25, 10.25], "texture": "#texture"}
			}
		},
		{
			"name": "Voxels",
			"from": [2.5, 7.5, 12.5],
			"to": [7, 8, 13],
			"faces": {
				"north": {"uv": [9, 9.5, 6.75, 9.75], "texture": "#texture"},
				"east": {"uv": [4.5, 5.75, 4.25, 6], "texture": "#texture"},
				"south": {"uv": [9, 9.5, 11.25, 9.75], "texture": "#texture"},
				"west": {"uv": [4.25, 5.5, 4.5, 5.75], "texture": "#texture"},
				"up": {"uv": [4.5, 9.75, 6.75, 9.5], "texture": "#texture"},
				"down": {"uv": [13.5, 9.75, 15.75, 10], "texture": "#texture"}
			}
		},
		{
			"name": "Voxels",
			"from": [3, 6, 7.5],
			"to": [6, 6.5, 9],
			"faces": {
				"north": {"uv": [11.75, 8, 10.25, 8.25], "texture": "#texture"},
				"east": {"uv": [8.25, 0, 7.5, 0.25], "texture": "#texture"},
				"south": {"uv": [14.5, 10.25, 16, 10.5], "texture": "#texture"},
				"west": {"uv": [7.5, 0.25, 8.25, 0.5], "texture": "#texture"},
				"up": {"uv": [9.25, 14.5, 10.75, 13.75], "texture": "#texture"},
				"down": {"uv": [14.25, 14.5, 15.75, 15.25], "texture": "#texture"}
			}
		},
		{
			"name": "Voxels",
			"from": [3, 6.5, 1.5],
			"to": [6.5, 7, 2],
			"faces": {
				"north": {"uv": [10.25, 8.25, 8.5, 8.5], "texture": "#texture"},
				"east": {"uv": [4.5, 7.25, 4.25, 7.5], "texture": "#texture"},
				"south": {"uv": [12, 8.25, 13.75, 8.5], "texture": "#texture"},
				"west": {"uv": [4.25, 7, 4.5, 7.25], "texture": "#texture"},
				"up": {"uv": [6.75, 8.5, 8.5, 8.25], "texture": "#texture"},
				"down": {"uv": [13.75, 8.5, 15.5, 8.75], "texture": "#texture"}
			}
		},
		{
			"name": "Voxels",
			"from": [3, 6.5, 7],
			"to": [7, 8, 7.5],
			"faces": {
				"north": {"uv": [13.25, 15.25, 11.25, 16], "texture": "#texture"},
				"east": {"uv": [8.5, 4.75, 8.25, 5.5], "texture": "#texture"},
				"south": {"uv": [9.25, 15.25, 11.25, 16], "texture": "#texture"},
				"west": {"uv": [8.25, 5.5, 8.5, 6.25], "texture": "#texture"},
				"up": {"uv": [4.5, 6.75, 6.5, 6.5], "texture": "#texture"},
				"down": {"uv": [4.5, 5.25, 6.5, 5.5], "texture": "#texture"}
			}
		},
		{
			"name": "Voxels",
			"from": [3, 6.5, 9],
			"to": [7, 8, 9.5],
			"faces": {
				"north": {"uv": [15.25, 15.25, 13.25, 16], "texture": "#texture"},
				"east": {"uv": [8.5, 3.25, 8.25, 4], "texture": "#texture"},
				"south": {"uv": [9.25, 14.5, 11.25, 15.25], "texture": "#texture"},
				"west": {"uv": [8.25, 4, 8.5, 4.75], "texture": "#texture"},
				"up": {"uv": [4.5, 7, 6.5, 6.75], "texture": "#texture"},
				"down": {"uv": [4.5, 7, 6.5, 7.25], "texture": "#texture"}
			}
		},
		{
			"name": "Voxels",
			"from": [3, 6.5, 14.5],
			"to": [6.5, 7, 15],
			"faces": {
				"north": {"uv": [15.5, 8.25, 13.75, 8.5], "texture": "#texture"},
				"east": {"uv": [8.75, 4, 8.5, 4.25], "texture": "#texture"},
				"south": {"uv": [14.25, 10, 16, 10.25], "texture": "#texture"},
				"west": {"uv": [8.5, 4.25, 8.75, 4.5], "texture": "#texture"},
				"up": {"uv": [12, 8.75, 13.75, 8.5], "texture": "#texture"},
				"down": {"uv": [6.75, 8, 8.5, 8.25], "texture": "#texture"}
			}
		},
		{
			"name": "Voxels",
			"from": [3, 7, 4.5],
			"to": [7, 7.5, 5],
			"faces": {
				"north": {"uv": [6.5, 5.75, 4.5, 6], "texture": "#texture"},
				"east": {"uv": [4.5, 1.25, 4.25, 1.5], "texture": "#texture"},
				"south": {"uv": [4.5, 5.5, 6.5, 5.75], "texture": "#texture"},
				"west": {"uv": [4.25, 1.5, 4.5, 1.75], "texture": "#texture"},
				"up": {"uv": [4.5, 6.25, 6.5, 6], "texture": "#texture"},
				"down": {"uv": [4.5, 6.25, 6.5, 6.5], "texture": "#texture"}
			}
		},
		{
			"name": "Voxels",
			"from": [3, 7, 11.5],
			"to": [7, 7.5, 12],
			"faces": {
				"north": {"uv": [6.5, 4.75, 4.5, 5], "texture": "#texture"},
				"east": {"uv": [6.75, 7, 6.5, 7.25], "texture": "#texture"},
				"south": {"uv": [4.5, 5, 6.5, 5.25], "texture": "#texture"},
				"west": {"uv": [15.75, 9.25, 16, 9.5], "texture": "#texture"},
				"up": {"uv": [4.5, 4.75, 6.5, 4.5], "texture": "#texture"},
				"down": {"uv": [4.5, 4.25, 6.5, 4.5], "texture": "#texture"}
			}
		},
		{
			"name": "Voxels",
			"from": [3, 7.5, 1.5],
			"to": [6.5, 8, 2],
			"faces": {
				"north": {"uv": [6.25, 1, 4.5, 1.25], "texture": "#texture"},
				"east": {"uv": [6.75, 4.5, 6.5, 4.75], "texture": "#texture"},
				"south": {"uv": [4.5, 1.25, 6.25, 1.5], "texture": "#texture"},
				"west": {"uv": [6.5, 4.75, 6.75, 5], "texture": "#texture"},
				"up": {"uv": [6.75, 9.25, 8.5, 9], "texture": "#texture"},
				"down": {"uv": [8.5, 9, 10.25, 9.25], "texture": "#texture"}
			}
		},
		{
			"name": "Voxels",
			"from": [3, 7.5, 14.5],
			"to": [6.5, 8, 15],
			"faces": {
				"north": {"uv": [6.25, 4, 4.5, 4.25], "texture": "#texture"},
				"east": {"uv": [8.25, 4.5, 8, 4.75], "texture": "#texture"},
				"south": {"uv": [10.25, 8.25, 12, 8.5], "texture": "#texture"},
				"west": {"uv": [8, 4.75, 8.25, 5], "texture": "#texture"},
				"up": {"uv": [4.5, 3, 6.25, 2.75], "texture": "#texture"},
				"down": {"uv": [4.5, 2.5, 6.25, 2.75], "texture": "#texture"}
			}
		},
		{
			"name": "Voxels",
			"from": [3, 8, 7.5],
			"to": [6, 8.5, 9],
			"faces": {
				"north": {"uv": [8.25, 7, 6.75, 7.25], "texture": "#texture"},
				"east": {"uv": [10.75, 7.5, 10, 7.75], "texture": "#texture"},
				"south": {"uv": [11.25, 7.75, 12.75, 8], "texture": "#texture"},
				"west": {"uv": [9.25, 7.5, 10, 7.75], "texture": "#texture"},
				"up": {"uv": [11.25, 15.25, 12.75, 14.5], "texture": "#texture"},
				"down": {"uv": [12.75, 14.5, 14.25, 15.25], "texture": "#texture"}
			}
		},
		{
			"name": "Voxels",
			"from": [3.5, 6, 7],
			"to": [4.5, 6.5, 7.5],
			"faces": {
				"north": {"uv": [16, 8.25, 15.5, 8.5], "texture": "#texture"},
				"east": {"uv": [8.75, 2, 8.5, 2.25], "texture": "#texture"},
				"south": {"uv": [7.75, 4.25, 8.25, 4.5], "texture": "#texture"},
				"west": {"uv": [8.5, 2.25, 8.75, 2.5], "texture": "#texture"},
				"up": {"uv": [6.25, 2, 6.75, 1.75], "texture": "#texture"},
				"down": {"uv": [15.5, 8.5, 16, 8.75], "texture": "#texture"}
			}
		},
		{
			"name": "Voxels",
			"from": [3.5, 6, 9],
			"to": [4.5, 6.5, 9.5],
			"faces": {
				"north": {"uv": [8.25, 3.5, 7.75, 3.75], "texture": "#texture"},
				"east": {"uv": [9, 0, 8.75, 0.25], "texture": "#texture"},
				"south": {"uv": [7.75, 3.25, 8.25, 3.5], "texture": "#texture"},
				"west": {"uv": [8.75, 0.25, 9, 0.5], "texture": "#texture"},
				"up": {"uv": [7.75, 4, 8.25, 3.75], "texture": "#texture"},
				"down": {"uv": [7.75, 4, 8.25, 4.25], "texture": "#texture"}
			}
		},
		{
			"name": "Voxels",
			"from": [3.5, 6.5, 4],
			"to": [7, 7, 4.5],
			"faces": {
				"north": {"uv": [8.5, 8.5, 6.75, 8.75], "texture": "#texture"},
				"east": {"uv": [8.75, 2.75, 8.5, 3], "texture": "#texture"},
				"south": {"uv": [4.5, 0.75, 6.25, 1], "texture": "#texture"},
				"west": {"uv": [8.5, 3.75, 8.75, 4], "texture": "#texture"},
				"up": {"uv": [8.5, 8.75, 10.25, 8.5], "texture": "#texture"},
				"down": {"uv": [10.25, 8.5, 12, 8.75], "texture": "#texture"}
			}
		},
		{
			"name": "Voxels",
			"from": [3.5, 6.5, 12],
			"to": [7, 7, 12.5],
			"faces": {
				"north": {"uv": [12, 8.75, 10.25, 9], "texture": "#texture"},
				"east": {"uv": [8.75, 0.25, 8.5, 0.5], "texture": "#texture"},
				"south": {"uv": [8.5, 8.75, 10.25, 9], "texture": "#texture"},
				"west": {"uv": [8.5, 0.5, 8.75, 0.75], "texture": "#texture"},
				"up": {"uv": [12, 9, 13.75, 8.75], "texture": "#texture"},
				"down": {"uv": [13.75, 8.75, 15.5, 9], "texture": "#texture"}
			}
		},
		{
			"name": "Voxels",
			"from": [3.5, 7, 5],
			"to": [7, 7.5, 5.5],
			"faces": {
				"north": {"uv": [13.75, 9, 12, 9.25], "texture": "#texture"},
				"east": {"uv": [11.75, 7, 11.5, 7.25], "texture": "#texture"},
				"south": {"uv": [10.25, 9, 12, 9.25], "texture": "#texture"},
				"west": {"uv": [10.75, 7, 11, 7.25], "texture": "#texture"},
				"up": {"uv": [13.75, 9.25, 15.5, 9], "texture": "#texture"},
				"down": {"uv": [6.75, 8.75, 8.5, 9], "texture": "#texture"}
			}
		},
		{
			"name": "Voxels",
			"from": [3.5, 7, 11],
			"to": [7, 7.5, 11.5],
			"faces": {
				"north": {"uv": [10.25, 8, 8.5, 8.25], "texture": "#texture"},
				"east": {"uv": [13.75, 7, 13.5, 7.25], "texture": "#texture"},
				"south": {"uv": [4.5, 0.5, 6.25, 0.75], "texture": "#texture"},
				"west": {"uv": [13.25, 7, 13.5, 7.25], "texture": "#texture"},
				"up": {"uv": [4.5, 0.5, 6.25, 0.25], "texture": "#texture"},
				"down": {"uv": [4.5, 0, 6.25, 0.25], "texture": "#texture"}
			}
		},
		{
			"name": "Voxels",
			"from": [3.5, 7.5, 4],
			"to": [7, 8, 4.5],
			"faces": {
				"north": {"uv": [6.25, 2, 4.5, 2.25], "texture": "#texture"},
				"east": {"uv": [15.5, 7, 15.25, 7.25], "texture": "#texture"},
				"south": {"uv": [4.5, 2.25, 6.25, 2.5], "texture": "#texture"},
				"west": {"uv": [6.5, 6, 6.75, 6.25], "texture": "#texture"},
				"up": {"uv": [4.5, 2, 6.25, 1.75], "texture": "#texture"},
				"down": {"uv": [4.5, 1.5, 6.25, 1.75], "texture": "#texture"}
			}
		},
		{
			"name": "Voxels",
			"from": [3.5, 7.5, 12],
			"to": [7, 8, 12.5],
			"faces": {
				"north": {"uv": [6.25, 3.5, 4.5, 3.75], "texture": "#texture"},
				"east": {"uv": [9, 5, 8.75, 5.25], "texture": "#texture"},
				"south": {"uv": [4.5, 3.75, 6.25, 4], "texture": "#texture"},
				"west": {"uv": [8.75, 5.25, 9, 5.5], "texture": "#texture"},
				"up": {"uv": [4.5, 3.5, 6.25, 3.25], "texture": "#texture"},
				"down": {"uv": [4.5, 3, 6.25, 3.25], "texture": "#texture"}
			}
		},
		{
			"name": "Voxels",
			"from": [3.5, 8, 7],
			"to": [4.5, 8.5, 7.5],
			"faces": {
				"north": {"uv": [16, 12, 15.5, 12.25], "texture": "#texture"},
				"east": {"uv": [9, 4.5, 8.75, 4.75], "texture": "#texture"},
				"south": {"uv": [6.25, 4, 6.75, 4.25], "texture": "#texture"},
				"west": {"uv": [8.75, 4.75, 9, 5], "texture": "#texture"},
				"up": {"uv": [6.25, 0.25, 6.75, 0], "texture": "#texture"},
				"down": {"uv": [6.25, 0.25, 6.75, 0.5], "texture": "#texture"}
			}
		},
		{
			"name": "Voxels",
			"from": [3.5, 8, 9],
			"to": [4.5, 8.5, 9.5],
			"faces": {
				"north": {"uv": [6.75, 2.75, 6.25, 3], "texture": "#texture"},
				"east": {"uv": [9, 3.5, 8.75, 3.75], "texture": "#texture"},
				"south": {"uv": [6.25, 2.5, 6.75, 2.75], "texture": "#texture"},
				"west": {"uv": [8.75, 3.75, 9, 4], "texture": "#texture"},
				"up": {"uv": [6.25, 3.25, 6.75, 3], "texture": "#texture"},
				"down": {"uv": [6.25, 3.25, 6.75, 3.5], "texture": "#texture"}
			}
		},
		{
			"name": "Voxels",
			"from": [4, 6.5, 4.5],
			"to": [7, 7, 5],
			"faces": {
				"north": {"uv": [16, 10.5, 14.5, 10.75], "texture": "#texture"},
				"east": {"uv": [1.25, 10.25, 1, 10.5], "texture": "#texture"},
				"south": {"uv": [9.75, 7.75, 11.25, 8], "texture": "#texture"},
				"west": {"uv": [8.75, 1.5, 9, 1.75], "texture": "#texture"},
				"up": {"uv": [14.5, 11.75, 16, 11.5], "texture": "#texture"},
				"down": {"uv": [14.5, 11, 16, 11.25], "texture": "#texture"}
			}
		},
		{
			"name": "Voxels",
			"from": [4, 6.5, 6],
			"to": [6.5, 8, 7],
			"faces": {
				"north": {"uv": [1.25, 11.5, 0, 12.25], "texture": "#texture"},
				"east": {"uv": [0.5, 7.75, 0, 8.5], "texture": "#texture"},
				"south": {"uv": [13.75, 13.75, 15, 14.5], "texture": "#texture"},
				"west": {"uv": [0.5, 4.75, 1, 5.5], "texture": "#texture"},
				"up": {"uv": [0, 11.5, 1.25, 11], "texture": "#texture"},
				"down": {"uv": [0, 10.5, 1.25, 11], "texture": "#texture"}
			}
		},
		{
			"name": "Voxels",
			"from": [4, 6.5, 9.5],
			"to": [7, 8, 10],
			"faces": {
				"north": {"uv": [13.75, 13.75, 12.25, 14.5], "texture": "#texture"},
				"east": {"uv": [8.5, 1.75, 8.25, 2.5], "texture": "#texture"},
				"south": {"uv": [10.75, 13.75, 12.25, 14.5], "texture": "#texture"},
				"west": {"uv": [8.25, 2.5, 8.5, 3.25], "texture": "#texture"},
				"up": {"uv": [14.5, 11, 16, 10.75], "texture": "#texture"},
				"down": {"uv": [14.5, 11.25, 16, 11.5], "texture": "#texture"}
			}
		},
		{
			"name": "Voxels",
			"from": [4, 6.5, 10],
			"to": [6.5, 8, 10.5],
			"faces": {
				"north": {"uv": [15.75, 13, 14.5, 13.75], "texture": "#texture"},
				"east": {"uv": [8.5, 0.25, 8.25, 1], "texture": "#texture"},
				"south": {"uv": [13.25, 13, 14.5, 13.75], "texture": "#texture"},
				"west": {"uv": [8.25, 1, 8.5, 1.75], "texture": "#texture"},
				"up": {"uv": [0, 2.25, 1.25, 2], "texture": "#texture"},
				"down": {"uv": [0, 3.75, 1.25, 4], "texture": "#texture"}
			}
		},
		{
			"name": "Voxels",
			"from": [4, 6.5, 11.5],
			"to": [7, 7, 12],
			"faces": {
				"north": {"uv": [8.25, 6, 6.75, 6.25], "texture": "#texture"},
				"east": {"uv": [4.5, 4, 4.25, 4.25], "texture": "#texture"},
				"south": {"uv": [11.75, 8, 13.25, 8.25], "texture": "#texture"},
				"west": {"uv": [4.25, 4.25, 4.5, 4.5], "texture": "#texture"},
				"up": {"uv": [6.75, 6.5, 8.25, 6.25], "texture": "#texture"},
				"down": {"uv": [6.75, 6.5, 8.25, 6.75], "texture": "#texture"}
			}
		},
		{
			"name": "Voxels",
			"from": [4, 7, 0.5],
			"to": [6.5, 7.5, 1],
			"faces": {
				"north": {"uv": [1.25, 4, 0, 4.25], "texture": "#texture"},
				"east": {"uv": [9, 3, 8.75, 3.25], "texture": "#texture"},
				"south": {"uv": [6.75, 4.5, 8, 4.75], "texture": "#texture"},
				"west": {"uv": [4.25, 2.75, 4.5, 3], "texture": "#texture"},
				"up": {"uv": [6.75, 5, 8, 4.75], "texture": "#texture"},
				"down": {"uv": [6.75, 5.75, 8, 6], "texture": "#texture"}
			}
		},
		{
			"name": "Voxels",
			"from": [4, 7, 5.5],
			"to": [6.5, 7.5, 6],
			"faces": {
				"north": {"uv": [1.25, 3.5, 0, 3.75], "texture": "#texture"},
				"east": {"uv": [4.5, 2.25, 4.25, 2.5], "texture": "#texture"},
				"south": {"uv": [0, 3.25, 1.25, 3.5], "texture": "#texture"},
				"west": {"uv": [4.25, 2.5, 4.5, 2.75], "texture": "#texture"},
				"up": {"uv": [0, 4.5, 1.25, 4.25], "texture": "#texture"},
				"down": {"uv": [0, 4.5, 1.25, 4.75], "texture": "#texture"}
			}
		},
		{
			"name": "Voxels",
			"from": [4, 7, 10.5],
			"to": [6.5, 7.5, 11],
			"faces": {
				"north": {"uv": [1.25, 2.5, 0, 2.75], "texture": "#texture"},
				"east": {"uv": [4.5, 1.75, 4.25, 2], "texture": "#texture"},
				"south": {"uv": [0, 2.25, 1.25, 2.5], "texture": "#texture"},
				"west": {"uv": [4.25, 2, 4.5, 2.25], "texture": "#texture"},
				"up": {"uv": [0, 3, 1.25, 2.75], "texture": "#texture"},
				"down": {"uv": [0, 3, 1.25, 3.25], "texture": "#texture"}
			}
		},
		{
			"name": "Voxels",
			"from": [4, 7, 15.5],
			"to": [6.5, 7.5, 16],
			"faces": {
				"north": {"uv": [1.25, 1.25, 0, 1.5], "texture": "#texture"},
				"east": {"uv": [4.5, 0.25, 4.25, 0.5], "texture": "#texture"},
				"south": {"uv": [0, 1.5, 1.25, 1.75], "texture": "#texture"},
				"west": {"uv": [4.25, 0.5, 4.5, 0.75], "texture": "#texture"},
				"up": {"uv": [14.75, 8.25, 16, 8], "texture": "#texture"},
				"down": {"uv": [0, 1.75, 1.25, 2], "texture": "#texture"}
			}
		},
		{
			"name": "Voxels",
			"from": [4, 7.5, 4.5],
			"to": [7, 8, 5],
			"faces": {
				"north": {"uv": [14.25, 7.75, 12.75, 8], "texture": "#texture"},
				"east": {"uv": [6.75, 6.5, 6.5, 6.75], "texture": "#texture"},
				"south": {"uv": [14.25, 7.75, 15.75, 8], "texture": "#texture"},
				"west": {"uv": [6.5, 6.75, 6.75, 7], "texture": "#texture"},
				"up": {"uv": [8.25, 8, 9.75, 7.75], "texture": "#texture"},
				"down": {"uv": [6.75, 7.75, 8.25, 8], "texture": "#texture"}
			}
		},
		{
			"name": "Voxels",
			"from": [4, 7.5, 11.5],
			"to": [7, 8, 12],
			"faces": {
				"north": {"uv": [8.25, 7.25, 6.75, 7.5], "texture": "#texture"},
				"east": {"uv": [6.75, 5, 6.5, 5.25], "texture": "#texture"},
				"south": {"uv": [6.75, 6.75, 8.25, 7], "texture": "#texture"},
				"west": {"uv": [6.5, 5.25, 6.75, 5.5], "texture": "#texture"},
				"up": {"uv": [13.25, 8.25, 14.75, 8], "texture": "#texture"},
				"down": {"uv": [6.75, 7.5, 8.25, 7.75], "texture": "#texture"}
			}
		},
		{
			"name": "Voxels",
			"from": [4.5, 6.5, 5],
			"to": [7, 7, 5.5],
			"faces": {
				"north": {"uv": [1.25, 0.5, 0, 0.75], "texture": "#texture"},
				"east": {"uv": [8.25, 5.5, 8, 5.75], "texture": "#texture"},
				"south": {"uv": [0, 0.25, 1.25, 0.5], "texture": "#texture"},
				"west": {"uv": [8, 5.75, 8.25, 6], "texture": "#texture"},
				"up": {"uv": [0, 1, 1.25, 0.75], "texture": "#texture"},
				"down": {"uv": [0, 1, 1.25, 1.25], "texture": "#texture"}
			}
		},
		{
			"name": "Voxels",
			"from": [4.5, 6.5, 5.5],
			"to": [6.5, 7, 6],
			"faces": {
				"north": {"uv": [7.75, 4, 6.75, 4.25], "texture": "#texture"},
				"east": {"uv": [7, 0, 6.75, 0.25], "texture": "#texture"},
				"south": {"uv": [6.75, 3.75, 7.75, 4], "texture": "#texture"},
				"west": {"uv": [6.75, 0.25, 7, 0.5], "texture": "#texture"},
				"up": {"uv": [6.75, 4.5, 7.75, 4.25], "texture": "#texture"},
				"down": {"uv": [15, 12.25, 16, 12.5], "texture": "#texture"}
			}
		},
		{
			"name": "Voxels",
			"from": [4.5, 6.5, 10.5],
			"to": [6.5, 7, 11.5],
			"faces": {
				"north": {"uv": [7.75, 2.5, 6.75, 2.75], "texture": "#texture"},
				"east": {"uv": [16, 8.75, 15.5, 9], "texture": "#texture"},
				"south": {"uv": [6.75, 2.25, 7.75, 2.5], "texture": "#texture"},
				"west": {"uv": [15.5, 9, 16, 9.25], "texture": "#texture"},
				"up": {"uv": [0, 10, 1, 9.5], "texture": "#texture"},
				"down": {"uv": [0, 10, 1, 10.5], "texture": "#texture"}
			}
		},
		{
			"name": "Voxels",
			"from": [4.5, 7.5, 5],
			"to": [7, 8, 5.5],
			"faces": {
				"north": {"uv": [8, 5, 6.75, 5.25], "texture": "#texture"},
				"east": {"uv": [8.75, 3, 8.5, 3.25], "texture": "#texture"},
				"south": {"uv": [0, 0, 1.25, 0.25], "texture": "#texture"},
				"west": {"uv": [8.5, 3.25, 8.75, 3.5], "texture": "#texture"},
				"up": {"uv": [6.75, 5.5, 8, 5.25], "texture": "#texture"},
				"down": {"uv": [6.75, 5.5, 8, 5.75], "texture": "#texture"}
			}
		},
		{
			"name": "Voxels",
			"from": [4.5, 7.5, 5.5],
			"to": [6.5, 8, 6],
			"faces": {
				"north": {"uv": [7.75, 3, 6.75, 3.25], "texture": "#texture"},
				"east": {"uv": [8.75, 1.5, 8.5, 1.75], "texture": "#texture"},
				"south": {"uv": [6.75, 2.75, 7.75, 3], "texture": "#texture"},
				"west": {"uv": [8.5, 1.75, 8.75, 2], "texture": "#texture"},
				"up": {"uv": [6.75, 3.5, 7.75, 3.25], "texture": "#texture"},
				"down": {"uv": [6.75, 3.5, 7.75, 3.75], "texture": "#texture"}
			}
		},
		{
			"name": "Voxels",
			"from": [4.5, 7.5, 10.5],
			"to": [6.5, 8, 11.5],
			"faces": {
				"north": {"uv": [7.75, 2, 6.75, 2.25], "texture": "#texture"},
				"east": {"uv": [8.25, 2.75, 7.75, 3], "texture": "#texture"},
				"south": {"uv": [6.75, 1.75, 7.75, 2], "texture": "#texture"},
				"west": {"uv": [7.75, 3, 8.25, 3.25], "texture": "#texture"},
				"up": {"uv": [0, 9, 1, 8.5], "texture": "#texture"},
				"down": {"uv": [0, 9, 1, 9.5], "texture": "#texture"}
			}
		},
		{
			"name": "Voxels",
			"from": [5.5, 6, 7],
			"to": [6.5, 6.5, 7.5],
			"faces": {
				"north": {"uv": [8.25, 2, 7.75, 2.25], "texture": "#texture"},
				"east": {"uv": [11.5, 7, 11.25, 7.25], "texture": "#texture"},
				"south": {"uv": [7.75, 1.75, 8.25, 2], "texture": "#texture"},
				"west": {"uv": [11, 7, 11.25, 7.25], "texture": "#texture"},
				"up": {"uv": [7.75, 2.5, 8.25, 2.25], "texture": "#texture"},
				"down": {"uv": [7.75, 2.5, 8.25, 2.75], "texture": "#texture"}
			}
		},
		{
			"name": "Voxels",
			"from": [5.5, 6, 9],
			"to": [6.5, 6.5, 9.5],
			"faces": {
				"north": {"uv": [12.25, 7.5, 11.75, 7.75], "texture": "#texture"},
				"east": {"uv": [13, 7, 12.75, 7.25], "texture": "#texture"},
				"south": {"uv": [12.25, 7.5, 12.75, 7.75], "texture": "#texture"},
				"west": {"uv": [12.5, 7, 12.75, 7.25], "texture": "#texture"},
				"up": {"uv": [11.25, 7.75, 11.75, 7.5], "texture": "#texture"},
				"down": {"uv": [10.75, 7.5, 11.25, 7.75], "texture": "#texture"}
			}
		},
		{
			"name": "Voxels",
			"from": [5.5, 8, 7],
			"to": [6.5, 8.5, 7.5],
			"faces": {
				"north": {"uv": [14.25, 7.5, 13.75, 7.75], "texture": "#texture"},
				"east": {"uv": [14.5, 7, 14.25, 7.25], "texture": "#texture"},
				"south": {"uv": [14.25, 7.5, 14.75, 7.75], "texture": "#texture"},
				"west": {"uv": [14, 7, 14.25, 7.25], "texture": "#texture"},
				"up": {"uv": [13.25, 7.75, 13.75, 7.5], "texture": "#texture"},
				"down": {"uv": [12.75, 7.5, 13.25, 7.75], "texture": "#texture"}
			}
		},
		{
			"name": "Voxels",
			"from": [5.5, 8, 9],
			"to": [6.5, 8.5, 9.5],
			"faces": {
				"north": {"uv": [9.25, 7.25, 8.75, 7.5], "texture": "#texture"},
				"east": {"uv": [16, 7, 15.75, 7.25], "texture": "#texture"},
				"south": {"uv": [9.25, 7.25, 9.75, 7.5], "texture": "#texture"},
				"west": {"uv": [15.5, 7, 15.75, 7.25], "texture": "#texture"},
				"up": {"uv": [15.25, 7.75, 15.75, 7.5], "texture": "#texture"},
				"down": {"uv": [14.75, 7.5, 15.25, 7.75], "texture": "#texture"}
			}
		},
		{
			"name": "Voxels",
			"from": [6, 6, 6.5],
			"to": [7, 6.5, 7],
			"faces": {
				"north": {"uv": [11.25, 7.25, 10.75, 7.5], "texture": "#texture"},
				"east": {"uv": [9, 5.5, 8.75, 5.75], "texture": "#texture"},
				"south": {"uv": [11.25, 7.25, 11.75, 7.5], "texture": "#texture"},
				"west": {"uv": [8.75, 5.75, 9, 6], "texture": "#texture"},
				"up": {"uv": [10.25, 7.5, 10.75, 7.25], "texture": "#texture"},
				"down": {"uv": [9.75, 7.25, 10.25, 7.5], "texture": "#texture"}
			}
		},
		{
			"name": "Voxels",
			"from": [6, 6, 9.5],
			"to": [7, 6.5, 10],
			"faces": {
				"north": {"uv": [13.25, 7.25, 12.75, 7.5], "texture": "#texture"},
				"east": {"uv": [9, 4, 8.75, 4.25], "texture": "#texture"},
				"south": {"uv": [13.25, 7.25, 13.75, 7.5], "texture": "#texture"},
				"west": {"uv": [8.75, 4.25, 9, 4.5], "texture": "#texture"},
				"up": {"uv": [12.25, 7.5, 12.75, 7.25], "texture": "#texture"},
				"down": {"uv": [11.75, 7.25, 12.25, 7.5], "texture": "#texture"}
			}
		},
		{
			"name": "Voxels",
			"from": [6, 8, 6.5],
			"to": [7, 8.5, 7],
			"faces": {
				"north": {"uv": [15.25, 7.25, 14.75, 7.5], "texture": "#texture"},
				"east": {"uv": [9, 2.5, 8.75, 2.75], "texture": "#texture"},
				"south": {"uv": [6.25, 2.25, 6.75, 2.5], "texture": "#texture"},
				"west": {"uv": [8.75, 2.75, 9, 3], "texture": "#texture"},
				"up": {"uv": [14.25, 7.5, 14.75, 7.25], "texture": "#texture"},
				"down": {"uv": [13.75, 7.25, 14.25, 7.5], "texture": "#texture"}
			}
		},
		{
			"name": "Voxels",
			"from": [6, 8, 9.5],
			"to": [7, 8.5, 10],
			"faces": {
				"north": {"uv": [9.75, 7, 9.25, 7.25], "texture": "#texture"},
				"east": {"uv": [9, 1, 8.75, 1.25], "texture": "#texture"},
				"south": {"uv": [9.75, 7, 10.25, 7.25], "texture": "#texture"},
				"west": {"uv": [8.75, 1.25, 9, 1.5], "texture": "#texture"},
				"up": {"uv": [8.75, 7.25, 9.25, 7], "texture": "#texture"},
				"down": {"uv": [15.25, 7.25, 15.75, 7.5], "texture": "#texture"}
			}
		},
		{
			"name": "Voxels",
			"from": [6.5, 6.5, 6.5],
			"to": [7, 8, 7],
			"faces": {
				"north": {"uv": [8.75, 6.75, 8.5, 7.5], "texture": "#texture"},
				"east": {"uv": [8.75, 4.5, 8.5, 5.25], "texture": "#texture"},
				"south": {"uv": [8.5, 6, 8.75, 6.75], "texture": "#texture"},
				"west": {"uv": [8.5, 5.25, 8.75, 6], "texture": "#texture"},
				"up": {"uv": [8.75, 0.75, 9, 0.5], "texture": "#texture"},
				"down": {"uv": [8.75, 0.75, 9, 1], "texture": "#texture"}
			}
		},
		{
			"name": "Voxels",
			"from": [6.5, 6.5, 11],
			"to": [7, 7, 11.5],
			"faces": {
				"north": {"uv": [10.25, 6.75, 10, 7], "texture": "#texture"},
				"east": {"uv": [11, 6.75, 10.75, 7], "texture": "#texture"},
				"south": {"uv": [10.25, 6.75, 10.5, 7], "texture": "#texture"},
				"west": {"uv": [10.5, 6.75, 10.75, 7], "texture": "#texture"},
				"up": {"uv": [9.75, 7, 10, 6.75], "texture": "#texture"},
				"down": {"uv": [9.5, 6.75, 9.75, 7], "texture": "#texture"}
			}
		},
		{
			"name": "Voxels",
			"from": [6.5, 7.5, 11],
			"to": [7, 8, 11.5],
			"faces": {
				"north": {"uv": [11.75, 6.75, 11.5, 7], "texture": "#texture"},
				"east": {"uv": [12.5, 6.75, 12.25, 7], "texture": "#texture"},
				"south": {"uv": [11.75, 6.75, 12, 7], "texture": "#texture"},
				"west": {"uv": [12, 6.75, 12.25, 7], "texture": "#texture"},
				"up": {"uv": [11.25, 7, 11.5, 6.75], "texture": "#texture"},
				"down": {"uv": [11, 6.75, 11.25, 7], "texture": "#texture"}
			}
		}
	],
	"display": {
		"thirdperson_righthand": {
			"rotation": [-169, 5, -88],
			"translation": [0.6959, 13.214, 5.5756],
			"scale": [1, 0.9, 0.9]
		},
		"thirdperson_lefthand": {
			"rotation": [14, 5, -88],
			"translation": [0.6959, 13.214, 5.5756],
			"scale": [1, 0.9, 0.9]
		},
		"firstperson_righthand": {
			"rotation": [-31, -180, 92],
			"translation": [1.3913, 8.3478, 0],
			"scale": [0.6, 0.6, 0.6]
		},
		"firstperson_lefthand": {
			"rotation": [155, 2, 92],
			"translation": [1.3913, 8.3478, 0],
			"scale": [0.6, 0.6, 0.6]
		},
		"ground": {
			"rotation": [-27, -13, -74],
			"translation": [0, -0.694, 0],
			"scale": [0.8, 0.8, 0.8]
		},
		"gui": {
			"rotation": [70, 66, 0],
			"translation": [2.0868, 5.565, 0],
			"scale": [0.7, 0.7, 0.7]
		},
		"fixed": {
			"rotation": [-89, -119, 0],
			"translation": [-3.478, 6.9565, -1],
			"scale": [0.9, 0.9, 0.9]
		}
	}
}