{
	"credit": "Made with Blockbench",
	"textures": {
		"texture": "item/diamond_sword/7"
	},
	"elements": [
		{
			"from": [6.5, 0, 11.5],
			"to": [8.5, 13.5, 12],
			"faces": {
				"north": {"uv": [2, 0, 0, 13.5], "texture": "#texture"},
				"east": {"uv": [1, 0, 1.5, 13.5], "texture": "#texture"},
				"south": {"uv": [0, 0, 2, 13.5], "texture": "#texture"},
				"west": {"uv": [1, 0, 0.5, 13.5], "texture": "#texture"}
			}
		},
		{
			"from": [6, 13.5, 10.5],
			"to": [9, 19.5, 13],
			"faces": {
				"north": {"uv": [5.5, 6, 2.5, 12], "texture": "#texture", "cullface": "up"},
				"east": {"uv": [3, 0, 5.5, 2.5], "texture": "#texture", "cullface": "up"},
				"south": {"uv": [2.5, 6, 5.5, 12], "texture": "#texture", "cullface": "up"},
				"west": {"uv": [9, 4, 10.5, 9], "texture": "#texture", "cullface": "up"},
				"up": {"uv": [9, 5.5, 12, 8], "texture": "#texture", "cullface": "up"},
				"down": {"uv": [9, 5.5, 12, 8], "texture": "#texture", "cullface": "up"}
			}
		},
		{
			"from": [6.5, 19.5, 11],
			"to": [9, 21, 12.5],
			"faces": {
				"north": {"uv": [5.5, 4.5, 3, 6], "texture": "#texture", "cullface": "up"},
				"east": {"uv": [5, 4.5, 3.5, 5], "texture": "#texture", "cullface": "up"},
				"south": {"uv": [3, 4.5, 5.5, 6], "texture": "#texture", "cullface": "up"},
				"west": {"uv": [3, 4.5, 4.5, 5], "texture": "#texture", "cullface": "up"},
				"up": {"uv": [8, 7.5, 10.5, 9], "texture": "#texture", "cullface": "up"}
			}
		},
		{
			"from": [7, 21, 11.25],
			"to": [8.5, 22, 12.25],
			"faces": {
				"north": {"uv": [5, 3.5, 3.5, 4.5], "texture": "#texture", "cullface": "up"},
				"east": {"uv": [5, 4.5, 3.5, 5], "texture": "#texture", "cullface": "up"},
				"south": {"uv": [3.5, 3.5, 5, 4.5], "texture": "#texture", "cullface": "up"},
				"west": {"uv": [3, 4.5, 4.5, 6], "texture": "#texture", "cullface": "up"},
				"up": {"uv": [4, 4.5, 5.5, 6], "texture": "#texture", "cullface": "up"}
			}
		},
		{
			"from": [7.5, 22, 11.5],
			"to": [8, 22.5, 12],
			"faces": {
				"north": {"uv": [4.5, 3.5, 5, 4], "texture": "#texture", "cullface": "up"},
				"east": {"uv": [5, 4.5, 3.5, 5], "texture": "#texture", "cullface": "up"},
				"south": {"uv": [4.5, 3.5, 5, 4], "texture": "#texture", "cullface": "up"},
				"west": {"uv": [3.5, 4.5, 5, 5], "texture": "#texture", "cullface": "up"},
				"up": {"uv": [12, 8, 12.5, 9.5], "texture": "#texture", "cullface": "up"}
			}
		},
		{
			"from": [1.5, 18.5, 11],
			"to": [6, 19, 12.5],
			"faces": {
				"north": {"uv": [10.5, 11, 6, 11.5], "texture": "#texture", "cullface": "up"},
				"south": {"uv": [6, 11, 10.5, 11.5], "texture": "#texture", "cullface": "up"},
				"west": {"uv": [8, 8, 9.5, 8.5], "texture": "#texture", "cullface": "up"},
				"up": {"uv": [13.5, 6, 9, 7.5], "texture": "#texture", "cullface": "up"},
				"down": {"uv": [9, 6, 13.5, 7.5], "texture": "#texture", "cullface": "up"}
			}
		},
		{
			"from": [2, 18, 11],
			"to": [6, 18.5, 12.5],
			"faces": {
				"north": {"uv": [10.5, 11.5, 6.5, 12], "texture": "#texture", "cullface": "up"},
				"south": {"uv": [6.5, 11.5, 10.5, 12], "texture": "#texture", "cullface": "up"},
				"west": {"uv": [8, 8, 9.5, 8.5], "texture": "#texture", "cullface": "up"},
				"down": {"uv": [9.5, 6, 13.5, 7.5], "texture": "#texture", "cullface": "up"}
			}
		},
		{
			"from": [2.5, 17.5, 11],
			"to": [6, 18, 12.5],
			"faces": {
				"north": {"uv": [10.5, 12, 7, 12.5], "texture": "#texture", "cullface": "up"},
				"south": {"uv": [7, 12, 10.5, 12.5], "texture": "#texture", "cullface": "up"},
				"west": {"uv": [8, 8, 9.5, 8.5], "texture": "#texture", "cullface": "up"},
				"down": {"uv": [10, 6, 13.5, 7.5], "texture": "#texture", "cullface": "up"}
			}
		},
		{
			"from": [3, 17, 11],
			"to": [6, 17.5, 12.5],
			"faces": {
				"north": {"uv": [10.5, 12.5, 7.5, 13], "texture": "#texture", "cullface": "up"},
				"south": {"uv": [7.5, 12.5, 10.5, 13], "texture": "#texture", "cullface": "up"},
				"west": {"uv": [8.5, 8, 10, 8.5], "texture": "#texture", "cullface": "up"},
				"down": {"uv": [13.5, 7.5, 10.5, 6], "texture": "#texture", "cullface": "up"}
			}
		},
		{
			"from": [3.5, 16.5, 11],
			"to": [6, 17, 12.5],
			"faces": {
				"north": {"uv": [10.5, 13, 8, 13.5], "texture": "#texture", "cullface": "up"},
				"south": {"uv": [8, 13, 10.5, 13.5], "texture": "#texture", "cullface": "up"},
				"west": {"uv": [8, 8, 9.5, 8.5], "texture": "#texture", "cullface": "up"},
				"down": {"uv": [7.5, 7.5, 10, 9], "texture": "#texture", "cullface": "up"}
			}
		},
		{
			"from": [4, 16, 11],
			"to": [6, 16.5, 12.5],
			"faces": {
				"north": {"uv": [10.5, 13.5, 8.5, 14], "texture": "#texture", "cullface": "up"},
				"south": {"uv": [8.5, 13.5, 10.5, 14], "texture": "#texture", "cullface": "up"},
				"west": {"uv": [8, 8, 9.5, 8.5], "texture": "#texture", "cullface": "up"},
				"down": {"uv": [7.5, 7.5, 9.5, 9], "texture": "#texture", "cullface": "up"}
			}
		},
		{
			"from": [4.5, 15.5, 11],
			"to": [6, 16, 12.5],
			"faces": {
				"north": {"uv": [10.5, 14, 9, 14.5], "texture": "#texture"},
				"south": {"uv": [9, 14, 10.5, 14.5], "texture": "#texture"},
				"west": {"uv": [8, 8, 9.5, 8.5], "texture": "#texture"},
				"down": {"uv": [9, 5.5, 10.5, 7], "texture": "#texture"}
			}
		},
		{
			"from": [5, 15, 11],
			"to": [6, 15.5, 12.5],
			"faces": {
				"north": {"uv": [10.5, 14.5, 9.5, 15], "texture": "#texture"},
				"south": {"uv": [9.5, 14.5, 10.5, 15], "texture": "#texture"},
				"west": {"uv": [8, 8, 9.5, 8.5], "texture": "#texture"},
				"down": {"uv": [9.5, 11.5, 10.5, 13], "texture": "#texture"}
			}
		},
		{
			"from": [5.5, 14.5, 11],
			"to": [6, 15, 12.5],
			"faces": {
				"north": {"uv": [10.5, 15, 10, 15.5], "texture": "#texture"},
				"south": {"uv": [10, 15, 10.5, 15.5], "texture": "#texture"},
				"west": {"uv": [8, 8, 9.5, 8.5], "texture": "#texture"},
				"down": {"uv": [10, 14, 10.5, 15.5], "texture": "#texture"}
			}
		},
		{
			"from": [9, 14.5, 11],
			"to": [10.5, 19, 12.5],
			"faces": {
				"north": {"uv": [9, 4.5, 7.5, 9], "texture": "#texture", "cullface": "up"},
				"east": {"uv": [9, 5.5, 10.5, 7], "texture": "#texture", "cullface": "up"},
				"south": {"uv": [7.5, 4.5, 9, 9], "texture": "#texture", "cullface": "up"},
				"up": {"uv": [11, 6, 9.5, 7.5], "texture": "#texture", "cullface": "up"},
				"down": {"uv": [11, 6, 9.5, 7.5], "texture": "#texture", "cullface": "up"}
			}
		},
		{
			"from": [10.5, 15, 11],
			"to": [11.5, 18.5, 12.5],
			"faces": {
				"north": {"uv": [10, 5, 9, 8.5], "texture": "#texture", "cullface": "up"},
				"east": {"uv": [9, 6, 10.5, 7], "texture": "#texture", "cullface": "up"},
				"south": {"uv": [9, 5, 10, 8.5], "texture": "#texture", "cullface": "up"},
				"up": {"uv": [9, 6, 10, 7.5], "texture": "#texture", "cullface": "up"},
				"down": {"uv": [9, 6, 10, 7.5], "texture": "#texture", "cullface": "up"}
			}
		},
		{
			"from": [9, 14, 11.5],
			"to": [11, 15, 12],
			"faces": {
				"north": {"uv": [9.5, 8.5, 7.5, 9.5], "texture": "#texture"},
				"south": {"uv": [7.5, 8.5, 9.5, 9.5], "texture": "#texture"},
				"up": {"uv": [7.5, 8.5, 9.5, 9], "texture": "#texture"},
				"down": {"uv": [9.5, 9.5, 7.5, 9], "texture": "#texture"}
			}
		},
		{
			"from": [9, 18.5, 11.5],
			"to": [11.5, 19.5, 12],
			"faces": {
				"north": {"uv": [10, 4, 7.5, 5], "texture": "#texture", "cullface": "up"},
				"south": {"uv": [7.5, 4, 10, 5], "texture": "#texture", "cullface": "up"},
				"up": {"uv": [7.5, 4, 10, 4.5], "texture": "#texture", "cullface": "up"},
				"down": {"uv": [7.5, 4.5, 10, 5], "texture": "#texture", "cullface": "up"}
			}
		},
		{
			"from": [11.5, 15, 11.5],
			"to": [12, 20, 12],
			"faces": {
				"north": {"uv": [10.5, 3.5, 10, 8.5], "texture": "#texture", "cullface": "up"},
				"south": {"uv": [10, 3.5, 10.5, 8.5], "texture": "#texture", "cullface": "up"},
				"west": {"uv": [10, 3.5, 10.5, 8.5], "texture": "#texture", "cullface": "up"},
				"up": {"uv": [10, 3.5, 10.5, 4], "texture": "#texture", "cullface": "up"}
			}
		},
		{
			"from": [12, 13, 11.5],
			"to": [13, 20.5, 12],
			"faces": {
				"north": {"uv": [11.5, 3, 10.5, 10.5], "texture": "#texture", "cullface": "up"},
				"south": {"uv": [10.5, 3, 11.5, 10.5], "texture": "#texture", "cullface": "up"},
				"west": {"uv": [11.5, 3, 11, 10.5], "texture": "#texture", "cullface": "up"},
				"up": {"uv": [11, 4.5, 12, 5], "texture": "#texture", "cullface": "up"},
				"down": {"uv": [8.5, 5, 9.5, 5.5], "texture": "#texture", "cullface": "up"}
			}
		},
		{
			"from": [11, 13.5, 11.5],
			"to": [12, 15, 12],
			"faces": {
				"north": {"uv": [10.5, 8.5, 9.5, 10], "texture": "#texture"},
				"south": {"uv": [9.5, 8.5, 10.5, 10], "texture": "#texture"},
				"west": {"uv": [10, 8.5, 10.5, 10], "texture": "#texture"},
				"up": {"uv": [9.5, 9, 10.5, 9.5], "texture": "#texture"},
				"down": {"uv": [10.5, 10, 9.5, 9.5], "texture": "#texture"}
			}
		},
		{
			"from": [12.5, 12.5, 11.5],
			"to": [13, 13, 12],
			"faces": {
				"north": {"uv": [11, 10.5, 11.5, 11], "texture": "#texture"},
				"south": {"uv": [11, 10.5, 11.5, 11], "texture": "#texture"},
				"west": {"uv": [11, 10.5, 11.5, 11], "texture": "#texture"},
				"down": {"uv": [11, 10.5, 11.5, 11], "texture": "#texture"}
			}
		},
		{
			"from": [13, 12, 11.5],
			"to": [13.5, 21, 12],
			"faces": {
				"north": {"uv": [12, 2.5, 11.5, 11.5], "texture": "#texture", "cullface": "up"},
				"south": {"uv": [11.5, 2.5, 12, 11.5], "texture": "#texture", "cullface": "up"},
				"west": {"uv": [12, 2.5, 11.5, 11.5], "texture": "#texture", "cullface": "up"},
				"up": {"uv": [11.5, 4.5, 12, 5], "texture": "#texture", "cullface": "up"},
				"down": {"uv": [11.5, 4.5, 12, 5], "texture": "#texture", "cullface": "up"}
			}
		},
		{
			"from": [13.5, 10.5, 11.5],
			"to": [14, 22, 12],
			"faces": {
				"north": {"uv": [12.5, 1.5, 12, 13], "texture": "#texture", "cullface": "up"},
				"south": {"uv": [12, 1.5, 12.5, 13], "texture": "#texture", "cullface": "up"},
				"west": {"uv": [12.5, 1.5, 12, 13], "texture": "#texture", "cullface": "up"},
				"up": {"uv": [12, 1.5, 12.5, 2], "texture": "#texture", "cullface": "up"},
				"down": {"uv": [12, 12.5, 12.5, 13], "texture": "#texture", "cullface": "up"}
			}
		},
		{
			"from": [14, 9, 11.5],
			"to": [14.5, 23.5, 12],
			"faces": {
				"north": {"uv": [13, 0, 12.5, 14.5], "texture": "#texture", "cullface": "up"},
				"east": {"uv": [12.5, 0, 13, 14.5], "texture": "#texture", "cullface": "up"},
				"south": {"uv": [12.5, 0, 13, 14.5], "texture": "#texture", "cullface": "up"},
				"west": {"uv": [13, 0, 12.5, 14.5], "texture": "#texture", "cullface": "up"},
				"up": {"uv": [12.5, 0, 13, 0.5], "texture": "#texture", "cullface": "up"},
				"down": {"uv": [13, 14.5, 12.5, 14], "texture": "#texture", "cullface": "up"}
			}
		},
		{
			"from": [14.5, 9.5, 11.5],
			"to": [15, 23, 12],
			"faces": {
				"north": {"uv": [13.5, 0.5, 13, 14], "texture": "#texture", "cullface": "up"},
				"east": {"uv": [13, 0.5, 13.5, 14], "texture": "#texture", "cullface": "up"},
				"south": {"uv": [13, 0.5, 13.5, 14], "texture": "#texture", "cullface": "up"},
				"up": {"uv": [13, 0.5, 13.5, 1], "texture": "#texture", "cullface": "up"},
				"down": {"uv": [13.5, 14, 13, 13.5], "texture": "#texture", "cullface": "up"}
			}
		},
		{
			"from": [15, 10.5, 11.5],
			"to": [15.5, 22, 12],
			"faces": {
				"north": {"uv": [14.5, 2, 14, 12.5], "texture": "#texture", "cullface": "up"},
				"east": {"uv": [14, 2, 14.5, 12.5], "texture": "#texture", "cullface": "up"},
				"south": {"uv": [14, 2, 14.5, 12.5], "texture": "#texture", "cullface": "up"},
				"up": {"uv": [14, 2, 14.5, 2.5], "texture": "#texture", "cullface": "up"},
				"down": {"uv": [14.5, 12.5, 14, 12], "texture": "#texture", "cullface": "up"}
			}
		},
		{
			"from": [15.5, 14.375, 11.5],
			"to": [16, 19, 12],
			"faces": {
				"north": {"uv": [15, 5, 14.5, 9], "texture": "#texture", "cullface": "up"},
				"east": {"uv": [14.5, 5, 15, 9], "texture": "#texture", "cullface": "up"},
				"south": {"uv": [14.5, 5, 15, 9], "texture": "#texture", "cullface": "up"},
				"up": {"uv": [14.5, 5, 15, 5.5], "texture": "#texture", "cullface": "up"},
				"down": {"uv": [15, 9, 14.5, 8.5], "texture": "#texture", "cullface": "up"}
			}
		},
		{
			"from": [16, 15.5, 11.5],
			"to": [16.5, 18, 12],
			"faces": {
				"north": {"uv": [15.5, 6, 15, 8], "texture": "#texture", "cullface": "east"},
				"east": {"uv": [15, 6, 15.5, 8], "texture": "#texture", "cullface": "east"},
				"south": {"uv": [15, 6, 15.5, 8], "texture": "#texture", "cullface": "east"},
				"up": {"uv": [15, 6, 15.5, 6.5], "texture": "#texture", "cullface": "east"},
				"down": {"uv": [15, 7.5, 15.5, 8], "texture": "#texture", "cullface": "east"}
			}
		},
		{
			"from": [16.5, 16, 11.5],
			"to": [17, 17, 12],
			"faces": {
				"north": {"uv": [16, 6.5, 15.5, 7.5], "texture": "#texture", "cullface": "east"},
				"east": {"uv": [15.5, 6.5, 16, 7.5], "texture": "#texture", "cullface": "east"},
				"south": {"uv": [15.5, 6.5, 16, 7.5], "texture": "#texture", "cullface": "east"},
				"up": {"uv": [15.5, 6.5, 16, 7], "texture": "#texture", "cullface": "east"},
				"down": {"uv": [15.5, 7, 16, 7.5], "texture": "#texture", "cullface": "east"}
			}
		},
		{
			"from": [11.5, 16, 11],
			"to": [12, 17.5, 12.5],
			"faces": {
				"north": {"uv": [10.5, 6, 10, 7.5], "texture": "#texture", "cullface": "up"},
				"east": {"uv": [10.5, 6.5, 9, 7], "texture": "#texture", "cullface": "up"},
				"south": {"uv": [10.5, 6, 10, 7.5], "texture": "#texture", "cullface": "up"},
				"up": {"uv": [10, 6, 10.5, 7.5], "texture": "#texture", "cullface": "up"},
				"down": {"uv": [10, 6, 10.5, 7.5], "texture": "#texture", "cullface": "up"}
			}
		},
		{
			"from": [7, 0, 11],
			"to": [8, 13.5, 12.5],
			"faces": {
				"north": {"uv": [1.5, 0, 0.5, 13.5], "texture": "#texture"},
				"east": {"uv": [0.5, 0, 2, 13.5], "texture": "#texture"},
				"south": {"uv": [0.5, 0, 1.5, 13.5], "texture": "#texture"},
				"west": {"uv": [0.5, 0, 0, 13.5], "texture": "#texture"}
			}
		},
		{
			"from": [6, -2.5, 11],
			"to": [9, 0, 12.5],
			"faces": {
				"north": {"uv": [5.5, 0, 2.5, 2.5], "texture": "#texture", "cullface": "down"},
				"east": {"uv": [3.5, 12.5, 5, 15], "texture": "#texture", "cullface": "down"},
				"south": {"uv": [2.5, 0, 5.5, 2.5], "texture": "#texture", "cullface": "down"},
				"west": {"uv": [4.5, 12.5, 3, 15], "texture": "#texture", "cullface": "down"},
				"up": {"uv": [5.5, 14, 2.5, 12.5], "texture": "#texture", "cullface": "down"},
				"down": {"uv": [2.5, 14, 5.5, 12.5], "texture": "#texture", "cullface": "down"}
			}
		},
		{
			"from": [6.5, -3, 11],
			"to": [8.5, -2.5, 12.5],
			"faces": {
				"north": {"uv": [5, 15, 3, 15.5], "texture": "#texture", "cullface": "down"},
				"east": {"uv": [3, 15, 4.5, 15.5], "texture": "#texture", "cullface": "down"},
				"south": {"uv": [3, 15, 5, 15.5], "texture": "#texture", "cullface": "down"},
				"west": {"uv": [3.5, 15, 5, 15.5], "texture": "#texture", "cullface": "down"},
				"down": {"uv": [3, 13, 5, 14.5], "texture": "#texture", "cullface": "down"}
			}
		},
		{
			"from": [6.375, -2.625, 10.5],
			"to": [8.625, 0, 13],
			"faces": {
				"north": {"uv": [5, 0, 3, 2.5], "texture": "#texture", "cullface": "down"},
				"east": {"uv": [2.5, 12.5, 5.5, 15], "texture": "#texture", "cullface": "down"},
				"south": {"uv": [3, 0, 5, 2.5], "texture": "#texture", "cullface": "down"},
				"west": {"uv": [5.5, 12.5, 2.5, 15], "texture": "#texture", "cullface": "down"},
				"up": {"uv": [5, 12.5, 3, 15], "texture": "#texture", "cullface": "down"},
				"down": {"uv": [3, 12.5, 5, 15], "texture": "#texture", "cullface": "down"}
			}
		},
		{
			"from": [7, -2, 10],
			"to": [8, -1, 13.5],
			"faces": {
				"north": {"uv": [4.5, 1, 3.5, 2], "texture": "#texture", "cullface": "down"},
				"east": {"uv": [3, 8, 5, 9], "texture": "#texture", "cullface": "down"},
				"south": {"uv": [3.5, 1, 4.5, 2], "texture": "#texture", "cullface": "down"},
				"west": {"uv": [5, 8, 3, 9], "texture": "#texture", "cullface": "down"},
				"up": {"uv": [4.5, 7.5, 3.5, 9.5], "texture": "#texture", "cullface": "down"},
				"down": {"uv": [3.5, 7.5, 4.5, 9.5], "texture": "#texture", "cullface": "down"}
			}
		},
		{
			"from": [7, -2, 11.5],
			"to": [8, -1, 12.5],
			"faces": {
				"north": {"uv": [8, 16, 9, 16], "texture": "#texture", "cullface": "down"},
				"south": {"uv": [7, 16, 8, 16], "texture": "#texture", "cullface": "down"}
			}
		},
		{
			"from": [7, 16, 9.875],
			"to": [8, 18, 13.625],
			"faces": {
				"north": {"uv": [3.5, 7.5, 4.5, 9.5], "texture": "#texture", "cullface": "up"},
				"east": {"uv": [3, 8, 5, 9], "texture": "#texture", "cullface": "up"},
				"south": {"uv": [3.5, 7.5, 4.5, 9.5], "texture": "#texture", "cullface": "up"},
				"west": {"uv": [5, 8, 3, 9], "texture": "#texture", "cullface": "up"},
				"up": {"uv": [4.5, 7.5, 3.5, 9.5], "texture": "#texture", "cullface": "up"},
				"down": {"uv": [3.5, 7.5, 4.5, 9.5], "texture": "#texture", "cullface": "up"}
			}
		},
		{
			"from": [6.5, 16.5, 10],
			"to": [8.5, 17.5, 13.5],
			"faces": {
				"north": {"uv": [5, 8, 3, 9], "texture": "#texture", "cullface": "up"},
				"east": {"uv": [3, 8, 5, 9], "texture": "#texture", "cullface": "up"},
				"south": {"uv": [3, 8, 5, 9], "texture": "#texture", "cullface": "up"},
				"west": {"uv": [5, 8, 3, 9], "texture": "#texture", "cullface": "up"},
				"up": {"uv": [5, 8, 3, 9], "texture": "#texture", "cullface": "up"},
				"down": {"uv": [3, 8, 5, 9], "texture": "#texture", "cullface": "up"}
			}
		},
		{
			"from": [6.25, 16.25, 10.25],
			"to": [6.5, 17.75, 13.25],
			"faces": {
				"north": {"uv": [3, 7.75, 2.625, 9.25], "texture": "#texture", "cullface": "up"},
				"east": {"uv": [2.625, 7.75, 3, 9.375], "texture": "#texture", "cullface": "up"},
				"south": {"uv": [2.625, 7.75, 3, 9.25], "texture": "#texture", "cullface": "up"},
				"west": {"uv": [3, 7.75, 2.625, 9.375], "texture": "#texture", "cullface": "up"},
				"up": {"uv": [3, 7.75, 2.5, 9.25], "texture": "#texture", "cullface": "up"},
				"down": {"uv": [2.5, 7.75, 3, 9.25], "texture": "#texture", "cullface": "up"}
			}
		},
		{
			"from": [8.5, 16.25, 10.25],
			"to": [8.75, 17.75, 13.25],
			"faces": {
				"north": {"uv": [5.5, 7.75, 5, 9.25], "texture": "#texture", "cullface": "up"},
				"east": {"uv": [5.125, 7.75, 5.5, 9.25], "texture": "#texture", "cullface": "up"},
				"south": {"uv": [5, 7.75, 5.5, 9.25], "texture": "#texture", "cullface": "up"},
				"west": {"uv": [5.5, 7.75, 5.125, 9.25], "texture": "#texture", "cullface": "up"},
				"up": {"uv": [5.5, 7.75, 5, 9.25], "texture": "#texture", "cullface": "up"},
				"down": {"uv": [5, 7.75, 5.5, 9.25], "texture": "#texture", "cullface": "up"}
			}
		},
		{
			"from": [6.75, 18, 10.25],
			"to": [8.25, 18.25, 13.25],
			"faces": {
				"north": {"uv": [4.75, 7, 3.25, 7.5], "texture": "#texture", "cullface": "up"},
				"east": {"uv": [3.25, 7, 4.75, 7.5], "texture": "#texture", "cullface": "up"},
				"south": {"uv": [3.25, 7, 4.75, 7.5], "texture": "#texture", "cullface": "up"},
				"west": {"uv": [4.75, 7, 3.25, 7.5], "texture": "#texture", "cullface": "up"},
				"up": {"uv": [4.75, 7, 3.25, 7.5], "texture": "#texture", "cullface": "up"},
				"down": {"uv": [3.25, 7, 4.75, 7.5], "texture": "#texture", "cullface": "up"}
			}
		},
		{
			"from": [6.75, 15.75, 10.25],
			"to": [8.25, 16, 13.25],
			"faces": {
				"north": {"uv": [4.75, 9.5, 3.25, 10], "texture": "#texture"},
				"east": {"uv": [3.25, 9.5, 4.75, 10], "texture": "#texture"},
				"south": {"uv": [3.25, 9.5, 4.75, 10], "texture": "#texture"},
				"west": {"uv": [4.75, 9.5, 3.25, 10], "texture": "#texture"},
				"up": {"uv": [4.75, 9.5, 3.25, 10], "texture": "#texture", "cullface": "up"},
				"down": {"uv": [3.25, 9.5, 4.75, 10], "texture": "#texture"}
			}
		},
		{
			"from": [6.75, -2, 10.25],
			"to": [7, -1, 13.25],
			"faces": {
				"north": {"uv": [3.5, 1, 3, 2], "texture": "#texture", "cullface": "down"},
				"south": {"uv": [3, 1, 3.5, 2], "texture": "#texture", "cullface": "down"},
				"west": {"uv": [7.5, 8, 10.5, 9], "texture": "#texture", "cullface": "down"},
				"up": {"uv": [10, 9, 10.5, 6.5], "texture": "#texture", "cullface": "down"},
				"down": {"uv": [10, 9, 10.5, 6.5], "texture": "#texture", "cullface": "down"}
			}
		},
		{
			"from": [8, -2, 10.25],
			"to": [8.25, -1, 13.25],
			"faces": {
				"north": {"uv": [5, 1, 4.5, 2], "texture": "#texture", "cullface": "down"},
				"east": {"uv": [7.5, 7.5, 10.5, 8.5], "texture": "#texture", "cullface": "down"},
				"south": {"uv": [4.5, 1, 5, 2], "texture": "#texture", "cullface": "down"},
				"up": {"uv": [10, 5.5, 10.5, 9], "texture": "#texture", "cullface": "down"},
				"down": {"uv": [10, 5.5, 10.5, 9], "texture": "#texture", "cullface": "down"}
			}
		},
		{
			"from": [7, -2.25, 10.25],
			"to": [8, -2, 13.25],
			"faces": {
				"north": {"uv": [4.5, 2, 3.5, 2.5], "texture": "#texture", "cullface": "down"},
				"east": {"uv": [7.5, 8, 10.5, 8.5], "texture": "#texture", "cullface": "down"},
				"south": {"uv": [3.5, 2, 4.5, 2.5], "texture": "#texture", "cullface": "down"},
				"west": {"uv": [7.5, 8, 10.5, 8.5], "texture": "#texture", "cullface": "down"},
				"down": {"uv": [10, 6.5, 11, 9.5], "texture": "#texture", "cullface": "down"}
			}
		},
		{
			"from": [7, -1, 10.25],
			"to": [8, -0.75, 13.25],
			"faces": {
				"north": {"uv": [4.5, 0.5, 3.5, 1], "texture": "#texture", "cullface": "down"},
				"east": {"uv": [7.5, 7.5, 10.5, 8], "texture": "#texture", "cullface": "down"},
				"south": {"uv": [3.5, 0.5, 4.5, 1], "texture": "#texture", "cullface": "down"},
				"west": {"uv": [10.5, 7.5, 7.5, 8], "texture": "#texture", "cullface": "down"},
				"up": {"uv": [9.5, 5.5, 10.5, 8.5], "texture": "#texture", "cullface": "down"}
			}
		},
		{
			"from": [9, 16.5, 10.5],
			"to": [10, 17.5, 13],
			"faces": {
				"north": {"uv": [8.5, 6, 7.5, 7], "texture": "#texture", "cullface": "up"},
				"east": {"uv": [7.5, 6, 8.5, 7], "texture": "#texture", "cullface": "up"},
				"south": {"uv": [7.5, 6, 8.5, 7], "texture": "#texture", "cullface": "up"},
				"up": {"uv": [8.5, 6, 7.5, 7], "texture": "#texture", "cullface": "up"},
				"down": {"uv": [7.5, 6, 8.5, 7], "texture": "#texture", "cullface": "up"}
			}
		},
		{
			"from": [9, 17.5, 10.75],
			"to": [10, 17.75, 12.75],
			"faces": {
				"north": {"uv": [8.5, 5.5, 7.5, 6], "texture": "#texture", "cullface": "up"},
				"east": {"uv": [7.5, 5.5, 8.5, 6], "texture": "#texture", "cullface": "up"},
				"south": {"uv": [7.5, 5.5, 8.5, 6], "texture": "#texture", "cullface": "up"},
				"up": {"uv": [8.5, 5.5, 7.5, 6], "texture": "#texture", "cullface": "up"}
			}
		},
		{
			"from": [9, 16.25, 10.75],
			"to": [10, 16.5, 12.75],
			"faces": {
				"north": {"uv": [8.5, 7, 7.5, 7.5], "texture": "#texture", "cullface": "up"},
				"east": {"uv": [7.5, 7, 8.5, 7.5], "texture": "#texture", "cullface": "up"},
				"south": {"uv": [7.5, 7, 8.5, 7.5], "texture": "#texture", "cullface": "up"},
				"down": {"uv": [7.5, 7, 8.5, 7.5], "texture": "#texture", "cullface": "up"}
			}
		},
		{
			"from": [10, 16.5, 10.75],
			"to": [10.375, 17.5, 12.75],
			"faces": {
				"north": {"uv": [9, 6, 8.5, 7], "texture": "#texture", "cullface": "up"},
				"east": {"uv": [8.5, 6, 9, 7], "texture": "#texture", "cullface": "up"},
				"south": {"uv": [8.5, 6, 9, 7], "texture": "#texture", "cullface": "up"},
				"up": {"uv": [9, 6, 8.5, 7], "texture": "#texture", "cullface": "up"},
				"down": {"uv": [8.5, 6, 9, 7], "texture": "#texture", "cullface": "up"}
			}
		},
		{
			"from": [8, 17.5, 10.25],
			"to": [8.5, 18, 13.25],
			"faces": {
				"north": {"uv": [4.5, 7.5, 5, 8], "texture": "#texture", "cullface": "up"},
				"east": {"uv": [4.5, 7.5, 5, 8], "texture": "#texture", "cullface": "up"},
				"south": {"uv": [4.5, 7.5, 5, 8], "texture": "#texture", "cullface": "up"},
				"up": {"uv": [4.5, 7.5, 5, 8], "texture": "#texture", "cullface": "up"}
			}
		},
		{
			"from": [6.5, 17.5, 10.25],
			"to": [7, 18, 13.25],
			"faces": {
				"north": {"uv": [3, 7.5, 3.5, 8], "texture": "#texture", "cullface": "up"},
				"south": {"uv": [3, 7.5, 3.5, 8], "texture": "#texture", "cullface": "up"},
				"west": {"uv": [3, 7.5, 3.5, 8], "texture": "#texture", "cullface": "up"},
				"up": {"uv": [3, 7.5, 3.5, 8], "texture": "#texture", "cullface": "up"}
			}
		},
		{
			"from": [6.5, 16, 10.25],
			"to": [7, 16.5, 13.25],
			"faces": {
				"north": {"uv": [3, 9, 3.5, 9.5], "texture": "#texture", "cullface": "up"},
				"south": {"uv": [3, 9, 3.5, 9.5], "texture": "#texture", "cullface": "up"},
				"west": {"uv": [3, 9, 3.5, 9.5], "texture": "#texture", "cullface": "up"},
				"down": {"uv": [3, 9, 3.5, 9.5], "texture": "#texture", "cullface": "up"}
			}
		},
		{
			"from": [8, 16, 10.25],
			"to": [8.5, 16.5, 13.25],
			"faces": {
				"north": {"uv": [4.5, 9, 5, 9.5], "texture": "#texture", "cullface": "up"},
				"east": {"uv": [4.5, 9, 5, 9.5], "texture": "#texture", "cullface": "up"},
				"south": {"uv": [4.5, 9, 5, 9.5], "texture": "#texture", "cullface": "up"},
				"down": {"uv": [4.5, 9, 5, 9.5], "texture": "#texture", "cullface": "up"}
			}
		}
	],
	"display": {
		"thirdperson_righthand": {
			"rotation": [71, 105, -69],
			"translation": [-4.91, 1.32, 1.51]
		},
		"firstperson_righthand": {
			"rotation": [14, 91, 0],
			"translation": [0, 0, -5.1]
		},
		"gui": {
			"rotation": [0, 0, -45],
			"translation": [-1.89, -1.32, 0],
			"scale": [0.6, 0.6, 0.6]
		}
	}
}