{
	"credit": "Made with Blockbench",
	"textures": {
		"texture": "item/diamond_sword/4",
		"stoneshovelanim": "item/diamond_sword/4-1"
	},
	"elements": [
		{
			"from": [7, -0.5, 7.5],
			"to": [9, 16.5, 8.5],
			"faces": {
				"north": {"uv": [7.5, 5.25, 8.5, 13.75], "texture": "#texture"},
				"east": {"uv": [7.75, 5.25, 8.25, 13.75], "texture": "#texture"},
				"south": {"uv": [7.5, 5.25, 8.5, 13.75], "texture": "#texture"},
				"west": {"uv": [7.75, 5.25, 8.25, 13.75], "texture": "#texture"}
			}
		},
		{
			"from": [7.5, -0.5, 7],
			"to": [8.5, 16.5, 9],
			"faces": {
				"north": {"uv": [7.75, 5.25, 8.25, 13.75], "texture": "#texture"},
				"east": {"uv": [7.5, 5.25, 8.5, 13.75], "texture": "#texture"},
				"south": {"uv": [7.75, 5.25, 8.25, 13.75], "texture": "#texture"},
				"west": {"uv": [7.5, 5.25, 8.5, 13.75], "texture": "#texture"}
			}
		},
		{
			"from": [7, -2, 7.5],
			"to": [9, -1.5, 8],
			"faces": {
				"east": {"uv": [7.75, 14.25, 8, 14.5], "texture": "#texture", "cullface": "down"},
				"west": {"uv": [7.75, 14.25, 8, 14.5], "texture": "#texture", "cullface": "down"}
			}
		},
		{
			"from": [6.5, -1.5, 7.5],
			"to": [9.5, -1, 8.5],
			"faces": {
				"north": {"uv": [8, 14, 8.25, 14.25], "texture": "#texture", "cullface": "down"},
				"east": {"uv": [4.75, 14, 5.25, 14.25], "texture": "#texture", "cullface": "down"},
				"south": {"uv": [4.75, 14, 5, 14.25], "texture": "#texture", "cullface": "down"},
				"west": {"uv": [7.75, 14, 8.25, 14.25], "texture": "#texture", "cullface": "down"},
				"up": {"uv": [11.25, 12, 11.5, 12.5], "texture": "#texture", "cullface": "down"},
				"down": {"uv": [11.25, 12, 11.5, 12.5], "texture": "#texture", "cullface": "down"}
			}
		},
		{
			"from": [6.5, -2.5, 8],
			"to": [9.5, -1.5, 9],
			"faces": {
				"north": {"uv": [8, 14.25, 8.25, 14.75], "texture": "#texture", "cullface": "down"},
				"east": {"uv": [4.5, 14.25, 5, 14.75], "texture": "#texture", "cullface": "down"},
				"south": {"uv": [8.5, 14.25, 8.75, 14.75], "texture": "#texture", "cullface": "down"},
				"west": {"uv": [8, 14.25, 8.5, 14.75], "texture": "#texture", "cullface": "down"},
				"up": {"uv": [11, 12, 11.25, 12.5], "texture": "#texture", "cullface": "down"},
				"down": {"uv": [11, 12, 11.25, 12.5], "texture": "#texture", "cullface": "down"}
			}
		},
		{
			"from": [6.5, -2.5, 6.5],
			"to": [9.5, -1.5, 7.5],
			"faces": {
				"north": {"uv": [8.5, 14.25, 8.75, 14.75], "texture": "#texture", "cullface": "down"},
				"east": {"uv": [5.25, 14.25, 5.75, 14.75], "texture": "#texture", "cullface": "down"},
				"south": {"uv": [7.25, 14.25, 7.5, 14.75], "texture": "#texture", "cullface": "down"},
				"west": {"uv": [7.25, 14.25, 7.75, 14.75], "texture": "#texture", "cullface": "down"},
				"up": {"uv": [13.5, 13.25, 13.75, 13.75], "texture": "#texture", "cullface": "down"},
				"down": {"uv": [13.5, 13.25, 13.75, 13.75], "texture": "#texture", "cullface": "down"}
			}
		},
		{
			"from": [7.5, -3, 5.5],
			"to": [8.5, -2, 6],
			"faces": {
				"north": {"uv": [7.75, 14.5, 8.25, 15], "texture": "#texture", "cullface": "down"},
				"east": {"uv": [6, 14.5, 6.25, 15], "texture": "#texture", "cullface": "down"},
				"west": {"uv": [6.75, 14.5, 7, 15], "texture": "#texture", "cullface": "down"},
				"up": {"uv": [7.75, 14.5, 8.25, 14.75], "texture": "#texture", "cullface": "down"},
				"down": {"uv": [8.25, 7, 7.75, 6.75], "texture": "#texture", "cullface": "down"}
			}
		},
		{
			"from": [7.5, -3.5, 6],
			"to": [8.5, -3, 6.5],
			"faces": {
				"north": {"uv": [7, 14.75, 7.25, 15], "texture": "#texture", "cullface": "down"},
				"east": {"uv": [7, 15, 7.25, 15.25], "texture": "#texture", "cullface": "down"},
				"west": {"uv": [7, 15, 7.25, 15.25], "texture": "#texture", "cullface": "down"},
				"down": {"uv": [7.25, 15.25, 7, 15], "texture": "#texture", "cullface": "down"}
			}
		},
		{
			"from": [7.5, -4.5, 7],
			"to": [8.5, -4, 8.5],
			"faces": {
				"north": {"uv": [7.75, 15.5, 8.25, 15.75], "texture": "#texture", "cullface": "down"},
				"east": {"uv": [4.75, 15.5, 5.5, 15.75], "texture": "#texture", "cullface": "down"},
				"south": {"uv": [7.75, 15.5, 8.25, 15.75], "texture": "#texture", "cullface": "down"},
				"west": {"uv": [7.5, 15.5, 8.25, 15.75], "texture": "#texture", "cullface": "down"},
				"down": {"uv": [8.25, 15.75, 7.5, 15.5], "rotation": 90, "texture": "#texture", "cullface": "down"}
			}
		},
		{
			"from": [7, -4, 7],
			"to": [9, -3.5, 8.5],
			"faces": {
				"north": {"uv": [7.75, 15.25, 8, 15.5], "texture": "#texture", "cullface": "down"},
				"east": {"uv": [4.75, 15.25, 5.5, 15.5], "texture": "#texture", "cullface": "down"},
				"south": {"uv": [7.75, 15.25, 8, 15.5], "texture": "#texture", "cullface": "down"},
				"west": {"uv": [7.5, 15.25, 8.25, 15.5], "texture": "#texture", "cullface": "down"},
				"down": {"uv": [7.5, 15.25, 8.25, 15.5], "rotation": 90, "texture": "#texture", "cullface": "down"}
			}
		},
		{
			"from": [7.5, -1, 7],
			"to": [8.5, -0.5, 9],
			"faces": {
				"north": {"uv": [7.75, 13.75, 8.25, 14], "texture": "#texture", "cullface": "down"},
				"east": {"uv": [4.5, 13.75, 5.5, 14], "texture": "#texture", "cullface": "down"},
				"south": {"uv": [7.75, 13.75, 8.25, 14], "texture": "#texture", "cullface": "down"},
				"west": {"uv": [7.5, 13.75, 8.5, 14], "texture": "#texture", "cullface": "down"}
			}
		},
		{
			"from": [7, -1, 7.5],
			"to": [9, -0.5, 8.5],
			"faces": {
				"north": {"uv": [7.5, 13.75, 8.5, 14], "texture": "#texture", "cullface": "down"},
				"east": {"uv": [4.75, 13.75, 5.25, 14], "texture": "#texture", "cullface": "down"},
				"south": {"uv": [7.5, 13.75, 8.5, 14], "texture": "#texture", "cullface": "down"},
				"west": {"uv": [7.75, 13.75, 8.25, 14], "texture": "#texture", "cullface": "down"}
			}
		},
		{
			"from": [7, -3.5, 6.5],
			"to": [9, -1, 9],
			"faces": {
				"north": {"uv": [7.5, 14, 8.5, 15.25], "texture": "#texture", "cullface": "down"},
				"east": {"uv": [4.5, 14, 5.75, 15.25], "texture": "#texture", "cullface": "down"},
				"south": {"uv": [7.5, 14, 8.5, 15.25], "texture": "#texture", "cullface": "down"},
				"west": {"uv": [7.25, 14, 8.5, 15.25], "texture": "#texture", "cullface": "down"},
				"up": {"uv": [7.5, 14.5, 8.5, 14.75], "texture": "#texture", "cullface": "down"},
				"down": {"uv": [8.5, 15.25, 7.25, 15], "rotation": 90, "texture": "#texture", "cullface": "down"}
			}
		},
		{
			"from": [7, -3, 6],
			"to": [9, -1.5, 9.5],
			"faces": {
				"north": {"uv": [7.5, 14.25, 8.5, 15], "texture": "#texture", "cullface": "down"},
				"east": {"uv": [4.25, 14.25, 6, 15], "texture": "#texture", "cullface": "down"},
				"south": {"uv": [7.5, 14.25, 8.5, 15], "texture": "#texture", "cullface": "down"},
				"west": {"uv": [7, 14.25, 8.75, 15], "texture": "#texture", "cullface": "down"},
				"up": {"uv": [8.5, 14.5, 7.5, 14.25], "texture": "#texture", "cullface": "down"},
				"down": {"uv": [8.5, 8.75, 7.5, 7], "texture": "#texture", "cullface": "down"}
			}
		},
		{
			"from": [6.5, -3, 7],
			"to": [9.5, -2, 9],
			"faces": {
				"north": {"uv": [7.5, 14.5, 7.75, 15], "texture": "#texture", "cullface": "down"},
				"east": {"uv": [4.5, 14.5, 5.5, 15], "texture": "#texture", "cullface": "down"},
				"south": {"uv": [8.5, 14.5, 8.75, 15], "texture": "#texture", "cullface": "down"},
				"west": {"uv": [7.5, 14.5, 8.5, 15], "texture": "#texture", "cullface": "down"},
				"up": {"uv": [7.5, 14.5, 8.5, 14.75], "rotation": 90, "texture": "#texture", "cullface": "down"},
				"down": {"uv": [8.5, 15, 7.5, 14.75], "rotation": 90, "texture": "#texture", "cullface": "down"}
			}
		},
		{
			"from": [7.5, -3.5, 9],
			"to": [8.5, -1, 9.5],
			"faces": {
				"east": {"uv": [4.25, 14, 4.5, 15.25], "texture": "#texture", "cullface": "down"},
				"south": {"uv": [7.75, 14, 8.25, 15.25], "texture": "#texture", "cullface": "down"},
				"west": {"uv": [8.5, 14, 8.75, 15.25], "texture": "#texture", "cullface": "down"},
				"up": {"uv": [8, 14, 8.25, 14.25], "texture": "#texture", "cullface": "down"},
				"down": {"uv": [8.75, 15.25, 8.5, 15], "texture": "#texture", "cullface": "down"}
			}
		},
		{
			"from": [6.5, -3.5, 7.5],
			"to": [9.5, -3, 8.5],
			"faces": {
				"north": {"uv": [7.25, 15, 8.75, 15.25], "texture": "#texture", "cullface": "down"},
				"east": {"uv": [4.75, 15, 5.25, 15.25], "texture": "#texture", "cullface": "down"},
				"south": {"uv": [4.25, 15, 5.75, 15.25], "texture": "#texture", "cullface": "down"},
				"west": {"uv": [7.75, 15, 8.25, 15.25], "texture": "#texture", "cullface": "down"},
				"down": {"uv": [8.25, 15.25, 7.75, 15], "rotation": 90, "texture": "#texture", "cullface": "down"}
			}
		},
		{
			"from": [7.5, -4, 6.5],
			"to": [8.5, -3.5, 9],
			"faces": {
				"north": {"uv": [7.75, 15.25, 8.25, 15.5], "texture": "#texture", "cullface": "down"},
				"east": {"uv": [4.5, 15.25, 5.75, 15.5], "texture": "#texture", "cullface": "down"},
				"south": {"uv": [4.75, 15.25, 5.25, 15.5], "texture": "#texture", "cullface": "down"},
				"west": {"uv": [7.25, 15.25, 8.5, 15.5], "texture": "#texture", "cullface": "down"},
				"down": {"uv": [8.5, 15.5, 7.25, 15.25], "rotation": 90, "texture": "#texture", "cullface": "down"}
			}
		},
		{
			"from": [7.75, 26, 13.5],
			"to": [8.25, 26.5, 16.5],
			"faces": {
				"north": {"uv": [10.75, 0.25, 11, 0.5], "texture": "#texture", "cullface": "south"},
				"east": {"uv": [1.5, 7.75, 3, 8], "texture": "#texture", "cullface": "south"},
				"south": {"uv": [12.5, 3, 12.75, 3.25], "texture": "#texture", "cullface": "south"},
				"west": {"uv": [10.75, 0.25, 12.25, 0.5], "texture": "#texture", "cullface": "south"},
				"up": {"uv": [13.25, 4.25, 13.5, 5.75], "texture": "#texture", "cullface": "south"},
				"down": {"uv": [13.25, 4.25, 13.5, 5.75], "texture": "#texture", "cullface": "south"}
			}
		},
		{
			"from": [7.5, 25.5, 14],
			"to": [8.5, 26, 16.5],
			"faces": {
				"north": {"uv": [11, 0.5, 11.25, 0.75], "texture": "#texture", "cullface": "south"},
				"east": {"uv": [1.5, 8, 2.75, 8.25], "texture": "#texture", "cullface": "south"},
				"south": {"uv": [12.5, 3.25, 13, 3.5], "texture": "#texture", "cullface": "south"},
				"west": {"uv": [11, 0.5, 12.25, 0.75], "texture": "#texture", "cullface": "south"},
				"up": {"uv": [11, 0.5, 12.25, 0.75], "rotation": 90, "texture": "#texture", "cullface": "south"},
				"down": {"uv": [12.25, 0.75, 11, 0.5], "rotation": 90, "texture": "#texture", "cullface": "south"}
			}
		},
		{
			"from": [7.5, 23.5, 14.5],
			"to": [8.5, 25.5, 17.5],
			"faces": {
				"north": {"uv": [11.25, 0.75, 11.5, 1.75], "texture": "#texture", "cullface": "south"},
				"east": {"uv": [1, 8.25, 2.5, 9.25], "texture": "#texture", "cullface": "south"},
				"south": {"uv": [12.5, 3, 13, 4], "texture": "#texture", "cullface": "south"},
				"west": {"uv": [11.25, 0.75, 12.75, 1.75], "texture": "#texture", "cullface": "south"},
				"up": {"uv": [11.25, 0.75, 12.75, 1], "rotation": 90, "texture": "#texture", "cullface": "south"}
			}
		},
		{
			"from": [7.5, 22, 18],
			"to": [8.5, 24, 18.5],
			"faces": {
				"north": {"uv": [13, 1, 13.25, 2.5], "texture": "#texture", "cullface": "south"},
				"east": {"uv": [0.5, 9, 0.75, 10], "texture": "#texture", "cullface": "south"},
				"south": {"uv": [12.5, 3.25, 13, 4.75], "texture": "#texture", "cullface": "south"},
				"west": {"uv": [13, 1.5, 13.25, 2.5], "texture": "#texture", "cullface": "south"},
				"up": {"uv": [13, 1, 13.25, 1.25], "texture": "#texture", "cullface": "south"},
				"down": {"uv": [13, 2.25, 13.25, 2.5], "texture": "#texture", "cullface": "south"}
			}
		},
		{
			"from": [7.75, 22, 18.5],
			"to": [8.25, 24, 19],
			"faces": {
				"east": {"uv": [0.25, 9, 0.5, 10], "texture": "#texture", "cullface": "south"},
				"south": {"uv": [12.5, 3.25, 12.75, 4.25], "texture": "#texture", "cullface": "south"},
				"west": {"uv": [13.25, 1.5, 13.5, 2.5], "texture": "#texture", "cullface": "south"},
				"up": {"uv": [12.75, 0.75, 13, 1], "texture": "#texture", "cullface": "south"},
				"down": {"uv": [13.25, 2.25, 13.5, 2.5], "texture": "#texture", "cullface": "south"}
			}
		},
		{
			"from": [7.5, 16.5, 14.5],
			"to": [8.5, 23.5, 18],
			"faces": {
				"north": {"uv": [7.75, 1.75, 8.25, 5.25], "texture": "#texture", "cullface": "south"},
				"east": {"uv": [0.75, 9.25, 2.5, 12.75], "texture": "#texture", "cullface": "south"},
				"south": {"uv": [12.75, 1.75, 13, 5.25], "texture": "#texture", "cullface": "south"},
				"west": {"uv": [11.25, 1.75, 13, 5.25], "texture": "#texture", "cullface": "south"},
				"up": {"uv": [7.75, 11.25, 8.25, 13], "texture": "#texture", "cullface": "south"}
			}
		},
		{
			"from": [7.5, 15.5, 18],
			"to": [8.5, 21.5, 18.5],
			"faces": {
				"north": {"uv": [8.25, 2.75, 7.75, 5.75], "texture": "#texture", "cullface": "south"},
				"east": {"uv": [13.25, 2.75, 13, 5.75], "texture": "#texture", "cullface": "south"},
				"south": {"uv": [13, 2.75, 13.25, 5.75], "texture": "#texture", "cullface": "south"},
				"west": {"uv": [13, 2.75, 13.25, 5.75], "texture": "#texture", "cullface": "south"},
				"up": {"uv": [13, 2.75, 13.25, 3], "texture": "#texture", "cullface": "south"},
				"down": {"uv": [13.25, 5.75, 13, 5.5], "texture": "#texture", "cullface": "south"}
			}
		},
		{
			"from": [7.5, 18.5, 18.5],
			"to": [8.5, 21, 19],
			"faces": {
				"east": {"uv": [13.5, 3, 13.25, 4.25], "texture": "#texture", "cullface": "south"},
				"south": {"uv": [13.25, 3, 13.5, 4.25], "texture": "#texture", "cullface": "south"},
				"west": {"uv": [13.25, 3, 13.5, 4.25], "texture": "#texture", "cullface": "south"},
				"up": {"uv": [13.25, 3, 13.5, 3.25], "texture": "#texture", "cullface": "south"},
				"down": {"uv": [13.5, 4.25, 13.25, 4], "texture": "#texture", "cullface": "south"}
			}
		},
		{
			"from": [7.75, 18.5, 19],
			"to": [8.25, 20.5, 19.5],
			"faces": {
				"east": {"uv": [0, 10.75, 0.25, 11.75], "texture": "#texture", "cullface": "south"},
				"south": {"uv": [12.75, 3.5, 13, 4.5], "texture": "#texture", "cullface": "south"},
				"west": {"uv": [13.5, 3.25, 13.75, 4.25], "texture": "#texture", "cullface": "south"},
				"up": {"uv": [13.5, 4, 13.75, 4.25], "texture": "#texture", "cullface": "south"},
				"down": {"uv": [13.5, 4, 13.75, 4.25], "texture": "#texture", "cullface": "south"}
			}
		},
		{
			"from": [7.5, 13.5, 14.5],
			"to": [8.5, 16.5, 18],
			"faces": {
				"north": {"uv": [11.5, 5.25, 11.25, 6.75], "texture": "#texture", "cullface": "south"},
				"east": {"uv": [13, 5.25, 11.25, 6.75], "texture": "#texture", "cullface": "south"},
				"south": {"uv": [12.75, 5.25, 13, 6.75], "texture": "#texture", "cullface": "south"},
				"west": {"uv": [11.25, 5.25, 13, 6.75], "texture": "#texture", "cullface": "south"},
				"down": {"uv": [13, 6.75, 11.25, 6.5], "rotation": 90, "texture": "#texture", "cullface": "south"}
			}
		},
		{
			"from": [7.5, 11.5, 14],
			"to": [8.5, 13.5, 16.5],
			"faces": {
				"north": {"uv": [11, 6.75, 11.25, 7.75], "texture": "#texture", "cullface": "south"},
				"east": {"uv": [1.5, 14.25, 2.75, 15.25], "texture": "#texture", "cullface": "south"},
				"south": {"uv": [12, 6.75, 12.25, 7.75], "texture": "#texture", "cullface": "south"},
				"west": {"uv": [11, 6.75, 12.25, 7.75], "texture": "#texture", "cullface": "south"},
				"up": {"uv": [11, 6.75, 12.25, 7], "rotation": 90, "texture": "#texture", "cullface": "south"},
				"down": {"uv": [12.25, 7.75, 11, 7.5], "rotation": 90, "texture": "#texture", "cullface": "south"}
			}
		},
		{
			"from": [7.5, 11, 13.5],
			"to": [8.5, 11.5, 16],
			"faces": {
				"north": {"uv": [11, 7.75, 10.75, 8], "texture": "#texture"},
				"east": {"uv": [12, 7.75, 10.75, 8], "texture": "#texture"},
				"south": {"uv": [11.75, 7.75, 12, 8], "texture": "#texture", "cullface": "south"},
				"west": {"uv": [10.75, 7.75, 12, 8], "texture": "#texture"},
				"up": {"uv": [10.75, 7.75, 12, 8], "rotation": 90, "texture": "#texture"},
				"down": {"uv": [12, 8, 10.75, 7.75], "rotation": 90, "texture": "#texture"}
			}
		},
		{
			"from": [7.5, 10.5, 13.5],
			"to": [8.5, 11, 15],
			"faces": {
				"north": {"uv": [11, 8, 10.75, 8.25], "texture": "#texture"},
				"east": {"uv": [11.5, 8, 10.75, 8.25], "texture": "#texture"},
				"south": {"uv": [11.25, 8, 11.5, 8.25], "texture": "#texture"},
				"west": {"uv": [10.75, 8, 11.5, 8.25], "texture": "#texture"},
				"down": {"uv": [11.5, 8.25, 10.75, 8], "rotation": 90, "texture": "#texture"}
			}
		},
		{
			"from": [7.75, 10, 13],
			"to": [8.25, 10.5, 15],
			"faces": {
				"north": {"uv": [10.5, 8.25, 10.75, 8.5], "texture": "#texture"},
				"east": {"uv": [11.5, 8.5, 10.5, 8.25], "texture": "#texture"},
				"south": {"uv": [11.25, 8.25, 11.5, 8.5], "texture": "#texture"},
				"west": {"uv": [10.5, 8.25, 11.5, 8.5], "texture": "#texture"},
				"up": {"uv": [10.5, 8.25, 10.75, 8.5], "texture": "#texture"},
				"down": {"uv": [11.5, 8.5, 11.25, 8.25], "texture": "#texture"}
			}
		},
		{
			"from": [7, 18.5, 12],
			"to": [9, 23, 14.5],
			"faces": {
				"north": {"uv": [8.5, 2, 7.5, 4.25], "texture": "#texture", "cullface": "up"},
				"east": {"uv": [11.25, 2, 10, 4.25], "texture": "#texture", "cullface": "up"},
				"south": {"uv": [7.5, 2, 8.5, 4.25], "texture": "#texture", "cullface": "up"},
				"west": {"uv": [10, 2, 11.25, 4.25], "texture": "#texture", "cullface": "up"},
				"up": {"uv": [10, 2, 11, 2.25], "texture": "#texture", "cullface": "up"},
				"down": {"uv": [11, 4.25, 10, 4], "texture": "#texture", "cullface": "up"}
			}
		},
		{
			"from": [7.75, 12.5, 16.5],
			"to": [8.25, 13, 17],
			"faces": {
				"east": {"uv": [12.5, 7, 12.25, 7.25], "texture": "#texture", "cullface": "south"},
				"south": {"uv": [12.25, 7, 12.5, 7.25], "texture": "#texture", "cullface": "south"},
				"west": {"uv": [12.25, 7, 12.5, 7.25], "texture": "#texture", "cullface": "south"},
				"up": {"uv": [12.25, 7, 12.5, 7.25], "texture": "#texture", "cullface": "south"}
			}
		},
		{
			"from": [7.75, 12, 17],
			"to": [8.25, 12.5, 17.5],
			"faces": {
				"east": {"uv": [12.75, 7.25, 12.5, 7.5], "texture": "#texture", "cullface": "south"},
				"south": {"uv": [12.5, 7.25, 12.75, 7.5], "texture": "#texture", "cullface": "south"},
				"west": {"uv": [12.5, 7.25, 12.75, 7.5], "texture": "#texture", "cullface": "south"},
				"up": {"uv": [12.5, 7.25, 12.75, 7.5], "texture": "#texture", "cullface": "south"},
				"down": {"uv": [12.75, 7.5, 12.5, 7.25], "texture": "#texture", "cullface": "south"}
			}
		},
		{
			"from": [7.5, 22.5, 11.5],
			"to": [8.5, 23.5, 12],
			"faces": {
				"north": {"uv": [7.75, 1.75, 8.25, 2.25], "texture": "#texture", "cullface": "up"},
				"east": {"uv": [3.75, 9.25, 4, 9.75], "texture": "#texture", "cullface": "up"},
				"south": {"uv": [7.75, 1.75, 8.25, 2.25], "texture": "#texture", "cullface": "up"},
				"west": {"uv": [9.75, 1.75, 10, 2.25], "texture": "#texture", "cullface": "up"},
				"up": {"uv": [11.5, 15, 12, 15.25], "texture": "#texture", "cullface": "up"}
			}
		},
		{
			"from": [7, 19, 10],
			"to": [9, 22.5, 12],
			"faces": {
				"north": {"uv": [8.5, 2.25, 7.5, 4], "texture": "#texture", "cullface": "up"},
				"east": {"uv": [10, 2.25, 9, 4], "texture": "#texture", "cullface": "up"},
				"west": {"uv": [9, 2.25, 10, 4], "texture": "#texture", "cullface": "up"},
				"up": {"uv": [9, 2.25, 10, 2.5], "rotation": 90, "texture": "#texture", "cullface": "up"},
				"down": {"uv": [10, 4, 9, 3.75], "rotation": 90, "texture": "#texture", "cullface": "up"}
			}
		},
		{
			"from": [7, 22.5, 10],
			"to": [9, 23, 11.5],
			"faces": {
				"east": {"uv": [9.75, 2, 9, 2.25], "texture": "#texture", "cullface": "up"},
				"south": {"uv": [9.5, 2, 9.75, 2.25], "texture": "#texture", "cullface": "up"},
				"west": {"uv": [9, 2, 9.75, 2.25], "texture": "#texture", "cullface": "up"},
				"up": {"uv": [9, 2, 9.75, 2.25], "rotation": 90, "texture": "#texture", "cullface": "up"}
			}
		},
		{
			"from": [7, 21.5, 14.5],
			"to": [9, 23.5, 17],
			"faces": {
				"north": {"uv": [12.5, 1.75, 12.75, 2.75], "texture": "#texture", "cullface": "south"},
				"east": {"uv": [1.25, 9.25, 2.5, 10.25], "texture": "#texture", "cullface": "south"},
				"south": {"uv": [12.5, 1.75, 12.75, 2.75], "texture": "#texture", "cullface": "south"},
				"west": {"uv": [11.25, 1.75, 12.5, 2.75], "texture": "#texture", "cullface": "south"},
				"up": {"uv": [11.25, 1.75, 12.5, 2], "rotation": 90, "texture": "#texture", "cullface": "south"},
				"down": {"uv": [12.5, 2.75, 11.25, 2.5], "rotation": 90, "texture": "#texture", "cullface": "south"}
			}
		},
		{
			"from": [7, 23.5, 15],
			"to": [9, 24.5, 16.5],
			"faces": {
				"north": {"uv": [11.5, 1.25, 11.75, 1.75], "texture": "#texture", "cullface": "south"},
				"east": {"uv": [12.25, 1.25, 11.5, 1.75], "texture": "#texture", "cullface": "south"},
				"south": {"uv": [12.25, 1.25, 12.5, 1.75], "texture": "#texture", "cullface": "south"},
				"west": {"uv": [11.5, 1.25, 12.25, 1.75], "texture": "#texture", "cullface": "south"},
				"up": {"uv": [11.5, 1.25, 12.25, 1.5], "rotation": 90, "texture": "#texture", "cullface": "south"}
			}
		},
		{
			"from": [7, 24.5, 15],
			"to": [9, 25, 16],
			"faces": {
				"north": {"uv": [11.5, 1, 11.75, 1.25], "texture": "#texture", "cullface": "up"},
				"east": {"uv": [12, 1, 11.5, 1.25], "texture": "#texture", "cullface": "up"},
				"south": {"uv": [11.75, 1, 12, 1.25], "texture": "#texture", "cullface": "up"},
				"west": {"uv": [11.5, 1, 12, 1.25], "texture": "#texture", "cullface": "up"},
				"up": {"uv": [11.5, 1, 12, 1.25], "rotation": 90, "texture": "#texture", "cullface": "up"}
			}
		},
		{
			"from": [7, 25, 15],
			"to": [9, 25.5, 15.5],
			"faces": {
				"north": {"uv": [11.5, 0.75, 11.75, 1], "texture": "#texture", "cullface": "up"},
				"east": {"uv": [11.75, 0.75, 11.5, 1], "texture": "#texture", "cullface": "up"},
				"south": {"uv": [11.5, 0.75, 11.75, 1], "texture": "#texture", "cullface": "up"},
				"west": {"uv": [11.5, 0.75, 11.75, 1], "texture": "#texture", "cullface": "up"},
				"up": {"uv": [11.5, 0.75, 11.75, 1], "texture": "#texture", "cullface": "up"}
			}
		},
		{
			"from": [7.5, 16.5, 14],
			"to": [8.5, 18.5, 14.5],
			"faces": {
				"north": {"uv": [8.25, 4.25, 7.75, 5.25], "texture": "#texture", "cullface": "up"},
				"east": {"uv": [11.25, 4.25, 11, 5.25], "texture": "#texture", "cullface": "up"},
				"west": {"uv": [11, 4.25, 11.25, 5.25], "texture": "#texture", "cullface": "up"},
				"down": {"uv": [14.25, 12.75, 14, 12.5], "texture": "#texture", "cullface": "up"}
			}
		},
		{
			"from": [7.5, 17.5, 13],
			"to": [8.5, 18, 14],
			"faces": {
				"north": {"uv": [9.5, 4, 10, 4.25], "texture": "#texture", "cullface": "up"},
				"east": {"uv": [10.5, 4.5, 11, 4.75], "texture": "#texture", "cullface": "up"},
				"west": {"uv": [10.5, 4.5, 11, 4.75], "texture": "#texture", "cullface": "up"},
				"down": {"uv": [10, 4.25, 9.5, 4], "texture": "#texture", "cullface": "up"}
			}
		},
		{
			"from": [7, 18, 12.5],
			"to": [9, 18.5, 14],
			"faces": {
				"north": {"uv": [10.5, 4.25, 10.25, 4.5], "texture": "#texture", "cullface": "up"},
				"east": {"uv": [11, 4.25, 10.25, 4.5], "texture": "#texture", "cullface": "up"},
				"south": {"uv": [10.75, 4.25, 11, 4.5], "texture": "#texture", "cullface": "up"},
				"west": {"uv": [10.25, 4.25, 11, 4.5], "texture": "#texture", "cullface": "up"},
				"down": {"uv": [11, 4.5, 10.25, 4.25], "rotation": 90, "texture": "#texture", "cullface": "up"}
			}
		},
		{
			"from": [7, 19, 14.5],
			"to": [9, 21.5, 15],
			"faces": {
				"east": {"uv": [2.25, 10.25, 2.5, 11.5], "texture": "#texture", "cullface": "up"},
				"south": {"uv": [11.25, 2.75, 11.5, 4], "texture": "#texture", "cullface": "up"},
				"west": {"uv": [11.25, 2.75, 11.5, 4], "texture": "#texture", "cullface": "up"}
			}
		},
		{
			"from": [7, 16.5, 14.5],
			"to": [9, 19, 17],
			"faces": {
				"north": {"uv": [11.5, 4, 11.25, 5.25], "texture": "#texture", "cullface": "south"},
				"east": {"uv": [12.5, 4, 11.25, 5.25], "texture": "#texture", "cullface": "south"},
				"south": {"uv": [12.25, 4, 12.5, 5.25], "texture": "#texture", "cullface": "south"},
				"west": {"uv": [11.25, 4, 12.5, 5.25], "texture": "#texture", "cullface": "south"},
				"up": {"uv": [11.25, 4, 12.5, 4.25], "rotation": 90, "texture": "#texture", "cullface": "south"},
				"down": {"uv": [12.5, 5.25, 11.25, 5], "rotation": 90, "texture": "#texture", "cullface": "south"}
			}
		},
		{
			"from": [7, 19, 15],
			"to": [9, 21, 15.5],
			"faces": {
				"east": {"uv": [2, 10.5, 2.25, 11.5], "texture": "#texture", "cullface": "up"},
				"south": {"uv": [11.5, 3, 11.75, 4], "texture": "#texture", "cullface": "up"},
				"west": {"uv": [11.5, 3, 11.75, 4], "texture": "#texture", "cullface": "up"},
				"up": {"uv": [11.5, 3, 11.75, 3.25], "texture": "#texture", "cullface": "up"}
			}
		},
		{
			"from": [7, 19, 15.5],
			"to": [9, 20.5, 16],
			"faces": {
				"east": {"uv": [1.75, 10.75, 2, 11.5], "texture": "#texture", "cullface": "up"},
				"south": {"uv": [11.75, 3.25, 12, 4], "texture": "#texture", "cullface": "up"},
				"west": {"uv": [11.75, 3.25, 12, 4], "texture": "#texture", "cullface": "up"},
				"up": {"uv": [11.75, 3.25, 12, 3.5], "texture": "#texture", "cullface": "up"}
			}
		},
		{
			"from": [7, 19, 16],
			"to": [9, 20, 16.5],
			"faces": {
				"east": {"uv": [1.5, 11, 1.75, 11.5], "texture": "#texture", "cullface": "south"},
				"south": {"uv": [12, 3.5, 12.25, 4], "texture": "#texture", "cullface": "south"},
				"west": {"uv": [12, 3.5, 12.25, 4], "texture": "#texture", "cullface": "south"},
				"up": {"uv": [12, 3.5, 12.25, 3.75], "texture": "#texture", "cullface": "south"}
			}
		},
		{
			"from": [7, 14.5, 15],
			"to": [9, 15.5, 16.5],
			"faces": {
				"north": {"uv": [11.75, 5.75, 11.5, 6.25], "texture": "#texture", "cullface": "south"},
				"east": {"uv": [12.25, 5.75, 11.5, 6.25], "texture": "#texture", "cullface": "south"},
				"south": {"uv": [12, 5.75, 12.25, 6.25], "texture": "#texture", "cullface": "south"},
				"west": {"uv": [11.5, 5.75, 12.25, 6.25], "texture": "#texture", "cullface": "south"},
				"down": {"uv": [12.25, 6, 11.5, 5.75], "rotation": 90, "texture": "#texture", "cullface": "south"}
			}
		},
		{
			"from": [7, 13.5, 15],
			"to": [9, 14.5, 16],
			"faces": {
				"north": {"uv": [11.75, 6.25, 11.5, 6.75], "texture": "#texture"},
				"east": {"uv": [12, 6.25, 11.5, 6.75], "texture": "#texture"},
				"south": {"uv": [11.75, 6.25, 12, 6.75], "texture": "#texture", "cullface": "south"},
				"west": {"uv": [11.5, 6.25, 12, 6.75], "texture": "#texture"},
				"down": {"uv": [12, 6.75, 11.5, 6.5], "rotation": 90, "texture": "#texture"}
			}
		},
		{
			"from": [7, 13, 14.5],
			"to": [9, 13.5, 15.5],
			"faces": {
				"north": {"uv": [11.5, 6.75, 11.25, 7], "texture": "#texture"},
				"east": {"uv": [11.75, 6.75, 11.25, 7], "texture": "#texture"},
				"south": {"uv": [11.5, 6.75, 11.75, 7], "texture": "#texture"},
				"west": {"uv": [11.25, 6.75, 11.75, 7], "texture": "#texture"},
				"up": {"uv": [11.25, 6.75, 11.75, 7], "rotation": 90, "texture": "#texture"},
				"down": {"uv": [11.75, 7, 11.25, 6.75], "rotation": 90, "texture": "#texture"}
			}
		},
		{
			"from": [7, 12.5, 14.5],
			"to": [9, 13, 15],
			"faces": {
				"north": {"uv": [11.5, 7, 11.25, 7.25], "texture": "#texture"},
				"east": {"uv": [11.5, 7, 11.25, 7.25], "texture": "#texture"},
				"south": {"uv": [11.25, 7, 11.5, 7.25], "texture": "#texture"},
				"west": {"uv": [11.25, 7, 11.5, 7.25], "texture": "#texture"},
				"down": {"uv": [11.5, 7.25, 11.25, 7], "texture": "#texture"}
			}
		},
		{
			"from": [7.75, 25.5, 16.5],
			"to": [8.25, 26, 17.5],
			"faces": {
				"east": {"uv": [12.25, 0.5, 12.75, 0.75], "texture": "#texture", "cullface": "south"},
				"south": {"uv": [12.25, 0.5, 12.5, 0.75], "texture": "#texture", "cullface": "south"},
				"west": {"uv": [12.25, 0.5, 12.75, 0.75], "texture": "#texture", "cullface": "south"},
				"up": {"uv": [12, 0.25, 12.25, 0.75], "texture": "#texture", "cullface": "south"}
			}
		},
		{
			"from": [7.5, 23.5, 17.5],
			"to": [8.5, 25, 18],
			"faces": {
				"east": {"uv": [13, 1, 12.75, 1.75], "texture": "#texture", "cullface": "south"},
				"south": {"uv": [12.75, 1, 13, 1.75], "texture": "#texture", "cullface": "south"},
				"west": {"uv": [12.75, 1, 13, 1.75], "texture": "#texture", "cullface": "south"},
				"up": {"uv": [12.75, 1, 13, 1.25], "texture": "#texture", "cullface": "south"}
			}
		},
		{
			"from": [7.75, 24, 18],
			"to": [8.25, 25, 18.5],
			"faces": {
				"east": {"uv": [13.25, 1, 13, 1.5], "texture": "#texture", "cullface": "south"},
				"south": {"uv": [12.5, 4, 12.75, 4.5], "texture": "#texture", "cullface": "south"},
				"west": {"uv": [13, 1, 13.25, 1.5], "texture": "#texture", "cullface": "south"},
				"up": {"uv": [12.75, 0.75, 13, 1], "texture": "#texture", "cullface": "south"}
			}
		},
		{
			"from": [7.75, 25, 17.5],
			"to": [8.25, 25.5, 18],
			"faces": {
				"east": {"uv": [13, 0.75, 12.75, 1], "texture": "#texture", "cullface": "south"},
				"south": {"uv": [12.5, 3, 12.75, 3.25], "texture": "#texture", "cullface": "south"},
				"west": {"uv": [12.75, 0.75, 13, 1], "texture": "#texture", "cullface": "south"},
				"up": {"uv": [13, 3.5, 12.75, 3.25], "texture": "#texture", "cullface": "south"}
			}
		},
		{
			"from": [7.75, 15.5, 18.5],
			"to": [8.25, 18.5, 19],
			"faces": {
				"east": {"uv": [13.5, 4.25, 13.25, 5.75], "texture": "#texture", "cullface": "south"},
				"south": {"uv": [13.25, 4.25, 13.5, 5.75], "texture": "#texture", "cullface": "south"},
				"west": {"uv": [13.25, 4.25, 13.5, 5.75], "texture": "#texture", "cullface": "south"},
				"down": {"uv": [13.5, 5.75, 13.25, 5.5], "texture": "#texture", "cullface": "south"}
			}
		},
		{
			"from": [7.75, 13.5, 18],
			"to": [8.25, 15.5, 18.5],
			"faces": {
				"east": {"uv": [13.25, 5.75, 13, 6.75], "texture": "#texture", "cullface": "south"},
				"south": {"uv": [13, 5.75, 13.25, 6.75], "texture": "#texture", "cullface": "south"},
				"west": {"uv": [13, 5.75, 13.25, 6.75], "texture": "#texture", "cullface": "south"},
				"down": {"uv": [13.25, 6.75, 13, 6.5], "texture": "#texture", "cullface": "south"}
			}
		},
		{
			"from": [7.5, 12, 16.5],
			"to": [8.5, 12.5, 17],
			"faces": {
				"east": {"uv": [12.5, 7.25, 12.25, 7.5], "texture": "#texture", "cullface": "south"},
				"south": {"uv": [12.25, 7.25, 12.5, 7.5], "texture": "#texture", "cullface": "south"},
				"west": {"uv": [12.25, 7.25, 12.5, 7.5], "texture": "#texture", "cullface": "south"},
				"up": {"uv": [12.25, 7.25, 12.5, 7.5], "texture": "#texture", "cullface": "south"},
				"down": {"uv": [12.5, 7.5, 12.25, 7.25], "texture": "#texture", "cullface": "south"}
			}
		},
		{
			"from": [7.75, 11.5, 16.5],
			"to": [8.25, 12, 17],
			"faces": {
				"east": {"uv": [12.5, 7.5, 12.25, 7.75], "texture": "#texture", "cullface": "south"},
				"south": {"uv": [12.25, 7.5, 12.5, 7.75], "texture": "#texture", "cullface": "south"},
				"west": {"uv": [12.25, 7.5, 12.5, 7.75], "texture": "#texture", "cullface": "south"},
				"down": {"uv": [12.5, 7.75, 12.25, 7.5], "texture": "#texture", "cullface": "south"}
			}
		},
		{
			"from": [7.75, 11, 16],
			"to": [8.25, 11.5, 16.5],
			"faces": {
				"east": {"uv": [12.25, 7.75, 12, 8], "texture": "#texture", "cullface": "south"},
				"south": {"uv": [12, 7.75, 12.25, 8], "texture": "#texture", "cullface": "south"},
				"west": {"uv": [12, 7.75, 12.25, 8], "texture": "#texture", "cullface": "south"},
				"down": {"uv": [12.25, 8, 12, 7.75], "texture": "#texture", "cullface": "south"}
			}
		},
		{
			"from": [7.75, 10.5, 15],
			"to": [8.25, 11, 16],
			"faces": {
				"east": {"uv": [12, 8, 11.5, 8.25], "texture": "#texture"},
				"south": {"uv": [11.75, 8, 12, 8.25], "texture": "#texture", "cullface": "south"},
				"west": {"uv": [11.5, 8, 12, 8.25], "texture": "#texture"},
				"down": {"uv": [12, 8.25, 11.5, 8], "rotation": 90, "texture": "#texture"}
			}
		},
		{
			"from": [7.5, 23, 12],
			"to": [8.5, 23.5, 14.5],
			"faces": {
				"east": {"uv": [11.25, 1.75, 10, 2], "texture": "#texture", "cullface": "up"},
				"west": {"uv": [10, 1.75, 11.25, 2], "texture": "#texture", "cullface": "up"},
				"up": {"uv": [12.5, 3, 13, 4.25], "texture": "#texture", "cullface": "up"}
			}
		},
		{
			"from": [7.5, 23, 10],
			"to": [8.5, 23.5, 11.5],
			"faces": {
				"east": {"uv": [9.75, 1.75, 9, 2], "texture": "#texture", "cullface": "up"},
				"west": {"uv": [9, 1.75, 9.75, 2], "texture": "#texture", "cullface": "up"},
				"up": {"uv": [12.5, 3, 13, 3.75], "texture": "#texture", "cullface": "up"}
			}
		},
		{
			"from": [7.5, 18.5, 10],
			"to": [8.5, 19, 12],
			"faces": {
				"east": {"uv": [10, 4, 9, 4.25], "texture": "#texture", "cullface": "up"},
				"west": {"uv": [9, 4, 10, 4.25], "texture": "#texture", "cullface": "up"},
				"down": {"uv": [8.25, 5.25, 8, 5], "texture": "#texture", "cullface": "up"}
			}
		},
		{
			"from": [7.5, 18, 12],
			"to": [8.5, 18.5, 12.5],
			"faces": {
				"north": {"uv": [10.25, 4.25, 10, 4.5], "texture": "#texture", "cullface": "up"},
				"east": {"uv": [10.25, 4.25, 10, 4.5], "texture": "#texture", "cullface": "up"},
				"west": {"uv": [10, 4.25, 10.25, 4.5], "texture": "#texture", "cullface": "up"},
				"down": {"uv": [10.25, 4.5, 10, 4.25], "texture": "#texture", "cullface": "up"}
			}
		},
		{
			"from": [7.5, 17, 13.5],
			"to": [8.5, 17.5, 14],
			"faces": {
				"north": {"uv": [8.25, 5, 7.75, 5.25], "texture": "#texture", "cullface": "up"},
				"east": {"uv": [11, 4.75, 10.75, 5], "texture": "#texture", "cullface": "up"},
				"west": {"uv": [10.75, 4.75, 11, 5], "texture": "#texture", "cullface": "up"},
				"down": {"uv": [14.25, 12.75, 14, 12.5], "texture": "#texture", "cullface": "up"}
			}
		},
		{
			"from": [7, 15.5, 15],
			"to": [9, 16.5, 17],
			"faces": {
				"north": {"uv": [11.75, 5.25, 11.5, 5.75], "texture": "#texture", "cullface": "south"},
				"east": {"uv": [12.5, 5.25, 11.5, 5.75], "texture": "#texture", "cullface": "south"},
				"south": {"uv": [12.25, 5.25, 12.5, 5.75], "texture": "#texture", "cullface": "south"},
				"west": {"uv": [11.5, 5.25, 12.5, 5.75], "texture": "#texture", "cullface": "south"},
				"down": {"uv": [11.5, 5.5, 12.5, 5.75], "texture": "#texture", "cullface": "south"}
			}
		},
		{
			"from": [7, 17, 14],
			"to": [9, 18, 14.5],
			"faces": {
				"north": {"uv": [11.25, 4.5, 11, 5], "texture": "#texture", "cullface": "up"},
				"east": {"uv": [11.25, 4.5, 11, 5], "texture": "#texture", "cullface": "up"},
				"west": {"uv": [11, 4.5, 11.25, 5], "texture": "#texture", "cullface": "up"},
				"up": {"uv": [11, 4.5, 11.25, 4.75], "texture": "#texture", "cullface": "up"},
				"down": {"uv": [11.25, 5, 11, 4.75], "texture": "#texture", "cullface": "up"}
			}
		},
		{
			"from": [7.5, 23, 1.5],
			"to": [8.5, 23.5, 10],
			"faces": {
				"north": {"uv": [5, 1.75, 4.75, 2], "texture": "#texture", "cullface": "up"},
				"east": {"uv": [9, 1.75, 4.75, 2], "texture": "#texture", "cullface": "up"},
				"west": {"uv": [4.75, 1.75, 9, 2], "texture": "#texture", "cullface": "up"},
				"up": {"uv": [4.75, 1.75, 9, 2], "rotation": 90, "texture": "#texture", "cullface": "up"},
				"down": {"uv": [8.25, 9, 7.75, 4.75], "texture": "#texture", "cullface": "up"}
			}
		},
		{
			"from": [7.5, 22.5, 1],
			"to": [8.5, 23, 2],
			"faces": {
				"north": {"uv": [8.25, 2, 7.75, 2.25], "texture": "#texture", "cullface": "up"},
				"east": {"uv": [5, 2, 4.5, 2.25], "texture": "#texture", "cullface": "up"},
				"west": {"uv": [4.5, 2, 5, 2.25], "texture": "#texture", "cullface": "up"},
				"up": {"uv": [4.5, 2, 5, 2.25], "rotation": 90, "texture": "#texture", "cullface": "up"},
				"down": {"uv": [4.75, 2.25, 4.5, 2], "rotation": 90, "texture": "#texture", "cullface": "up"}
			}
		},
		{
			"from": [7.5, 22, 2],
			"to": [8.5, 22.5, 3],
			"faces": {
				"north": {"uv": [8.25, 2.25, 7.75, 2.5], "texture": "#texture", "cullface": "up"},
				"east": {"uv": [5.5, 2.25, 5, 2.5], "texture": "#texture", "cullface": "up"},
				"west": {"uv": [5, 2.25, 5.5, 2.5], "texture": "#texture", "cullface": "up"},
				"down": {"uv": [13.25, 12, 12.75, 11.75], "texture": "#texture", "cullface": "up"}
			}
		},
		{
			"from": [7.5, 21.5, 3],
			"to": [8.5, 22, 4],
			"faces": {
				"north": {"uv": [8.25, 2.5, 7.75, 2.75], "texture": "#texture", "cullface": "up"},
				"east": {"uv": [6, 2.5, 5.5, 2.75], "texture": "#texture", "cullface": "up"},
				"west": {"uv": [5.5, 2.5, 6, 2.75], "texture": "#texture", "cullface": "up"},
				"down": {"uv": [13.25, 12, 12.75, 11.75], "texture": "#texture", "cullface": "up"}
			}
		},
		{
			"from": [7.5, 21, 4],
			"to": [8.5, 21.5, 4.5],
			"faces": {
				"north": {"uv": [6.25, 2.75, 6, 3], "texture": "#texture", "cullface": "up"},
				"east": {"uv": [6.25, 2.75, 6, 3], "texture": "#texture", "cullface": "up"},
				"west": {"uv": [6, 2.75, 6.25, 3], "texture": "#texture", "cullface": "up"},
				"down": {"uv": [13.25, 12, 12.75, 11.75], "texture": "#texture", "cullface": "up"}
			}
		},
		{
			"from": [7.5, 20.5, 4.5],
			"to": [8.5, 22, 5],
			"faces": {
				"north": {"uv": [8.25, 2.5, 7.75, 3.25], "texture": "#texture", "cullface": "up"},
				"east": {"uv": [6.5, 2.5, 6.25, 3.25], "texture": "#texture", "cullface": "up"},
				"west": {"uv": [6.25, 2.5, 6.5, 3.25], "texture": "#texture", "cullface": "up"},
				"down": {"uv": [13.75, 12, 13.25, 11.75], "texture": "#texture", "cullface": "up"}
			}
		},
		{
			"from": [7.5, 19, 5],
			"to": [8.5, 20.5, 5.5],
			"faces": {
				"north": {"uv": [7, 2.5, 6.75, 3.25], "texture": "#texture", "cullface": "up"},
				"east": {"uv": [6.75, 3.25, 6.5, 4], "texture": "#texture", "cullface": "up"},
				"west": {"uv": [6.5, 3.25, 6.75, 4], "texture": "#texture", "cullface": "up"},
				"down": {"uv": [13.75, 12, 13.25, 11.75], "texture": "#texture", "cullface": "up"}
			}
		},
		{
			"from": [7.5, 23.5, 9],
			"to": [8.5, 26, 9.5],
			"faces": {
				"north": {"uv": [8.25, 0.5, 7.75, 1.75], "texture": "#texture", "cullface": "up"},
				"east": {"uv": [8.75, 0.5, 8.5, 1.75], "texture": "#texture", "cullface": "up"},
				"south": {"uv": [15.25, 11.75, 15.75, 13], "texture": "#texture", "cullface": "up"},
				"west": {"uv": [8.5, 0.5, 8.75, 1.75], "texture": "#texture", "cullface": "up"},
				"up": {"uv": [7.75, 8.5, 8.25, 8.75], "texture": "#texture", "cullface": "up"}
			}
		},
		{
			"from": [7, 24, 8],
			"to": [9, 26, 9],
			"faces": {
				"north": {"uv": [16, 11.75, 15, 12.75], "texture": "#texture", "cullface": "up"},
				"east": {"uv": [8.5, 0.5, 8, 1.5], "texture": "#texture", "cullface": "up"},
				"south": {"uv": [15, 11.75, 16, 12.75], "texture": "#texture", "cullface": "up"},
				"west": {"uv": [8, 0.5, 8.5, 1.5], "texture": "#texture", "cullface": "up"},
				"up": {"uv": [15, 14.5, 16, 15], "texture": "#texture", "cullface": "up"}
			}
		},
		{
			"from": [7, 23, 7],
			"to": [9, 24, 9],
			"faces": {
				"north": {"uv": [16, 11.75, 15, 12.25], "texture": "#texture", "cullface": "up"},
				"east": {"uv": [8.5, 1.5, 8, 1.75], "texture": "#texture", "cullface": "up"},
				"south": {"uv": [15, 11.75, 16, 12], "texture": "#texture", "cullface": "up"},
				"west": {"uv": [8, 1.5, 8.5, 1.75], "texture": "#texture", "cullface": "up"},
				"up": {"uv": [7.5, 7.5, 8.5, 8.5], "texture": "#texture", "cullface": "up"}
			}
		},
		{
			"from": [7, 24, 7.5],
			"to": [9, 25.5, 8],
			"faces": {
				"north": {"uv": [16, 11.75, 15, 12.5], "texture": "#texture", "cullface": "up"},
				"east": {"uv": [8, 0.75, 7.75, 1.5], "texture": "#texture", "cullface": "up"},
				"west": {"uv": [7.75, 0.75, 8, 1.5], "texture": "#texture", "cullface": "up"},
				"up": {"uv": [7.5, 7.75, 8.5, 8], "texture": "#texture", "cullface": "up"}
			}
		},
		{
			"from": [7.5, 24, 7],
			"to": [8.5, 25, 7.5],
			"faces": {
				"north": {"uv": [15.75, 11.75, 15.25, 12.25], "texture": "#texture", "cullface": "up"},
				"east": {"uv": [7.75, 1, 7.5, 1.5], "texture": "#texture", "cullface": "up"},
				"west": {"uv": [7.5, 1, 7.75, 1.5], "texture": "#texture", "cullface": "up"},
				"up": {"uv": [7.75, 7.5, 8.25, 7.75], "texture": "#texture", "cullface": "up"}
			}
		},
		{
			"from": [7.5, 18, 5.5],
			"to": [8.5, 19, 6],
			"faces": {
				"north": {"uv": [8, 4.25, 7.5, 4.75], "texture": "#texture", "cullface": "up"},
				"east": {"uv": [7, 4, 6.75, 4.5], "texture": "#texture", "cullface": "up"},
				"south": {"uv": [7.75, 4, 8.25, 4.5], "texture": "#texture", "cullface": "up"},
				"west": {"uv": [6.75, 4, 7, 4.5], "texture": "#texture", "cullface": "up"},
				"down": {"uv": [8.25, 5, 7.75, 4.75], "texture": "#texture", "cullface": "up"}
			}
		},
		{
			"from": [7.5, 17.5, 6],
			"to": [8.5, 18, 6.5],
			"faces": {
				"north": {"uv": [8.25, 4.75, 7.75, 5], "texture": "#texture", "cullface": "up"},
				"east": {"uv": [7.75, 4.5, 7.5, 4.75], "texture": "#texture", "cullface": "up"},
				"west": {"uv": [7.5, 4.5, 7.75, 4.75], "texture": "#texture", "cullface": "up"},
				"down": {"uv": [8.25, 5, 7.75, 4.75], "texture": "#texture", "cullface": "up"}
			}
		},
		{
			"from": [7, 16.5, 7],
			"to": [9, 17.5, 9],
			"faces": {
				"north": {"uv": [8.5, 4.75, 7.5, 5.25], "texture": "#texture", "cullface": "up"},
				"east": {"uv": [8.5, 4.75, 7.5, 5.25], "texture": "#texture", "cullface": "up"},
				"south": {"uv": [7.5, 4.75, 8.5, 5.25], "texture": "#texture", "cullface": "up"},
				"west": {"uv": [7.5, 4.75, 8.5, 5.25], "texture": "#texture", "cullface": "up"},
				"down": {"uv": [8.5, 8.5, 7.5, 7.5], "texture": "#texture", "cullface": "up"}
			}
		},
		{
			"from": [7.5, 16.5, 9],
			"to": [8.5, 17.5, 9.5],
			"faces": {
				"east": {"uv": [8.75, 4.75, 8.5, 5.25], "texture": "#texture", "cullface": "up"},
				"south": {"uv": [7.75, 4.75, 8.25, 5.25], "texture": "#texture", "cullface": "up"},
				"west": {"uv": [8.5, 4.75, 8.75, 5.25], "texture": "#texture", "cullface": "up"},
				"down": {"uv": [8.25, 8.75, 7.75, 8.5], "texture": "#texture", "cullface": "up"}
			}
		},
		{
			"from": [7.5, 17.5, 9.5],
			"to": [8.5, 18.5, 10],
			"faces": {
				"north": {"uv": [8.25, 4.25, 7.75, 4.75], "texture": "#texture", "cullface": "up"},
				"east": {"uv": [9, 4.25, 8.75, 4.75], "texture": "#texture", "cullface": "up"},
				"south": {"uv": [8.5, 4.25, 9, 4.75], "texture": "#texture", "cullface": "up"},
				"west": {"uv": [8.75, 4.25, 9, 4.75], "texture": "#texture", "cullface": "up"},
				"down": {"uv": [8.25, 9, 7.75, 8.75], "texture": "#texture", "cullface": "up"}
			}
		},
		{
			"from": [7.5, 17, 6.5],
			"to": [8.5, 17.5, 7],
			"faces": {
				"north": {"uv": [8.25, 4.75, 7.75, 5], "texture": "#texture", "cullface": "up"},
				"east": {"uv": [7.5, 4.75, 7.25, 5], "texture": "#texture", "cullface": "up"},
				"west": {"uv": [7.25, 4.75, 7.5, 5], "texture": "#texture", "cullface": "up"},
				"down": {"uv": [8.25, 5, 7.75, 4.75], "texture": "#texture", "cullface": "up"}
			}
		},
		{
			"from": [7, 20.5, 5],
			"to": [9, 23, 10],
			"faces": {
				"north": {"uv": [6.75, 2, 6.5, 3.25], "texture": "#texture", "cullface": "up"},
				"east": {"uv": [9, 2, 6.5, 3.25], "texture": "#texture", "cullface": "up"},
				"south": {"uv": [7.5, 2, 8.5, 3.25], "texture": "#texture", "cullface": "up"},
				"west": {"uv": [6.5, 2, 9, 3.25], "texture": "#texture", "cullface": "up"},
				"up": {"uv": [6.5, 2, 9, 2.25], "rotation": 90, "texture": "#texture", "cullface": "up"},
				"down": {"uv": [13.75, 12.25, 13.5, 12], "texture": "#texture", "cullface": "up"}
			}
		},
		{
			"from": [7, 22, 4.5],
			"to": [9, 23, 5],
			"faces": {
				"east": {"uv": [6.5, 2, 6.25, 2.5], "texture": "#texture", "cullface": "up"},
				"west": {"uv": [6.25, 2, 6.5, 2.5], "texture": "#texture", "cullface": "up"},
				"up": {"uv": [6.25, 2, 6.5, 2.25], "texture": "#texture", "cullface": "up"},
				"down": {"uv": [6.5, 2.5, 6.25, 2.25], "texture": "#texture", "cullface": "up"}
			}
		},
		{
			"from": [7, 21.5, 4],
			"to": [9, 23, 4.5],
			"faces": {
				"north": {"uv": [6.25, 2, 6, 2.75], "texture": "#texture", "cullface": "up"},
				"east": {"uv": [6.25, 2, 6, 2.75], "texture": "#texture", "cullface": "up"},
				"south": {"uv": [6, 2, 6.25, 2.75], "texture": "#texture", "cullface": "up"},
				"west": {"uv": [6, 2, 6.25, 2.75], "texture": "#texture", "cullface": "up"},
				"up": {"uv": [6, 2, 6.25, 2.25], "texture": "#texture", "cullface": "up"},
				"down": {"uv": [6.25, 2.75, 6, 2.5], "texture": "#texture", "cullface": "up"}
			}
		},
		{
			"from": [7, 22, 3],
			"to": [9, 23, 4],
			"faces": {
				"north": {"uv": [5.75, 2, 5.5, 2.5], "texture": "#texture", "cullface": "up"},
				"east": {"uv": [6, 2, 5.5, 2.5], "texture": "#texture", "cullface": "up"},
				"west": {"uv": [5.5, 2, 6, 2.5], "texture": "#texture", "cullface": "up"},
				"up": {"uv": [5.5, 2, 6, 2.25], "rotation": 90, "texture": "#texture", "cullface": "up"},
				"down": {"uv": [6, 2.5, 5.5, 2.25], "rotation": 90, "texture": "#texture", "cullface": "up"}
			}
		},
		{
			"from": [7, 22.5, 2],
			"to": [9, 23, 3],
			"faces": {
				"north": {"uv": [8.5, 2, 7.5, 2.25], "texture": "#texture", "cullface": "up"},
				"east": {"uv": [5.5, 2, 5, 2.25], "texture": "#texture", "cullface": "up"},
				"west": {"uv": [5, 2, 5.5, 2.25], "texture": "#texture", "cullface": "up"},
				"up": {"uv": [5, 2, 5.5, 2.25], "rotation": 90, "texture": "#texture", "cullface": "up"},
				"down": {"uv": [5.5, 2.25, 5, 2], "rotation": 90, "texture": "#texture", "cullface": "up"}
			}
		},
		{
			"from": [7, 19, 5.5],
			"to": [9, 20.5, 10],
			"faces": {
				"north": {"uv": [8.5, 3.25, 7.5, 4], "texture": "#texture", "cullface": "up"},
				"east": {"uv": [9, 3.25, 6.75, 4], "texture": "#texture", "cullface": "up"},
				"west": {"uv": [6.75, 3.25, 9, 4], "texture": "#texture", "cullface": "up"},
				"down": {"uv": [14, 12.5, 13.75, 12.25], "texture": "#texture", "cullface": "up"}
			}
		},
		{
			"from": [7, 18.5, 6],
			"to": [9, 19, 10],
			"faces": {
				"north": {"uv": [7.25, 4, 7, 4.25], "texture": "#texture", "cullface": "up"},
				"east": {"uv": [9, 4, 7, 4.25], "texture": "#texture", "cullface": "up"},
				"south": {"uv": [7.5, 4, 8.5, 4.25], "texture": "#texture", "cullface": "up"},
				"west": {"uv": [7, 4, 9, 4.25], "texture": "#texture", "cullface": "up"},
				"down": {"uv": [8.5, 9, 7.5, 7], "texture": "#texture", "cullface": "up"}
			}
		},
		{
			"from": [7, 18, 6],
			"to": [9, 18.5, 9.5],
			"faces": {
				"north": {"uv": [8.5, 4.25, 7.5, 4.5], "texture": "#texture", "cullface": "up"},
				"east": {"uv": [8.75, 4.25, 7, 4.5], "texture": "#texture", "cullface": "up"},
				"south": {"uv": [8.5, 4.25, 9, 4.5], "texture": "#texture", "cullface": "up"},
				"west": {"uv": [7, 4.25, 8.75, 4.5], "texture": "#texture", "cullface": "up"},
				"down": {"uv": [14, 12.25, 13.75, 12], "texture": "#texture", "cullface": "up"}
			}
		},
		{
			"from": [7, 17.5, 6.5],
			"to": [9, 18, 9.5],
			"faces": {
				"north": {"uv": [8.5, 5, 7.5, 5.25], "texture": "#texture", "cullface": "up"},
				"east": {"uv": [8.75, 4.5, 7.25, 4.75], "texture": "#texture", "cullface": "up"},
				"south": {"uv": [8, 4.5, 9, 4.75], "texture": "#texture", "cullface": "up"},
				"west": {"uv": [7.25, 4.5, 8.75, 4.75], "texture": "#texture", "cullface": "up"},
				"down": {"uv": [14.75, 13.75, 14.5, 13.5], "texture": "#texture", "cullface": "up"}
			}
		},
		{
			"from": [6.5, 20.5, 12.5],
			"to": [9.5, 21, 13.5],
			"faces": {
				"east": {"uv": [10.75, 3, 10.25, 3.25], "texture": "#texture", "cullface": "up"},
				"south": {"uv": [10.5, 3, 10.75, 3.25], "texture": "#texture", "cullface": "up"},
				"west": {"uv": [10.25, 3, 10.75, 3.25], "texture": "#texture", "cullface": "up"},
				"up": {"uv": [12, 12.75, 11.75, 12.25], "texture": "#texture", "cullface": "up"},
				"down": {"uv": [11.75, 12.25, 12, 12.75], "texture": "#texture", "cullface": "up"}
			}
		},
		{
			"from": [6.5, 20, 11.5],
			"to": [9.5, 21.5, 12.5],
			"faces": {
				"east": {"uv": [10.25, 2.75, 9.75, 3.5], "texture": "#texture", "cullface": "up"},
				"south": {"uv": [10, 2.75, 10.25, 3.5], "texture": "#texture", "cullface": "up"},
				"west": {"uv": [9.75, 2.75, 10.25, 3.5], "texture": "#texture", "cullface": "up"},
				"up": {"uv": [12.25, 16, 12, 15.5], "texture": "#texture", "cullface": "up"},
				"down": {"uv": [10.25, 3.5, 10, 3.25], "texture": "#texture", "cullface": "up"}
			}
		},
		{
			"from": [6.5, 19.5, 10.5],
			"to": [9.5, 22, 11.5],
			"faces": {
				"east": {"uv": [9.75, 2.5, 9.25, 3.75], "texture": "#texture", "cullface": "up"},
				"south": {"uv": [9.5, 2.5, 9.75, 3.75], "texture": "#texture", "cullface": "up"},
				"west": {"uv": [9.25, 2.5, 9.75, 3.75], "texture": "#texture", "cullface": "up"},
				"up": {"uv": [9.25, 2.5, 9.75, 2.75], "rotation": 90, "texture": "#texture", "cullface": "up"},
				"down": {"uv": [9.75, 3.75, 9.25, 3.5], "rotation": 90, "texture": "#texture", "cullface": "up"}
			}
		},
		{
			"from": [6.5, 19.5, 9.5],
			"to": [9.5, 22.5, 10.5],
			"faces": {
				"east": {"uv": [9.25, 2.25, 8.75, 3.75], "texture": "#texture", "cullface": "up"},
				"south": {"uv": [9, 2.25, 9.25, 3.75], "texture": "#texture", "cullface": "up"},
				"west": {"uv": [8.75, 2.25, 9.25, 3.75], "texture": "#texture", "cullface": "up"},
				"up": {"uv": [8.75, 2.25, 9.25, 2.5], "rotation": 90, "texture": "#texture", "cullface": "up"},
				"down": {"uv": [9.25, 3.75, 8.75, 3.5], "rotation": 90, "texture": "#texture", "cullface": "up"}
			}
		},
		{
			"from": [6.5, 19.5, 8],
			"to": [9.5, 23, 9.5],
			"faces": {
				"north": {"uv": [8.25, 2, 8, 3.75], "texture": "#texture", "cullface": "up"},
				"east": {"uv": [8.75, 2, 8, 3.75], "texture": "#texture", "cullface": "up"},
				"south": {"uv": [8.5, 2, 8.75, 3.75], "texture": "#texture", "cullface": "up"},
				"west": {"uv": [8, 2, 8.75, 3.75], "texture": "#texture", "cullface": "up"},
				"up": {"uv": [8.5, 2, 8.75, 2.25], "texture": "#texture", "cullface": "up"},
				"down": {"uv": [8.75, 3.75, 8.5, 3.5], "texture": "#texture", "cullface": "up"}
			}
		},
		{
			"from": [6, 20.5, 12],
			"to": [10, 21, 13],
			"faces": {
				"east": {"uv": [10.5, 3, 10, 3.25], "texture": "#texture", "cullface": "up"},
				"south": {"uv": [10.25, 3, 10.5, 3.25], "texture": "#texture", "cullface": "up"},
				"west": {"uv": [10, 3, 10.5, 3.25], "texture": "#texture", "cullface": "up"},
				"up": {"uv": [10, 3, 10.5, 3.25], "rotation": 90, "texture": "#texture", "cullface": "up"},
				"down": {"uv": [10.5, 3.25, 10, 3], "rotation": 90, "texture": "#texture", "cullface": "up"}
			}
		},
		{
			"from": [6, 20, 10.5],
			"to": [10, 21.5, 11.5],
			"faces": {
				"north": {"uv": [9.5, 2.75, 9.25, 3.5], "texture": "#texture", "cullface": "up"},
				"east": {"uv": [9.75, 2.75, 9.25, 3.5], "texture": "#texture", "cullface": "up"},
				"south": {"uv": [9.5, 2.75, 9.75, 3.5], "texture": "#texture", "cullface": "up"},
				"west": {"uv": [9.25, 2.75, 9.75, 3.5], "texture": "#texture", "cullface": "up"},
				"up": {"uv": [9.25, 2.75, 9.75, 3], "rotation": 90, "texture": "#texture", "cullface": "up"},
				"down": {"uv": [9.75, 3.5, 9.25, 3.25], "rotation": 90, "texture": "#texture", "cullface": "up"}
			}
		},
		{
			"from": [6, 20, 10],
			"to": [10, 22, 11],
			"faces": {
				"east": {"uv": [9.5, 2.5, 9, 3.5], "texture": "#texture", "cullface": "up"},
				"south": {"uv": [9.25, 2.5, 9.5, 3.5], "texture": "#texture", "cullface": "up"},
				"west": {"uv": [9, 2.5, 9.5, 3.5], "texture": "#texture", "cullface": "up"},
				"up": {"uv": [9, 2.5, 9.5, 2.75], "rotation": 90, "texture": "#texture", "cullface": "up"},
				"down": {"uv": [9.5, 3.5, 9, 3.25], "rotation": 90, "texture": "#texture", "cullface": "up"}
			}
		},
		{
			"from": [6, 19.5, 9],
			"to": [10, 22.5, 10],
			"faces": {
				"east": {"uv": [9, 2.25, 8.5, 3.75], "texture": "#texture", "cullface": "up"},
				"south": {"uv": [8.75, 2.25, 9, 3.75], "texture": "#texture", "cullface": "up"},
				"west": {"uv": [8.5, 2.25, 9, 3.75], "texture": "#texture", "cullface": "up"},
				"up": {"uv": [8.5, 2.25, 9, 2.5], "rotation": 90, "texture": "#texture", "cullface": "up"},
				"down": {"uv": [9, 3.75, 8.5, 3.5], "rotation": 90, "texture": "#texture", "cullface": "up"}
			}
		},
		{
			"from": [4.5, 14, 2.5],
			"to": [5.5, 15.5, 3],
			"faces": {
				"north": {"uv": [5.5, 5.75, 5.25, 6.5], "texture": "#texture"},
				"east": {"uv": [5.5, 5.75, 5.25, 6.5], "texture": "#texture"},
				"south": {"uv": [5.25, 5.75, 5.5, 6.5], "texture": "#texture"},
				"west": {"uv": [5.25, 5.75, 5.5, 6.5], "texture": "#texture"},
				"up": {"uv": [5.25, 5.75, 5.5, 6], "texture": "#texture"},
				"down": {"uv": [5.5, 6.5, 5.25, 6.25], "texture": "#texture"}
			}
		},
		{
			"from": [4.5, 14.5, 3],
			"to": [5.5, 16.5, 3.5],
			"faces": {
				"north": {"uv": [5.75, 5.25, 5.5, 6.25], "texture": "#texture", "cullface": "up"},
				"east": {"uv": [5.75, 5.25, 5.5, 6.25], "texture": "#texture", "cullface": "up"},
				"south": {"uv": [5.5, 5.25, 5.75, 6.25], "texture": "#texture", "cullface": "up"},
				"west": {"uv": [5.5, 5.25, 5.75, 6.25], "texture": "#texture", "cullface": "up"},
				"up": {"uv": [5.5, 5.25, 5.75, 5.5], "texture": "#texture", "cullface": "up"},
				"down": {"uv": [5.75, 6.25, 5.5, 6], "texture": "#texture", "cullface": "up"}
			}
		},
		{
			"from": [4.5, 15.5, 3.5],
			"to": [6, 16.5, 4],
			"faces": {
				"north": {"uv": [5.75, 5.25, 6, 5.75], "texture": "#texture", "cullface": "up"},
				"east": {"uv": [6, 5.25, 5.75, 5.75], "texture": "#texture", "cullface": "up"},
				"south": {"uv": [5.75, 5.25, 6, 5.75], "texture": "#texture", "cullface": "up"},
				"west": {"uv": [5.75, 5.25, 6, 5.75], "texture": "#texture", "cullface": "up"},
				"up": {"uv": [5.5, 5.75, 5.75, 6], "texture": "#texture", "cullface": "up"},
				"down": {"uv": [5.75, 6, 5.5, 5.75], "texture": "#texture", "cullface": "up"}
			}
		},
		{
			"from": [5, 15.5, 4],
			"to": [6, 18, 4.5],
			"faces": {
				"north": {"uv": [6.25, 4.5, 6, 5.75], "texture": "#texture", "cullface": "up"},
				"east": {"uv": [6.25, 4.5, 6, 5.75], "texture": "#texture", "cullface": "up"},
				"south": {"uv": [6, 4.5, 6.25, 5.75], "texture": "#texture", "cullface": "up"},
				"west": {"uv": [6, 4.5, 6.25, 5.75], "texture": "#texture", "cullface": "up"},
				"up": {"uv": [6, 4.5, 6.25, 4.75], "texture": "#texture", "cullface": "up"},
				"down": {"uv": [6.25, 5.75, 6, 5.5], "texture": "#texture", "cullface": "up"}
			}
		},
		{
			"from": [5, 16, 4.5],
			"to": [6, 18.5, 5],
			"faces": {
				"north": {"uv": [6.5, 4.25, 6.25, 5.5], "texture": "#texture", "cullface": "up"},
				"east": {"uv": [6.5, 4.25, 6.25, 5.5], "texture": "#texture", "cullface": "up"},
				"south": {"uv": [6.25, 4.25, 6.5, 5.5], "texture": "#texture", "cullface": "up"},
				"west": {"uv": [6.25, 4.25, 6.5, 5.5], "texture": "#texture", "cullface": "up"},
				"up": {"uv": [6.25, 4.25, 6.5, 4.5], "texture": "#texture", "cullface": "up"},
				"down": {"uv": [6.5, 5.5, 6.25, 5.25], "texture": "#texture", "cullface": "up"}
			}
		},
		{
			"from": [5, 16.5, 5],
			"to": [6, 19, 5.5],
			"faces": {
				"north": {"uv": [6.75, 4, 6.5, 5.25], "texture": "#texture", "cullface": "up"},
				"east": {"uv": [6.75, 4, 6.5, 5.25], "texture": "#texture", "cullface": "up"},
				"south": {"uv": [6.5, 4, 6.75, 5.25], "texture": "#texture", "cullface": "up"},
				"west": {"uv": [6.5, 4, 6.75, 5.25], "texture": "#texture", "cullface": "up"},
				"up": {"uv": [6.5, 4, 6.75, 4.25], "texture": "#texture", "cullface": "up"},
				"down": {"uv": [6.75, 5.25, 6.5, 5], "texture": "#texture", "cullface": "up"}
			}
		},
		{
			"from": [5, 18, 5.5],
			"to": [6.5, 19, 6],
			"faces": {
				"north": {"uv": [7, 4, 6.75, 4.5], "texture": "#texture", "cullface": "up"},
				"east": {"uv": [7, 4, 6.75, 4.5], "texture": "#texture", "cullface": "up"},
				"south": {"uv": [6.75, 4, 7, 4.5], "texture": "#texture", "cullface": "up"},
				"west": {"uv": [6.75, 4, 7, 4.5], "texture": "#texture", "cullface": "up"},
				"up": {"uv": [6.75, 4, 7, 4.25], "texture": "#texture", "cullface": "up"},
				"down": {"uv": [7, 4.5, 6.75, 4.25], "texture": "#texture", "cullface": "up"}
			}
		},
		{
			"from": [5.5, 17, 6],
			"to": [6.5, 20, 6.5],
			"faces": {
				"north": {"uv": [7.25, 3.5, 7, 5], "texture": "#texture", "cullface": "up"},
				"east": {"uv": [7.25, 3.5, 7, 5], "texture": "#texture", "cullface": "up"},
				"south": {"uv": [7, 3.5, 7.25, 5], "texture": "#texture", "cullface": "up"},
				"west": {"uv": [7, 3.5, 7.25, 5], "texture": "#texture", "cullface": "up"},
				"up": {"uv": [7, 3.5, 7.25, 3.75], "texture": "#texture", "cullface": "up"},
				"down": {"uv": [7.25, 5, 7, 4.75], "texture": "#texture", "cullface": "up"}
			}
		},
		{
			"from": [5, 16.5, 3.5],
			"to": [6, 17, 4],
			"faces": {
				"north": {"uv": [5.75, 5, 6, 5.25], "texture": "#texture", "cullface": "up"},
				"east": {"uv": [6, 5, 5.75, 5.25], "texture": "#texture", "cullface": "up"},
				"west": {"uv": [5.75, 5, 6, 5.25], "texture": "#texture", "cullface": "up"},
				"up": {"uv": [5.75, 5, 6, 5.25], "texture": "#texture", "cullface": "up"}
			}
		},
		{
			"from": [4.5, 15, 3.5],
			"to": [5.5, 15.5, 4],
			"faces": {
				"east": {"uv": [6, 5.75, 5.75, 6], "texture": "#texture"},
				"south": {"uv": [5.75, 5.75, 6, 6], "texture": "#texture"},
				"west": {"uv": [5.75, 5.75, 6, 6], "texture": "#texture"},
				"down": {"uv": [6, 6, 5.75, 5.75], "texture": "#texture"}
			}
		},
		{
			"from": [5.5, 17.5, 6.5],
			"to": [6.5, 20.5, 7],
			"faces": {
				"north": {"uv": [7.5, 3.25, 7.25, 4.75], "texture": "#texture", "cullface": "up"},
				"east": {"uv": [7.5, 3.25, 7.25, 4.75], "texture": "#texture", "cullface": "up"},
				"south": {"uv": [7.25, 3.25, 7.5, 4.75], "texture": "#texture", "cullface": "up"},
				"west": {"uv": [7.25, 3.25, 7.5, 4.75], "texture": "#texture", "cullface": "up"},
				"up": {"uv": [7.25, 3.25, 7.5, 3.5], "texture": "#texture", "cullface": "up"},
				"down": {"uv": [7.5, 4.75, 7.25, 4.5], "texture": "#texture", "cullface": "up"}
			}
		},
		{
			"from": [5.5, 18, 7],
			"to": [6.5, 20.5, 7.5],
			"faces": {
				"east": {"uv": [7.75, 3.25, 7.5, 4.5], "texture": "#texture", "cullface": "up"},
				"south": {"uv": [7.5, 3.25, 7.75, 4.5], "texture": "#texture", "cullface": "up"},
				"west": {"uv": [7.5, 3.25, 7.75, 4.5], "texture": "#texture", "cullface": "up"},
				"up": {"uv": [7.5, 3.25, 7.75, 3.5], "texture": "#texture", "cullface": "up"},
				"down": {"uv": [7.75, 4.5, 7.5, 4.25], "texture": "#texture", "cullface": "up"}
			}
		},
		{
			"from": [5.5, 17, 5.5],
			"to": [6.5, 18, 6],
			"faces": {
				"north": {"uv": [7, 4.5, 6.75, 5], "texture": "#texture", "cullface": "up"},
				"east": {"uv": [7, 4.5, 6.75, 5], "texture": "#texture", "cullface": "up"},
				"west": {"uv": [6.75, 4.5, 7, 5], "texture": "#texture", "cullface": "up"},
				"down": {"uv": [7, 5, 6.75, 4.75], "texture": "#texture", "cullface": "up"}
			}
		},
		{
			"from": [5.5, 19, 5.5],
			"to": [6.5, 19.5, 6],
			"faces": {
				"north": {"uv": [7, 3.75, 6.75, 4], "texture": "#texture", "cullface": "up"},
				"east": {"uv": [7, 3.75, 6.75, 4], "texture": "#texture", "cullface": "up"},
				"west": {"uv": [6.75, 3.75, 7, 4], "texture": "#texture", "cullface": "up"},
				"up": {"uv": [6.75, 3.75, 7, 4], "texture": "#texture", "cullface": "up"}
			}
		},
		{
			"from": [5.5, 18.5, 7.5],
			"to": [10.5, 20.5, 8],
			"faces": {
				"north": {"uv": [8, 3.25, 7.75, 4.25], "texture": "#texture", "cullface": "up"},
				"east": {"uv": [8, 3.25, 7.75, 4.25], "texture": "#texture", "cullface": "up"},
				"south": {"uv": [7.75, 3.25, 8, 4.25], "texture": "#texture", "cullface": "up"},
				"west": {"uv": [7.75, 3.25, 8, 4.25], "texture": "#texture", "cullface": "up"},
				"up": {"uv": [7.75, 3.25, 8, 3.5], "texture": "#texture", "cullface": "up"},
				"down": {"uv": [8, 4.25, 7.75, 4], "texture": "#texture", "cullface": "up"}
			}
		},
		{
			"from": [6.5, 19, 9],
			"to": [9.5, 19.5, 10],
			"faces": {
				"east": {"uv": [9, 3.75, 8.5, 4], "texture": "#texture", "cullface": "up"},
				"south": {"uv": [7.25, 3.75, 8.75, 4], "texture": "#texture", "cullface": "up"},
				"west": {"uv": [8.5, 3.75, 9, 4], "texture": "#texture", "cullface": "up"},
				"down": {"uv": [9, 4, 8.5, 3.75], "rotation": 90, "texture": "#texture", "cullface": "up"}
			}
		},
		{
			"from": [6.5, 18.5, 8],
			"to": [9.5, 19, 9],
			"faces": {
				"east": {"uv": [8.5, 4, 8, 4.25], "texture": "#texture", "cullface": "up"},
				"south": {"uv": [8.25, 4, 8.5, 4.25], "texture": "#texture", "cullface": "up"},
				"west": {"uv": [8, 4, 8.5, 4.25], "texture": "#texture", "cullface": "up"},
				"up": {"uv": [8.25, 4, 8.5, 4.25], "texture": "#texture", "cullface": "up"},
				"down": {"uv": [8.5, 4.25, 8.25, 4], "texture": "#texture", "cullface": "up"}
			}
		},
		{
			"from": [6, 19, 8.5],
			"to": [10, 23, 9],
			"faces": {
				"north": {"uv": [8.5, 2.25, 8.25, 4], "texture": "#texture", "cullface": "up"},
				"east": {"uv": [8.5, 2.25, 8.25, 4], "texture": "#texture", "cullface": "up"},
				"south": {"uv": [8.25, 2.25, 8.5, 4], "texture": "#texture", "cullface": "up"},
				"west": {"uv": [8.25, 2.25, 8.5, 4], "texture": "#texture", "cullface": "up"},
				"up": {"uv": [8.25, 2.25, 8.5, 2.5], "texture": "#texture", "cullface": "up"},
				"down": {"uv": [8.5, 4, 8.25, 3.75], "texture": "#texture", "cullface": "up"}
			}
		},
		{
			"from": [6, 19, 8],
			"to": [10, 21, 8.5],
			"faces": {
				"north": {"uv": [8.25, 3, 8, 4], "texture": "#texture", "cullface": "up"},
				"east": {"uv": [8.25, 3, 8, 4], "texture": "#texture", "cullface": "up"},
				"west": {"uv": [8, 3, 8.25, 4], "texture": "#texture", "cullface": "up"},
				"up": {"uv": [8, 3, 8.25, 3.25], "texture": "#texture", "cullface": "up"},
				"down": {"uv": [8.25, 4, 8, 3.75], "texture": "#texture", "cullface": "up"}
			}
		},
		{
			"from": [6, 20.5, 7.5],
			"to": [10, 21, 8],
			"faces": {
				"north": {"uv": [8, 3, 7.75, 3.25], "texture": "#texture", "cullface": "up"},
				"east": {"uv": [8, 3, 7.75, 3.25], "texture": "#texture", "cullface": "up"},
				"west": {"uv": [7.75, 3, 8, 3.25], "texture": "#texture", "cullface": "up"},
				"up": {"uv": [7.75, 3, 8, 3.25], "texture": "#texture", "cullface": "up"}
			}
		},
		{
			"from": [6, 18, 7.5],
			"to": [10, 18.5, 8],
			"faces": {
				"north": {"uv": [8, 4.25, 7.75, 4.5], "texture": "#texture", "cullface": "up"},
				"east": {"uv": [8, 4.25, 7.75, 4.5], "texture": "#texture", "cullface": "up"},
				"south": {"uv": [7.75, 4.25, 8, 4.5], "texture": "#texture", "cullface": "up"},
				"west": {"uv": [7.75, 4.25, 8, 4.5], "texture": "#texture", "cullface": "up"},
				"down": {"uv": [8, 4.5, 7.75, 4.25], "texture": "#texture", "cullface": "up"}
			}
		},
		{
			"from": [6, 21.5, 7],
			"to": [7, 23.5, 8.5],
			"faces": {
				"north": {"uv": [7.75, 1.75, 7.5, 2.75], "texture": "#texture", "cullface": "up"},
				"east": {"uv": [8.25, 1.75, 7.5, 2.75], "texture": "#texture", "cullface": "up"},
				"south": {"uv": [8, 1.75, 8.25, 2.75], "texture": "#texture", "cullface": "up"},
				"west": {"uv": [7.5, 1.75, 8.25, 2.75], "texture": "#texture", "cullface": "up"},
				"up": {"uv": [12.5, 3, 13, 3.75], "texture": "#texture", "cullface": "up"},
				"down": {"uv": [14, 14, 13.5, 13.25], "texture": "#texture", "cullface": "up"}
			}
		},
		{
			"from": [5.5, 22, 6.5],
			"to": [6.5, 23.5, 8],
			"faces": {
				"north": {"uv": [7.5, 1.75, 7.25, 2.5], "texture": "#texture", "cullface": "up"},
				"east": {"uv": [8, 1.75, 7.25, 2.5], "texture": "#texture", "cullface": "up"},
				"south": {"uv": [7.75, 1.75, 8, 2.5], "texture": "#texture", "cullface": "up"},
				"west": {"uv": [7.25, 1.75, 8, 2.5], "texture": "#texture", "cullface": "up"},
				"up": {"uv": [7.5, 1.75, 8, 2], "texture": "#texture", "cullface": "up"},
				"down": {"uv": [8, 2.5, 7.25, 2.25], "rotation": 90, "texture": "#texture", "cullface": "up"}
			}
		},
		{
			"from": [5, 22.5, 5],
			"to": [6, 24, 6.5],
			"faces": {
				"north": {"uv": [6.75, 1.5, 6.5, 2.25], "texture": "#texture", "cullface": "up"},
				"east": {"uv": [7.25, 1.5, 6.5, 2.25], "texture": "#texture", "cullface": "up"},
				"south": {"uv": [6.5, 1.5, 7, 2.25], "texture": "#texture", "cullface": "up"},
				"west": {"uv": [6.5, 1.5, 7.25, 2.25], "texture": "#texture", "cullface": "up"},
				"up": {"uv": [6.5, 1.5, 7.25, 1.75], "rotation": 90, "texture": "#texture", "cullface": "up"},
				"down": {"uv": [7.25, 2.25, 6.5, 2], "rotation": 90, "texture": "#texture", "cullface": "up"}
			}
		},
		{
			"from": [4.5, 23, 4],
			"to": [5.5, 23.5, 5.5],
			"faces": {
				"north": {"uv": [6.75, 1.75, 6.25, 2], "texture": "#texture", "cullface": "up"},
				"east": {"uv": [6.75, 1.75, 6, 2], "texture": "#texture", "cullface": "up"},
				"south": {"uv": [6.25, 1.75, 6.75, 2], "texture": "#texture", "cullface": "up"},
				"west": {"uv": [6, 1.75, 6.75, 2], "texture": "#texture", "cullface": "up"},
				"up": {"uv": [6.25, 1.75, 6.75, 2], "texture": "#texture", "cullface": "up"},
				"down": {"uv": [6.75, 2, 6.25, 1.75], "texture": "#texture", "cullface": "up"}
			}
		},
		{
			"from": [6, 23.5, 6.5],
			"to": [6.5, 24, 8],
			"faces": {
				"north": {"uv": [7.5, 1.5, 7.25, 1.75], "texture": "#texture", "cullface": "up"},
				"east": {"uv": [8, 1.5, 7.25, 1.75], "texture": "#texture", "cullface": "up"},
				"south": {"uv": [7.75, 1.5, 8, 1.75], "texture": "#texture", "cullface": "up"},
				"west": {"uv": [7.25, 1.5, 8, 1.75], "texture": "#texture", "cullface": "up"},
				"up": {"uv": [7.75, 1.5, 8, 1.75], "texture": "#texture", "cullface": "up"}
			}
		},
		{
			"from": [6, 20.5, 11.5],
			"to": [10, 21.5, 12],
			"faces": {
				"east": {"uv": [10, 2.75, 9.75, 3.25], "texture": "#texture", "cullface": "up"},
				"south": {"uv": [9.75, 2.75, 10, 3.25], "texture": "#texture", "cullface": "up"},
				"west": {"uv": [9.75, 2.75, 10, 3.25], "texture": "#texture", "cullface": "up"},
				"up": {"uv": [9.75, 2.75, 10, 3], "texture": "#texture", "cullface": "up"},
				"down": {"uv": [10, 3.25, 9.75, 3], "texture": "#texture", "cullface": "up"}
			}
		},
		{
			"from": [5.5, 23.5, 6.5],
			"to": [6, 24, 7.5],
			"faces": {
				"south": {"uv": [7.5, 1.5, 7.75, 1.75], "texture": "#texture", "cullface": "up"},
				"west": {"uv": [7.25, 1.5, 7.75, 1.75], "texture": "#texture", "cullface": "up"},
				"up": {"uv": [7.5, 1.5, 7.75, 1.75], "texture": "#texture", "cullface": "up"}
			}
		},
		{
			"from": [4.5, 23.5, 4.5],
			"to": [5.5, 24, 5.5],
			"faces": {
				"north": {"uv": [6.75, 1.5, 7.25, 1.75], "texture": "#texture", "cullface": "up"},
				"east": {"uv": [6.75, 1.75, 6.25, 1.5], "texture": "#texture", "cullface": "up"},
				"south": {"uv": [6.75, 1.5, 7.25, 1.75], "texture": "#texture", "cullface": "up"},
				"west": {"uv": [6.25, 1.5, 6.75, 1.75], "texture": "#texture", "cullface": "up"},
				"up": {"uv": [6.25, 1.5, 6.75, 1.75], "texture": "#texture", "cullface": "up"}
			}
		},
		{
			"from": [9.5, 18, 7],
			"to": [10.5, 20.5, 7.5],
			"faces": {
				"east": {"uv": [7.75, 3.25, 7.5, 4.5], "texture": "#texture", "cullface": "up"},
				"south": {"uv": [7.5, 3.25, 7.75, 4.5], "texture": "#texture", "cullface": "up"},
				"west": {"uv": [7.5, 3.25, 7.75, 4.5], "texture": "#texture", "cullface": "up"},
				"up": {"uv": [7.5, 3.25, 7.75, 3.5], "texture": "#texture", "cullface": "up"},
				"down": {"uv": [7.75, 4.5, 7.5, 4.25], "texture": "#texture", "cullface": "up"}
			}
		},
		{
			"from": [9.5, 17.5, 6.5],
			"to": [10.5, 20.5, 7],
			"faces": {
				"north": {"uv": [7.5, 3.25, 7.25, 4.75], "texture": "#texture", "cullface": "up"},
				"east": {"uv": [7.5, 3.25, 7.25, 4.75], "texture": "#texture", "cullface": "up"},
				"south": {"uv": [7.25, 3.25, 7.5, 4.75], "texture": "#texture", "cullface": "up"},
				"west": {"uv": [7.25, 3.25, 7.5, 4.75], "texture": "#texture", "cullface": "up"},
				"up": {"uv": [7.25, 3.25, 7.5, 3.5], "texture": "#texture", "cullface": "up"},
				"down": {"uv": [7.5, 4.75, 7.25, 4.5], "texture": "#texture", "cullface": "up"}
			}
		},
		{
			"from": [9.5, 17, 6],
			"to": [10.5, 20, 6.5],
			"faces": {
				"north": {"uv": [7.25, 3.5, 7, 5], "texture": "#texture", "cullface": "up"},
				"east": {"uv": [7.25, 3.5, 7, 5], "texture": "#texture", "cullface": "up"},
				"south": {"uv": [7, 3.5, 7.25, 5], "texture": "#texture", "cullface": "up"},
				"west": {"uv": [7, 3.5, 7.25, 5], "texture": "#texture", "cullface": "up"},
				"up": {"uv": [7, 3.5, 7.25, 3.75], "texture": "#texture", "cullface": "up"},
				"down": {"uv": [7.25, 5, 7, 4.75], "texture": "#texture", "cullface": "up"}
			}
		},
		{
			"from": [9.5, 19, 5.5],
			"to": [10.5, 19.5, 6],
			"faces": {
				"north": {"uv": [7, 3.75, 6.75, 4], "texture": "#texture", "cullface": "up"},
				"east": {"uv": [7, 3.75, 6.75, 4], "texture": "#texture", "cullface": "up"},
				"west": {"uv": [6.75, 3.75, 7, 4], "texture": "#texture", "cullface": "up"},
				"up": {"uv": [6.75, 3.75, 7, 4], "texture": "#texture", "cullface": "up"}
			}
		},
		{
			"from": [9.5, 18, 5.5],
			"to": [11, 19, 6],
			"faces": {
				"north": {"uv": [7, 4, 6.75, 4.5], "texture": "#texture", "cullface": "up"},
				"east": {"uv": [7, 4, 6.75, 4.5], "texture": "#texture", "cullface": "up"},
				"south": {"uv": [6.75, 4, 7, 4.5], "texture": "#texture", "cullface": "up"},
				"west": {"uv": [6.75, 4, 7, 4.5], "texture": "#texture", "cullface": "up"},
				"up": {"uv": [6.75, 4, 7, 4.25], "texture": "#texture", "cullface": "up"},
				"down": {"uv": [7, 4.5, 6.75, 4.25], "texture": "#texture", "cullface": "up"}
			}
		},
		{
			"from": [9.5, 17, 5.5],
			"to": [10.5, 18, 6],
			"faces": {
				"north": {"uv": [7, 4.5, 6.75, 5], "texture": "#texture", "cullface": "up"},
				"east": {"uv": [7, 4.5, 6.75, 5], "texture": "#texture", "cullface": "up"},
				"west": {"uv": [6.75, 4.5, 7, 5], "texture": "#texture", "cullface": "up"},
				"down": {"uv": [7, 5, 6.75, 4.75], "texture": "#texture", "cullface": "up"}
			}
		},
		{
			"from": [10, 16.5, 5],
			"to": [11, 19, 5.5],
			"faces": {
				"north": {"uv": [6.75, 4, 6.5, 5.25], "texture": "#texture", "cullface": "up"},
				"east": {"uv": [6.75, 4, 6.5, 5.25], "texture": "#texture", "cullface": "up"},
				"south": {"uv": [6.5, 4, 6.75, 5.25], "texture": "#texture", "cullface": "up"},
				"west": {"uv": [6.5, 4, 6.75, 5.25], "texture": "#texture", "cullface": "up"},
				"up": {"uv": [6.5, 4, 6.75, 4.25], "texture": "#texture", "cullface": "up"},
				"down": {"uv": [6.75, 5.25, 6.5, 5], "texture": "#texture", "cullface": "up"}
			}
		},
		{
			"from": [10, 15.5, 4],
			"to": [11, 18, 4.5],
			"faces": {
				"north": {"uv": [6.25, 4.5, 6, 5.75], "texture": "#texture", "cullface": "up"},
				"east": {"uv": [6.25, 4.5, 6, 5.75], "texture": "#texture", "cullface": "up"},
				"south": {"uv": [6, 4.5, 6.25, 5.75], "texture": "#texture", "cullface": "up"},
				"west": {"uv": [6, 4.5, 6.25, 5.75], "texture": "#texture", "cullface": "up"},
				"up": {"uv": [6, 4.5, 6.25, 4.75], "texture": "#texture", "cullface": "up"},
				"down": {"uv": [6.25, 5.75, 6, 5.5], "texture": "#texture", "cullface": "up"}
			}
		},
		{
			"from": [10, 16, 4.5],
			"to": [11, 18.5, 5],
			"faces": {
				"north": {"uv": [6.5, 4.25, 6.25, 5.5], "texture": "#texture", "cullface": "up"},
				"east": {"uv": [6.5, 4.25, 6.25, 5.5], "texture": "#texture", "cullface": "up"},
				"south": {"uv": [6.25, 4.25, 6.5, 5.5], "texture": "#texture", "cullface": "up"},
				"west": {"uv": [6.25, 4.25, 6.5, 5.5], "texture": "#texture", "cullface": "up"},
				"up": {"uv": [6.25, 4.25, 6.5, 4.5], "texture": "#texture", "cullface": "up"},
				"down": {"uv": [6.5, 5.5, 6.25, 5.25], "texture": "#texture", "cullface": "up"}
			}
		},
		{
			"from": [10, 16.5, 3.5],
			"to": [11, 17, 4],
			"faces": {
				"north": {"uv": [5.75, 5, 6, 5.25], "texture": "#texture", "cullface": "up"},
				"east": {"uv": [6, 5, 5.75, 5.25], "texture": "#texture", "cullface": "up"},
				"west": {"uv": [5.75, 5, 6, 5.25], "texture": "#texture", "cullface": "up"},
				"up": {"uv": [5.75, 5, 6, 5.25], "texture": "#texture", "cullface": "up"}
			}
		},
		{
			"from": [10, 15.5, 3.5],
			"to": [11.5, 16.5, 4],
			"faces": {
				"north": {"uv": [5.75, 5.25, 6, 5.75], "texture": "#texture", "cullface": "up"},
				"east": {"uv": [6, 5.25, 5.75, 5.75], "texture": "#texture", "cullface": "up"},
				"south": {"uv": [5.75, 5.25, 6, 5.75], "texture": "#texture", "cullface": "up"},
				"west": {"uv": [5.75, 5.25, 6, 5.75], "texture": "#texture", "cullface": "up"},
				"up": {"uv": [5.5, 5.75, 5.75, 6], "texture": "#texture", "cullface": "up"},
				"down": {"uv": [5.75, 6, 5.5, 5.75], "texture": "#texture", "cullface": "up"}
			}
		},
		{
			"from": [10.5, 15, 3.5],
			"to": [11.5, 15.5, 4],
			"faces": {
				"east": {"uv": [6, 5.75, 5.75, 6], "texture": "#texture"},
				"south": {"uv": [5.75, 5.75, 6, 6], "texture": "#texture"},
				"west": {"uv": [5.75, 5.75, 6, 6], "texture": "#texture"},
				"down": {"uv": [6, 6, 5.75, 5.75], "texture": "#texture"}
			}
		},
		{
			"from": [10.5, 14.5, 3],
			"to": [11.5, 16.5, 3.5],
			"faces": {
				"north": {"uv": [5.75, 5.25, 5.5, 6.25], "texture": "#texture", "cullface": "up"},
				"east": {"uv": [5.75, 5.25, 5.5, 6.25], "texture": "#texture", "cullface": "up"},
				"south": {"uv": [5.5, 5.25, 5.75, 6.25], "texture": "#texture", "cullface": "up"},
				"west": {"uv": [5.5, 5.25, 5.75, 6.25], "texture": "#texture", "cullface": "up"},
				"up": {"uv": [5.5, 5.25, 5.75, 5.5], "texture": "#texture", "cullface": "up"},
				"down": {"uv": [5.75, 6.25, 5.5, 6], "texture": "#texture", "cullface": "up"}
			}
		},
		{
			"from": [10.5, 14, 2.5],
			"to": [11.5, 15.5, 3],
			"faces": {
				"north": {"uv": [5.5, 5.75, 5.25, 6.5], "texture": "#texture"},
				"east": {"uv": [5.5, 5.75, 5.25, 6.5], "texture": "#texture"},
				"south": {"uv": [5.25, 5.75, 5.5, 6.5], "texture": "#texture"},
				"west": {"uv": [5.25, 5.75, 5.5, 6.5], "texture": "#texture"},
				"up": {"uv": [5.25, 5.75, 5.5, 6], "texture": "#texture"},
				"down": {"uv": [5.5, 6.5, 5.25, 6.25], "texture": "#texture"}
			}
		},
		{
			"from": [9.5, 23.5, 6.5],
			"to": [10, 24, 8],
			"faces": {
				"north": {"uv": [7.5, 1.5, 7.25, 1.75], "texture": "#texture", "cullface": "up"},
				"east": {"uv": [8, 1.5, 7.25, 1.75], "texture": "#texture", "cullface": "up"},
				"south": {"uv": [7.75, 1.5, 8, 1.75], "texture": "#texture", "cullface": "up"},
				"west": {"uv": [7.25, 1.5, 8, 1.75], "texture": "#texture", "cullface": "up"},
				"up": {"uv": [7.75, 1.5, 8, 1.75], "texture": "#texture", "cullface": "up"}
			}
		},
		{
			"from": [9, 21.5, 7],
			"to": [10, 23.5, 8.5],
			"faces": {
				"north": {"uv": [7.75, 1.75, 7.5, 2.75], "texture": "#texture", "cullface": "up"},
				"east": {"uv": [8.25, 1.75, 7.5, 2.75], "texture": "#texture", "cullface": "up"},
				"south": {"uv": [8, 1.75, 8.25, 2.75], "texture": "#texture", "cullface": "up"},
				"west": {"uv": [7.5, 1.75, 8.25, 2.75], "texture": "#texture", "cullface": "up"},
				"up": {"uv": [12.5, 3, 13, 3.75], "texture": "#texture", "cullface": "up"},
				"down": {"uv": [14, 14, 13.5, 13.25], "texture": "#texture", "cullface": "up"}
			}
		},
		{
			"from": [9.5, 22, 6.5],
			"to": [10.5, 23.5, 8],
			"faces": {
				"north": {"uv": [7.5, 1.75, 7.25, 2.5], "texture": "#texture", "cullface": "up"},
				"east": {"uv": [8, 1.75, 7.25, 2.5], "texture": "#texture", "cullface": "up"},
				"south": {"uv": [7.75, 1.75, 8, 2.5], "texture": "#texture", "cullface": "up"},
				"west": {"uv": [7.25, 1.75, 8, 2.5], "texture": "#texture", "cullface": "up"},
				"up": {"uv": [7.5, 1.75, 8, 2], "texture": "#texture", "cullface": "up"},
				"down": {"uv": [8, 2.5, 7.25, 2.25], "rotation": 90, "texture": "#texture", "cullface": "up"}
			}
		},
		{
			"from": [10, 23.5, 6.5],
			"to": [10.5, 24, 7.5],
			"faces": {
				"east": {"uv": [7.75, 1.5, 7.25, 1.75], "texture": "#texture", "cullface": "up"},
				"south": {"uv": [7.5, 1.5, 7.75, 1.75], "texture": "#texture", "cullface": "up"},
				"up": {"uv": [7.5, 1.5, 7.75, 1.75], "texture": "#texture", "cullface": "up"}
			}
		},
		{
			"from": [10, 22.5, 5],
			"to": [11, 24, 6.5],
			"faces": {
				"north": {"uv": [6.75, 1.5, 6.5, 2.25], "texture": "#texture", "cullface": "up"},
				"east": {"uv": [7.25, 1.5, 6.5, 2.25], "texture": "#texture", "cullface": "up"},
				"south": {"uv": [6.5, 1.5, 7, 2.25], "texture": "#texture", "cullface": "up"},
				"west": {"uv": [6.5, 1.5, 7.25, 2.25], "texture": "#texture", "cullface": "up"},
				"up": {"uv": [6.5, 1.5, 7.25, 1.75], "rotation": 90, "texture": "#texture", "cullface": "up"},
				"down": {"uv": [7.25, 2.25, 6.5, 2], "rotation": 90, "texture": "#texture", "cullface": "up"}
			}
		},
		{
			"from": [10.5, 23, 4],
			"to": [11.5, 23.5, 5.5],
			"faces": {
				"north": {"uv": [6.75, 1.75, 6.25, 2], "texture": "#texture", "cullface": "up"},
				"east": {"uv": [6.75, 1.75, 6, 2], "texture": "#texture", "cullface": "up"},
				"south": {"uv": [6.25, 1.75, 6.75, 2], "texture": "#texture", "cullface": "up"},
				"west": {"uv": [6, 1.75, 6.75, 2], "texture": "#texture", "cullface": "up"},
				"up": {"uv": [6.25, 1.75, 6.75, 2], "texture": "#texture", "cullface": "up"},
				"down": {"uv": [6.75, 2, 6.25, 1.75], "texture": "#texture", "cullface": "up"}
			}
		},
		{
			"from": [10.5, 23.5, 4.5],
			"to": [11.5, 24, 5.5],
			"faces": {
				"north": {"uv": [6.75, 1.5, 7.25, 1.75], "texture": "#texture", "cullface": "up"},
				"east": {"uv": [6.75, 1.75, 6.25, 1.5], "texture": "#texture", "cullface": "up"},
				"south": {"uv": [6.75, 1.5, 7.25, 1.75], "texture": "#texture", "cullface": "up"},
				"west": {"uv": [6.25, 1.5, 6.75, 1.75], "texture": "#texture", "cullface": "up"},
				"up": {"uv": [6.25, 1.5, 6.75, 1.75], "texture": "#texture", "cullface": "up"}
			}
		},
		{
			"from": [6.25, 2.5, -1.25],
			"to": [6.3125, 29.25, 24],
			"faces": {
				"east": {"uv": [16, 0, 0, 16], "texture": "#stoneshovelanim", "cullface": "up"},
				"west": {"uv": [0, 0, 16, 16], "texture": "#stoneshovelanim", "cullface": "up"}
			}
		},
		{
			"from": [9.75, 2.5, -1.25],
			"to": [9.8125, 29.25, 24],
			"faces": {
				"east": {"uv": [0, 0, 16, 16], "texture": "#stoneshovelanim", "cullface": "up"},
				"west": {"uv": [16, 0, 0, 16], "texture": "#stoneshovelanim", "cullface": "up"}
			}
		}
	],
	"display": {
		"thirdperson_righthand": {
			"rotation": [0, 180, 0],
			"translation": [0, 0.94, 1.51]
		},
		"firstperson_righthand": {
			"rotation": [24, -169, 0],
			"translation": [3.02, -3.02, -8.69]
		},
		"gui": {
			"rotation": [-90, 135, 90],
			"translation": [-2.46, -1.7, 0],
			"scale": [0.5, 0.5, 0.5]
		}
	}
}