{
    "parent": "item/handheld",
    "textures": {
        "layer0": "item/brick"
    },
	
	"overrides": [
		{"predicate": {"custom_model_data":1}, "model": "item/brick/1"},
		{"predicate": {"custom_model_data":2}, "model": "item/brick/2"},
		{"predicate": {"custom_model_data":3}, "model": "item/brick/3"},
		{"predicate": {"custom_model_data":4}, "model": "item/brick/4"},
		{"predicate": {"custom_model_data":5}, "model": "item/brick/5"},
		{"predicate": {"custom_model_data":6}, "model": "item/brick/6"},
		{"predicate": {"custom_model_data":7}, "model": "item/brick/7"},
		{"predicate": {"custom_model_data":8}, "model": "item/brick/8"},
		{"predicate": {"custom_model_data":9}, "model": "item/brick/9"},
		{"predicate": {"custom_model_data":10}, "model": "item/brick/10"},
		{"predicate": {"custom_model_data":11}, "model": "item/brick/11"},
		{"predicate": {"custom_model_data":12}, "model": "item/brick/12"},
		{"predicate": {"custom_model_data":13}, "model": "item/brick/13"},
		{"predicate": {"custom_model_data":14}, "model": "item/brick/14"},
		{"predicate": {"custom_model_data":15}, "model": "item/brick/15"},
		{"predicate": {"custom_model_data":16}, "model": "item/brick/16"},
		{"predicate": {"custom_model_data":17}, "model": "item/brick/17"},
		{"predicate": {"custom_model_data":18}, "model": "item/brick/18"},
		{"predicate": {"custom_model_data":19}, "model": "item/brick/19"},
		{"predicate": {"custom_model_data":20}, "model": "item/brick/20"},
		{"predicate": {"custom_model_data":21}, "model": "item/brick/21"},
		{"predicate": {"custom_model_data":22}, "model": "item/brick/22"},
		{"predicate": {"custom_model_data":23}, "model": "item/brick/23"},
		{"predicate": {"custom_model_data":24}, "model": "item/brick/24"},
		{"predicate": {"custom_model_data":25}, "model": "item/brick/25"},
		{"predicate": {"custom_model_data":26}, "model": "item/brick/26"},
		{"predicate": {"custom_model_data":27}, "model": "item/brick/27"},
		{"predicate": {"custom_model_data":28}, "model": "item/brick/28"},
		{"predicate": {"custom_model_data":29}, "model": "item/brick/29"},
		{"predicate": {"custom_model_data":30}, "model": "item/brick/30"},
		{"predicate": {"custom_model_data":31}, "model": "item/brick/31"},
		{"predicate": {"custom_model_data":32}, "model": "item/brick/32"},
		{"predicate": {"custom_model_data":33}, "model": "item/brick/33"},
		{"predicate": {"custom_model_data":34}, "model": "item/brick/34"},
		{"predicate": {"custom_model_data":35}, "model": "item/brick/35"},
		{"predicate": {"custom_model_data":36}, "model": "item/brick/36"},
		{"predicate": {"custom_model_data":37}, "model": "item/brick/37"},
		{"predicate": {"custom_model_data":38}, "model": "item/brick/38"},
		{"predicate": {"custom_model_data":39}, "model": "item/brick/39"},
		{"predicate": {"custom_model_data":40}, "model": "item/brick/40"},
		{"predicate": {"custom_model_data":41}, "model": "item/brick/41"},
		{"predicate": {"custom_model_data":42}, "model": "item/brick/42"},
		{"predicate": {"custom_model_data":43}, "model": "item/brick/43"},
		{"predicate": {"custom_model_data":44}, "model": "item/brick/44"},
		{"predicate": {"custom_model_data":45}, "model": "item/brick/45"},
		{"predicate": {"custom_model_data":46}, "model": "item/brick/46"},
		{"predicate": {"custom_model_data":47}, "model": "item/brick/47"},
		{"predicate": {"custom_model_data":48}, "model": "item/brick/48"},
		{"predicate": {"custom_model_data":49}, "model": "item/brick/49"},
		{"predicate": {"custom_model_data":50}, "model": "item/brick/50"},
		{"predicate": {"custom_model_data":51}, "model": "item/brick/51"},
		{"predicate": {"custom_model_data":52}, "model": "item/brick/52"},
		{"predicate": {"custom_model_data":53}, "model": "item/brick/53"},
		{"predicate": {"custom_model_data":54}, "model": "item/brick/54"},
		{"predicate": {"custom_model_data":55}, "model": "item/brick/55"},
		{"predicate": {"custom_model_data":56}, "model": "item/brick/56"},
		{"predicate": {"custom_model_data":57}, "model": "item/brick/57"},
		{"predicate": {"custom_model_data":58}, "model": "item/brick/58"},
		{"predicate": {"custom_model_data":59}, "model": "item/brick/59"},
		{"predicate": {"custom_model_data":60}, "model": "item/brick/60"},
		{"predicate": {"custom_model_data":61}, "model": "item/brick/61"},
		{"predicate": {"custom_model_data":62}, "model": "item/brick/62"},
		{"predicate": {"custom_model_data":63}, "model": "item/brick/63"},
		{"predicate": {"custom_model_data":64}, "model": "item/brick/64"},
		{"predicate": {"custom_model_data":65}, "model": "item/brick/65"},
		{"predicate": {"custom_model_data":66}, "model": "item/brick/66"},
		{"predicate": {"custom_model_data":67}, "model": "item/brick/67"},
		{"predicate": {"custom_model_data":68}, "model": "item/brick/68"},
		{"predicate": {"custom_model_data":69}, "model": "item/brick/69"},
		{"predicate": {"custom_model_data":70}, "model": "item/brick/70"},
		{"predicate": {"custom_model_data":71}, "model": "item/brick/71"},
		{"predicate": {"custom_model_data":72}, "model": "item/brick/72"},
		{"predicate": {"custom_model_data":73}, "model": "item/brick/73"},
		{"predicate": {"custom_model_data":74}, "model": "item/brick/74"},
		{"predicate": {"custom_model_data":75}, "model": "item/brick/75"},
		{"predicate": {"custom_model_data":76}, "model": "item/brick/76"},
		{"predicate": {"custom_model_data":77}, "model": "item/brick/77"},
		{"predicate": {"custom_model_data":78}, "model": "item/brick/78"},
		{"predicate": {"custom_model_data":79}, "model": "item/brick/79"},
		{"predicate": {"custom_model_data":80}, "model": "item/brick/80"},
		{"predicate": {"custom_model_data":81}, "model": "item/brick/81"},
		{"predicate": {"custom_model_data":82}, "model": "item/brick/82"},
		{"predicate": {"custom_model_data":83}, "model": "item/brick/83"},
		{"predicate": {"custom_model_data":84}, "model": "item/brick/84"},
		{"predicate": {"custom_model_data":85}, "model": "item/brick/85"},
		{"predicate": {"custom_model_data":86}, "model": "item/brick/86"},
		{"predicate": {"custom_model_data":87}, "model": "item/brick/87"},
		{"predicate": {"custom_model_data":88}, "model": "item/brick/88"},
		{"predicate": {"custom_model_data":89}, "model": "item/brick/89"},
		{"predicate": {"custom_model_data":90}, "model": "item/brick/90"},
		{"predicate": {"custom_model_data":91}, "model": "item/brick/91"},
		{"predicate": {"custom_model_data":92}, "model": "item/brick/92"},
		{"predicate": {"custom_model_data":93}, "model": "item/brick/93"},
		{"predicate": {"custom_model_data":94}, "model": "item/brick/94"},
		{"predicate": {"custom_model_data":95}, "model": "item/brick/95"},
		{"predicate": {"custom_model_data":96}, "model": "item/brick/96"},
		{"predicate": {"custom_model_data":97}, "model": "item/brick/97"},
		{"predicate": {"custom_model_data":98}, "model": "item/brick/98"},
		{"predicate": {"custom_model_data":99}, "model": "item/brick/99"},
		{"predicate": {"custom_model_data":100}, "model": "item/brick/100"},
		{"predicate": {"custom_model_data":101}, "model": "item/brick/101"},
		{"predicate": {"custom_model_data":102}, "model": "item/brick/102"},
		{"predicate": {"custom_model_data":103}, "model": "item/brick/103"},
		{"predicate": {"custom_model_data":104}, "model": "item/brick/104"},
		{"predicate": {"custom_model_data":105}, "model": "item/brick/105"},
		{"predicate": {"custom_model_data":106}, "model": "item/brick/106"},
		{"predicate": {"custom_model_data":107}, "model": "item/brick/107"},
		{"predicate": {"custom_model_data":108}, "model": "item/brick/108"},
		{"predicate": {"custom_model_data":109}, "model": "item/brick/109"},
		{"predicate": {"custom_model_data":110}, "model": "item/brick/110"},
		{"predicate": {"custom_model_data":111}, "model": "item/brick/111"},
		{"predicate": {"custom_model_data":112}, "model": "item/brick/112"},
		{"predicate": {"custom_model_data":113}, "model": "item/brick/113"},
		{"predicate": {"custom_model_data":114}, "model": "item/brick/114"},
		{"predicate": {"custom_model_data":115}, "model": "item/brick/115"},
		{"predicate": {"custom_model_data":116}, "model": "item/brick/116"},
		{"predicate": {"custom_model_data":117}, "model": "item/brick/117"},
		{"predicate": {"custom_model_data":118}, "model": "item/brick/118"},
		{"predicate": {"custom_model_data":119}, "model": "item/brick/119"},
		{"predicate": {"custom_model_data":120}, "model": "item/brick/120"},
		{"predicate": {"custom_model_data":121}, "model": "item/brick/121"},
		{"predicate": {"custom_model_data":122}, "model": "item/brick/122"},
		{"predicate": {"custom_model_data":123}, "model": "item/brick/123"},
		{"predicate": {"custom_model_data":124}, "model": "item/brick/124"},
		{"predicate": {"custom_model_data":125}, "model": "item/brick/125"},
		{"predicate": {"custom_model_data":126}, "model": "item/brick/126"},
		{"predicate": {"custom_model_data":127}, "model": "item/brick/127"},
		{"predicate": {"custom_model_data":128}, "model": "item/brick/128"},
		{"predicate": {"custom_model_data":129}, "model": "item/brick/129"},
		{"predicate": {"custom_model_data":130}, "model": "item/brick/130"},
		{"predicate": {"custom_model_data":131}, "model": "item/brick/131"},
		{"predicate": {"custom_model_data":132}, "model": "item/brick/132"},
		{"predicate": {"custom_model_data":133}, "model": "item/brick/133"},
		{"predicate": {"custom_model_data":134}, "model": "item/brick/134"},
		{"predicate": {"custom_model_data":135}, "model": "item/brick/135"},
		{"predicate": {"custom_model_data":136}, "model": "item/brick/136"},
		{"predicate": {"custom_model_data":137}, "model": "item/brick/137"},
		{"predicate": {"custom_model_data":138}, "model": "item/brick/138"},
		{"predicate": {"custom_model_data":139}, "model": "item/brick/139"},
		{"predicate": {"custom_model_data":140}, "model": "item/brick/140"},
		{"predicate": {"custom_model_data":141}, "model": "item/brick/141"},
		{"predicate": {"custom_model_data":142}, "model": "item/brick/142"},
		{"predicate": {"custom_model_data":143}, "model": "item/brick/143"},
		{"predicate": {"custom_model_data":144}, "model": "item/brick/144"},
		{"predicate": {"custom_model_data":145}, "model": "item/brick/145"},
		{"predicate": {"custom_model_data":146}, "model": "item/brick/146"},
		{"predicate": {"custom_model_data":147}, "model": "item/brick/147"},
		{"predicate": {"custom_model_data":148}, "model": "item/brick/148"},
		{"predicate": {"custom_model_data":149}, "model": "item/brick/149"},
		{"predicate": {"custom_model_data":150}, "model": "item/brick/150"},
		{"predicate": {"custom_model_data":151}, "model": "item/brick/151"},
		{"predicate": {"custom_model_data":152}, "model": "item/brick/152"},
		{"predicate": {"custom_model_data":153}, "model": "item/brick/153"},
		{"predicate": {"custom_model_data":154}, "model": "item/brick/154"},
		{"predicate": {"custom_model_data":155}, "model": "item/brick/155"},
		{"predicate": {"custom_model_data":156}, "model": "item/brick/156"},
		{"predicate": {"custom_model_data":157}, "model": "item/brick/157"},
		{"predicate": {"custom_model_data":158}, "model": "item/brick/158"},
		{"predicate": {"custom_model_data":159}, "model": "item/brick/159"},
		{"predicate": {"custom_model_data":160}, "model": "item/brick/160"},
		{"predicate": {"custom_model_data":161}, "model": "item/brick/161"},
		{"predicate": {"custom_model_data":162}, "model": "item/brick/162"},
		{"predicate": {"custom_model_data":163}, "model": "item/brick/163"},
		{"predicate": {"custom_model_data":164}, "model": "item/brick/164"},
		{"predicate": {"custom_model_data":165}, "model": "item/brick/165"},
		{"predicate": {"custom_model_data":166}, "model": "item/brick/166"},
		{"predicate": {"custom_model_data":167}, "model": "item/brick/167"},
		{"predicate": {"custom_model_data":168}, "model": "item/brick/168"},
		{"predicate": {"custom_model_data":169}, "model": "item/brick/169"},
		{"predicate": {"custom_model_data":170}, "model": "item/brick/170"},
		{"predicate": {"custom_model_data":171}, "model": "item/brick/171"},
		{"predicate": {"custom_model_data":172}, "model": "item/brick/172"},
		{"predicate": {"custom_model_data":173}, "model": "item/brick/173"},
		{"predicate": {"custom_model_data":174}, "model": "item/brick/174"},
		{"predicate": {"custom_model_data":175}, "model": "item/brick/175"},
		{"predicate": {"custom_model_data":176}, "model": "item/brick/176"},
		{"predicate": {"custom_model_data":177}, "model": "item/brick/177"},
		{"predicate": {"custom_model_data":178}, "model": "item/brick/178"},
		{"predicate": {"custom_model_data":179}, "model": "item/brick/179"},
		{"predicate": {"custom_model_data":180}, "model": "item/brick/180"},
		{"predicate": {"custom_model_data":181}, "model": "item/brick/181"},
		{"predicate": {"custom_model_data":182}, "model": "item/brick/182"},
		{"predicate": {"custom_model_data":183}, "model": "item/brick/183"},
		{"predicate": {"custom_model_data":184}, "model": "item/brick/184"},
		{"predicate": {"custom_model_data":185}, "model": "item/brick/185"},
		{"predicate": {"custom_model_data":186}, "model": "item/brick/186"},
		{"predicate": {"custom_model_data":187}, "model": "item/brick/187"},
		{"predicate": {"custom_model_data":188}, "model": "item/brick/188"},
		{"predicate": {"custom_model_data":189}, "model": "item/brick/189"},
		{"predicate": {"custom_model_data":190}, "model": "item/brick/190"},
		{"predicate": {"custom_model_data":191}, "model": "item/brick/191"},
		{"predicate": {"custom_model_data":192}, "model": "item/brick/192"},
		{"predicate": {"custom_model_data":193}, "model": "item/brick/193"},
		{"predicate": {"custom_model_data":194}, "model": "item/brick/194"},
		{"predicate": {"custom_model_data":195}, "model": "item/brick/195"},
		{"predicate": {"custom_model_data":196}, "model": "item/brick/196"},
		{"predicate": {"custom_model_data":197}, "model": "item/brick/197"},
		{"predicate": {"custom_model_data":198}, "model": "item/brick/198"},
		{"predicate": {"custom_model_data":199}, "model": "item/brick/199"},
		{"predicate": {"custom_model_data":200}, "model": "item/brick/200"},
		{"predicate": {"custom_model_data":201}, "model": "item/brick/201"},
		{"predicate": {"custom_model_data":202}, "model": "item/brick/202"},
		{"predicate": {"custom_model_data":203}, "model": "item/brick/203"},
		{"predicate": {"custom_model_data":204}, "model": "item/brick/204"},
		{"predicate": {"custom_model_data":205}, "model": "item/brick/205"},
		{"predicate": {"custom_model_data":206}, "model": "item/brick/206"},
		{"predicate": {"custom_model_data":207}, "model": "item/brick/207"},
		{"predicate": {"custom_model_data":208}, "model": "item/brick/208"},
		{"predicate": {"custom_model_data":209}, "model": "item/brick/209"},
		{"predicate": {"custom_model_data":210}, "model": "item/brick/210"},
		{"predicate": {"custom_model_data":211}, "model": "item/brick/211"},
		{"predicate": {"custom_model_data":212}, "model": "item/brick/212"},
		{"predicate": {"custom_model_data":213}, "model": "item/brick/213"},
		{"predicate": {"custom_model_data":214}, "model": "item/brick/214"},
		{"predicate": {"custom_model_data":215}, "model": "item/brick/215"},
		{"predicate": {"custom_model_data":216}, "model": "item/brick/216"},
		{"predicate": {"custom_model_data":217}, "model": "item/brick/217"},
		{"predicate": {"custom_model_data":218}, "model": "item/brick/218"},
		{"predicate": {"custom_model_data":219}, "model": "item/brick/219"},
		{"predicate": {"custom_model_data":220}, "model": "item/brick/220"},
		{"predicate": {"custom_model_data":221}, "model": "item/brick/221"},
		{"predicate": {"custom_model_data":222}, "model": "item/brick/222"},
		{"predicate": {"custom_model_data":223}, "model": "item/brick/223"},
		{"predicate": {"custom_model_data":224}, "model": "item/brick/224"},
		{"predicate": {"custom_model_data":225}, "model": "item/brick/225"},
		{"predicate": {"custom_model_data":226}, "model": "item/brick/226"},
		{"predicate": {"custom_model_data":227}, "model": "item/brick/227"},
		{"predicate": {"custom_model_data":228}, "model": "item/brick/228"},
		{"predicate": {"custom_model_data":229}, "model": "item/brick/229"},
		{"predicate": {"custom_model_data":230}, "model": "item/brick/230"},
		{"predicate": {"custom_model_data":231}, "model": "item/brick/231"},
		{"predicate": {"custom_model_data":232}, "model": "item/brick/232"},
		{"predicate": {"custom_model_data":233}, "model": "item/brick/233"},
		{"predicate": {"custom_model_data":234}, "model": "item/brick/234"},
		{"predicate": {"custom_model_data":235}, "model": "item/brick/235"},
		{"predicate": {"custom_model_data":236}, "model": "item/brick/236"},
		{"predicate": {"custom_model_data":237}, "model": "item/brick/237"},
		{"predicate": {"custom_model_data":238}, "model": "item/brick/238"},
		{"predicate": {"custom_model_data":239}, "model": "item/brick/239"},
		{"predicate": {"custom_model_data":240}, "model": "item/brick/240"},
		{"predicate": {"custom_model_data":241}, "model": "item/brick/241"},
		{"predicate": {"custom_model_data":242}, "model": "item/brick/242"},
		{"predicate": {"custom_model_data":243}, "model": "item/brick/243"},
		{"predicate": {"custom_model_data":244}, "model": "item/brick/244"},
		{"predicate": {"custom_model_data":245}, "model": "item/brick/245"},
		{"predicate": {"custom_model_data":246}, "model": "item/brick/246"},
		{"predicate": {"custom_model_data":247}, "model": "item/brick/247"},
		{"predicate": {"custom_model_data":248}, "model": "item/brick/248"},
		{"predicate": {"custom_model_data":249}, "model": "item/brick/249"},
		{"predicate": {"custom_model_data":250}, "model": "item/brick/250"},
		{"predicate": {"custom_model_data":251}, "model": "item/brick/251"},
		{"predicate": {"custom_model_data":252}, "model": "item/brick/252"},
		{"predicate": {"custom_model_data":253}, "model": "item/brick/253"},
		{"predicate": {"custom_model_data":254}, "model": "item/brick/254"},
		{"predicate": {"custom_model_data":255}, "model": "item/brick/255"},
		{"predicate": {"custom_model_data":256}, "model": "item/brick/256"},
		{"predicate": {"custom_model_data":257}, "model": "item/brick/257"},
		{"predicate": {"custom_model_data":258}, "model": "item/brick/258"},
		{"predicate": {"custom_model_data":259}, "model": "item/brick/259"},
		{"predicate": {"custom_model_data":260}, "model": "item/brick/260"},
		{"predicate": {"custom_model_data":261}, "model": "item/brick/261"},
		{"predicate": {"custom_model_data":262}, "model": "item/brick/262"},
		{"predicate": {"custom_model_data":263}, "model": "item/brick/263"},
		{"predicate": {"custom_model_data":264}, "model": "item/brick/264"},
		{"predicate": {"custom_model_data":265}, "model": "item/brick/265"},
		{"predicate": {"custom_model_data":266}, "model": "item/brick/266"},
		{"predicate": {"custom_model_data":267}, "model": "item/brick/267"},
		{"predicate": {"custom_model_data":268}, "model": "item/brick/268"},
		{"predicate": {"custom_model_data":269}, "model": "item/brick/269"},
		{"predicate": {"custom_model_data":270}, "model": "item/brick/270"},
		{"predicate": {"custom_model_data":271}, "model": "item/brick/271"},
		{"predicate": {"custom_model_data":272}, "model": "item/brick/272"},
		{"predicate": {"custom_model_data":273}, "model": "item/brick/273"},
		{"predicate": {"custom_model_data":274}, "model": "item/brick/274"},
		{"predicate": {"custom_model_data":275}, "model": "item/brick/275"},
		{"predicate": {"custom_model_data":276}, "model": "item/brick/276"},
		{"predicate": {"custom_model_data":277}, "model": "item/brick/277"},
		{"predicate": {"custom_model_data":278}, "model": "item/brick/278"},
		{"predicate": {"custom_model_data":279}, "model": "item/brick/279"},
		{"predicate": {"custom_model_data":280}, "model": "item/brick/280"},
		{"predicate": {"custom_model_data":281}, "model": "item/brick/281"},
		{"predicate": {"custom_model_data":282}, "model": "item/brick/282"},
		{"predicate": {"custom_model_data":283}, "model": "item/brick/283"},
		{"predicate": {"custom_model_data":284}, "model": "item/brick/284"},
		{"predicate": {"custom_model_data":285}, "model": "item/brick/285"},
		{"predicate": {"custom_model_data":286}, "model": "item/brick/286"},
		{"predicate": {"custom_model_data":287}, "model": "item/brick/287"},
		{"predicate": {"custom_model_data":288}, "model": "item/brick/288"},
		{"predicate": {"custom_model_data":289}, "model": "item/brick/289"},
		{"predicate": {"custom_model_data":290}, "model": "item/brick/290"},
		{"predicate": {"custom_model_data":291}, "model": "item/brick/291"},
		{"predicate": {"custom_model_data":292}, "model": "item/brick/292"},
		{"predicate": {"custom_model_data":293}, "model": "item/brick/293"},
		{"predicate": {"custom_model_data":294}, "model": "item/brick/294"},
		{"predicate": {"custom_model_data":295}, "model": "item/brick/295"},
		{"predicate": {"custom_model_data":296}, "model": "item/brick/296"},
		{"predicate": {"custom_model_data":297}, "model": "item/brick/297"},
		{"predicate": {"custom_model_data":298}, "model": "item/brick/298"},
		{"predicate": {"custom_model_data":299}, "model": "item/brick/299"},
		{"predicate": {"custom_model_data":300}, "model": "item/brick/300"},
		{"predicate": {"custom_model_data":301}, "model": "item/brick/301"},
		{"predicate": {"custom_model_data":302}, "model": "item/brick/302"},
		{"predicate": {"custom_model_data":303}, "model": "item/brick/303"},
		{"predicate": {"custom_model_data":304}, "model": "item/brick/304"},
		{"predicate": {"custom_model_data":305}, "model": "item/brick/305"},
		{"predicate": {"custom_model_data":306}, "model": "item/brick/306"},
		{"predicate": {"custom_model_data":307}, "model": "item/brick/307"},
		{"predicate": {"custom_model_data":308}, "model": "item/brick/308"},
		{"predicate": {"custom_model_data":309}, "model": "item/brick/309"},
		{"predicate": {"custom_model_data":310}, "model": "item/brick/310"},
		{"predicate": {"custom_model_data":311}, "model": "item/brick/311"},
		{"predicate": {"custom_model_data":312}, "model": "item/brick/312"},
		{"predicate": {"custom_model_data":313}, "model": "item/brick/313"},
		{"predicate": {"custom_model_data":314}, "model": "item/brick/314"},
		{"predicate": {"custom_model_data":315}, "model": "item/brick/315"},
		{"predicate": {"custom_model_data":316}, "model": "item/brick/316"},
		{"predicate": {"custom_model_data":317}, "model": "item/brick/317"},
		{"predicate": {"custom_model_data":318}, "model": "item/brick/318"},
		{"predicate": {"custom_model_data":319}, "model": "item/brick/319"},
		{"predicate": {"custom_model_data":320}, "model": "item/brick/320"},
		{"predicate": {"custom_model_data":321}, "model": "item/brick/321"},
		{"predicate": {"custom_model_data":322}, "model": "item/brick/322"},
		{"predicate": {"custom_model_data":323}, "model": "item/brick/323"},
		{"predicate": {"custom_model_data":324}, "model": "item/brick/324"},
		{"predicate": {"custom_model_data":325}, "model": "item/brick/325"},
		{"predicate": {"custom_model_data":326}, "model": "item/brick/326"},
		{"predicate": {"custom_model_data":327}, "model": "item/brick/327"},
		{"predicate": {"custom_model_data":328}, "model": "item/brick/328"},
		{"predicate": {"custom_model_data":329}, "model": "item/brick/329"},
		{"predicate": {"custom_model_data":330}, "model": "item/brick/330"},
		{"predicate": {"custom_model_data":331}, "model": "item/brick/331"},
		{"predicate": {"custom_model_data":332}, "model": "item/brick/332"},
		{"predicate": {"custom_model_data":333}, "model": "item/brick/333"},
		{"predicate": {"custom_model_data":334}, "model": "item/brick/334"},
		{"predicate": {"custom_model_data":335}, "model": "item/brick/335"},
		{"predicate": {"custom_model_data":336}, "model": "item/brick/336"},
		{"predicate": {"custom_model_data":337}, "model": "item/brick/337"},
		{"predicate": {"custom_model_data":338}, "model": "item/brick/338"},
		{"predicate": {"custom_model_data":339}, "model": "item/brick/339"},
		{"predicate": {"custom_model_data":340}, "model": "item/brick/340"},
		{"predicate": {"custom_model_data":341}, "model": "item/brick/341"},
		{"predicate": {"custom_model_data":342}, "model": "item/brick/342"},
		{"predicate": {"custom_model_data":343}, "model": "item/brick/343"},
		{"predicate": {"custom_model_data":344}, "model": "item/brick/344"},
		{"predicate": {"custom_model_data":345}, "model": "item/brick/345"},
		{"predicate": {"custom_model_data":346}, "model": "item/brick/346"},
		{"predicate": {"custom_model_data":347}, "model": "item/brick/347"},
		{"predicate": {"custom_model_data":348}, "model": "item/brick/348"},
		{"predicate": {"custom_model_data":349}, "model": "item/brick/349"},
		{"predicate": {"custom_model_data":350}, "model": "item/brick/350"},
		{"predicate": {"custom_model_data":351}, "model": "item/brick/351"},
		{"predicate": {"custom_model_data":352}, "model": "item/brick/352"},
		{"predicate": {"custom_model_data":353}, "model": "item/brick/353"},
		{"predicate": {"custom_model_data":354}, "model": "item/brick/354"},
		{"predicate": {"custom_model_data":355}, "model": "item/brick/355"},
		{"predicate": {"custom_model_data":356}, "model": "item/brick/356"},
		{"predicate": {"custom_model_data":357}, "model": "item/brick/357"},
		{"predicate": {"custom_model_data":358}, "model": "item/brick/358"},
		{"predicate": {"custom_model_data":359}, "model": "item/brick/359"},
		{"predicate": {"custom_model_data":360}, "model": "item/brick/360"},
		{"predicate": {"custom_model_data":361}, "model": "item/brick/361"},
		{"predicate": {"custom_model_data":362}, "model": "item/brick/362"},
		{"predicate": {"custom_model_data":363}, "model": "item/brick/363"},
		{"predicate": {"custom_model_data":364}, "model": "item/brick/364"},
		{"predicate": {"custom_model_data":365}, "model": "item/brick/365"},
		{"predicate": {"custom_model_data":366}, "model": "item/brick/366"},
		{"predicate": {"custom_model_data":367}, "model": "item/brick/367"},
		{"predicate": {"custom_model_data":368}, "model": "item/brick/368"},
		{"predicate": {"custom_model_data":369}, "model": "item/brick/369"},
		{"predicate": {"custom_model_data":370}, "model": "item/brick/370"},
		{"predicate": {"custom_model_data":371}, "model": "item/brick/371"},
		{"predicate": {"custom_model_data":372}, "model": "item/brick/372"},
		{"predicate": {"custom_model_data":373}, "model": "item/brick/373"},
		{"predicate": {"custom_model_data":374}, "model": "item/brick/374"},
		{"predicate": {"custom_model_data":375}, "model": "item/brick/375"},
		{"predicate": {"custom_model_data":376}, "model": "item/brick/376"},
		{"predicate": {"custom_model_data":377}, "model": "item/brick/377"},
		{"predicate": {"custom_model_data":378}, "model": "item/brick/378"},
		{"predicate": {"custom_model_data":379}, "model": "item/brick/379"},
		{"predicate": {"custom_model_data":380}, "model": "item/brick/380"},
		{"predicate": {"custom_model_data":381}, "model": "item/brick/381"},
		{"predicate": {"custom_model_data":382}, "model": "item/brick/382"},
		{"predicate": {"custom_model_data":383}, "model": "item/brick/383"},
		{"predicate": {"custom_model_data":384}, "model": "item/brick/384"},
		{"predicate": {"custom_model_data":385}, "model": "item/brick/385"},
		{"predicate": {"custom_model_data":386}, "model": "item/brick/386"},
		{"predicate": {"custom_model_data":387}, "model": "item/brick/387"},
		{"predicate": {"custom_model_data":388}, "model": "item/brick/388"},
		{"predicate": {"custom_model_data":389}, "model": "item/brick/389"},
		{"predicate": {"custom_model_data":390}, "model": "item/brick/390"},
		{"predicate": {"custom_model_data":391}, "model": "item/brick/391"},
		{"predicate": {"custom_model_data":392}, "model": "item/brick/392"},
		{"predicate": {"custom_model_data":393}, "model": "item/brick/393"},
		{"predicate": {"custom_model_data":394}, "model": "item/brick/394"},
		{"predicate": {"custom_model_data":395}, "model": "item/brick/395"},
		{"predicate": {"custom_model_data":396}, "model": "item/brick/396"},
		{"predicate": {"custom_model_data":397}, "model": "item/brick/397"},
		{"predicate": {"custom_model_data":398}, "model": "item/brick/398"},
		{"predicate": {"custom_model_data":399}, "model": "item/brick/399"},
		{"predicate": {"custom_model_data":400}, "model": "item/brick/400"},
		{"predicate": {"custom_model_data":401}, "model": "item/brick/401"},
		{"predicate": {"custom_model_data":402}, "model": "item/brick/402"},
		{"predicate": {"custom_model_data":403}, "model": "item/brick/403"},
		{"predicate": {"custom_model_data":404}, "model": "item/brick/404"},
		{"predicate": {"custom_model_data":405}, "model": "item/brick/405"},
		{"predicate": {"custom_model_data":406}, "model": "item/brick/406"},
		{"predicate": {"custom_model_data":407}, "model": "item/brick/407"},
		{"predicate": {"custom_model_data":408}, "model": "item/brick/408"},
		{"predicate": {"custom_model_data":409}, "model": "item/brick/409"},
		{"predicate": {"custom_model_data":410}, "model": "item/brick/410"},
		{"predicate": {"custom_model_data":411}, "model": "item/brick/411"},
		{"predicate": {"custom_model_data":412}, "model": "item/brick/412"},
		{"predicate": {"custom_model_data":413}, "model": "item/brick/413"},
		{"predicate": {"custom_model_data":414}, "model": "item/brick/414"},
		{"predicate": {"custom_model_data":415}, "model": "item/brick/415"},
		{"predicate": {"custom_model_data":416}, "model": "item/brick/416"},
		{"predicate": {"custom_model_data":417}, "model": "item/brick/417"},
		{"predicate": {"custom_model_data":418}, "model": "item/brick/418"},
		{"predicate": {"custom_model_data":419}, "model": "item/brick/419"},
		{"predicate": {"custom_model_data":420}, "model": "item/brick/420"},
		{"predicate": {"custom_model_data":421}, "model": "item/brick/421"},
		{"predicate": {"custom_model_data":422}, "model": "item/brick/422"},
		{"predicate": {"custom_model_data":423}, "model": "item/brick/423"},
		{"predicate": {"custom_model_data":424}, "model": "item/brick/424"},
		{"predicate": {"custom_model_data":425}, "model": "item/brick/425"},
		{"predicate": {"custom_model_data":426}, "model": "item/brick/426"},
		{"predicate": {"custom_model_data":427}, "model": "item/brick/427"},
		{"predicate": {"custom_model_data":428}, "model": "item/brick/428"},
		{"predicate": {"custom_model_data":429}, "model": "item/brick/429"},
		{"predicate": {"custom_model_data":430}, "model": "item/brick/430"},
		{"predicate": {"custom_model_data":431}, "model": "item/brick/431"},
		{"predicate": {"custom_model_data":432}, "model": "item/brick/432"},
		{"predicate": {"custom_model_data":433}, "model": "item/brick/433"},
		{"predicate": {"custom_model_data":434}, "model": "item/brick/434"},
		{"predicate": {"custom_model_data":435}, "model": "item/brick/435"},
		{"predicate": {"custom_model_data":436}, "model": "item/brick/436"},
		{"predicate": {"custom_model_data":437}, "model": "item/brick/437"},
		{"predicate": {"custom_model_data":438}, "model": "item/brick/438"},
		{"predicate": {"custom_model_data":439}, "model": "item/brick/439"},
		{"predicate": {"custom_model_data":440}, "model": "item/brick/440"},
		{"predicate": {"custom_model_data":441}, "model": "item/brick/441"},
		{"predicate": {"custom_model_data":442}, "model": "item/brick/442"},
		{"predicate": {"custom_model_data":443}, "model": "item/brick/443"},
		{"predicate": {"custom_model_data":444}, "model": "item/brick/444"},
		{"predicate": {"custom_model_data":445}, "model": "item/brick/445"},
		{"predicate": {"custom_model_data":446}, "model": "item/brick/446"},
		{"predicate": {"custom_model_data":447}, "model": "item/brick/447"},
		{"predicate": {"custom_model_data":448}, "model": "item/brick/448"},
		{"predicate": {"custom_model_data":449}, "model": "item/brick/449"},
		{"predicate": {"custom_model_data":450}, "model": "item/brick/450"},
		{"predicate": {"custom_model_data":451}, "model": "item/brick/451"},
		{"predicate": {"custom_model_data":452}, "model": "item/brick/452"},
		{"predicate": {"custom_model_data":453}, "model": "item/brick/453"},
		{"predicate": {"custom_model_data":454}, "model": "item/brick/454"},
		{"predicate": {"custom_model_data":455}, "model": "item/brick/455"},
		{"predicate": {"custom_model_data":456}, "model": "item/brick/456"},
		{"predicate": {"custom_model_data":457}, "model": "item/brick/457"},
		{"predicate": {"custom_model_data":458}, "model": "item/brick/458"},
		{"predicate": {"custom_model_data":459}, "model": "item/brick/459"},
		{"predicate": {"custom_model_data":460}, "model": "item/brick/460"},
		{"predicate": {"custom_model_data":461}, "model": "item/brick/461"},
		{"predicate": {"custom_model_data":462}, "model": "item/brick/462"},
		{"predicate": {"custom_model_data":463}, "model": "item/brick/463"},
		{"predicate": {"custom_model_data":464}, "model": "item/brick/464"},
		{"predicate": {"custom_model_data":465}, "model": "item/brick/465"},
		{"predicate": {"custom_model_data":466}, "model": "item/brick/466"},
		{"predicate": {"custom_model_data":467}, "model": "item/brick/467"},
		{"predicate": {"custom_model_data":468}, "model": "item/brick/468"},
		{"predicate": {"custom_model_data":469}, "model": "item/brick/469"},
		{"predicate": {"custom_model_data":470}, "model": "item/brick/470"},
		{"predicate": {"custom_model_data":471}, "model": "item/brick/471"},
		{"predicate": {"custom_model_data":472}, "model": "item/brick/472"},
		{"predicate": {"custom_model_data":473}, "model": "item/brick/473"},
		{"predicate": {"custom_model_data":474}, "model": "item/brick/474"},
		{"predicate": {"custom_model_data":475}, "model": "item/brick/475"},
		{"predicate": {"custom_model_data":476}, "model": "item/brick/476"},
		{"predicate": {"custom_model_data":477}, "model": "item/brick/477"},
		{"predicate": {"custom_model_data":478}, "model": "item/brick/478"},
		{"predicate": {"custom_model_data":479}, "model": "item/brick/479"},
		{"predicate": {"custom_model_data":480}, "model": "item/brick/480"},
		{"predicate": {"custom_model_data":481}, "model": "item/brick/481"},
		{"predicate": {"custom_model_data":482}, "model": "item/brick/482"},
		{"predicate": {"custom_model_data":483}, "model": "item/brick/483"},
		{"predicate": {"custom_model_data":484}, "model": "item/brick/484"},
		{"predicate": {"custom_model_data":485}, "model": "item/brick/485"},
		{"predicate": {"custom_model_data":486}, "model": "item/brick/486"},
		{"predicate": {"custom_model_data":487}, "model": "item/brick/487"},
		{"predicate": {"custom_model_data":488}, "model": "item/brick/488"},
		{"predicate": {"custom_model_data":489}, "model": "item/brick/489"},
		{"predicate": {"custom_model_data":490}, "model": "item/brick/490"},
		{"predicate": {"custom_model_data":491}, "model": "item/brick/491"},
		{"predicate": {"custom_model_data":492}, "model": "item/brick/492"},
		{"predicate": {"custom_model_data":493}, "model": "item/brick/493"},
		{"predicate": {"custom_model_data":494}, "model": "item/brick/494"},
		{"predicate": {"custom_model_data":495}, "model": "item/brick/495"},
		{"predicate": {"custom_model_data":496}, "model": "item/brick/496"},
		{"predicate": {"custom_model_data":497}, "model": "item/brick/497"},
		{"predicate": {"custom_model_data":498}, "model": "item/brick/498"},
		{"predicate": {"custom_model_data":499}, "model": "item/brick/499"},
		{"predicate": {"custom_model_data":500}, "model": "item/brick/500"},
		{"predicate": {"custom_model_data":501}, "model": "item/brick/501"},
		{"predicate": {"custom_model_data":502}, "model": "item/brick/502"},
		{"predicate": {"custom_model_data":503}, "model": "item/brick/503"},
		{"predicate": {"custom_model_data":504}, "model": "item/brick/504"},
		{"predicate": {"custom_model_data":505}, "model": "item/brick/505"},
		{"predicate": {"custom_model_data":506}, "model": "item/brick/506"},
		{"predicate": {"custom_model_data":507}, "model": "item/brick/507"},
		{"predicate": {"custom_model_data":508}, "model": "item/brick/508"},
		{"predicate": {"custom_model_data":509}, "model": "item/brick/509"},
		{"predicate": {"custom_model_data":510}, "model": "item/brick/510"},
		{"predicate": {"custom_model_data":511}, "model": "item/brick/511"},
		{"predicate": {"custom_model_data":512}, "model": "item/brick/512"},
		{"predicate": {"custom_model_data":513}, "model": "item/brick/513"},
		{"predicate": {"custom_model_data":514}, "model": "item/brick/514"},
		{"predicate": {"custom_model_data":515}, "model": "item/brick/515"},
		{"predicate": {"custom_model_data":516}, "model": "item/brick/516"},
		{"predicate": {"custom_model_data":517}, "model": "item/brick/517"},
		{"predicate": {"custom_model_data":518}, "model": "item/brick/518"},
		{"predicate": {"custom_model_data":519}, "model": "item/brick/519"},
		{"predicate": {"custom_model_data":520}, "model": "item/brick/520"},
		{"predicate": {"custom_model_data":521}, "model": "item/brick/521"},
		{"predicate": {"custom_model_data":522}, "model": "item/brick/522"},
		{"predicate": {"custom_model_data":523}, "model": "item/brick/523"},
		{"predicate": {"custom_model_data":524}, "model": "item/brick/524"},
		{"predicate": {"custom_model_data":525}, "model": "item/brick/525"},
		{"predicate": {"custom_model_data":526}, "model": "item/brick/526"},
		{"predicate": {"custom_model_data":527}, "model": "item/brick/527"},
		{"predicate": {"custom_model_data":528}, "model": "item/brick/528"},
		{"predicate": {"custom_model_data":529}, "model": "item/brick/529"},
		{"predicate": {"custom_model_data":530}, "model": "item/brick/530"},
		{"predicate": {"custom_model_data":531}, "model": "item/brick/531"},
		{"predicate": {"custom_model_data":532}, "model": "item/brick/532"},
		{"predicate": {"custom_model_data":533}, "model": "item/brick/533"},
		{"predicate": {"custom_model_data":534}, "model": "item/brick/534"},
		{"predicate": {"custom_model_data":535}, "model": "item/brick/535"},
		{"predicate": {"custom_model_data":536}, "model": "item/brick/536"},
		{"predicate": {"custom_model_data":537}, "model": "item/brick/537"},
		{"predicate": {"custom_model_data":538}, "model": "item/brick/538"},
		{"predicate": {"custom_model_data":539}, "model": "item/brick/539"},
		{"predicate": {"custom_model_data":540}, "model": "item/brick/540"},
		{"predicate": {"custom_model_data":541}, "model": "item/brick/541"},
		{"predicate": {"custom_model_data":542}, "model": "item/brick/542"},
		{"predicate": {"custom_model_data":543}, "model": "item/brick/543"},
		{"predicate": {"custom_model_data":544}, "model": "item/brick/544"},
		{"predicate": {"custom_model_data":545}, "model": "item/brick/545"},
		{"predicate": {"custom_model_data":546}, "model": "item/brick/546"},
		{"predicate": {"custom_model_data":547}, "model": "item/brick/547"},
		{"predicate": {"custom_model_data":548}, "model": "item/brick/548"},
		{"predicate": {"custom_model_data":549}, "model": "item/brick/549"},
		{"predicate": {"custom_model_data":550}, "model": "item/brick/550"},
		{"predicate": {"custom_model_data":551}, "model": "item/brick/551"},
		{"predicate": {"custom_model_data":552}, "model": "item/brick/552"},
		{"predicate": {"custom_model_data":553}, "model": "item/brick/553"},
		{"predicate": {"custom_model_data":554}, "model": "item/brick/554"},
		{"predicate": {"custom_model_data":555}, "model": "item/brick/555"},
		{"predicate": {"custom_model_data":556}, "model": "item/brick/556"},
		{"predicate": {"custom_model_data":557}, "model": "item/brick/557"},
		{"predicate": {"custom_model_data":558}, "model": "item/brick/558"},
		{"predicate": {"custom_model_data":559}, "model": "item/brick/559"},
		{"predicate": {"custom_model_data":560}, "model": "item/brick/560"},
		{"predicate": {"custom_model_data":561}, "model": "item/brick/561"},
		{"predicate": {"custom_model_data":562}, "model": "item/brick/562"},
		{"predicate": {"custom_model_data":563}, "model": "item/brick/563"},
		{"predicate": {"custom_model_data":564}, "model": "item/brick/564"},
		{"predicate": {"custom_model_data":565}, "model": "item/brick/565"},
		{"predicate": {"custom_model_data":566}, "model": "item/brick/566"},
		{"predicate": {"custom_model_data":567}, "model": "item/brick/567"},
		{"predicate": {"custom_model_data":568}, "model": "item/brick/568"},
		{"predicate": {"custom_model_data":569}, "model": "item/brick/569"},
		{"predicate": {"custom_model_data":570}, "model": "item/brick/570"},
		{"predicate": {"custom_model_data":571}, "model": "item/brick/571"},
		{"predicate": {"custom_model_data":572}, "model": "item/brick/572"},
		{"predicate": {"custom_model_data":573}, "model": "item/brick/573"},
		{"predicate": {"custom_model_data":574}, "model": "item/brick/574"},
		{"predicate": {"custom_model_data":575}, "model": "item/brick/575"},
		{"predicate": {"custom_model_data":576}, "model": "item/brick/576"},
		{"predicate": {"custom_model_data":577}, "model": "item/brick/577"},
		{"predicate": {"custom_model_data":578}, "model": "item/brick/578"},
		{"predicate": {"custom_model_data":579}, "model": "item/brick/579"},
		{"predicate": {"custom_model_data":580}, "model": "item/brick/580"},
		{"predicate": {"custom_model_data":581}, "model": "item/brick/581"},
		{"predicate": {"custom_model_data":582}, "model": "item/brick/582"},
		{"predicate": {"custom_model_data":583}, "model": "item/brick/583"},
		{"predicate": {"custom_model_data":584}, "model": "item/brick/584"},
		{"predicate": {"custom_model_data":585}, "model": "item/brick/585"},
		{"predicate": {"custom_model_data":586}, "model": "item/brick/586"},
		{"predicate": {"custom_model_data":587}, "model": "item/brick/587"},
		{"predicate": {"custom_model_data":588}, "model": "item/brick/588"},
		{"predicate": {"custom_model_data":589}, "model": "item/brick/589"},
		{"predicate": {"custom_model_data":590}, "model": "item/brick/590"},
		{"predicate": {"custom_model_data":591}, "model": "item/brick/591"},
		{"predicate": {"custom_model_data":592}, "model": "item/brick/592"},
		{"predicate": {"custom_model_data":593}, "model": "item/brick/593"},
		{"predicate": {"custom_model_data":594}, "model": "item/brick/594"},
		{"predicate": {"custom_model_data":595}, "model": "item/brick/595"},
		{"predicate": {"custom_model_data":596}, "model": "item/brick/596"},
		{"predicate": {"custom_model_data":597}, "model": "item/brick/597"},
		{"predicate": {"custom_model_data":598}, "model": "item/brick/598"},
		{"predicate": {"custom_model_data":599}, "model": "item/brick/599"},
		{"predicate": {"custom_model_data":600}, "model": "item/brick/600"},
		{"predicate": {"custom_model_data":601}, "model": "item/brick/601"},
		{"predicate": {"custom_model_data":602}, "model": "item/brick/602"},
		{"predicate": {"custom_model_data":603}, "model": "item/brick/603"},
		{"predicate": {"custom_model_data":604}, "model": "item/brick/604"},
		{"predicate": {"custom_model_data":605}, "model": "item/brick/605"},
		{"predicate": {"custom_model_data":606}, "model": "item/brick/606"},
		{"predicate": {"custom_model_data":607}, "model": "item/brick/607"},
		{"predicate": {"custom_model_data":608}, "model": "item/brick/608"},
		{"predicate": {"custom_model_data":609}, "model": "item/brick/609"},
		{"predicate": {"custom_model_data":610}, "model": "item/brick/610"},
		{"predicate": {"custom_model_data":611}, "model": "item/brick/611"},
		{"predicate": {"custom_model_data":612}, "model": "item/brick/612"},
		{"predicate": {"custom_model_data":613}, "model": "item/brick/613"},
		{"predicate": {"custom_model_data":614}, "model": "item/brick/614"},
		{"predicate": {"custom_model_data":615}, "model": "item/brick/615"},
		{"predicate": {"custom_model_data":616}, "model": "item/brick/616"},
		{"predicate": {"custom_model_data":617}, "model": "item/brick/617"},
		{"predicate": {"custom_model_data":618}, "model": "item/brick/618"},
		{"predicate": {"custom_model_data":619}, "model": "item/brick/619"},
		{"predicate": {"custom_model_data":620}, "model": "item/brick/620"},
		{"predicate": {"custom_model_data":621}, "model": "item/brick/621"},
		{"predicate": {"custom_model_data":622}, "model": "item/brick/622"},
		{"predicate": {"custom_model_data":623}, "model": "item/brick/623"},
		{"predicate": {"custom_model_data":624}, "model": "item/brick/624"},
		{"predicate": {"custom_model_data":625}, "model": "item/brick/625"},
		{"predicate": {"custom_model_data":626}, "model": "item/brick/626"},
		{"predicate": {"custom_model_data":627}, "model": "item/brick/627"},
		{"predicate": {"custom_model_data":628}, "model": "item/brick/628"},
		{"predicate": {"custom_model_data":629}, "model": "item/brick/629"},
		{"predicate": {"custom_model_data":630}, "model": "item/brick/630"},
		{"predicate": {"custom_model_data":631}, "model": "item/brick/631"},
		{"predicate": {"custom_model_data":632}, "model": "item/brick/632"},
		{"predicate": {"custom_model_data":633}, "model": "item/brick/633"},
		{"predicate": {"custom_model_data":634}, "model": "item/brick/634"},
		{"predicate": {"custom_model_data":635}, "model": "item/brick/635"},
		{"predicate": {"custom_model_data":636}, "model": "item/brick/636"},
		{"predicate": {"custom_model_data":637}, "model": "item/brick/637"},
		{"predicate": {"custom_model_data":638}, "model": "item/brick/638"},
		{"predicate": {"custom_model_data":639}, "model": "item/brick/639"},
		{"predicate": {"custom_model_data":640}, "model": "item/brick/640"},
		{"predicate": {"custom_model_data":641}, "model": "item/brick/641"},
		{"predicate": {"custom_model_data":642}, "model": "item/brick/642"},
		{"predicate": {"custom_model_data":643}, "model": "item/brick/643"},
		{"predicate": {"custom_model_data":644}, "model": "item/brick/644"},
		{"predicate": {"custom_model_data":645}, "model": "item/brick/645"},
		{"predicate": {"custom_model_data":646}, "model": "item/brick/646"},
		{"predicate": {"custom_model_data":647}, "model": "item/brick/647"},
		{"predicate": {"custom_model_data":648}, "model": "item/brick/648"},
		{"predicate": {"custom_model_data":649}, "model": "item/brick/649"},
		{"predicate": {"custom_model_data":650}, "model": "item/brick/650"},
		{"predicate": {"custom_model_data":651}, "model": "item/brick/651"},
		{"predicate": {"custom_model_data":652}, "model": "item/brick/652"},
		{"predicate": {"custom_model_data":653}, "model": "item/brick/653"},
		{"predicate": {"custom_model_data":654}, "model": "item/brick/654"},
		{"predicate": {"custom_model_data":655}, "model": "item/brick/655"},
		{"predicate": {"custom_model_data":656}, "model": "item/brick/656"},
		{"predicate": {"custom_model_data":657}, "model": "item/brick/657"},
		{"predicate": {"custom_model_data":658}, "model": "item/brick/658"},
		{"predicate": {"custom_model_data":659}, "model": "item/brick/659"},
		{"predicate": {"custom_model_data":660}, "model": "item/brick/660"},
		{"predicate": {"custom_model_data":661}, "model": "item/brick/661"},
		{"predicate": {"custom_model_data":662}, "model": "item/brick/662"},
		{"predicate": {"custom_model_data":663}, "model": "item/brick/663"},
		{"predicate": {"custom_model_data":664}, "model": "item/brick/664"},
		{"predicate": {"custom_model_data":665}, "model": "item/brick/665"},
		{"predicate": {"custom_model_data":666}, "model": "item/brick/666"},
		{"predicate": {"custom_model_data":667}, "model": "item/brick/667"},
		{"predicate": {"custom_model_data":668}, "model": "item/brick/668"},
		{"predicate": {"custom_model_data":669}, "model": "item/brick/669"},
		{"predicate": {"custom_model_data":670}, "model": "item/brick/670"},
		{"predicate": {"custom_model_data":671}, "model": "item/brick/671"},
		{"predicate": {"custom_model_data":672}, "model": "item/brick/672"},
		{"predicate": {"custom_model_data":673}, "model": "item/brick/673"},
		{"predicate": {"custom_model_data":674}, "model": "item/brick/674"},
		{"predicate": {"custom_model_data":675}, "model": "item/brick/675"},
		{"predicate": {"custom_model_data":676}, "model": "item/brick/676"},
		{"predicate": {"custom_model_data":677}, "model": "item/brick/677"},
		{"predicate": {"custom_model_data":678}, "model": "item/brick/678"},
		{"predicate": {"custom_model_data":679}, "model": "item/brick/679"},
		{"predicate": {"custom_model_data":680}, "model": "item/brick/680"},
		{"predicate": {"custom_model_data":681}, "model": "item/brick/681"},
		{"predicate": {"custom_model_data":682}, "model": "item/brick/682"},
		{"predicate": {"custom_model_data":683}, "model": "item/brick/683"},
		{"predicate": {"custom_model_data":684}, "model": "item/brick/684"},
		{"predicate": {"custom_model_data":685}, "model": "item/brick/685"},
		{"predicate": {"custom_model_data":686}, "model": "item/brick/686"},
		{"predicate": {"custom_model_data":687}, "model": "item/brick/687"},
		{"predicate": {"custom_model_data":688}, "model": "item/brick/688"},
		{"predicate": {"custom_model_data":689}, "model": "item/brick/689"},
		{"predicate": {"custom_model_data":690}, "model": "item/brick/690"},
		{"predicate": {"custom_model_data":691}, "model": "item/brick/691"},
		{"predicate": {"custom_model_data":692}, "model": "item/brick/692"},
		{"predicate": {"custom_model_data":693}, "model": "item/brick/693"},
		{"predicate": {"custom_model_data":694}, "model": "item/brick/694"},
		{"predicate": {"custom_model_data":695}, "model": "item/brick/695"},
		{"predicate": {"custom_model_data":696}, "model": "item/brick/696"},
		{"predicate": {"custom_model_data":697}, "model": "item/brick/697"},
		{"predicate": {"custom_model_data":698}, "model": "item/brick/698"},
		{"predicate": {"custom_model_data":699}, "model": "item/brick/699"},
		{"predicate": {"custom_model_data":700}, "model": "item/brick/700"},
		{"predicate": {"custom_model_data":701}, "model": "item/brick/701"},
		{"predicate": {"custom_model_data":702}, "model": "item/brick/702"},
		{"predicate": {"custom_model_data":703}, "model": "item/brick/703"},
		{"predicate": {"custom_model_data":704}, "model": "item/brick/704"},
		{"predicate": {"custom_model_data":705}, "model": "item/brick/705"},
		{"predicate": {"custom_model_data":706}, "model": "item/brick/706"},
		{"predicate": {"custom_model_data":707}, "model": "item/brick/707"},
		{"predicate": {"custom_model_data":708}, "model": "item/brick/708"},
		{"predicate": {"custom_model_data":709}, "model": "item/brick/709"},
		{"predicate": {"custom_model_data":710}, "model": "item/brick/710"},
		{"predicate": {"custom_model_data":711}, "model": "item/brick/711"},
		{"predicate": {"custom_model_data":712}, "model": "item/brick/712"},
		{"predicate": {"custom_model_data":713}, "model": "item/brick/713"},
		{"predicate": {"custom_model_data":714}, "model": "item/brick/714"},
		{"predicate": {"custom_model_data":715}, "model": "item/brick/715"},
		{"predicate": {"custom_model_data":716}, "model": "item/brick/716"},
		{"predicate": {"custom_model_data":717}, "model": "item/brick/717"},
		{"predicate": {"custom_model_data":718}, "model": "item/brick/718"},
		{"predicate": {"custom_model_data":719}, "model": "item/brick/719"},
		{"predicate": {"custom_model_data":720}, "model": "item/brick/720"},
		{"predicate": {"custom_model_data":721}, "model": "item/brick/721"},
		{"predicate": {"custom_model_data":722}, "model": "item/brick/722"},
		{"predicate": {"custom_model_data":723}, "model": "item/brick/723"},
		{"predicate": {"custom_model_data":724}, "model": "item/brick/724"},
		{"predicate": {"custom_model_data":725}, "model": "item/brick/725"},
		{"predicate": {"custom_model_data":726}, "model": "item/brick/726"},
		{"predicate": {"custom_model_data":727}, "model": "item/brick/727"},
		{"predicate": {"custom_model_data":728}, "model": "item/brick/728"},
		{"predicate": {"custom_model_data":729}, "model": "item/brick/729"},
		{"predicate": {"custom_model_data":730}, "model": "item/brick/730"},
		{"predicate": {"custom_model_data":731}, "model": "item/brick/731"},
		{"predicate": {"custom_model_data":732}, "model": "item/brick/732"},
		{"predicate": {"custom_model_data":733}, "model": "item/brick/733"},
		{"predicate": {"custom_model_data":734}, "model": "item/brick/734"},
		{"predicate": {"custom_model_data":735}, "model": "item/brick/735"},
		{"predicate": {"custom_model_data":736}, "model": "item/brick/736"},
		{"predicate": {"custom_model_data":737}, "model": "item/brick/737"},
		{"predicate": {"custom_model_data":738}, "model": "item/brick/738"},
		{"predicate": {"custom_model_data":739}, "model": "item/brick/739"},
		{"predicate": {"custom_model_data":740}, "model": "item/brick/740"},
		{"predicate": {"custom_model_data":741}, "model": "item/brick/741"},
		{"predicate": {"custom_model_data":742}, "model": "item/brick/742"},
		{"predicate": {"custom_model_data":743}, "model": "item/brick/743"},
		{"predicate": {"custom_model_data":744}, "model": "item/brick/744"},
		{"predicate": {"custom_model_data":745}, "model": "item/brick/745"},
		{"predicate": {"custom_model_data":746}, "model": "item/brick/746"},
		{"predicate": {"custom_model_data":747}, "model": "item/brick/747"},
		{"predicate": {"custom_model_data":748}, "model": "item/brick/748"},
		{"predicate": {"custom_model_data":749}, "model": "item/brick/749"},
		{"predicate": {"custom_model_data":750}, "model": "item/brick/750"},
		{"predicate": {"custom_model_data":751}, "model": "item/brick/751"},
		{"predicate": {"custom_model_data":752}, "model": "item/brick/752"},
		{"predicate": {"custom_model_data":753}, "model": "item/brick/753"},
		{"predicate": {"custom_model_data":754}, "model": "item/brick/754"},
		{"predicate": {"custom_model_data":755}, "model": "item/brick/755"},
		{"predicate": {"custom_model_data":756}, "model": "item/brick/756"},
		{"predicate": {"custom_model_data":757}, "model": "item/brick/757"},
		{"predicate": {"custom_model_data":758}, "model": "item/brick/758"},
		{"predicate": {"custom_model_data":759}, "model": "item/brick/759"},
		{"predicate": {"custom_model_data":760}, "model": "item/brick/760"},
		{"predicate": {"custom_model_data":761}, "model": "item/brick/761"},
		{"predicate": {"custom_model_data":762}, "model": "item/brick/762"},
		{"predicate": {"custom_model_data":763}, "model": "item/brick/763"},
		{"predicate": {"custom_model_data":764}, "model": "item/brick/764"},
		{"predicate": {"custom_model_data":765}, "model": "item/brick/765"},
		{"predicate": {"custom_model_data":766}, "model": "item/brick/766"},
		{"predicate": {"custom_model_data":767}, "model": "item/brick/767"},
		{"predicate": {"custom_model_data":768}, "model": "item/brick/768"},
		{"predicate": {"custom_model_data":769}, "model": "item/brick/769"},
		{"predicate": {"custom_model_data":770}, "model": "item/brick/770"},
		{"predicate": {"custom_model_data":771}, "model": "item/brick/771"},
		{"predicate": {"custom_model_data":772}, "model": "item/brick/772"},
		{"predicate": {"custom_model_data":773}, "model": "item/brick/773"},
		{"predicate": {"custom_model_data":774}, "model": "item/brick/774"},
		{"predicate": {"custom_model_data":775}, "model": "item/brick/775"},
		{"predicate": {"custom_model_data":776}, "model": "item/brick/776"},
		{"predicate": {"custom_model_data":777}, "model": "item/brick/777"},
		{"predicate": {"custom_model_data":778}, "model": "item/brick/778"},
		{"predicate": {"custom_model_data":779}, "model": "item/brick/779"},
		{"predicate": {"custom_model_data":780}, "model": "item/brick/780"},
		{"predicate": {"custom_model_data":781}, "model": "item/brick/781"},
		{"predicate": {"custom_model_data":782}, "model": "item/brick/782"},
		{"predicate": {"custom_model_data":783}, "model": "item/brick/783"},
		{"predicate": {"custom_model_data":784}, "model": "item/brick/784"},
		{"predicate": {"custom_model_data":785}, "model": "item/brick/785"},
		{"predicate": {"custom_model_data":786}, "model": "item/brick/786"},
		{"predicate": {"custom_model_data":787}, "model": "item/brick/787"},
		{"predicate": {"custom_model_data":788}, "model": "item/brick/788"},
		{"predicate": {"custom_model_data":789}, "model": "item/brick/789"},
		{"predicate": {"custom_model_data":790}, "model": "item/brick/790"},
		{"predicate": {"custom_model_data":791}, "model": "item/brick/791"},
		{"predicate": {"custom_model_data":792}, "model": "item/brick/792"},
		{"predicate": {"custom_model_data":793}, "model": "item/brick/793"},
		{"predicate": {"custom_model_data":794}, "model": "item/brick/794"},
		{"predicate": {"custom_model_data":795}, "model": "item/brick/795"},
		{"predicate": {"custom_model_data":796}, "model": "item/brick/796"},
		{"predicate": {"custom_model_data":797}, "model": "item/brick/797"},
		{"predicate": {"custom_model_data":798}, "model": "item/brick/798"},
		{"predicate": {"custom_model_data":799}, "model": "item/brick/799"},
		{"predicate": {"custom_model_data":800}, "model": "item/brick/800"},
		{"predicate": {"custom_model_data":801}, "model": "item/brick/801"},
		{"predicate": {"custom_model_data":802}, "model": "item/brick/802"},
		{"predicate": {"custom_model_data":803}, "model": "item/brick/803"},
		{"predicate": {"custom_model_data":804}, "model": "item/brick/804"},
		{"predicate": {"custom_model_data":805}, "model": "item/brick/805"},
		{"predicate": {"custom_model_data":806}, "model": "item/brick/806"},
		{"predicate": {"custom_model_data":807}, "model": "item/brick/807"},
		{"predicate": {"custom_model_data":808}, "model": "item/brick/808"},
		{"predicate": {"custom_model_data":809}, "model": "item/brick/809"},
		{"predicate": {"custom_model_data":810}, "model": "item/brick/810"},
		{"predicate": {"custom_model_data":811}, "model": "item/brick/811"},
		{"predicate": {"custom_model_data":812}, "model": "item/brick/812"},
		{"predicate": {"custom_model_data":813}, "model": "item/brick/813"},
		{"predicate": {"custom_model_data":814}, "model": "item/brick/814"},
		{"predicate": {"custom_model_data":815}, "model": "item/brick/815"},
		{"predicate": {"custom_model_data":816}, "model": "item/brick/816"},
		{"predicate": {"custom_model_data":817}, "model": "item/brick/817"},
		{"predicate": {"custom_model_data":818}, "model": "item/brick/818"},
		{"predicate": {"custom_model_data":819}, "model": "item/brick/819"},
		{"predicate": {"custom_model_data":820}, "model": "item/brick/820"},
		{"predicate": {"custom_model_data":821}, "model": "item/brick/821"},
		{"predicate": {"custom_model_data":822}, "model": "item/brick/822"},
		{"predicate": {"custom_model_data":823}, "model": "item/brick/823"},
		{"predicate": {"custom_model_data":824}, "model": "item/brick/824"},
		{"predicate": {"custom_model_data":825}, "model": "item/brick/825"},
		{"predicate": {"custom_model_data":826}, "model": "item/brick/826"},
		{"predicate": {"custom_model_data":827}, "model": "item/brick/827"},
		{"predicate": {"custom_model_data":828}, "model": "item/brick/828"},
		{"predicate": {"custom_model_data":829}, "model": "item/brick/829"},
		{"predicate": {"custom_model_data":830}, "model": "item/brick/830"},
		{"predicate": {"custom_model_data":831}, "model": "item/brick/831"},
		{"predicate": {"custom_model_data":832}, "model": "item/brick/832"},
		{"predicate": {"custom_model_data":833}, "model": "item/brick/833"},
		{"predicate": {"custom_model_data":834}, "model": "item/brick/834"},
		{"predicate": {"custom_model_data":835}, "model": "item/brick/835"},
		{"predicate": {"custom_model_data":836}, "model": "item/brick/836"},
		{"predicate": {"custom_model_data":837}, "model": "item/brick/837"},
		{"predicate": {"custom_model_data":838}, "model": "item/brick/838"},
		{"predicate": {"custom_model_data":839}, "model": "item/brick/839"},
		{"predicate": {"custom_model_data":840}, "model": "item/brick/840"},
		{"predicate": {"custom_model_data":841}, "model": "item/brick/841"},
		{"predicate": {"custom_model_data":842}, "model": "item/brick/842"},
		{"predicate": {"custom_model_data":843}, "model": "item/brick/843"},
		{"predicate": {"custom_model_data":844}, "model": "item/brick/844"},
		{"predicate": {"custom_model_data":845}, "model": "item/brick/845"},
		{"predicate": {"custom_model_data":846}, "model": "item/brick/846"},
		{"predicate": {"custom_model_data":847}, "model": "item/brick/847"},
		{"predicate": {"custom_model_data":848}, "model": "item/brick/848"},
		{"predicate": {"custom_model_data":849}, "model": "item/brick/849"},
		{"predicate": {"custom_model_data":850}, "model": "item/brick/850"},
		{"predicate": {"custom_model_data":851}, "model": "item/brick/851"},
		{"predicate": {"custom_model_data":852}, "model": "item/brick/852"},
		{"predicate": {"custom_model_data":853}, "model": "item/brick/853"},
		{"predicate": {"custom_model_data":854}, "model": "item/brick/854"},
		{"predicate": {"custom_model_data":855}, "model": "item/brick/855"},
		{"predicate": {"custom_model_data":856}, "model": "item/brick/856"},
		{"predicate": {"custom_model_data":857}, "model": "item/brick/857"},
		{"predicate": {"custom_model_data":858}, "model": "item/brick/858"},
		{"predicate": {"custom_model_data":859}, "model": "item/brick/859"},
		{"predicate": {"custom_model_data":860}, "model": "item/brick/860"},
		{"predicate": {"custom_model_data":861}, "model": "item/brick/861"},
		{"predicate": {"custom_model_data":862}, "model": "item/brick/862"},
		{"predicate": {"custom_model_data":863}, "model": "item/brick/863"},
		{"predicate": {"custom_model_data":864}, "model": "item/brick/864"},
		{"predicate": {"custom_model_data":865}, "model": "item/brick/865"},
		{"predicate": {"custom_model_data":866}, "model": "item/brick/866"},
		{"predicate": {"custom_model_data":867}, "model": "item/brick/867"},
		{"predicate": {"custom_model_data":868}, "model": "item/brick/868"},
		{"predicate": {"custom_model_data":869}, "model": "item/brick/869"},
		{"predicate": {"custom_model_data":870}, "model": "item/brick/870"},
		{"predicate": {"custom_model_data":871}, "model": "item/brick/871"},
		{"predicate": {"custom_model_data":872}, "model": "item/brick/872"},
		{"predicate": {"custom_model_data":873}, "model": "item/brick/873"},
		{"predicate": {"custom_model_data":874}, "model": "item/brick/874"},
		{"predicate": {"custom_model_data":875}, "model": "item/brick/875"},
		{"predicate": {"custom_model_data":876}, "model": "item/brick/876"},
		{"predicate": {"custom_model_data":877}, "model": "item/brick/877"},
		{"predicate": {"custom_model_data":878}, "model": "item/brick/878"},
		{"predicate": {"custom_model_data":879}, "model": "item/brick/879"},
		{"predicate": {"custom_model_data":880}, "model": "item/brick/880"},
		{"predicate": {"custom_model_data":881}, "model": "item/brick/881"},
		{"predicate": {"custom_model_data":882}, "model": "item/brick/882"},
		{"predicate": {"custom_model_data":883}, "model": "item/brick/883"},
		{"predicate": {"custom_model_data":884}, "model": "item/brick/884"},
		{"predicate": {"custom_model_data":885}, "model": "item/brick/885"},
		{"predicate": {"custom_model_data":886}, "model": "item/brick/886"},
		{"predicate": {"custom_model_data":887}, "model": "item/brick/887"},
		{"predicate": {"custom_model_data":888}, "model": "item/brick/888"},
		{"predicate": {"custom_model_data":889}, "model": "item/brick/889"},
		{"predicate": {"custom_model_data":890}, "model": "item/brick/890"},
		{"predicate": {"custom_model_data":891}, "model": "item/brick/891"},
		{"predicate": {"custom_model_data":892}, "model": "item/brick/892"},
		{"predicate": {"custom_model_data":893}, "model": "item/brick/893"},
		{"predicate": {"custom_model_data":894}, "model": "item/brick/894"},
		{"predicate": {"custom_model_data":895}, "model": "item/brick/895"},
		{"predicate": {"custom_model_data":896}, "model": "item/brick/896"},
		{"predicate": {"custom_model_data":897}, "model": "item/brick/897"},
		{"predicate": {"custom_model_data":898}, "model": "item/brick/898"},
		{"predicate": {"custom_model_data":899}, "model": "item/brick/899"},
		{"predicate": {"custom_model_data":900}, "model": "item/brick/900"},
		{"predicate": {"custom_model_data":901}, "model": "item/brick/901"},
		{"predicate": {"custom_model_data":902}, "model": "item/brick/902"},
		{"predicate": {"custom_model_data":903}, "model": "item/brick/903"},
		{"predicate": {"custom_model_data":904}, "model": "item/brick/904"},
		{"predicate": {"custom_model_data":905}, "model": "item/brick/905"},
		{"predicate": {"custom_model_data":906}, "model": "item/brick/906"},
		{"predicate": {"custom_model_data":907}, "model": "item/brick/907"},
		{"predicate": {"custom_model_data":908}, "model": "item/brick/908"},
		{"predicate": {"custom_model_data":909}, "model": "item/brick/909"},
		{"predicate": {"custom_model_data":910}, "model": "item/brick/910"},
		{"predicate": {"custom_model_data":911}, "model": "item/brick/911"},
		{"predicate": {"custom_model_data":912}, "model": "item/brick/912"},
		{"predicate": {"custom_model_data":913}, "model": "item/brick/913"},
		{"predicate": {"custom_model_data":914}, "model": "item/brick/914"},
		{"predicate": {"custom_model_data":915}, "model": "item/brick/915"},
		{"predicate": {"custom_model_data":916}, "model": "item/brick/916"},
		{"predicate": {"custom_model_data":917}, "model": "item/brick/917"},
		{"predicate": {"custom_model_data":918}, "model": "item/brick/918"},
		{"predicate": {"custom_model_data":919}, "model": "item/brick/919"},
		{"predicate": {"custom_model_data":920}, "model": "item/brick/920"},
		{"predicate": {"custom_model_data":921}, "model": "item/brick/921"},
		{"predicate": {"custom_model_data":922}, "model": "item/brick/922"},
		{"predicate": {"custom_model_data":923}, "model": "item/brick/923"},
		{"predicate": {"custom_model_data":924}, "model": "item/brick/924"},
		{"predicate": {"custom_model_data":925}, "model": "item/brick/925"},
		{"predicate": {"custom_model_data":926}, "model": "item/brick/926"},
		{"predicate": {"custom_model_data":927}, "model": "item/brick/927"},
		{"predicate": {"custom_model_data":928}, "model": "item/brick/928"},
		{"predicate": {"custom_model_data":929}, "model": "item/brick/929"},
		{"predicate": {"custom_model_data":930}, "model": "item/brick/930"},
		{"predicate": {"custom_model_data":931}, "model": "item/brick/931"},
		{"predicate": {"custom_model_data":932}, "model": "item/brick/932"},
		{"predicate": {"custom_model_data":933}, "model": "item/brick/933"},
		{"predicate": {"custom_model_data":934}, "model": "item/brick/934"},
		{"predicate": {"custom_model_data":935}, "model": "item/brick/935"},
		{"predicate": {"custom_model_data":936}, "model": "item/brick/936"},
		{"predicate": {"custom_model_data":937}, "model": "item/brick/937"},
		{"predicate": {"custom_model_data":938}, "model": "item/brick/938"},
		{"predicate": {"custom_model_data":939}, "model": "item/brick/939"},
		{"predicate": {"custom_model_data":940}, "model": "item/brick/940"},
		{"predicate": {"custom_model_data":941}, "model": "item/brick/941"},
		{"predicate": {"custom_model_data":942}, "model": "item/brick/942"},
		{"predicate": {"custom_model_data":943}, "model": "item/brick/943"},
		{"predicate": {"custom_model_data":944}, "model": "item/brick/944"},
		{"predicate": {"custom_model_data":945}, "model": "item/brick/945"},
		{"predicate": {"custom_model_data":946}, "model": "item/brick/946"},
		{"predicate": {"custom_model_data":947}, "model": "item/brick/947"},
		{"predicate": {"custom_model_data":948}, "model": "item/brick/948"},
		{"predicate": {"custom_model_data":949}, "model": "item/brick/949"},
		{"predicate": {"custom_model_data":950}, "model": "item/brick/950"},
		{"predicate": {"custom_model_data":951}, "model": "item/brick/951"},
		{"predicate": {"custom_model_data":952}, "model": "item/brick/952"},
		{"predicate": {"custom_model_data":953}, "model": "item/brick/953"},
		{"predicate": {"custom_model_data":954}, "model": "item/brick/954"},
		{"predicate": {"custom_model_data":955}, "model": "item/brick/955"},
		{"predicate": {"custom_model_data":956}, "model": "item/brick/956"},
		{"predicate": {"custom_model_data":957}, "model": "item/brick/957"},
		{"predicate": {"custom_model_data":958}, "model": "item/brick/958"},
		{"predicate": {"custom_model_data":959}, "model": "item/brick/959"},
		{"predicate": {"custom_model_data":960}, "model": "item/brick/960"},
		{"predicate": {"custom_model_data":961}, "model": "item/brick/961"},
		{"predicate": {"custom_model_data":962}, "model": "item/brick/962"},
		{"predicate": {"custom_model_data":963}, "model": "item/brick/963"},
		{"predicate": {"custom_model_data":964}, "model": "item/brick/964"},
		{"predicate": {"custom_model_data":965}, "model": "item/brick/965"},
		{"predicate": {"custom_model_data":966}, "model": "item/brick/966"},
		{"predicate": {"custom_model_data":967}, "model": "item/brick/967"},
		{"predicate": {"custom_model_data":968}, "model": "item/brick/968"},
		{"predicate": {"custom_model_data":969}, "model": "item/brick/969"},
		{"predicate": {"custom_model_data":970}, "model": "item/brick/970"},
		{"predicate": {"custom_model_data":971}, "model": "item/brick/971"},
		{"predicate": {"custom_model_data":972}, "model": "item/brick/972"},
		{"predicate": {"custom_model_data":973}, "model": "item/brick/973"},
		{"predicate": {"custom_model_data":974}, "model": "item/brick/974"},
		{"predicate": {"custom_model_data":975}, "model": "item/brick/975"},
		{"predicate": {"custom_model_data":976}, "model": "item/brick/976"},
		{"predicate": {"custom_model_data":977}, "model": "item/brick/977"},
		{"predicate": {"custom_model_data":978}, "model": "item/brick/978"},
		{"predicate": {"custom_model_data":979}, "model": "item/brick/979"},
		{"predicate": {"custom_model_data":980}, "model": "item/brick/980"},
		{"predicate": {"custom_model_data":981}, "model": "item/brick/981"},
		{"predicate": {"custom_model_data":982}, "model": "item/brick/982"},
		{"predicate": {"custom_model_data":983}, "model": "item/brick/983"},
		{"predicate": {"custom_model_data":984}, "model": "item/brick/984"},
		{"predicate": {"custom_model_data":985}, "model": "item/brick/985"},
		{"predicate": {"custom_model_data":986}, "model": "item/brick/986"},
		{"predicate": {"custom_model_data":987}, "model": "item/brick/987"},
		{"predicate": {"custom_model_data":988}, "model": "item/brick/988"},
		{"predicate": {"custom_model_data":989}, "model": "item/brick/989"},
		{"predicate": {"custom_model_data":990}, "model": "item/brick/990"},
		{"predicate": {"custom_model_data":991}, "model": "item/brick/991"},
		{"predicate": {"custom_model_data":992}, "model": "item/brick/992"},
		{"predicate": {"custom_model_data":993}, "model": "item/brick/993"},
		{"predicate": {"custom_model_data":994}, "model": "item/brick/994"},
		{"predicate": {"custom_model_data":995}, "model": "item/brick/995"},
		{"predicate": {"custom_model_data":996}, "model": "item/brick/996"},
		{"predicate": {"custom_model_data":997}, "model": "item/brick/997"},
		{"predicate": {"custom_model_data":998}, "model": "item/brick/998"},
		{"predicate": {"custom_model_data":999}, "model": "item/brick/999"}
	]
}
