{
	"credit": "Made with Blockbench",
	"textures": {
		"0": "item/brick/201",
		"particle": "item/brick/201"
	},
	"elements": [
		{
			"from": [0, 0, 0],
			"to": [4, 1, 3],
			"faces": {
				"north": {"uv": [1.04, 2.72, 14.72, 13.52], "texture": "#0"},
				"east": {"uv": [1.04, 2.72, 14.72, 13.52], "texture": "#0"},
				"south": {"uv": [1.04, 2.72, 14.72, 13.52], "texture": "#0"},
				"west": {"uv": [1.04, 2.72, 14.72, 13.52], "texture": "#0"},
				"up": {"uv": [1.04, 2.72, 14.72, 13.52], "texture": "#0"},
				"down": {"uv": [1.04, 2.72, 14.72, 13.52], "texture": "#0"}
			}
		},
		{
			"from": [0.25, -0.25, 0.25],
			"to": [3.75, 1.25, 2.75],
			"faces": {
				"north": {"uv": [3.36, 4.8, 12.96, 11.12], "texture": "#0"},
				"east": {"uv": [3.36, 4.8, 12.96, 11.12], "texture": "#0"},
				"south": {"uv": [3.36, 4.8, 12.96, 11.12], "texture": "#0"},
				"west": {"uv": [3.36, 4.8, 12.96, 11.12], "texture": "#0"},
				"up": {"uv": [3.36, 4.8, 12.96, 11.12], "texture": "#0"},
				"down": {"uv": [3.36, 4.8, 12.96, 11.12], "texture": "#0"}
			}
		}
	],
	"display": {
		"thirdperson_righthand": {
			"translation": [3, 4, 3.25],
			"scale": [0.5, 0.5, 0.5]
		},
		"thirdperson_lefthand": {
			"translation": [-2.75, 4, 3.25],
			"scale": [0.5, 0.5, 0.5]
		},
		"firstperson_righthand": {
			"rotation": [0, -126, 0],
			"translation": [0, 4, 0],
			"scale": [0.5, 0.5, 0.5]
		},
		"firstperson_lefthand": {
			"translation": [0.75, 2, 0],
			"scale": [0.5, 0.5, 0.5]
		},
		"ground": {
			"scale": [0.5, 0.5, 0.5]
		},
		"gui": {
			"rotation": [-66, -41, 0],
			"translation": [-0.25, 22, 0],
			"scale": [2, 2, 2]
		},
		"head": {
			"translation": [6, 14, 6.5]
		},
		"fixed": {
			"rotation": [90, 0, 0],
			"translation": [12, -13, 14.5],
			"scale": [2, 2, 2]
		}
	}
}