{
	"credit": "Made with Blockbench",
	"textures": {
		"mesh_atlas": "item/brick/211"
	},
	"elements": [
		{
			"name": "Voxels",
			"from": [5, 0, 7.5],
			"to": [11, 0.5, 8.5],
			"faces": {
				"north": {"uv": [7.125, 15.875, 5.625, 16], "texture": "#mesh_atlas"},
				"east": {"uv": [7.875, 14.375, 7.625, 14.5], "texture": "#mesh_atlas"},
				"south": {"uv": [5.625, 15.5, 7.125, 15.625], "texture": "#mesh_atlas"},
				"west": {"uv": [6.875, 14.625, 7.125, 14.75], "texture": "#mesh_atlas"},
				"up": {"uv": [3.125, 16, 4.625, 15.75], "texture": "#mesh_atlas"},
				"down": {"uv": [3.125, 13.5, 4.625, 13.75], "texture": "#mesh_atlas"}
			}
		},
		{
			"name": "Voxels",
			"from": [5, 2.5, 7.5],
			"to": [6.5, 3.5, 8.5],
			"faces": {
				"north": {"uv": [7.125, 8, 6.75, 8.25], "texture": "#mesh_atlas"},
				"east": {"uv": [5.625, 11.25, 5.375, 11.5], "texture": "#mesh_atlas"},
				"south": {"uv": [7.125, 15.625, 7.5, 15.875], "texture": "#mesh_atlas"},
				"west": {"uv": [5.375, 11.5, 5.625, 11.75], "texture": "#mesh_atlas"},
				"up": {"uv": [5.125, 10.125, 5.5, 9.875], "texture": "#mesh_atlas"},
				"down": {"uv": [4.125, 9.5, 4.5, 9.75], "texture": "#mesh_atlas"}
			}
		},
		{
			"name": "Voxels",
			"from": [5, 12.5, 7.5],
			"to": [6.5, 13.5, 8.5],
			"faces": {
				"north": {"uv": [7.5, 15, 7.125, 15.25], "texture": "#mesh_atlas"},
				"east": {"uv": [5.625, 10.75, 5.375, 11], "texture": "#mesh_atlas"},
				"south": {"uv": [7.5, 15, 7.875, 15.25], "texture": "#mesh_atlas"},
				"west": {"uv": [5.375, 11, 5.625, 11.25], "texture": "#mesh_atlas"},
				"up": {"uv": [7.5, 15.5, 7.875, 15.25], "texture": "#mesh_atlas"},
				"down": {"uv": [7.125, 15.25, 7.5, 15.5], "texture": "#mesh_atlas"}
			}
		},
		{
			"name": "Voxels",
			"from": [5, 15.5, 7.5],
			"to": [11, 16, 8.5],
			"faces": {
				"north": {"uv": [7.125, 15.625, 5.625, 15.75], "texture": "#mesh_atlas"},
				"east": {"uv": [15.25, 15.75, 15, 15.875], "texture": "#mesh_atlas"},
				"south": {"uv": [5.625, 15.75, 7.125, 15.875], "texture": "#mesh_atlas"},
				"west": {"uv": [7.375, 13.625, 7.625, 13.75], "texture": "#mesh_atlas"},
				"up": {"uv": [3.125, 15.25, 4.625, 15], "texture": "#mesh_atlas"},
				"down": {"uv": [3.125, 14.75, 4.625, 15], "texture": "#mesh_atlas"}
			}
		},
		{
			"name": "Voxels",
			"from": [5.5, 0, 6.5],
			"to": [10.5, 0.5, 7.5],
			"faces": {
				"north": {"uv": [6.875, 15.375, 5.625, 15.5], "texture": "#mesh_atlas"},
				"east": {"uv": [16, 15.75, 15.75, 15.875], "texture": "#mesh_atlas"},
				"south": {"uv": [5.625, 14.75, 6.875, 14.875], "texture": "#mesh_atlas"},
				"west": {"uv": [15.25, 15.875, 15.5, 16], "texture": "#mesh_atlas"},
				"up": {"uv": [3.125, 12, 4.375, 11.75], "texture": "#mesh_atlas"},
				"down": {"uv": [3.125, 11.5, 4.375, 11.75], "texture": "#mesh_atlas"}
			}
		},
		{
			"name": "Voxels",
			"from": [5.5, 0, 8.5],
			"to": [10.5, 0.5, 9.5],
			"faces": {
				"north": {"uv": [6.875, 14.5, 5.625, 14.625], "texture": "#mesh_atlas"},
				"east": {"uv": [9.375, 15.625, 9.125, 15.75], "texture": "#mesh_atlas"},
				"south": {"uv": [5.625, 14.625, 6.875, 14.75], "texture": "#mesh_atlas"},
				"west": {"uv": [8.375, 15.625, 8.625, 15.75], "texture": "#mesh_atlas"},
				"up": {"uv": [3.125, 12.25, 4.375, 12], "texture": "#mesh_atlas"},
				"down": {"uv": [3.125, 12.25, 4.375, 12.5], "texture": "#mesh_atlas"}
			}
		},
		{
			"name": "Voxels",
			"from": [5.5, 0.5, 7.5],
			"to": [6.5, 2.5, 8.5],
			"faces": {
				"north": {"uv": [5.625, 13.25, 5.375, 13.75], "texture": "#mesh_atlas"},
				"east": {"uv": [6.375, 13.375, 6.125, 13.875], "texture": "#mesh_atlas"},
				"south": {"uv": [5.625, 13.375, 5.875, 13.875], "texture": "#mesh_atlas"},
				"west": {"uv": [5.875, 13.375, 6.125, 13.875], "texture": "#mesh_atlas"},
				"up": {"uv": [5.375, 9.75, 5.625, 9.5], "texture": "#mesh_atlas"},
				"down": {"uv": [5.375, 10.5, 5.625, 10.75], "texture": "#mesh_atlas"}
			}
		},
		{
			"name": "Voxels",
			"from": [5.5, 2.5, 6.5],
			"to": [7, 3.5, 7],
			"faces": {
				"north": {"uv": [7.75, 13.75, 7.375, 14], "texture": "#mesh_atlas"},
				"east": {"uv": [8.375, 12.25, 8.25, 12.5], "texture": "#mesh_atlas"},
				"south": {"uv": [7.125, 12.875, 7.5, 13.125], "texture": "#mesh_atlas"},
				"west": {"uv": [8.25, 12.5, 8.375, 12.75], "texture": "#mesh_atlas"},
				"up": {"uv": [6.625, 14.25, 7, 14.125], "texture": "#mesh_atlas"},
				"down": {"uv": [6.625, 14, 7, 14.125], "texture": "#mesh_atlas"}
			}
		},
		{
			"name": "Voxels",
			"from": [5.5, 2.5, 7],
			"to": [6.5, 3.5, 7.5],
			"faces": {
				"north": {"uv": [5.625, 9.25, 5.375, 9.5], "texture": "#mesh_atlas"},
				"east": {"uv": [8.375, 11.5, 8.25, 11.75], "texture": "#mesh_atlas"},
				"south": {"uv": [6.5, 8, 6.75, 8.25], "texture": "#mesh_atlas"},
				"west": {"uv": [8.25, 11.75, 8.375, 12], "texture": "#mesh_atlas"},
				"up": {"uv": [10.125, 15.75, 10.375, 15.625], "texture": "#mesh_atlas"},
				"down": {"uv": [9.875, 15.625, 10.125, 15.75], "texture": "#mesh_atlas"}
			}
		},
		{
			"name": "Voxels",
			"from": [5.5, 2.5, 8.5],
			"to": [6.5, 3.5, 9.5],
			"faces": {
				"north": {"uv": [8.125, 11.25, 7.875, 11.5], "texture": "#mesh_atlas"},
				"east": {"uv": [8.125, 10.5, 7.875, 10.75], "texture": "#mesh_atlas"},
				"south": {"uv": [7.875, 11, 8.125, 11.25], "texture": "#mesh_atlas"},
				"west": {"uv": [7.875, 10.75, 8.125, 11], "texture": "#mesh_atlas"},
				"up": {"uv": [7.875, 11.75, 8.125, 11.5], "texture": "#mesh_atlas"},
				"down": {"uv": [7.875, 11.75, 8.125, 12], "texture": "#mesh_atlas"}
			}
		},
		{
			"name": "Voxels",
			"from": [5.5, 3.5, 7.5],
			"to": [6.5, 12.5, 8.5],
			"faces": {
				"north": {"uv": [2.25, 9.25, 2, 11.5], "texture": "#mesh_atlas"},
				"east": {"uv": [2.5, 13.75, 2.25, 16], "texture": "#mesh_atlas"},
				"south": {"uv": [2, 13.75, 2.25, 16], "texture": "#mesh_atlas"},
				"west": {"uv": [2, 11.5, 2.25, 13.75], "texture": "#mesh_atlas"},
				"up": {"uv": [7.875, 10.25, 8.125, 10], "texture": "#mesh_atlas"},
				"down": {"uv": [7.875, 10.25, 8.125, 10.5], "texture": "#mesh_atlas"}
			}
		},
		{
			"name": "Voxels",
			"from": [5.5, 7.5, 6.5],
			"to": [7, 8.5, 7],
			"faces": {
				"north": {"uv": [4.5, 9.75, 4.125, 10], "texture": "#mesh_atlas"},
				"east": {"uv": [8.375, 11, 8.25, 11.25], "texture": "#mesh_atlas"},
				"south": {"uv": [7.5, 15.625, 7.875, 15.875], "texture": "#mesh_atlas"},
				"west": {"uv": [8.25, 11.25, 8.375, 11.5], "texture": "#mesh_atlas"},
				"up": {"uv": [0, 8.125, 0.375, 8], "texture": "#mesh_atlas"},
				"down": {"uv": [6.625, 14.25, 7, 14.375], "texture": "#mesh_atlas"}
			}
		},
		{
			"name": "Voxels",
			"from": [5.5, 7.5, 7],
			"to": [6.5, 8.5, 7.5],
			"faces": {
				"north": {"uv": [8.125, 9.5, 7.875, 9.75], "texture": "#mesh_atlas"},
				"east": {"uv": [8.375, 10.5, 8.25, 10.75], "texture": "#mesh_atlas"},
				"south": {"uv": [7.875, 8.75, 8.125, 9], "texture": "#mesh_atlas"},
				"west": {"uv": [8.25, 10.75, 8.375, 11], "texture": "#mesh_atlas"},
				"up": {"uv": [9.125, 15.625, 9.375, 15.5], "texture": "#mesh_atlas"},
				"down": {"uv": [15.625, 15.625, 15.875, 15.75], "texture": "#mesh_atlas"}
			}
		},
		{
			"name": "Voxels",
			"from": [5.5, 7.5, 8.5],
			"to": [6.5, 8.5, 9.5],
			"faces": {
				"north": {"uv": [9.875, 15.75, 9.625, 16], "texture": "#mesh_atlas"},
				"east": {"uv": [4.625, 12.75, 4.375, 13], "texture": "#mesh_atlas"},
				"south": {"uv": [9.875, 15.75, 10.125, 16], "texture": "#mesh_atlas"},
				"west": {"uv": [2, 8, 2.25, 8.25], "texture": "#mesh_atlas"},
				"up": {"uv": [9.375, 16, 9.625, 15.75], "texture": "#mesh_atlas"},
				"down": {"uv": [9.125, 15.75, 9.375, 16], "texture": "#mesh_atlas"}
			}
		},
		{
			"name": "Voxels",
			"from": [5.5, 12.5, 6.5],
			"to": [7, 13.5, 7],
			"faces": {
				"north": {"uv": [7.875, 12.875, 7.5, 13.125], "texture": "#mesh_atlas"},
				"east": {"uv": [8.375, 10, 8.25, 10.25], "texture": "#mesh_atlas"},
				"south": {"uv": [7.375, 14.5, 7.75, 14.75], "texture": "#mesh_atlas"},
				"west": {"uv": [8.25, 10.25, 8.375, 10.5], "texture": "#mesh_atlas"},
				"up": {"uv": [6.625, 14.5, 7, 14.375], "texture": "#mesh_atlas"},
				"down": {"uv": [5.125, 9.75, 5.5, 9.875], "texture": "#mesh_atlas"}
			}
		},
		{
			"name": "Voxels",
			"from": [5.5, 12.5, 7],
			"to": [6.5, 13.5, 7.5],
			"faces": {
				"north": {"uv": [4.625, 12.5, 4.375, 12.75], "texture": "#mesh_atlas"},
				"east": {"uv": [8.375, 9, 8.25, 9.25], "texture": "#mesh_atlas"},
				"south": {"uv": [4.375, 12.25, 4.625, 12.5], "texture": "#mesh_atlas"},
				"west": {"uv": [8.25, 9.75, 8.375, 10], "texture": "#mesh_atlas"},
				"up": {"uv": [13.625, 15.75, 13.875, 15.625], "texture": "#mesh_atlas"},
				"down": {"uv": [13.375, 15.625, 13.625, 15.75], "texture": "#mesh_atlas"}
			}
		},
		{
			"name": "Voxels",
			"from": [5.5, 12.5, 8.5],
			"to": [6.5, 13.5, 9.5],
			"faces": {
				"north": {"uv": [4.625, 11.5, 4.375, 11.75], "texture": "#mesh_atlas"},
				"east": {"uv": [5.625, 12.25, 5.375, 12.5], "texture": "#mesh_atlas"},
				"south": {"uv": [4.375, 11.25, 4.625, 11.5], "texture": "#mesh_atlas"},
				"west": {"uv": [4.375, 11, 4.625, 11.25], "texture": "#mesh_atlas"},
				"up": {"uv": [4.375, 12, 4.625, 11.75], "texture": "#mesh_atlas"},
				"down": {"uv": [4.375, 12, 4.625, 12.25], "texture": "#mesh_atlas"}
			}
		},
		{
			"name": "Voxels",
			"from": [5.5, 13.5, 7.5],
			"to": [6.5, 15.5, 8.5],
			"faces": {
				"north": {"uv": [7, 10.5, 6.75, 11], "texture": "#mesh_atlas"},
				"east": {"uv": [6.75, 8.25, 6.5, 8.75], "texture": "#mesh_atlas"},
				"south": {"uv": [6, 8.25, 6.25, 8.75], "texture": "#mesh_atlas"},
				"west": {"uv": [6.25, 8.25, 6.5, 8.75], "texture": "#mesh_atlas"},
				"up": {"uv": [5.375, 12, 5.625, 11.75], "texture": "#mesh_atlas"},
				"down": {"uv": [5.375, 12, 5.625, 12.25], "texture": "#mesh_atlas"}
			}
		},
		{
			"name": "Voxels",
			"from": [5.5, 15.5, 6.5],
			"to": [10.5, 16, 7.5],
			"faces": {
				"north": {"uv": [6.875, 14.875, 5.625, 15], "texture": "#mesh_atlas"},
				"east": {"uv": [15.375, 15.625, 15.125, 15.75], "texture": "#mesh_atlas"},
				"south": {"uv": [5.625, 15.125, 6.875, 15.25], "texture": "#mesh_atlas"},
				"west": {"uv": [14.875, 15.625, 15.125, 15.75], "texture": "#mesh_atlas"},
				"up": {"uv": [3.125, 12.75, 4.375, 12.5], "texture": "#mesh_atlas"},
				"down": {"uv": [3.125, 12.75, 4.375, 13], "texture": "#mesh_atlas"}
			}
		},
		{
			"name": "Voxels",
			"from": [5.5, 15.5, 8.5],
			"to": [10.5, 16, 9.5],
			"faces": {
				"north": {"uv": [6.875, 15.25, 5.625, 15.375], "texture": "#mesh_atlas"},
				"east": {"uv": [8.625, 15.5, 8.375, 15.625], "texture": "#mesh_atlas"},
				"south": {"uv": [5.625, 15, 6.875, 15.125], "texture": "#mesh_atlas"},
				"west": {"uv": [15.375, 15.625, 15.625, 15.75], "texture": "#mesh_atlas"},
				"up": {"uv": [3.125, 11.5, 4.375, 11.25], "texture": "#mesh_atlas"},
				"down": {"uv": [3.125, 11, 4.375, 11.25], "texture": "#mesh_atlas"}
			}
		},
		{
			"name": "Voxels",
			"from": [6, 0, 6],
			"to": [10, 0.5, 6.5],
			"faces": {
				"north": {"uv": [5.625, 8.625, 4.625, 8.75], "texture": "#mesh_atlas"},
				"east": {"uv": [14.625, 15.5, 14.5, 15.625], "texture": "#mesh_atlas"},
				"south": {"uv": [4.625, 8.5, 5.625, 8.625], "texture": "#mesh_atlas"},
				"west": {"uv": [7, 14.25, 7.125, 14.375], "texture": "#mesh_atlas"},
				"up": {"uv": [4.625, 8.875, 5.625, 8.75], "texture": "#mesh_atlas"},
				"down": {"uv": [4.625, 8.875, 5.625, 9], "texture": "#mesh_atlas"}
			}
		},
		{
			"name": "Voxels",
			"from": [6, 0, 9.5],
			"to": [10, 0.5, 10],
			"faces": {
				"north": {"uv": [5.625, 8.125, 4.625, 8.25], "texture": "#mesh_atlas"},
				"east": {"uv": [12, 15.5, 11.875, 15.625], "texture": "#mesh_atlas"},
				"south": {"uv": [4.625, 8, 5.625, 8.125], "texture": "#mesh_atlas"},
				"west": {"uv": [12, 15.5, 12.125, 15.625], "texture": "#mesh_atlas"},
				"up": {"uv": [4.625, 8.375, 5.625, 8.25], "texture": "#mesh_atlas"},
				"down": {"uv": [4.625, 8.375, 5.625, 8.5], "texture": "#mesh_atlas"}
			}
		},
		{
			"name": "Voxels",
			"from": [6, 0.5, 6.5],
			"to": [7, 2.5, 7],
			"faces": {
				"north": {"uv": [3.875, 8, 3.625, 8.5], "texture": "#mesh_atlas"},
				"east": {"uv": [8, 14, 7.875, 14.5], "texture": "#mesh_atlas"},
				"south": {"uv": [5.375, 13.75, 5.625, 14.25], "texture": "#mesh_atlas"},
				"west": {"uv": [7, 8.25, 7.125, 8.75], "texture": "#mesh_atlas"},
				"up": {"uv": [8.875, 15.625, 9.125, 15.5], "texture": "#mesh_atlas"},
				"down": {"uv": [8.625, 15.5, 8.875, 15.625], "texture": "#mesh_atlas"}
			}
		},
		{
			"name": "Voxels",
			"from": [6, 0.5, 7],
			"to": [6.5, 2.5, 7.5],
			"faces": {
				"north": {"uv": [8.125, 14, 8, 14.5], "texture": "#mesh_atlas"},
				"east": {"uv": [7.125, 10.5, 7, 11], "texture": "#mesh_atlas"},
				"south": {"uv": [7.875, 13.5, 8, 14], "texture": "#mesh_atlas"},
				"west": {"uv": [8, 13.5, 8.125, 14], "texture": "#mesh_atlas"},
				"up": {"uv": [11.375, 15.625, 11.5, 15.5], "texture": "#mesh_atlas"},
				"down": {"uv": [11.5, 15.5, 11.625, 15.625], "texture": "#mesh_atlas"}
			}
		},
		{
			"name": "Voxels",
			"from": [6, 0.5, 8.5],
			"to": [6.5, 2.5, 9.5],
			"faces": {
				"north": {"uv": [8, 13, 7.875, 13.5], "texture": "#mesh_atlas"},
				"east": {"uv": [6.875, 13.375, 6.625, 13.875], "texture": "#mesh_atlas"},
				"south": {"uv": [8, 13, 8.125, 13.5], "texture": "#mesh_atlas"},
				"west": {"uv": [6.375, 13.375, 6.625, 13.875], "texture": "#mesh_atlas"},
				"up": {"uv": [8.375, 14.25, 8.5, 14], "texture": "#mesh_atlas"},
				"down": {"uv": [8.375, 14.25, 8.5, 14.5], "texture": "#mesh_atlas"}
			}
		},
		{
			"name": "Voxels",
			"from": [6, 2.5, 6],
			"to": [10, 3.5, 6.5],
			"faces": {
				"north": {"uv": [4.125, 10.25, 3.125, 10.5], "texture": "#mesh_atlas"},
				"east": {"uv": [8.5, 11.25, 8.375, 11.5], "texture": "#mesh_atlas"},
				"south": {"uv": [3.125, 10, 4.125, 10.25], "texture": "#mesh_atlas"},
				"west": {"uv": [8.375, 12.75, 8.5, 13], "texture": "#mesh_atlas"},
				"up": {"uv": [5.625, 11.875, 6.625, 11.75], "texture": "#mesh_atlas"},
				"down": {"uv": [5.625, 11.875, 6.625, 12], "texture": "#mesh_atlas"}
			}
		},
		{
			"name": "Voxels",
			"from": [6, 2.5, 9.5],
			"to": [10, 3.5, 10],
			"faces": {
				"north": {"uv": [4.125, 9.75, 3.125, 10], "texture": "#mesh_atlas"},
				"east": {"uv": [8.5, 9.75, 8.375, 10], "texture": "#mesh_atlas"},
				"south": {"uv": [3.125, 9.5, 4.125, 9.75], "texture": "#mesh_atlas"},
				"west": {"uv": [8.375, 11, 8.5, 11.25], "texture": "#mesh_atlas"},
				"up": {"uv": [5.625, 11.625, 6.625, 11.5], "texture": "#mesh_atlas"},
				"down": {"uv": [5.625, 11.625, 6.625, 11.75], "texture": "#mesh_atlas"}
			}
		},
		{
			"name": "Voxels",
			"from": [6, 3.5, 6.5],
			"to": [7, 7.5, 7],
			"faces": {
				"north": {"uv": [2.5, 8, 2.25, 9], "texture": "#mesh_atlas"},
				"east": {"uv": [7, 12, 6.875, 13], "texture": "#mesh_atlas"},
				"south": {"uv": [3.125, 8.5, 3.375, 9.5], "texture": "#mesh_atlas"},
				"west": {"uv": [6.75, 12, 6.875, 13], "texture": "#mesh_atlas"},
				"up": {"uv": [10.125, 15.625, 10.375, 15.5], "texture": "#mesh_atlas"},
				"down": {"uv": [9.875, 15.5, 10.125, 15.625], "texture": "#mesh_atlas"}
			}
		},
		{
			"name": "Voxels",
			"from": [6, 3.5, 7],
			"to": [6.5, 7.5, 7.5],
			"faces": {
				"north": {"uv": [7.125, 12, 7, 13], "texture": "#mesh_atlas"},
				"east": {"uv": [6, 10.5, 5.875, 11.5], "texture": "#mesh_atlas"},
				"south": {"uv": [5.625, 10.5, 5.75, 11.5], "texture": "#mesh_atlas"},
				"west": {"uv": [5.75, 10.5, 5.875, 11.5], "texture": "#mesh_atlas"},
				"up": {"uv": [11.125, 15.625, 11.25, 15.5], "texture": "#mesh_atlas"},
				"down": {"uv": [11.25, 15.5, 11.375, 15.625], "texture": "#mesh_atlas"}
			}
		},
		{
			"name": "Voxels",
			"from": [6, 3.5, 8.5],
			"to": [6.5, 7.5, 9.5],
			"faces": {
				"north": {"uv": [6.375, 10.5, 6.25, 11.5], "texture": "#mesh_atlas"},
				"east": {"uv": [5.375, 14.75, 5.125, 15.75], "texture": "#mesh_atlas"},
				"south": {"uv": [6.375, 10.5, 6.5, 11.5], "texture": "#mesh_atlas"},
				"west": {"uv": [4.875, 14.75, 5.125, 15.75], "texture": "#mesh_atlas"},
				"up": {"uv": [8.5, 15, 8.625, 14.75], "texture": "#mesh_atlas"},
				"down": {"uv": [8.375, 8.5, 8.5, 8.75], "texture": "#mesh_atlas"}
			}
		},
		{
			"name": "Voxels",
			"from": [6, 7.5, 6],
			"to": [10, 8.5, 6.5],
			"faces": {
				"north": {"uv": [5.625, 14.5, 4.625, 14.75], "texture": "#mesh_atlas"},
				"east": {"uv": [8.625, 13.25, 8.5, 13.5], "texture": "#mesh_atlas"},
				"south": {"uv": [4.625, 14.25, 5.625, 14.5], "texture": "#mesh_atlas"},
				"west": {"uv": [8.5, 14.5, 8.625, 14.75], "texture": "#mesh_atlas"},
				"up": {"uv": [5.625, 10.375, 6.625, 10.25], "texture": "#mesh_atlas"},
				"down": {"uv": [5.625, 10.375, 6.625, 10.5], "texture": "#mesh_atlas"}
			}
		},
		{
			"name": "Voxels",
			"from": [6, 7.5, 9.5],
			"to": [10, 8.5, 10],
			"faces": {
				"north": {"uv": [5.625, 13, 4.625, 13.25], "texture": "#mesh_atlas"},
				"east": {"uv": [8.625, 11.75, 8.5, 12], "texture": "#mesh_atlas"},
				"south": {"uv": [4.625, 12.75, 5.625, 13], "texture": "#mesh_atlas"},
				"west": {"uv": [8.5, 13, 8.625, 13.25], "texture": "#mesh_atlas"},
				"up": {"uv": [5.75, 10.125, 6.75, 10], "texture": "#mesh_atlas"},
				"down": {"uv": [5.75, 10.125, 6.75, 10.25], "texture": "#mesh_atlas"}
			}
		},
		{
			"name": "Voxels",
			"from": [6, 8.5, 6.5],
			"to": [7, 12.5, 7],
			"faces": {
				"north": {"uv": [2.25, 8.25, 2, 9.25], "texture": "#mesh_atlas"},
				"east": {"uv": [6.125, 9, 6, 10], "texture": "#mesh_atlas"},
				"south": {"uv": [4.125, 8.5, 4.375, 9.5], "texture": "#mesh_atlas"},
				"west": {"uv": [5.875, 8, 6, 9], "texture": "#mesh_atlas"},
				"up": {"uv": [6.875, 15.375, 7.125, 15.25], "texture": "#mesh_atlas"},
				"down": {"uv": [6.875, 15.375, 7.125, 15.5], "texture": "#mesh_atlas"}
			}
		},
		{
			"name": "Voxels",
			"from": [6, 8.5, 7],
			"to": [6.5, 12.5, 7.5],
			"faces": {
				"north": {"uv": [6.5, 9, 6.375, 10], "texture": "#mesh_atlas"},
				"east": {"uv": [6.875, 9, 6.75, 10], "texture": "#mesh_atlas"},
				"south": {"uv": [6.5, 9, 6.625, 10], "texture": "#mesh_atlas"},
				"west": {"uv": [6.625, 9, 6.75, 10], "texture": "#mesh_atlas"},
				"up": {"uv": [7, 9, 7.125, 8.875], "texture": "#mesh_atlas"},
				"down": {"uv": [10.375, 15.5, 10.5, 15.625], "texture": "#mesh_atlas"}
			}
		},
		{
			"name": "Voxels",
			"from": [6, 8.5, 8.5],
			"to": [6.5, 12.5, 9.5],
			"faces": {
				"north": {"uv": [7, 9, 6.875, 10], "texture": "#mesh_atlas"},
				"east": {"uv": [5.625, 14.75, 5.375, 15.75], "texture": "#mesh_atlas"},
				"south": {"uv": [7, 9, 7.125, 10], "texture": "#mesh_atlas"},
				"west": {"uv": [4.375, 8.5, 4.625, 9.5], "texture": "#mesh_atlas"},
				"up": {"uv": [4.5, 9.75, 4.625, 9.5], "texture": "#mesh_atlas"},
				"down": {"uv": [4.5, 9.75, 4.625, 10], "texture": "#mesh_atlas"}
			}
		},
		{
			"name": "Voxels",
			"from": [6, 12.5, 6],
			"to": [10, 13.5, 6.5],
			"faces": {
				"north": {"uv": [5.625, 15.75, 4.625, 16], "texture": "#mesh_atlas"},
				"east": {"uv": [5.75, 8, 5.625, 8.25], "texture": "#mesh_atlas"},
				"south": {"uv": [4.625, 12.5, 5.625, 12.75], "texture": "#mesh_atlas"},
				"west": {"uv": [5.5, 9.875, 5.625, 10.125], "texture": "#mesh_atlas"},
				"up": {"uv": [6, 8.875, 7, 8.75], "texture": "#mesh_atlas"},
				"down": {"uv": [6, 8.875, 7, 9], "texture": "#mesh_atlas"}
			}
		},
		{
			"name": "Voxels",
			"from": [6, 12.5, 9.5],
			"to": [10, 13.5, 10],
			"faces": {
				"north": {"uv": [4.125, 10.75, 3.125, 11], "texture": "#mesh_atlas"},
				"east": {"uv": [8.375, 8.25, 8.25, 8.5], "texture": "#mesh_atlas"},
				"south": {"uv": [3.125, 10.5, 4.125, 10.75], "texture": "#mesh_atlas"},
				"west": {"uv": [8.25, 8, 8.375, 8.25], "texture": "#mesh_atlas"},
				"up": {"uv": [4.625, 9.125, 5.625, 9], "texture": "#mesh_atlas"},
				"down": {"uv": [4.625, 9.125, 5.625, 9.25], "texture": "#mesh_atlas"}
			}
		},
		{
			"name": "Voxels",
			"from": [6, 13.5, 6.5],
			"to": [7, 15.5, 7],
			"faces": {
				"north": {"uv": [1, 8, 0.75, 8.5], "texture": "#mesh_atlas"},
				"east": {"uv": [8.25, 9.25, 8.125, 9.75], "texture": "#mesh_atlas"},
				"south": {"uv": [1, 8, 1.25, 8.5], "texture": "#mesh_atlas"},
				"west": {"uv": [8.125, 8.75, 8.25, 9.25], "texture": "#mesh_atlas"},
				"up": {"uv": [9.375, 15.625, 9.625, 15.5], "texture": "#mesh_atlas"},
				"down": {"uv": [9.625, 15.5, 9.875, 15.625], "texture": "#mesh_atlas"}
			}
		},
		{
			"name": "Voxels",
			"from": [6, 13.5, 7],
			"to": [6.5, 15.5, 7.5],
			"faces": {
				"north": {"uv": [8.25, 10.75, 8.125, 11.25], "texture": "#mesh_atlas"},
				"east": {"uv": [8.25, 12.25, 8.125, 12.75], "texture": "#mesh_atlas"},
				"south": {"uv": [8.125, 11.25, 8.25, 11.75], "texture": "#mesh_atlas"},
				"west": {"uv": [8.125, 11.75, 8.25, 12.25], "texture": "#mesh_atlas"},
				"up": {"uv": [7, 8.875, 7.125, 8.75], "texture": "#mesh_atlas"},
				"down": {"uv": [15.875, 15.625, 16, 15.75], "texture": "#mesh_atlas"}
			}
		},
		{
			"name": "Voxels",
			"from": [6, 13.5, 8.5],
			"to": [6.5, 15.5, 9.5],
			"faces": {
				"north": {"uv": [8.25, 12.75, 8.125, 13.25], "texture": "#mesh_atlas"},
				"east": {"uv": [3.625, 8, 3.375, 8.5], "texture": "#mesh_atlas"},
				"south": {"uv": [7, 11, 7.125, 11.5], "texture": "#mesh_atlas"},
				"west": {"uv": [3.125, 8, 3.375, 8.5], "texture": "#mesh_atlas"},
				"up": {"uv": [8.25, 9.75, 8.375, 9.5], "texture": "#mesh_atlas"},
				"down": {"uv": [8.25, 9.25, 8.375, 9.5], "texture": "#mesh_atlas"}
			}
		},
		{
			"name": "Voxels",
			"from": [6, 15.5, 6],
			"to": [10, 16, 6.5],
			"faces": {
				"north": {"uv": [6.625, 14.125, 5.625, 14.25], "texture": "#mesh_atlas"},
				"east": {"uv": [14.375, 15.5, 14.25, 15.625], "texture": "#mesh_atlas"},
				"south": {"uv": [5.625, 14, 6.625, 14.125], "texture": "#mesh_atlas"},
				"west": {"uv": [7, 14.375, 7.125, 14.5], "texture": "#mesh_atlas"},
				"up": {"uv": [5.625, 14.375, 6.625, 14.25], "texture": "#mesh_atlas"},
				"down": {"uv": [5.625, 14.375, 6.625, 14.5], "texture": "#mesh_atlas"}
			}
		},
		{
			"name": "Voxels",
			"from": [6, 15.5, 9.5],
			"to": [10, 16, 10],
			"faces": {
				"north": {"uv": [6.625, 13.125, 5.625, 13.25], "texture": "#mesh_atlas"},
				"east": {"uv": [12.375, 15.5, 12.25, 15.625], "texture": "#mesh_atlas"},
				"south": {"uv": [5.625, 13, 6.625, 13.125], "texture": "#mesh_atlas"},
				"west": {"uv": [14.125, 15.5, 14.25, 15.625], "texture": "#mesh_atlas"},
				"up": {"uv": [5.625, 13.375, 6.625, 13.25], "texture": "#mesh_atlas"},
				"down": {"uv": [5.625, 13.875, 6.625, 14], "texture": "#mesh_atlas"}
			}
		},
		{
			"name": "Voxels",
			"from": [6.5, 0, 5.5],
			"to": [9.5, 0.5, 6],
			"faces": {
				"north": {"uv": [7.875, 10.375, 7.125, 10.5], "texture": "#mesh_atlas"},
				"east": {"uv": [5.625, 9.75, 5.5, 9.875], "texture": "#mesh_atlas"},
				"south": {"uv": [7.125, 10.25, 7.875, 10.375], "texture": "#mesh_atlas"},
				"west": {"uv": [0.375, 8, 0.5, 8.125], "texture": "#mesh_atlas"},
				"up": {"uv": [7.125, 11.625, 7.875, 11.5], "texture": "#mesh_atlas"},
				"down": {"uv": [7.125, 12, 7.875, 12.125], "texture": "#mesh_atlas"}
			}
		},
		{
			"name": "Voxels",
			"from": [6.5, 0, 10],
			"to": [9.5, 0.5, 10.5],
			"faces": {
				"north": {"uv": [7.875, 13.5, 7.125, 13.625], "texture": "#mesh_atlas"},
				"east": {"uv": [11.875, 15.5, 11.75, 15.625], "texture": "#mesh_atlas"},
				"south": {"uv": [7.125, 11.125, 7.875, 11.25], "texture": "#mesh_atlas"},
				"west": {"uv": [11.625, 15.5, 11.75, 15.625], "texture": "#mesh_atlas"},
				"up": {"uv": [7.125, 10, 7.875, 9.875], "texture": "#mesh_atlas"},
				"down": {"uv": [7.125, 9.75, 7.875, 9.875], "texture": "#mesh_atlas"}
			}
		},
		{
			"name": "Voxels",
			"from": [6.5, 0.5, 6],
			"to": [9.5, 2.5, 6.5],
			"faces": {
				"north": {"uv": [3.875, 13, 3.125, 13.5], "texture": "#mesh_atlas"},
				"east": {"uv": [8, 12, 7.875, 12.5], "texture": "#mesh_atlas"},
				"south": {"uv": [3.125, 13.75, 3.875, 14.25], "texture": "#mesh_atlas"},
				"west": {"uv": [8, 12, 8.125, 12.5], "texture": "#mesh_atlas"},
				"up": {"uv": [7.125, 12.25, 7.875, 12.125], "texture": "#mesh_atlas"},
				"down": {"uv": [7.125, 11.75, 7.875, 11.875], "texture": "#mesh_atlas"}
			}
		},
		{
			"name": "Voxels",
			"from": [6.5, 0.5, 9],
			"to": [7, 15.5, 9.5],
			"faces": {
				"north": {"uv": [3.125, 12.25, 3, 16], "texture": "#mesh_atlas"},
				"east": {"uv": [2.5, 10, 2.375, 13.75], "texture": "#mesh_atlas"},
				"south": {"uv": [2.5, 12.25, 2.625, 16], "texture": "#mesh_atlas"},
				"west": {"uv": [3, 8.5, 3.125, 12.25], "texture": "#mesh_atlas"},
				"up": {"uv": [14.375, 15.625, 14.5, 15.5], "texture": "#mesh_atlas"},
				"down": {"uv": [14, 15.5, 14.125, 15.625], "texture": "#mesh_atlas"}
			}
		},
		{
			"name": "Voxels",
			"from": [6.5, 0.5, 9.5],
			"to": [9.5, 2.5, 10],
			"faces": {
				"north": {"uv": [4.625, 13.75, 3.875, 14.25], "texture": "#mesh_atlas"},
				"east": {"uv": [8, 8.25, 7.875, 8.75], "texture": "#mesh_atlas"},
				"south": {"uv": [3.875, 14.25, 4.625, 14.75], "texture": "#mesh_atlas"},
				"west": {"uv": [8, 8.25, 8.125, 8.75], "texture": "#mesh_atlas"},
				"up": {"uv": [7.125, 9, 7.875, 8.875], "texture": "#mesh_atlas"},
				"down": {"uv": [7.125, 8.75, 7.875, 8.875], "texture": "#mesh_atlas"}
			}
		},
		{
			"name": "Voxels",
			"from": [6.5, 2.5, 5.5],
			"to": [9.5, 3.5, 6],
			"faces": {
				"north": {"uv": [5.375, 9.25, 4.625, 9.5], "texture": "#mesh_atlas"},
				"east": {"uv": [14.125, 15.75, 14, 16], "texture": "#mesh_atlas"},
				"south": {"uv": [3.875, 8, 4.625, 8.25], "texture": "#mesh_atlas"},
				"west": {"uv": [14.125, 15.75, 14.25, 16], "texture": "#mesh_atlas"},
				"up": {"uv": [7.125, 11, 7.875, 10.875], "texture": "#mesh_atlas"},
				"down": {"uv": [7.125, 10.75, 7.875, 10.875], "texture": "#mesh_atlas"}
			}
		},
		{
			"name": "Voxels",
			"from": [6.5, 2.5, 10],
			"to": [9.5, 3.5, 10.5],
			"faces": {
				"north": {"uv": [5.375, 11.5, 4.625, 11.75], "texture": "#mesh_atlas"},
				"east": {"uv": [7.875, 13.75, 7.75, 14], "texture": "#mesh_atlas"},
				"south": {"uv": [4.625, 10.75, 5.375, 11], "texture": "#mesh_atlas"},
				"west": {"uv": [7.75, 14.5, 7.875, 14.75], "texture": "#mesh_atlas"},
				"up": {"uv": [7.125, 8.75, 7.875, 8.625], "texture": "#mesh_atlas"},
				"down": {"uv": [7.125, 8.5, 7.875, 8.625], "texture": "#mesh_atlas"}
			}
		},
		{
			"name": "Voxels",
			"from": [6.5, 3.5, 6],
			"to": [9.5, 7.5, 6.5],
			"faces": {
				"north": {"uv": [2, 12, 1.25, 13], "texture": "#mesh_atlas"},
				"east": {"uv": [6, 12, 5.875, 13], "texture": "#mesh_atlas"},
				"south": {"uv": [1.25, 11, 2, 12], "texture": "#mesh_atlas"},
				"west": {"uv": [5.75, 12, 5.875, 13], "texture": "#mesh_atlas"},
				"up": {"uv": [7.125, 9.375, 7.875, 9.25], "texture": "#mesh_atlas"},
				"down": {"uv": [7.125, 9.125, 7.875, 9.25], "texture": "#mesh_atlas"}
			}
		},
		{
			"name": "Voxels",
			"from": [6.5, 3.5, 9.5],
			"to": [9.5, 7.5, 10],
			"faces": {
				"north": {"uv": [2, 10, 1.25, 11], "texture": "#mesh_atlas"},
				"east": {"uv": [6.25, 12, 6.125, 13], "texture": "#mesh_atlas"},
				"south": {"uv": [1.25, 15, 2, 16], "texture": "#mesh_atlas"},
				"west": {"uv": [6, 12, 6.125, 13], "texture": "#mesh_atlas"},
				"up": {"uv": [7.125, 10.125, 7.875, 10], "texture": "#mesh_atlas"},
				"down": {"uv": [7.125, 10.125, 7.875, 10.25], "texture": "#mesh_atlas"}
			}
		},
		{
			"name": "Voxels",
			"from": [6.5, 7.5, 5.5],
			"to": [9.5, 8.5, 6],
			"faces": {
				"north": {"uv": [4.625, 8.25, 3.875, 8.5], "texture": "#mesh_atlas"},
				"east": {"uv": [15, 15.75, 14.875, 16], "texture": "#mesh_atlas"},
				"south": {"uv": [4.625, 9.5, 5.375, 9.75], "texture": "#mesh_atlas"},
				"west": {"uv": [14.75, 15.75, 14.875, 16], "texture": "#mesh_atlas"},
				"up": {"uv": [7.125, 15.625, 7.875, 15.5], "texture": "#mesh_atlas"},
				"down": {"uv": [7.125, 10.5, 7.875, 10.625], "texture": "#mesh_atlas"}
			}
		},
		{
			"name": "Voxels",
			"from": [6.5, 7.5, 10],
			"to": [9.5, 8.5, 10.5],
			"faces": {
				"north": {"uv": [5.375, 10.5, 4.625, 10.75], "texture": "#mesh_atlas"},
				"east": {"uv": [8.375, 12, 8.25, 12.25], "texture": "#mesh_atlas"},
				"south": {"uv": [4.625, 11.75, 5.375, 12], "texture": "#mesh_atlas"},
				"west": {"uv": [8.25, 12.75, 8.375, 13], "texture": "#mesh_atlas"},
				"up": {"uv": [7.125, 8.25, 7.875, 8.125], "texture": "#mesh_atlas"},
				"down": {"uv": [7.125, 14, 7.875, 14.125], "texture": "#mesh_atlas"}
			}
		},
		{
			"name": "Voxels",
			"from": [6.5, 8.5, 6],
			"to": [9.5, 12.5, 6.5],
			"faces": {
				"north": {"uv": [2, 8, 1.25, 9], "texture": "#mesh_atlas"},
				"east": {"uv": [6.5, 12, 6.375, 13], "texture": "#mesh_atlas"},
				"south": {"uv": [1.25, 9, 2, 10], "texture": "#mesh_atlas"},
				"west": {"uv": [6.25, 12, 6.375, 13], "texture": "#mesh_atlas"},
				"up": {"uv": [7.125, 9.125, 7.875, 9], "texture": "#mesh_atlas"},
				"down": {"uv": [7.125, 8, 7.875, 8.125], "texture": "#mesh_atlas"}
			}
		},
		{
			"name": "Voxels",
			"from": [6.5, 8.5, 9.5],
			"to": [9.5, 12.5, 10],
			"faces": {
				"north": {"uv": [2, 14, 1.25, 15], "texture": "#mesh_atlas"},
				"east": {"uv": [6.75, 12, 6.625, 13], "texture": "#mesh_atlas"},
				"south": {"uv": [1.25, 13, 2, 14], "texture": "#mesh_atlas"},
				"west": {"uv": [6.5, 12, 6.625, 13], "texture": "#mesh_atlas"},
				"up": {"uv": [7.125, 8.375, 7.875, 8.25], "texture": "#mesh_atlas"},
				"down": {"uv": [7.125, 8.375, 7.875, 8.5], "texture": "#mesh_atlas"}
			}
		},
		{
			"name": "Voxels",
			"from": [6.5, 12.5, 5.5],
			"to": [9.5, 13.5, 6],
			"faces": {
				"north": {"uv": [5.375, 11.25, 4.625, 11.5], "texture": "#mesh_atlas"},
				"east": {"uv": [13.875, 15.75, 13.75, 16], "texture": "#mesh_atlas"},
				"south": {"uv": [4.625, 11, 5.375, 11.25], "texture": "#mesh_atlas"},
				"west": {"uv": [13.625, 15.75, 13.75, 16], "texture": "#mesh_atlas"},
				"up": {"uv": [7.125, 14.25, 7.875, 14.125], "texture": "#mesh_atlas"},
				"down": {"uv": [7.125, 14.25, 7.875, 14.375], "texture": "#mesh_atlas"}
			}
		},
		{
			"name": "Voxels",
			"from": [6.5, 12.5, 10],
			"to": [9.5, 13.5, 10.5],
			"faces": {
				"north": {"uv": [5.375, 12.25, 4.625, 12.5], "texture": "#mesh_atlas"},
				"east": {"uv": [8.5, 12.5, 8.375, 12.75], "texture": "#mesh_atlas"},
				"south": {"uv": [4.625, 12, 5.375, 12.25], "texture": "#mesh_atlas"},
				"west": {"uv": [13.875, 15.75, 14, 16], "texture": "#mesh_atlas"},
				"up": {"uv": [7.125, 12.375, 7.875, 12.25], "texture": "#mesh_atlas"},
				"down": {"uv": [7.125, 12.375, 7.875, 12.5], "texture": "#mesh_atlas"}
			}
		},
		{
			"name": "Voxels",
			"from": [6.5, 13.5, 6],
			"to": [9.5, 15.5, 6.5],
			"faces": {
				"north": {"uv": [4.625, 15.25, 3.875, 15.75], "texture": "#mesh_atlas"},
				"east": {"uv": [2.875, 8, 2.75, 8.5], "texture": "#mesh_atlas"},
				"south": {"uv": [3.125, 14.25, 3.875, 14.75], "texture": "#mesh_atlas"},
				"west": {"uv": [2.625, 8, 2.75, 8.5], "texture": "#mesh_atlas"},
				"up": {"uv": [7.125, 13.5, 7.875, 13.375], "texture": "#mesh_atlas"},
				"down": {"uv": [7.125, 14.75, 7.875, 14.875], "texture": "#mesh_atlas"}
			}
		},
		{
			"name": "Voxels",
			"from": [6.5, 13.5, 9.5],
			"to": [9.5, 15.5, 10],
			"faces": {
				"north": {"uv": [3.875, 15.25, 3.125, 15.75], "texture": "#mesh_atlas"},
				"east": {"uv": [3.125, 8, 3, 8.5], "texture": "#mesh_atlas"},
				"south": {"uv": [3.875, 13, 4.625, 13.5], "texture": "#mesh_atlas"},
				"west": {"uv": [2.875, 8, 3, 8.5], "texture": "#mesh_atlas"},
				"up": {"uv": [7.125, 11.375, 7.875, 11.25], "texture": "#mesh_atlas"},
				"down": {"uv": [7.125, 11.875, 7.875, 12], "texture": "#mesh_atlas"}
			}
		},
		{
			"name": "Voxels",
			"from": [6.5, 15.5, 5.5],
			"to": [9.5, 16, 6],
			"faces": {
				"north": {"uv": [7.875, 13.25, 7.125, 13.375], "texture": "#mesh_atlas"},
				"east": {"uv": [11, 15.5, 10.875, 15.625], "texture": "#mesh_atlas"},
				"south": {"uv": [7.125, 14.875, 7.875, 15], "texture": "#mesh_atlas"},
				"west": {"uv": [11, 15.5, 11.125, 15.625], "texture": "#mesh_atlas"},
				"up": {"uv": [7.125, 11.125, 7.875, 11], "texture": "#mesh_atlas"},
				"down": {"uv": [7.125, 11.375, 7.875, 11.5], "texture": "#mesh_atlas"}
			}
		},
		{
			"name": "Voxels",
			"from": [6.5, 15.5, 10],
			"to": [9.5, 16, 10.5],
			"faces": {
				"north": {"uv": [7.875, 13.125, 7.125, 13.25], "texture": "#mesh_atlas"},
				"east": {"uv": [7.125, 14.125, 7, 14.25], "texture": "#mesh_atlas"},
				"south": {"uv": [7.125, 15.875, 7.875, 16], "texture": "#mesh_atlas"},
				"west": {"uv": [7, 14, 7.125, 14.125], "texture": "#mesh_atlas"},
				"up": {"uv": [7.125, 11.75, 7.875, 11.625], "texture": "#mesh_atlas"},
				"down": {"uv": [7.125, 10.625, 7.875, 10.75], "texture": "#mesh_atlas"}
			}
		},
		{
			"name": "Voxels",
			"from": [7, -1.5, 7.5],
			"to": [9, 0, 8.5],
			"faces": {
				"north": {"uv": [5.125, 9.75, 4.625, 10.125], "texture": "#mesh_atlas"},
				"east": {"uv": [7.875, 12.5, 7.625, 12.875], "texture": "#mesh_atlas"},
				"south": {"uv": [5.125, 10.125, 5.625, 10.5], "texture": "#mesh_atlas"},
				"west": {"uv": [7.375, 12.5, 7.625, 12.875], "texture": "#mesh_atlas"},
				"up": {"uv": [4.125, 10.75, 4.625, 10.5], "texture": "#mesh_atlas"},
				"down": {"uv": [4.125, 10.75, 4.625, 11], "texture": "#mesh_atlas"}
			}
		},
		{
			"name": "Voxels",
			"from": [7, 16, 7.5],
			"to": [9, 17.5, 8.5],
			"faces": {
				"north": {"uv": [5.125, 10.125, 4.625, 10.5], "texture": "#mesh_atlas"},
				"east": {"uv": [7.875, 9.375, 7.625, 9.75], "texture": "#mesh_atlas"},
				"south": {"uv": [0, 8.125, 0.5, 8.5], "texture": "#mesh_atlas"},
				"west": {"uv": [7.375, 9.375, 7.625, 9.75], "texture": "#mesh_atlas"},
				"up": {"uv": [4.125, 10.25, 4.625, 10], "texture": "#mesh_atlas"},
				"down": {"uv": [4.125, 10.25, 4.625, 10.5], "texture": "#mesh_atlas"}
			}
		},
		{
			"name": "Voxels",
			"from": [7.5, -1.5, 7],
			"to": [8.5, 0, 7.5],
			"faces": {
				"north": {"uv": [7.375, 13.625, 7.125, 14], "texture": "#mesh_atlas"},
				"east": {"uv": [8.375, 13.875, 8.25, 14.25], "texture": "#mesh_atlas"},
				"south": {"uv": [7.125, 12.5, 7.375, 12.875], "texture": "#mesh_atlas"},
				"west": {"uv": [8.25, 15, 8.375, 15.375], "texture": "#mesh_atlas"},
				"up": {"uv": [6.875, 15.125, 7.125, 15], "texture": "#mesh_atlas"},
				"down": {"uv": [6.875, 15.125, 7.125, 15.25], "texture": "#mesh_atlas"}
			}
		},
		{
			"name": "Voxels",
			"from": [7.5, -1.5, 8.5],
			"to": [8.5, 0, 9],
			"faces": {
				"north": {"uv": [7.375, 14.375, 7.125, 14.75], "texture": "#mesh_atlas"},
				"east": {"uv": [8.375, 14.25, 8.25, 14.625], "texture": "#mesh_atlas"},
				"south": {"uv": [7.125, 9.375, 7.375, 9.75], "texture": "#mesh_atlas"},
				"west": {"uv": [8.25, 14.625, 8.375, 15], "texture": "#mesh_atlas"},
				"up": {"uv": [6.875, 14.875, 7.125, 14.75], "texture": "#mesh_atlas"},
				"down": {"uv": [6.875, 14.875, 7.125, 15], "texture": "#mesh_atlas"}
			}
		},
		{
			"name": "Voxels",
			"from": [7.5, 0, 5],
			"to": [8.5, 0.5, 5.5],
			"faces": {
				"north": {"uv": [7.125, 13.875, 6.875, 14], "texture": "#mesh_atlas"},
				"east": {"uv": [12.5, 15.5, 12.375, 15.625], "texture": "#mesh_atlas"},
				"south": {"uv": [6.625, 13.25, 6.875, 13.375], "texture": "#mesh_atlas"},
				"west": {"uv": [12.125, 15.5, 12.25, 15.625], "texture": "#mesh_atlas"},
				"up": {"uv": [6.625, 14, 6.875, 13.875], "texture": "#mesh_atlas"},
				"down": {"uv": [6.875, 14.5, 7.125, 14.625], "texture": "#mesh_atlas"}
			}
		},
		{
			"name": "Voxels",
			"from": [7.5, 0, 10.5],
			"to": [8.5, 0.5, 11],
			"faces": {
				"north": {"uv": [7.125, 13.125, 6.875, 13.25], "texture": "#mesh_atlas"},
				"east": {"uv": [10.75, 15.5, 10.625, 15.625], "texture": "#mesh_atlas"},
				"south": {"uv": [6.625, 13, 6.875, 13.125], "texture": "#mesh_atlas"},
				"west": {"uv": [10.5, 15.5, 10.625, 15.625], "texture": "#mesh_atlas"},
				"up": {"uv": [6.625, 13.25, 6.875, 13.125], "texture": "#mesh_atlas"},
				"down": {"uv": [6.875, 13.25, 7.125, 13.375], "texture": "#mesh_atlas"}
			}
		},
		{
			"name": "Voxels",
			"from": [7.5, 0.5, 5.5],
			"to": [8.5, 2.5, 6],
			"faces": {
				"north": {"uv": [7.125, 13.375, 6.875, 13.875], "texture": "#mesh_atlas"},
				"east": {"uv": [8, 12.5, 7.875, 13], "texture": "#mesh_atlas"},
				"south": {"uv": [6, 11, 6.25, 11.5], "texture": "#mesh_atlas"},
				"west": {"uv": [8, 12.5, 8.125, 13], "texture": "#mesh_atlas"},
				"up": {"uv": [6.625, 12, 6.875, 11.875], "texture": "#mesh_atlas"},
				"down": {"uv": [6.875, 13, 7.125, 13.125], "texture": "#mesh_atlas"}
			}
		},
		{
			"name": "Voxels",
			"from": [7.5, 0.5, 10],
			"to": [8.5, 2.5, 10.5],
			"faces": {
				"north": {"uv": [6.25, 10.5, 6, 11], "texture": "#mesh_atlas"},
				"east": {"uv": [8.25, 14.25, 8.125, 14.75], "texture": "#mesh_atlas"},
				"south": {"uv": [6.5, 11, 6.75, 11.5], "texture": "#mesh_atlas"},
				"west": {"uv": [2.5, 8, 2.625, 8.5], "texture": "#mesh_atlas"},
				"up": {"uv": [6.625, 11.875, 6.875, 11.75], "texture": "#mesh_atlas"},
				"down": {"uv": [6.875, 11.875, 7.125, 12], "texture": "#mesh_atlas"}
			}
		},
		{
			"name": "Voxels",
			"from": [7.5, 2.5, 5],
			"to": [8.5, 3.5, 5.5],
			"faces": {
				"north": {"uv": [8.125, 9, 7.875, 9.25], "texture": "#mesh_atlas"},
				"east": {"uv": [14.5, 15.75, 14.375, 16], "texture": "#mesh_atlas"},
				"south": {"uv": [7.875, 9.25, 8.125, 9.5], "texture": "#mesh_atlas"},
				"west": {"uv": [14.25, 15.75, 14.375, 16], "texture": "#mesh_atlas"},
				"up": {"uv": [6.625, 11.75, 6.875, 11.625], "texture": "#mesh_atlas"},
				"down": {"uv": [6.875, 11.75, 7.125, 11.875], "texture": "#mesh_atlas"}
			}
		},
		{
			"name": "Voxels",
			"from": [7.5, 2.5, 10.5],
			"to": [8.5, 3.5, 11],
			"faces": {
				"north": {"uv": [6.5, 8, 6.25, 8.25], "texture": "#mesh_atlas"},
				"east": {"uv": [14.75, 15.75, 14.625, 16], "texture": "#mesh_atlas"},
				"south": {"uv": [6, 8, 6.25, 8.25], "texture": "#mesh_atlas"},
				"west": {"uv": [14.5, 15.75, 14.625, 16], "texture": "#mesh_atlas"},
				"up": {"uv": [6.625, 11.625, 6.875, 11.5], "texture": "#mesh_atlas"},
				"down": {"uv": [6.875, 11.625, 7.125, 11.75], "texture": "#mesh_atlas"}
			}
		},
		{
			"name": "Voxels",
			"from": [7.5, 3.5, 5.5],
			"to": [8.5, 7.5, 6],
			"faces": {
				"north": {"uv": [5.375, 13.25, 5.125, 14.25], "texture": "#mesh_atlas"},
				"east": {"uv": [5.75, 8.25, 5.625, 9.25], "texture": "#mesh_atlas"},
				"south": {"uv": [4.875, 13.25, 5.125, 14.25], "texture": "#mesh_atlas"},
				"west": {"uv": [5.625, 9.25, 5.75, 10.25], "texture": "#mesh_atlas"},
				"up": {"uv": [6.625, 10.5, 6.875, 10.375], "texture": "#mesh_atlas"},
				"down": {"uv": [6.875, 11.5, 7.125, 11.625], "texture": "#mesh_atlas"}
			}
		},
		{
			"name": "Voxels",
			"from": [7.5, 3.5, 10],
			"to": [8.5, 7.5, 10.5],
			"faces": {
				"north": {"uv": [4.875, 13.25, 4.625, 14.25], "texture": "#mesh_atlas"},
				"east": {"uv": [5.75, 12, 5.625, 13], "texture": "#mesh_atlas"},
				"south": {"uv": [3.375, 8.5, 3.625, 9.5], "texture": "#mesh_atlas"},
				"west": {"uv": [5.75, 9, 5.875, 10], "texture": "#mesh_atlas"},
				"up": {"uv": [6.625, 10.375, 6.875, 10.25], "texture": "#mesh_atlas"},
				"down": {"uv": [6.875, 10.375, 7.125, 10.5], "texture": "#mesh_atlas"}
			}
		},
		{
			"name": "Voxels",
			"from": [7.5, 8.5, 5.5],
			"to": [8.5, 12.5, 6],
			"faces": {
				"north": {"uv": [4.875, 14.75, 4.625, 15.75], "texture": "#mesh_atlas"},
				"east": {"uv": [6, 9, 5.875, 10], "texture": "#mesh_atlas"},
				"south": {"uv": [3.875, 8.5, 4.125, 9.5], "texture": "#mesh_atlas"},
				"west": {"uv": [5.75, 8, 5.875, 9], "texture": "#mesh_atlas"},
				"up": {"uv": [6.75, 10.25, 7, 10.125], "texture": "#mesh_atlas"},
				"down": {"uv": [6.875, 10.25, 7.125, 10.375], "texture": "#mesh_atlas"}
			}
		},
		{
			"name": "Voxels",
			"from": [7.5, 8.5, 10],
			"to": [8.5, 12.5, 10.5],
			"faces": {
				"north": {"uv": [3.875, 8.5, 3.625, 9.5], "texture": "#mesh_atlas"},
				"east": {"uv": [6.375, 9, 6.25, 10], "texture": "#mesh_atlas"},
				"south": {"uv": [2.25, 9, 2.5, 10], "texture": "#mesh_atlas"},
				"west": {"uv": [6.125, 9, 6.25, 10], "texture": "#mesh_atlas"},
				"up": {"uv": [7.375, 14.5, 7.625, 14.375], "texture": "#mesh_atlas"},
				"down": {"uv": [6.75, 10, 7, 10.125], "texture": "#mesh_atlas"}
			}
		},
		{
			"name": "Voxels",
			"from": [7.5, 12.5, 5],
			"to": [8.5, 13.5, 5.5],
			"faces": {
				"north": {"uv": [8.125, 8, 7.875, 8.25], "texture": "#mesh_atlas"},
				"east": {"uv": [15.75, 15.75, 15.625, 16], "texture": "#mesh_atlas"},
				"south": {"uv": [8.125, 15.75, 8.375, 16], "texture": "#mesh_atlas"},
				"west": {"uv": [15.5, 15.75, 15.625, 16], "texture": "#mesh_atlas"},
				"up": {"uv": [15, 16, 15.25, 15.875], "texture": "#mesh_atlas"},
				"down": {"uv": [7.625, 13.625, 7.875, 13.75], "texture": "#mesh_atlas"}
			}
		},
		{
			"name": "Voxels",
			"from": [7.5, 12.5, 10.5],
			"to": [8.5, 13.5, 11],
			"faces": {
				"north": {"uv": [8.625, 15.75, 8.375, 16], "texture": "#mesh_atlas"},
				"east": {"uv": [8.375, 13, 8.25, 13.25], "texture": "#mesh_atlas"},
				"south": {"uv": [8.625, 15.75, 8.875, 16], "texture": "#mesh_atlas"},
				"west": {"uv": [8.25, 13.25, 8.375, 13.5], "texture": "#mesh_atlas"},
				"up": {"uv": [15.75, 16, 16, 15.875], "texture": "#mesh_atlas"},
				"down": {"uv": [15.25, 15.75, 15.5, 15.875], "texture": "#mesh_atlas"}
			}
		},
		{
			"name": "Voxels",
			"from": [7.5, 13.5, 5.5],
			"to": [8.5, 15.5, 6],
			"faces": {
				"north": {"uv": [7, 11, 6.75, 11.5], "texture": "#mesh_atlas"},
				"east": {"uv": [8.25, 14.75, 8.125, 15.25], "texture": "#mesh_atlas"},
				"south": {"uv": [6.5, 10.5, 6.75, 11], "texture": "#mesh_atlas"},
				"west": {"uv": [8.125, 15.25, 8.25, 15.75], "texture": "#mesh_atlas"},
				"up": {"uv": [8.875, 15.75, 9.125, 15.625], "texture": "#mesh_atlas"},
				"down": {"uv": [8.625, 15.625, 8.875, 15.75], "texture": "#mesh_atlas"}
			}
		},
		{
			"name": "Voxels",
			"from": [7.5, 13.5, 10],
			"to": [8.5, 15.5, 10.5],
			"faces": {
				"north": {"uv": [7, 8.25, 6.75, 8.75], "texture": "#mesh_atlas"},
				"east": {"uv": [8.25, 13.25, 8.125, 13.75], "texture": "#mesh_atlas"},
				"south": {"uv": [0.5, 8, 0.75, 8.5], "texture": "#mesh_atlas"},
				"west": {"uv": [8.125, 13.75, 8.25, 14.25], "texture": "#mesh_atlas"},
				"up": {"uv": [9.625, 15.75, 9.875, 15.625], "texture": "#mesh_atlas"},
				"down": {"uv": [9.375, 15.625, 9.625, 15.75], "texture": "#mesh_atlas"}
			}
		},
		{
			"name": "Voxels",
			"from": [7.5, 15.5, 5],
			"to": [8.5, 16, 5.5],
			"faces": {
				"north": {"uv": [11.125, 15.625, 10.875, 15.75], "texture": "#mesh_atlas"},
				"east": {"uv": [7.125, 10, 7, 10.125], "texture": "#mesh_atlas"},
				"south": {"uv": [11.125, 15.625, 11.375, 15.75], "texture": "#mesh_atlas"},
				"west": {"uv": [7, 10.125, 7.125, 10.25], "texture": "#mesh_atlas"},
				"up": {"uv": [10.625, 15.75, 10.875, 15.625], "texture": "#mesh_atlas"},
				"down": {"uv": [10.375, 15.625, 10.625, 15.75], "texture": "#mesh_atlas"}
			}
		},
		{
			"name": "Voxels",
			"from": [7.5, 15.5, 10.5],
			"to": [8.5, 16, 11],
			"faces": {
				"north": {"uv": [12.125, 15.625, 11.875, 15.75], "texture": "#mesh_atlas"},
				"east": {"uv": [14.75, 15.5, 14.625, 15.625], "texture": "#mesh_atlas"},
				"south": {"uv": [12.125, 15.625, 12.375, 15.75], "texture": "#mesh_atlas"},
				"west": {"uv": [10.75, 15.5, 10.875, 15.625], "texture": "#mesh_atlas"},
				"up": {"uv": [11.625, 15.75, 11.875, 15.625], "texture": "#mesh_atlas"},
				"down": {"uv": [11.375, 15.625, 11.625, 15.75], "texture": "#mesh_atlas"}
			}
		},
		{
			"name": "Voxels",
			"from": [7.5, 16, 7],
			"to": [8.5, 17.5, 7.5],
			"faces": {
				"north": {"uv": [8.125, 15.625, 7.875, 16], "texture": "#mesh_atlas"},
				"east": {"uv": [8.25, 8.375, 8.125, 8.75], "texture": "#mesh_atlas"},
				"south": {"uv": [7.875, 15.25, 8.125, 15.625], "texture": "#mesh_atlas"},
				"west": {"uv": [8.25, 13.5, 8.375, 13.875], "texture": "#mesh_atlas"},
				"up": {"uv": [12.625, 15.75, 12.875, 15.625], "texture": "#mesh_atlas"},
				"down": {"uv": [12.375, 15.625, 12.625, 15.75], "texture": "#mesh_atlas"}
			}
		},
		{
			"name": "Voxels",
			"from": [7.5, 16, 8.5],
			"to": [8.5, 17.5, 9],
			"faces": {
				"north": {"uv": [8.125, 14.875, 7.875, 15.25], "texture": "#mesh_atlas"},
				"east": {"uv": [8.375, 15.375, 8.25, 15.75], "texture": "#mesh_atlas"},
				"south": {"uv": [7.875, 14.5, 8.125, 14.875], "texture": "#mesh_atlas"},
				"west": {"uv": [8.125, 8, 8.25, 8.375], "texture": "#mesh_atlas"},
				"up": {"uv": [13.125, 15.75, 13.375, 15.625], "texture": "#mesh_atlas"},
				"down": {"uv": [12.875, 15.625, 13.125, 15.75], "texture": "#mesh_atlas"}
			}
		},
		{
			"name": "Voxels",
			"from": [9, 0.5, 6.5],
			"to": [10, 15.5, 7],
			"faces": {
				"north": {"uv": [0.75, 8.5, 0.5, 12.25], "texture": "#mesh_atlas"},
				"east": {"uv": [2.875, 12.25, 2.75, 16], "texture": "#mesh_atlas"},
				"south": {"uv": [0.5, 12.25, 0.75, 16], "texture": "#mesh_atlas"},
				"west": {"uv": [2.5, 8.5, 2.625, 12.25], "texture": "#mesh_atlas"},
				"up": {"uv": [14.125, 15.75, 14.375, 15.625], "texture": "#mesh_atlas"},
				"down": {"uv": [13.875, 15.625, 14.125, 15.75], "texture": "#mesh_atlas"}
			}
		},
		{
			"name": "Voxels",
			"from": [9, 0.5, 9],
			"to": [10, 15.5, 9.5],
			"faces": {
				"north": {"uv": [1, 12.25, 0.75, 16], "texture": "#mesh_atlas"},
				"east": {"uv": [2.75, 8.5, 2.625, 12.25], "texture": "#mesh_atlas"},
				"south": {"uv": [0.75, 8.5, 1, 12.25], "texture": "#mesh_atlas"},
				"west": {"uv": [2.75, 8.5, 2.875, 12.25], "texture": "#mesh_atlas"},
				"up": {"uv": [14.625, 15.75, 14.875, 15.625], "texture": "#mesh_atlas"},
				"down": {"uv": [14.375, 15.625, 14.625, 15.75], "texture": "#mesh_atlas"}
			}
		},
		{
			"name": "Voxels",
			"from": [9.5, 0.5, 7],
			"to": [10, 15.5, 9],
			"faces": {
				"north": {"uv": [3, 12.25, 2.875, 16], "texture": "#mesh_atlas"},
				"east": {"uv": [0.5, 8.5, 0, 12.25], "texture": "#mesh_atlas"},
				"south": {"uv": [2.875, 8.5, 3, 12.25], "texture": "#mesh_atlas"},
				"west": {"uv": [0, 12.25, 0.5, 16], "texture": "#mesh_atlas"},
				"up": {"uv": [8.125, 10.25, 8.25, 9.75], "texture": "#mesh_atlas"},
				"down": {"uv": [8.125, 10.25, 8.25, 10.75], "texture": "#mesh_atlas"}
			}
		},
		{
			"name": "Voxels",
			"from": [10, 0.5, 7.5],
			"to": [10.5, 15.5, 8.5],
			"faces": {
				"north": {"uv": [2.75, 12.25, 2.625, 16], "texture": "#mesh_atlas"},
				"east": {"uv": [1.25, 8.5, 1, 12.25], "texture": "#mesh_atlas"},
				"south": {"uv": [2.25, 10, 2.375, 13.75], "texture": "#mesh_atlas"},
				"west": {"uv": [1, 12.25, 1.25, 16], "texture": "#mesh_atlas"},
				"up": {"uv": [8.25, 8.75, 8.375, 8.5], "texture": "#mesh_atlas"},
				"down": {"uv": [8.25, 8.75, 8.375, 9], "texture": "#mesh_atlas"}
			}
		},
		{
			"name": "Voxels",
			"from": [10, 2.5, 6.5],
			"to": [10.5, 3.5, 7.5],
			"faces": {
				"north": {"uv": [8.5, 14.75, 8.375, 15], "texture": "#mesh_atlas"},
				"east": {"uv": [10.625, 15.75, 10.375, 16], "texture": "#mesh_atlas"},
				"south": {"uv": [8.375, 14.5, 8.5, 14.75], "texture": "#mesh_atlas"},
				"west": {"uv": [10.125, 15.75, 10.375, 16], "texture": "#mesh_atlas"},
				"up": {"uv": [8.375, 15.25, 8.5, 15], "texture": "#mesh_atlas"},
				"down": {"uv": [8.375, 15.25, 8.5, 15.5], "texture": "#mesh_atlas"}
			}
		},
		{
			"name": "Voxels",
			"from": [10, 2.5, 8.5],
			"to": [10.5, 3.5, 9.5],
			"faces": {
				"north": {"uv": [8.5, 13.25, 8.375, 13.5], "texture": "#mesh_atlas"},
				"east": {"uv": [9.125, 15.75, 8.875, 16], "texture": "#mesh_atlas"},
				"south": {"uv": [8.375, 13, 8.5, 13.25], "texture": "#mesh_atlas"},
				"west": {"uv": [10.625, 15.75, 10.875, 16], "texture": "#mesh_atlas"},
				"up": {"uv": [8.375, 13.75, 8.5, 13.5], "texture": "#mesh_atlas"},
				"down": {"uv": [8.375, 13.75, 8.5, 14], "texture": "#mesh_atlas"}
			}
		},
		{
			"name": "Voxels",
			"from": [10, 7.5, 6.5],
			"to": [10.5, 8.5, 7.5],
			"faces": {
				"north": {"uv": [8.5, 11.75, 8.375, 12], "texture": "#mesh_atlas"},
				"east": {"uv": [11.375, 15.75, 11.125, 16], "texture": "#mesh_atlas"},
				"south": {"uv": [8.375, 11.5, 8.5, 11.75], "texture": "#mesh_atlas"},
				"west": {"uv": [10.875, 15.75, 11.125, 16], "texture": "#mesh_atlas"},
				"up": {"uv": [8.375, 12.25, 8.5, 12], "texture": "#mesh_atlas"},
				"down": {"uv": [8.375, 12.25, 8.5, 12.5], "texture": "#mesh_atlas"}
			}
		},
		{
			"name": "Voxels",
			"from": [10, 7.5, 8.5],
			"to": [10.5, 8.5, 9.5],
			"faces": {
				"north": {"uv": [8.5, 10.25, 8.375, 10.5], "texture": "#mesh_atlas"},
				"east": {"uv": [11.875, 15.75, 11.625, 16], "texture": "#mesh_atlas"},
				"south": {"uv": [8.375, 10, 8.5, 10.25], "texture": "#mesh_atlas"},
				"west": {"uv": [11.375, 15.75, 11.625, 16], "texture": "#mesh_atlas"},
				"up": {"uv": [8.375, 10.75, 8.5, 10.5], "texture": "#mesh_atlas"},
				"down": {"uv": [8.375, 10.75, 8.5, 11], "texture": "#mesh_atlas"}
			}
		},
		{
			"name": "Voxels",
			"from": [10, 12.5, 6.5],
			"to": [10.5, 13.5, 7.5],
			"faces": {
				"north": {"uv": [8.5, 9, 8.375, 9.25], "texture": "#mesh_atlas"},
				"east": {"uv": [12.375, 15.75, 12.125, 16], "texture": "#mesh_atlas"},
				"south": {"uv": [8.375, 8.75, 8.5, 9], "texture": "#mesh_atlas"},
				"west": {"uv": [11.875, 15.75, 12.125, 16], "texture": "#mesh_atlas"},
				"up": {"uv": [8.375, 9.5, 8.5, 9.25], "texture": "#mesh_atlas"},
				"down": {"uv": [8.375, 9.5, 8.5, 9.75], "texture": "#mesh_atlas"}
			}
		},
		{
			"name": "Voxels",
			"from": [10, 12.5, 8.5],
			"to": [10.5, 13.5, 9.5],
			"faces": {
				"north": {"uv": [8.625, 15.25, 8.5, 15.5], "texture": "#mesh_atlas"},
				"east": {"uv": [12.875, 15.75, 12.625, 16], "texture": "#mesh_atlas"},
				"south": {"uv": [8.5, 15, 8.625, 15.25], "texture": "#mesh_atlas"},
				"west": {"uv": [12.375, 15.75, 12.625, 16], "texture": "#mesh_atlas"},
				"up": {"uv": [8.375, 8.25, 8.5, 8], "texture": "#mesh_atlas"},
				"down": {"uv": [8.375, 8.25, 8.5, 8.5], "texture": "#mesh_atlas"}
			}
		},
		{
			"name": "Voxels",
			"from": [10.5, 2.5, 7.5],
			"to": [11, 3.5, 8.5],
			"faces": {
				"north": {"uv": [8.625, 13.75, 8.5, 14], "texture": "#mesh_atlas"},
				"east": {"uv": [13.375, 15.75, 13.125, 16], "texture": "#mesh_atlas"},
				"south": {"uv": [8.5, 13.5, 8.625, 13.75], "texture": "#mesh_atlas"},
				"west": {"uv": [12.875, 15.75, 13.125, 16], "texture": "#mesh_atlas"},
				"up": {"uv": [8.5, 14.25, 8.625, 14], "texture": "#mesh_atlas"},
				"down": {"uv": [8.5, 14.25, 8.625, 14.5], "texture": "#mesh_atlas"}
			}
		},
		{
			"name": "Voxels",
			"from": [10.5, 6.5, 8],
			"to": [11, 7, 8.5],
			"faces": {
				"north": {"uv": [12.875, 15.5, 12.75, 15.625], "texture": "#mesh_atlas"},
				"east": {"uv": [13.25, 15.5, 13.125, 15.625], "texture": "#mesh_atlas"},
				"south": {"uv": [12.875, 15.5, 13, 15.625], "texture": "#mesh_atlas"},
				"west": {"uv": [13, 15.5, 13.125, 15.625], "texture": "#mesh_atlas"},
				"up": {"uv": [12.625, 15.625, 12.75, 15.5], "texture": "#mesh_atlas"},
				"down": {"uv": [12.5, 15.5, 12.625, 15.625], "texture": "#mesh_atlas"}
			}
		},
		{
			"name": "Voxels",
			"from": [10.5, 7, 7.5],
			"to": [11, 7.5, 8],
			"faces": {
				"north": {"uv": [13.625, 15.5, 13.5, 15.625], "texture": "#mesh_atlas"},
				"east": {"uv": [14, 15.5, 13.875, 15.625], "texture": "#mesh_atlas"},
				"south": {"uv": [13.625, 15.5, 13.75, 15.625], "texture": "#mesh_atlas"},
				"west": {"uv": [13.75, 15.5, 13.875, 15.625], "texture": "#mesh_atlas"},
				"up": {"uv": [13.375, 15.625, 13.5, 15.5], "texture": "#mesh_atlas"},
				"down": {"uv": [13.25, 15.5, 13.375, 15.625], "texture": "#mesh_atlas"}
			}
		},
		{
			"name": "Voxels",
			"from": [10.5, 12.5, 7.5],
			"to": [11, 13.5, 8.5],
			"faces": {
				"north": {"uv": [8.625, 12.25, 8.5, 12.5], "texture": "#mesh_atlas"},
				"east": {"uv": [8.125, 9.75, 7.875, 10], "texture": "#mesh_atlas"},
				"south": {"uv": [8.5, 12, 8.625, 12.25], "texture": "#mesh_atlas"},
				"west": {"uv": [13.375, 15.75, 13.625, 16], "texture": "#mesh_atlas"},
				"up": {"uv": [8.5, 12.75, 8.625, 12.5], "texture": "#mesh_atlas"},
				"down": {"uv": [8.5, 12.75, 8.625, 13], "texture": "#mesh_atlas"}
			}
		}
	],
	"display": {
		"thirdperson_righthand": {
			"rotation": [0, -139, 0],
			"translation": [0, -2, 0],
			"scale": [0.5, 0.5, 0.5]
		},
		"thirdperson_lefthand": {
			"rotation": [0, -139, 0],
			"translation": [0, -2, 0],
			"scale": [0.5, 0.5, 0.5]
		},
		"firstperson_righthand": {
			"rotation": [-5, -136, 0],
			"translation": [0.6956, 2.0869, 0],
			"scale": [0.5, 0.5, 0.5]
		},
		"firstperson_lefthand": {
			"rotation": [-5, -136, 0],
			"translation": [0.6956, 2.0869, 0],
			"scale": [0.5, 0.5, 0.5]
		},
		"ground": {
			"scale": [0.7216, 0.7216, 0.7216]
		},
		"gui": {
			"rotation": [23, -66, 59],
			"scale": [0.7, 0.7, 0.7]
		},
		"head": {
			"scale": [0.0001, 0.0001, 0.0001]
		}
	}
}