{
	"credit": "Made with Blockbench",
	"textures": {
		"3": "item/boat/15-2"
	},
	"elements": [
		{
			"name": "Bottom",
			"from": [5.5, 5.7, 5.5],
			"to": [9.5, 6.7, 10.5],
			"faces": {
				"north": {"uv": [5.28, 13.70667, 10.29333, 14.50667], "texture": "#3"},
				"east": {"uv": [5.28, 13.70667, 10.29333, 14.50667], "texture": "#3"},
				"south": {"uv": [5.28, 13.70667, 10.29333, 14.50667], "texture": "#3"},
				"west": {"uv": [5.28, 13.70667, 10.29333, 14.50667], "texture": "#3"},
				"up": {"uv": [5.38667, 3.30667, 10.56, 14.45333], "texture": "#3"},
				"down": {"uv": [5.28, 13.70667, 10.29333, 14.50667], "texture": "#3"}
			}
		},
		{
			"from": [7.65, 6.5, 8.1],
			"to": [7.95, 6.8, 8.4],
			"faces": {
				"north": {"uv": [6.93333, 12.26667, 7.30667, 12.96], "texture": "#3"},
				"east": {"uv": [6.93333, 12.26667, 7.30667, 12.96], "texture": "#3"},
				"south": {"uv": [6.93333, 12.26667, 7.30667, 12.96], "texture": "#3"},
				"west": {"uv": [6.93333, 12.26667, 7.30667, 12.96], "texture": "#3"},
				"up": {"uv": [6.93333, 12.26667, 7.30667, 12.96], "texture": "#3"},
				"down": {"uv": [6.93333, 12.26667, 7.30667, 12.96], "texture": "#3"}
			}
		},
		{
			"from": [7.2, 6.5, 8.1],
			"to": [7.5, 6.8, 8.4],
			"faces": {
				"north": {"uv": [6.93333, 12.26667, 7.30667, 12.96], "texture": "#3"},
				"east": {"uv": [6.93333, 12.26667, 7.30667, 12.96], "texture": "#3"},
				"south": {"uv": [6.93333, 12.26667, 7.30667, 12.96], "texture": "#3"},
				"west": {"uv": [6.93333, 12.26667, 7.30667, 12.96], "texture": "#3"},
				"up": {"uv": [6.93333, 12.26667, 7.30667, 12.96], "texture": "#3"},
				"down": {"uv": [6.93333, 12.26667, 7.30667, 12.96], "texture": "#3"}
			}
		},
		{
			"from": [6.72, 6.5, 8.1],
			"to": [7.02, 6.8, 8.4],
			"faces": {
				"north": {"uv": [6.93333, 12.26667, 7.30667, 12.96], "texture": "#3"},
				"east": {"uv": [6.93333, 12.26667, 7.30667, 12.96], "texture": "#3"},
				"south": {"uv": [6.93333, 12.26667, 7.30667, 12.96], "texture": "#3"},
				"west": {"uv": [6.93333, 12.26667, 7.30667, 12.96], "texture": "#3"},
				"up": {"uv": [6.93333, 12.26667, 7.30667, 12.96], "texture": "#3"},
				"down": {"uv": [6.93333, 12.26667, 7.30667, 12.96], "texture": "#3"}
			}
		},
		{
			"from": [7.65, 6.5, 8.6],
			"to": [7.95, 6.8, 8.9],
			"faces": {
				"north": {"uv": [6.93333, 12.26667, 7.30667, 12.96], "texture": "#3"},
				"east": {"uv": [6.93333, 12.26667, 7.30667, 12.96], "texture": "#3"},
				"south": {"uv": [6.93333, 12.26667, 7.30667, 12.96], "texture": "#3"},
				"west": {"uv": [6.93333, 12.26667, 7.30667, 12.96], "texture": "#3"},
				"up": {"uv": [6.93333, 12.26667, 7.30667, 12.96], "texture": "#3"},
				"down": {"uv": [6.93333, 12.26667, 7.30667, 12.96], "texture": "#3"}
			}
		},
		{
			"from": [6.72, 6.5, 8.6],
			"to": [7.02, 6.8, 8.9],
			"faces": {
				"north": {"uv": [6.93333, 12.26667, 7.30667, 12.96], "texture": "#3"},
				"east": {"uv": [6.93333, 12.26667, 7.30667, 12.96], "texture": "#3"},
				"south": {"uv": [6.93333, 12.26667, 7.30667, 12.96], "texture": "#3"},
				"west": {"uv": [6.93333, 12.26667, 7.30667, 12.96], "texture": "#3"},
				"up": {"uv": [6.93333, 12.26667, 7.30667, 12.96], "texture": "#3"},
				"down": {"uv": [6.93333, 12.26667, 7.30667, 12.96], "texture": "#3"}
			}
		},
		{
			"from": [7.2, 6.5, 8.6],
			"to": [7.5, 6.8, 8.9],
			"faces": {
				"north": {"uv": [6.93333, 12.26667, 7.30667, 12.96], "texture": "#3"},
				"east": {"uv": [6.93333, 12.26667, 7.30667, 12.96], "texture": "#3"},
				"south": {"uv": [6.93333, 12.26667, 7.30667, 12.96], "texture": "#3"},
				"west": {"uv": [6.93333, 12.26667, 7.30667, 12.96], "texture": "#3"},
				"up": {"uv": [6.93333, 12.26667, 7.30667, 12.96], "texture": "#3"},
				"down": {"uv": [6.93333, 12.26667, 7.30667, 12.96], "texture": "#3"}
			}
		},
		{
			"from": [7.65, 6.5, 9.05],
			"to": [7.95, 6.8, 9.35],
			"faces": {
				"north": {"uv": [6.93333, 12.26667, 7.30667, 12.96], "texture": "#3"},
				"east": {"uv": [6.93333, 12.26667, 7.30667, 12.96], "texture": "#3"},
				"south": {"uv": [6.93333, 12.26667, 7.30667, 12.96], "texture": "#3"},
				"west": {"uv": [6.93333, 12.26667, 7.30667, 12.96], "texture": "#3"},
				"up": {"uv": [6.93333, 12.26667, 7.30667, 12.96], "texture": "#3"},
				"down": {"uv": [6.93333, 12.26667, 7.30667, 12.96], "texture": "#3"}
			}
		},
		{
			"from": [6.72, 6.5, 9.05],
			"to": [7.02, 6.8, 9.35],
			"faces": {
				"north": {"uv": [6.93333, 12.26667, 7.30667, 12.96], "texture": "#3"},
				"east": {"uv": [6.93333, 12.26667, 7.30667, 12.96], "texture": "#3"},
				"south": {"uv": [6.93333, 12.26667, 7.30667, 12.96], "texture": "#3"},
				"west": {"uv": [6.93333, 12.26667, 7.30667, 12.96], "texture": "#3"},
				"up": {"uv": [6.93333, 12.26667, 7.30667, 12.96], "texture": "#3"},
				"down": {"uv": [6.93333, 12.26667, 7.30667, 12.96], "texture": "#3"}
			}
		},
		{
			"from": [7.2, 6.5, 9.05],
			"to": [7.5, 6.8, 9.35],
			"faces": {
				"north": {"uv": [6.93333, 12.26667, 7.30667, 12.96], "texture": "#3"},
				"east": {"uv": [6.93333, 12.26667, 7.30667, 12.96], "texture": "#3"},
				"south": {"uv": [6.93333, 12.26667, 7.30667, 12.96], "texture": "#3"},
				"west": {"uv": [6.93333, 12.26667, 7.30667, 12.96], "texture": "#3"},
				"up": {"uv": [6.93333, 12.26667, 7.30667, 12.96], "texture": "#3"},
				"down": {"uv": [6.93333, 12.26667, 7.30667, 12.96], "texture": "#3"}
			}
		},
		{
			"from": [7.65, 6.5, 9.5],
			"to": [7.95, 6.8, 9.8],
			"faces": {
				"north": {"uv": [6.93333, 12.26667, 7.30667, 12.96], "texture": "#3"},
				"east": {"uv": [6.93333, 12.26667, 7.30667, 12.96], "texture": "#3"},
				"south": {"uv": [6.93333, 12.26667, 7.30667, 12.96], "texture": "#3"},
				"west": {"uv": [6.93333, 12.26667, 7.30667, 12.96], "texture": "#3"},
				"up": {"uv": [6.93333, 12.26667, 7.30667, 12.96], "texture": "#3"},
				"down": {"uv": [6.93333, 12.26667, 7.30667, 12.96], "texture": "#3"}
			}
		},
		{
			"from": [6.72, 6.5, 9.5],
			"to": [7.02, 6.8, 9.8],
			"faces": {
				"north": {"uv": [6.93333, 12.26667, 7.30667, 12.96], "texture": "#3"},
				"east": {"uv": [6.93333, 12.26667, 7.30667, 12.96], "texture": "#3"},
				"south": {"uv": [6.93333, 12.26667, 7.30667, 12.96], "texture": "#3"},
				"west": {"uv": [6.93333, 12.26667, 7.30667, 12.96], "texture": "#3"},
				"up": {"uv": [6.93333, 12.26667, 7.30667, 12.96], "texture": "#3"},
				"down": {"uv": [6.93333, 12.26667, 7.30667, 12.96], "texture": "#3"}
			}
		},
		{
			"from": [7.2, 6.5, 9.5],
			"to": [7.5, 6.8, 9.8],
			"faces": {
				"north": {"uv": [6.93333, 12.26667, 7.30667, 12.96], "texture": "#3"},
				"east": {"uv": [6.93333, 12.26667, 7.30667, 12.96], "texture": "#3"},
				"south": {"uv": [6.93333, 12.26667, 7.30667, 12.96], "texture": "#3"},
				"west": {"uv": [6.93333, 12.26667, 7.30667, 12.96], "texture": "#3"},
				"up": {"uv": [6.93333, 12.26667, 7.30667, 12.96], "texture": "#3"},
				"down": {"uv": [6.93333, 12.26667, 7.30667, 12.96], "texture": "#3"}
			}
		}
	],
	"display": {
		"thirdperson_righthand": {
			"rotation": [22.5, 0, 0]
		},
		"thirdperson_lefthand": {
			"rotation": [157, -180, 0],
			"translation": [-7.5, -7.5, -4]
		},
		"firstperson_righthand": {
			"translation": [-2.5, 4, 4],
			"scale": [0.4, 0.4, 0.4]
		},
		"firstperson_lefthand": {
			"rotation": [0, 90, 0],
			"translation": [-2.5, 4, 4],
			"scale": [0.4, 0.4, 0.4]
		},
		"ground": {
			"translation": [0, 3, 0],
			"scale": [0.5, 0.5, 0.5]
		},
		"gui": {
			"rotation": [86, 15, 0],
			"translation": [1.5, 0.5, 0],
			"scale": [2, 2, 2]
		},
		"head": {
			"rotation": [93, 21.5, 0],
			"translation": [2, -17, 10.5],
			"scale": [3, 3, 3]
		},
		"fixed": {
			"rotation": [-90, -180, 0],
			"translation": [-1.5, 1.5, -5.5],
			"scale": [2, 2, 2]
		}
	}
}