{
	"credit": "Made with Blockbench",
	"textures": {
		"texture": "item/boat/17-1"
	},
	"elements": [
		{
			"name": "Saddle top front left to back right",
			"from": [4, 0, 9],
			"to": [14, 1, 27],
			"faces": {
				"north": {"uv": [5.23077, 2.46154, 5.23077, 2.76923], "texture": "#texture"},
				"east": {"uv": [5.23077, 2.46154, 5.84615, 3.07692], "texture": "#texture"},
				"south": {"uv": [5.23077, 2.46154, 5.53846, 2.76923], "texture": "#texture"},
				"west": {"uv": [5.23077, 2.46154, 5.84615, 3.07692], "texture": "#texture"},
				"up": {"uv": [4.92308, 2.46154, 11.07692, 13.53846], "texture": "#texture"},
				"down": {"uv": [4.92308, 2.46154, 11.07692, 13.53846], "texture": "#texture"}
			}
		},
		{
			"name": "Saddle top front left to back right",
			"from": [2, 0, 11],
			"to": [4, 1, 25],
			"faces": {
				"north": {"uv": [4.30769, 3.69231, 4.61538, 4.30769], "texture": "#texture"},
				"east": {"uv": [4.30769, 4, 4.61538, 4.61538], "texture": "#texture"},
				"south": {"uv": [4.30769, 3.69231, 4.61538, 4.30769], "texture": "#texture"},
				"west": {"uv": [4.30769, 3.69231, 4.61538, 4.30769], "texture": "#texture"},
				"up": {"uv": [4, 3.38462, 4.92308, 12.30769], "texture": "#texture"},
				"down": {"uv": [4, 3.38462, 4.92308, 12.61538], "texture": "#texture"}
			}
		},
		{
			"name": "Saddle top front left to back right",
			"from": [1, 0, 13],
			"to": [2, 1, 23],
			"faces": {
				"north": {"uv": [3.38462, 4.92308, 4, 11.07692], "texture": "#texture"},
				"east": {"uv": [3.38462, 4.92308, 4, 11.07692], "texture": "#texture"},
				"south": {"uv": [3.38462, 4.92308, 4, 11.07692], "texture": "#texture"},
				"west": {"uv": [3.38462, 4.92308, 4, 11.07692], "texture": "#texture"},
				"up": {"uv": [3.38462, 4.92308, 4, 11.07692], "texture": "#texture"},
				"down": {"uv": [3.38462, 4.92308, 4, 11.07692], "texture": "#texture"}
			}
		},
		{
			"name": "Saddle top front left to back right",
			"from": [16, 0, 13],
			"to": [17, 1, 23],
			"faces": {
				"north": {"uv": [12, 4.92308, 12.61538, 11.07692], "texture": "#texture"},
				"east": {"uv": [12, 4.92308, 12.61538, 11.07692], "texture": "#texture"},
				"south": {"uv": [12, 4.92308, 12.61538, 11.07692], "texture": "#texture"},
				"west": {"uv": [12, 4.92308, 12.61538, 11.07692], "texture": "#texture"},
				"up": {"uv": [12, 4.92308, 12.61538, 11.07692], "texture": "#texture"},
				"down": {"uv": [12, 4.92308, 12.61538, 11.07692], "texture": "#texture"}
			}
		},
		{
			"name": "Saddle top front left to back right",
			"from": [6, 0, 8],
			"to": [12, 1, 9],
			"faces": {
				"north": {"uv": [5.53846, 2.76923, 5.53846, 2.76923], "texture": "#texture"},
				"east": {"uv": [6.46154, 1.84615, 9.53846, 2.46154], "texture": "#texture"},
				"south": {"uv": [6.46154, 1.84615, 9.53846, 2.46154], "texture": "#texture"},
				"west": {"uv": [6.46154, 1.84615, 9.53846, 2.46154], "texture": "#texture"},
				"up": {"uv": [6.46154, 1.84615, 9.53846, 2.46154], "texture": "#texture"},
				"down": {"uv": [6.46154, 1.84615, 9.53846, 2.46154], "texture": "#texture"}
			}
		},
		{
			"name": "Saddle top front left to back right",
			"from": [6, 0, 27],
			"to": [12, 1, 28],
			"faces": {
				"north": {"uv": [6.46154, 1.84615, 9.53846, 2.46154], "texture": "#texture"},
				"east": {"uv": [6.46154, 1.84615, 9.53846, 2.46154], "texture": "#texture"},
				"south": {"uv": [6.46154, 1.84615, 9.53846, 2.46154], "texture": "#texture"},
				"west": {"uv": [6.46154, 1.84615, 9.53846, 2.46154], "texture": "#texture"},
				"up": {"uv": [6.46154, 1.84615, 9.53846, 2.46154], "texture": "#texture"},
				"down": {"uv": [6.46154, 1.84615, 9.53846, 2.46154], "texture": "#texture"}
			}
		},
		{
			"name": "Saddle top front left to back right",
			"from": [6, 0, 27],
			"to": [12, 1, 28],
			"faces": {
				"north": {"uv": [6.76923, 13.84615, 6.76923, 13.84615], "texture": "#texture"},
				"east": {"uv": [6.76923, 13.84615, 6.76923, 13.84615], "texture": "#texture"},
				"south": {"uv": [6.76923, 13.84615, 6.76923, 13.84615], "texture": "#texture"},
				"west": {"uv": [6.76923, 13.84615, 6.76923, 13.84615], "texture": "#texture"},
				"up": {"uv": [6.76923, 13.84615, 6.76923, 13.84615], "texture": "#texture"},
				"down": {"uv": [6.76923, 13.84615, 6.76923, 13.84615], "texture": "#texture"}
			}
		},
		{
			"name": "Saddle top front left to back right",
			"from": [14, 0, 11],
			"to": [16, 1, 25],
			"faces": {
				"north": {"uv": [11.38462, 3.38462, 11.69231, 4], "texture": "#texture"},
				"east": {"uv": [11.38462, 3.69231, 11.69231, 4.30769], "texture": "#texture"},
				"south": {"uv": [11.38462, 3.38462, 11.69231, 4], "texture": "#texture"},
				"west": {"uv": [11.38462, 3.69231, 11.69231, 4.30769], "texture": "#texture"},
				"up": {"uv": [11.07692, 3.38462, 12, 12.61538], "texture": "#texture"},
				"down": {"uv": [11.07692, 3.38462, 12, 12.61538], "texture": "#texture"}
			}
		}
	],
	"display": {
		"thirdperson_righthand": {
			"rotation": [75, 57, 0],
			"translation": [-3, 2.5, 2.5],
			"scale": [0.2, 0.2, 0.2]
		},
		"thirdperson_lefthand": {
			"rotation": [86, 12, -2],
			"translation": [-1.25, 3.75, 2.25],
			"scale": [0.2, 0.2, 0.2]
		},
		"firstperson_righthand": {
			"rotation": [0, 45, 0],
			"translation": [0, 0.75, 0],
			"scale": [0.6, 0.6, 0.6]
		},
		"firstperson_lefthand": {
			"rotation": [0, 45, 0],
			"translation": [0, 0.75, 0],
			"scale": [0.6, 0.6, 0.6]
		},
		"ground": {
			"rotation": [90, 0, 0],
			"translation": [0, 3, 0],
			"scale": [0.375, 0.375, 0.375]
		},
		"gui": {
			"rotation": [54, 156, 20],
			"translation": [0, -2, 0],
			"scale": [0.5, 0.5, 0.5]
		},
		"head": {
			"rotation": [-90, -180, 0],
			"translation": [0, 18.5, -4.5],
			"scale": [0.5, 0.5, 0.5]
		},
		"fixed": {
			"rotation": [-90, 1, 0],
			"translation": [-0.5, -4.75, -4],
			"scale": [0.5, 0.5, 0.5]
		}
	}
}