{
	"credit": "Made with Blockbench",
	"textures": {
		"1": "item/colour/20"
	},
	"elements": [
		{
			"name": "Bottom left to top right",
			"from": [3, 1, 7.5],
			"to": [4, 2, 8.5],
			"faces": {
				"north": {"uv": [0.896, 8.448, 2.816, 10.24], "texture": "#1"},
				"east": {"uv": [0.896, 8.448, 2.816, 10.24], "texture": "#1"},
				"south": {"uv": [0.896, 8.448, 2.816, 10.24], "texture": "#1"},
				"west": {"uv": [0.896, 8.448, 2.816, 10.24], "texture": "#1"},
				"up": {"uv": [0.896, 8.448, 2.816, 10.24], "texture": "#1"},
				"down": {"uv": [0.896, 8.448, 2.816, 10.24], "texture": "#1"}
			}
		},
		{
			"name": "Bottom left to top right",
			"from": [1, 2, 7.5],
			"to": [2, 3, 8.5],
			"faces": {
				"north": {"uv": [0.896, 8.448, 2.816, 10.24], "texture": "#1"},
				"east": {"uv": [0.896, 8.448, 2.816, 10.24], "texture": "#1"},
				"south": {"uv": [0.896, 8.448, 2.816, 10.24], "texture": "#1"},
				"west": {"uv": [0.896, 8.448, 2.816, 10.24], "texture": "#1"},
				"up": {"uv": [0.896, 8.448, 2.816, 10.24], "texture": "#1"},
				"down": {"uv": [0.896, 8.448, 2.816, 10.24], "texture": "#1"}
			}
		},
		{
			"name": "Bottom left to top right",
			"from": [2, 2, 7.25],
			"to": [3, 3, 8.75],
			"faces": {
				"north": {"uv": [0.896, 8.448, 2.816, 10.24], "texture": "#1"},
				"east": {"uv": [0.896, 8.448, 2.816, 10.24], "texture": "#1"},
				"south": {"uv": [0.896, 8.448, 2.816, 10.24], "texture": "#1"},
				"west": {"uv": [0.896, 8.448, 2.816, 10.24], "texture": "#1"},
				"up": {"uv": [0.896, 8.448, 2.816, 10.24], "texture": "#1"},
				"down": {"uv": [0.896, 8.448, 2.816, 10.24], "texture": "#1"}
			}
		},
		{
			"name": "Bottom left to top right",
			"from": [3, 2, 7],
			"to": [4, 4, 9],
			"faces": {
				"north": {"uv": [0.896, 8.448, 2.816, 10.24], "texture": "#1"},
				"east": {"uv": [0.896, 8.448, 2.816, 10.24], "texture": "#1"},
				"south": {"uv": [0.896, 8.448, 2.816, 10.24], "texture": "#1"},
				"west": {"uv": [0.896, 8.448, 2.816, 10.24], "texture": "#1"},
				"up": {"uv": [0.896, 8.448, 2.816, 10.24], "texture": "#1"},
				"down": {"uv": [0.896, 8.448, 2.816, 10.24], "texture": "#1"}
			}
		},
		{
			"name": "Bottom left to top right",
			"from": [4, 2, 7.5],
			"to": [5, 4, 8.5],
			"faces": {
				"north": {"uv": [0.896, 8.448, 2.816, 10.24], "texture": "#1"},
				"east": {"uv": [0.896, 8.448, 2.816, 10.24], "texture": "#1"},
				"south": {"uv": [0.896, 8.448, 2.816, 10.24], "texture": "#1"},
				"west": {"uv": [0.896, 8.448, 2.816, 10.24], "texture": "#1"},
				"up": {"uv": [0.896, 8.448, 2.816, 10.24], "texture": "#1"},
				"down": {"uv": [0.896, 8.448, 2.816, 10.24], "texture": "#1"}
			}
		},
		{
			"name": "Bottom left to top right",
			"from": [1, 3, 7.25],
			"to": [2, 4, 8.75],
			"faces": {
				"north": {"uv": [0.896, 8.448, 2.816, 10.24], "texture": "#1"},
				"east": {"uv": [0.896, 8.448, 2.816, 10.24], "texture": "#1"},
				"south": {"uv": [0.896, 8.448, 2.816, 10.24], "texture": "#1"},
				"west": {"uv": [0.896, 8.448, 2.816, 10.24], "texture": "#1"},
				"up": {"uv": [0.896, 8.448, 2.816, 10.24], "texture": "#1"},
				"down": {"uv": [0.896, 8.448, 2.816, 10.24], "texture": "#1"}
			}
		},
		{
			"name": "Bottom left to top right",
			"from": [2, 3, 7],
			"to": [3, 5, 9],
			"faces": {
				"north": {"uv": [0.896, 8.448, 2.816, 10.24], "texture": "#1"},
				"east": {"uv": [0.896, 8.448, 2.816, 10.24], "texture": "#1"},
				"south": {"uv": [0.896, 8.448, 2.816, 10.24], "texture": "#1"},
				"west": {"uv": [0.896, 8.448, 2.816, 10.24], "texture": "#1"},
				"up": {"uv": [0.896, 8.448, 2.816, 10.24], "texture": "#1"},
				"down": {"uv": [0.896, 8.448, 2.816, 10.24], "texture": "#1"}
			}
		},
		{
			"name": "Bottom left to top right",
			"from": [3, 4, 7.25],
			"to": [4, 5, 8.75],
			"faces": {
				"north": {"uv": [0.896, 8.448, 2.816, 10.24], "texture": "#1"},
				"east": {"uv": [0.896, 8.448, 2.816, 10.24], "texture": "#1"},
				"south": {"uv": [0.896, 8.448, 2.816, 10.24], "texture": "#1"},
				"west": {"uv": [0.896, 8.448, 2.816, 10.24], "texture": "#1"},
				"up": {"uv": [0.896, 8.448, 2.816, 10.24], "texture": "#1"},
				"down": {"uv": [0.896, 8.448, 2.816, 10.24], "texture": "#1"}
			}
		},
		{
			"name": "Bottom left to top right",
			"from": [4, 4, 7],
			"to": [5, 5, 9],
			"faces": {
				"north": {"uv": [0.896, 8.448, 2.816, 10.24], "texture": "#1"},
				"east": {"uv": [0.896, 8.448, 2.816, 10.24], "texture": "#1"},
				"south": {"uv": [0.896, 8.448, 2.816, 10.24], "texture": "#1"},
				"west": {"uv": [0.896, 8.448, 2.816, 10.24], "texture": "#1"},
				"up": {"uv": [0.896, 8.448, 2.816, 10.24], "texture": "#1"},
				"down": {"uv": [0.896, 8.448, 2.816, 10.24], "texture": "#1"}
			}
		},
		{
			"name": "Bottom left to top right",
			"from": [5, 4, 7.5],
			"to": [6, 5, 8.5],
			"faces": {
				"north": {"uv": [0.896, 8.448, 2.816, 10.24], "texture": "#1"},
				"east": {"uv": [0.896, 8.448, 2.816, 10.24], "texture": "#1"},
				"south": {"uv": [0.896, 8.448, 2.816, 10.24], "texture": "#1"},
				"west": {"uv": [0.896, 8.448, 2.816, 10.24], "texture": "#1"},
				"up": {"uv": [0.896, 8.448, 2.816, 10.24], "texture": "#1"},
				"down": {"uv": [0.896, 8.448, 2.816, 10.24], "texture": "#1"}
			}
		},
		{
			"name": "Bottom left to top right",
			"from": [4, 5, 7.25],
			"to": [5, 6, 8.75],
			"faces": {
				"north": {"uv": [0.896, 8.448, 2.816, 10.24], "texture": "#1"},
				"east": {"uv": [0.896, 8.448, 2.816, 10.24], "texture": "#1"},
				"south": {"uv": [0.896, 8.448, 2.816, 10.24], "texture": "#1"},
				"west": {"uv": [0.896, 8.448, 2.816, 10.24], "texture": "#1"},
				"up": {"uv": [0.896, 8.448, 2.816, 10.24], "texture": "#1"},
				"down": {"uv": [0.896, 8.448, 2.816, 10.24], "texture": "#1"}
			}
		},
		{
			"name": "Bottom left to top right",
			"from": [5, 5, 7],
			"to": [6, 6, 9],
			"faces": {
				"north": {"uv": [0.896, 8.448, 2.816, 10.24], "texture": "#1"},
				"east": {"uv": [0.896, 8.448, 2.816, 10.24], "texture": "#1"},
				"south": {"uv": [0.896, 8.448, 2.816, 10.24], "texture": "#1"},
				"west": {"uv": [0.896, 8.448, 2.816, 10.24], "texture": "#1"},
				"up": {"uv": [0.896, 8.448, 2.816, 10.24], "texture": "#1"},
				"down": {"uv": [0.896, 8.448, 2.816, 10.24], "texture": "#1"}
			}
		},
		{
			"name": "Bottom left to top right",
			"from": [6, 5, 7.5],
			"to": [7, 6, 8.5],
			"faces": {
				"north": {"uv": [0.896, 8.448, 2.816, 10.24], "texture": "#1"},
				"east": {"uv": [0.896, 8.448, 2.816, 10.24], "texture": "#1"},
				"south": {"uv": [0.896, 8.448, 2.816, 10.24], "texture": "#1"},
				"west": {"uv": [0.896, 8.448, 2.816, 10.24], "texture": "#1"},
				"up": {"uv": [0.896, 8.448, 2.816, 10.24], "texture": "#1"},
				"down": {"uv": [0.896, 8.448, 2.816, 10.24], "texture": "#1"}
			}
		},
		{
			"name": "Bottom left to top right",
			"from": [5, 6, 7.25],
			"to": [6, 7, 8.75],
			"faces": {
				"north": {"uv": [0.896, 8.448, 2.816, 10.24], "texture": "#1"},
				"east": {"uv": [0.896, 8.448, 2.816, 10.24], "texture": "#1"},
				"south": {"uv": [0.896, 8.448, 2.816, 10.24], "texture": "#1"},
				"west": {"uv": [0.896, 8.448, 2.816, 10.24], "texture": "#1"},
				"up": {"uv": [0.896, 8.448, 2.816, 10.24], "texture": "#1"},
				"down": {"uv": [0.896, 8.448, 2.816, 10.24], "texture": "#1"}
			}
		},
		{
			"name": "Bottom left to top right",
			"from": [6, 6, 7],
			"to": [7, 7, 9],
			"faces": {
				"north": {"uv": [0.896, 8.448, 2.816, 10.24], "texture": "#1"},
				"east": {"uv": [0.896, 8.448, 2.816, 10.24], "texture": "#1"},
				"south": {"uv": [0.896, 8.448, 2.816, 10.24], "texture": "#1"},
				"west": {"uv": [0.896, 8.448, 2.816, 10.24], "texture": "#1"},
				"up": {"uv": [0.896, 8.448, 2.816, 10.24], "texture": "#1"},
				"down": {"uv": [0.896, 8.448, 2.816, 10.24], "texture": "#1"}
			}
		},
		{
			"name": "Bottom left to top right",
			"from": [7, 6, 7.5],
			"to": [8, 7, 8.5],
			"faces": {
				"north": {"uv": [0.896, 8.448, 2.816, 10.24], "texture": "#1"},
				"east": {"uv": [0.896, 8.448, 2.816, 10.24], "texture": "#1"},
				"south": {"uv": [0.896, 8.448, 2.816, 10.24], "texture": "#1"},
				"west": {"uv": [0.896, 8.448, 2.816, 10.24], "texture": "#1"},
				"up": {"uv": [0.896, 8.448, 2.816, 10.24], "texture": "#1"},
				"down": {"uv": [0.896, 8.448, 2.816, 10.24], "texture": "#1"}
			}
		},
		{
			"name": "Bottom left to top right",
			"from": [6, 7, 7.25],
			"to": [7, 8, 8.75],
			"faces": {
				"north": {"uv": [0.896, 8.448, 2.816, 10.24], "texture": "#1"},
				"east": {"uv": [0.896, 8.448, 2.816, 10.24], "texture": "#1"},
				"south": {"uv": [0.896, 8.448, 2.816, 10.24], "texture": "#1"},
				"west": {"uv": [0.896, 8.448, 2.816, 10.24], "texture": "#1"},
				"up": {"uv": [0.896, 8.448, 2.816, 10.24], "texture": "#1"},
				"down": {"uv": [0.896, 8.448, 2.816, 10.24], "texture": "#1"}
			}
		},
		{
			"name": "Bottom left to top right",
			"from": [7, 7, 7],
			"to": [8, 8, 9],
			"faces": {
				"north": {"uv": [0.896, 8.448, 2.816, 10.24], "texture": "#1"},
				"east": {"uv": [0.896, 8.448, 2.816, 10.24], "texture": "#1"},
				"south": {"uv": [0.896, 8.448, 2.816, 10.24], "texture": "#1"},
				"west": {"uv": [0.896, 8.448, 2.816, 10.24], "texture": "#1"},
				"up": {"uv": [0.896, 8.448, 2.816, 10.24], "texture": "#1"},
				"down": {"uv": [0.896, 8.448, 2.816, 10.24], "texture": "#1"}
			}
		},
		{
			"name": "Bottom left to top right",
			"from": [8, 7, 7.5],
			"to": [9, 8, 8.5],
			"faces": {
				"north": {"uv": [0.896, 8.448, 2.816, 10.24], "texture": "#1"},
				"east": {"uv": [0.896, 8.448, 2.816, 10.24], "texture": "#1"},
				"south": {"uv": [0.896, 8.448, 2.816, 10.24], "texture": "#1"},
				"west": {"uv": [0.896, 8.448, 2.816, 10.24], "texture": "#1"},
				"up": {"uv": [0.896, 8.448, 2.816, 10.24], "texture": "#1"},
				"down": {"uv": [0.896, 8.448, 2.816, 10.24], "texture": "#1"}
			}
		},
		{
			"name": "Bottom left to top right",
			"from": [7, 8, 7.25],
			"to": [8, 9, 8.75],
			"faces": {
				"north": {"uv": [0.896, 8.448, 2.816, 10.24], "texture": "#1"},
				"east": {"uv": [0.896, 8.448, 2.816, 10.24], "texture": "#1"},
				"south": {"uv": [0.896, 8.448, 2.816, 10.24], "texture": "#1"},
				"west": {"uv": [0.896, 8.448, 2.816, 10.24], "texture": "#1"},
				"up": {"uv": [0.896, 8.448, 2.816, 10.24], "texture": "#1"},
				"down": {"uv": [0.896, 8.448, 2.816, 10.24], "texture": "#1"}
			}
		},
		{
			"name": "Bottom left to top right",
			"from": [8, 8, 7],
			"to": [9, 9, 9],
			"faces": {
				"north": {"uv": [0.896, 8.448, 2.816, 10.24], "texture": "#1"},
				"east": {"uv": [0.896, 8.448, 2.816, 10.24], "texture": "#1"},
				"south": {"uv": [0.896, 8.448, 2.816, 10.24], "texture": "#1"},
				"west": {"uv": [0.896, 8.448, 2.816, 10.24], "texture": "#1"},
				"up": {"uv": [0.896, 8.448, 2.816, 10.24], "texture": "#1"},
				"down": {"uv": [0.896, 8.448, 2.816, 10.24], "texture": "#1"}
			}
		},
		{
			"name": "Bottom left to top right",
			"from": [9, 8, 7.5],
			"to": [10, 9, 8.5],
			"faces": {
				"north": {"uv": [0.896, 8.448, 2.816, 10.24], "texture": "#1"},
				"east": {"uv": [0.896, 8.448, 2.816, 10.24], "texture": "#1"},
				"south": {"uv": [0.896, 8.448, 2.816, 10.24], "texture": "#1"},
				"west": {"uv": [0.896, 8.448, 2.816, 10.24], "texture": "#1"},
				"up": {"uv": [0.896, 8.448, 2.816, 10.24], "texture": "#1"},
				"down": {"uv": [0.896, 8.448, 2.816, 10.24], "texture": "#1"}
			}
		},
		{
			"name": "Bottom left to top right",
			"from": [8, 9, 7.25],
			"to": [9, 10, 8.75],
			"faces": {
				"north": {"uv": [0.896, 8.448, 2.816, 10.24], "texture": "#1"},
				"east": {"uv": [0.896, 8.448, 2.816, 10.24], "texture": "#1"},
				"south": {"uv": [0.896, 8.448, 2.816, 10.24], "texture": "#1"},
				"west": {"uv": [0.896, 8.448, 2.816, 10.24], "texture": "#1"},
				"up": {"uv": [0.896, 8.448, 2.816, 10.24], "texture": "#1"},
				"down": {"uv": [0.896, 8.448, 2.816, 10.24], "texture": "#1"}
			}
		},
		{
			"name": "Bottom left to top right",
			"from": [9, 9, 7],
			"to": [10, 10, 9],
			"faces": {
				"north": {"uv": [0.896, 8.448, 2.816, 10.24], "texture": "#1"},
				"east": {"uv": [0.896, 8.448, 2.816, 10.24], "texture": "#1"},
				"south": {"uv": [0.896, 8.448, 2.816, 10.24], "texture": "#1"},
				"west": {"uv": [0.896, 8.448, 2.816, 10.24], "texture": "#1"},
				"up": {"uv": [0.896, 8.448, 2.816, 10.24], "texture": "#1"},
				"down": {"uv": [0.896, 8.448, 2.816, 10.24], "texture": "#1"}
			}
		},
		{
			"name": "Bottom left to top right",
			"from": [10, 9, 7.5],
			"to": [11, 10, 8.5],
			"faces": {
				"north": {"uv": [0.896, 8.448, 2.816, 10.24], "texture": "#1"},
				"east": {"uv": [0.896, 8.448, 2.816, 10.24], "texture": "#1"},
				"south": {"uv": [0.896, 8.448, 2.816, 10.24], "texture": "#1"},
				"west": {"uv": [0.896, 8.448, 2.816, 10.24], "texture": "#1"},
				"up": {"uv": [0.896, 8.448, 2.816, 10.24], "texture": "#1"},
				"down": {"uv": [0.896, 8.448, 2.816, 10.24], "texture": "#1"}
			}
		},
		{
			"name": "Bottom left to top right",
			"from": [9, 10, 7.25],
			"to": [10, 11, 8.75],
			"faces": {
				"north": {"uv": [0.896, 8.448, 2.816, 10.24], "texture": "#1"},
				"east": {"uv": [0.896, 8.448, 2.816, 10.24], "texture": "#1"},
				"south": {"uv": [0.896, 8.448, 2.816, 10.24], "texture": "#1"},
				"west": {"uv": [0.896, 8.448, 2.816, 10.24], "texture": "#1"},
				"up": {"uv": [0.896, 8.448, 2.816, 10.24], "texture": "#1"},
				"down": {"uv": [0.896, 8.448, 2.816, 10.24], "texture": "#1"}
			}
		},
		{
			"name": "Bottom left to top right",
			"from": [10, 10, 7],
			"to": [11, 11, 9],
			"faces": {
				"north": {"uv": [0.896, 8.448, 2.816, 10.24], "texture": "#1"},
				"east": {"uv": [0.896, 8.448, 2.816, 10.24], "texture": "#1"},
				"south": {"uv": [0.896, 8.448, 2.816, 10.24], "texture": "#1"},
				"west": {"uv": [0.896, 8.448, 2.816, 10.24], "texture": "#1"},
				"up": {"uv": [0.896, 8.448, 2.816, 10.24], "texture": "#1"},
				"down": {"uv": [0.896, 8.448, 2.816, 10.24], "texture": "#1"}
			}
		},
		{
			"name": "Bottom left to top right",
			"from": [11, 10, 7.5],
			"to": [12, 11, 8.5],
			"faces": {
				"north": {"uv": [0.896, 8.448, 2.816, 10.24], "texture": "#1"},
				"east": {"uv": [0.896, 8.448, 2.816, 10.24], "texture": "#1"},
				"south": {"uv": [0.896, 8.448, 2.816, 10.24], "texture": "#1"},
				"west": {"uv": [0.896, 8.448, 2.816, 10.24], "texture": "#1"},
				"up": {"uv": [0.896, 8.448, 2.816, 10.24], "texture": "#1"},
				"down": {"uv": [0.896, 8.448, 2.816, 10.24], "texture": "#1"}
			}
		},
		{
			"name": "Bottom left to top right",
			"from": [10, 11, 7.25],
			"to": [11, 12, 8.75],
			"faces": {
				"north": {"uv": [0.896, 8.448, 2.816, 10.24], "texture": "#1"},
				"east": {"uv": [0.896, 8.448, 2.816, 10.24], "texture": "#1"},
				"south": {"uv": [0.896, 8.448, 2.816, 10.24], "texture": "#1"},
				"west": {"uv": [0.896, 8.448, 2.816, 10.24], "texture": "#1"},
				"up": {"uv": [0.896, 8.448, 2.816, 10.24], "texture": "#1"},
				"down": {"uv": [0.896, 8.448, 2.816, 10.24], "texture": "#1"}
			}
		},
		{
			"name": "Bottom left to top right",
			"from": [11, 11, 7],
			"to": [12, 12, 9],
			"faces": {
				"north": {"uv": [0.896, 8.448, 2.816, 10.24], "texture": "#1"},
				"east": {"uv": [0.896, 8.448, 2.816, 10.24], "texture": "#1"},
				"south": {"uv": [0.896, 8.448, 2.816, 10.24], "texture": "#1"},
				"west": {"uv": [0.896, 8.448, 2.816, 10.24], "texture": "#1"},
				"up": {"uv": [0.896, 8.448, 2.816, 10.24], "texture": "#1"},
				"down": {"uv": [0.896, 8.448, 2.816, 10.24], "texture": "#1"}
			}
		},
		{
			"name": "Bottom left to top right",
			"from": [13.8, 6.5, 7.2],
			"to": [14.1, 6.6, 8.8],
			"rotation": {"angle": 22.5, "axis": "z", "origin": [0, 0, 0]},
			"faces": {
				"north": {"uv": [0.896, 6.016, 0.896, 6.144], "texture": "#1"},
				"east": {"uv": [0.896, 6.016, 0.896, 6.144], "texture": "#1"},
				"south": {"uv": [0.896, 6.016, 0.896, 6.144], "texture": "#1"},
				"west": {"uv": [0.896, 6.016, 0.896, 6.144], "texture": "#1"},
				"up": {"uv": [0.896, 6.016, 0.896, 6.144], "texture": "#1"},
				"down": {"uv": [0.896, 6.016, 0.896, 6.144], "texture": "#1"}
			}
		},
		{
			"name": "Bottom left to top right",
			"from": [9.8, 5, 7.2],
			"to": [10.1, 5.1, 8.8],
			"rotation": {"angle": 22.5, "axis": "z", "origin": [0, 0, 0]},
			"faces": {
				"north": {"uv": [8.704, 3.968, 8.704, 4.096], "texture": "#1"},
				"east": {"uv": [8.704, 3.968, 8.704, 4.096], "texture": "#1"},
				"south": {"uv": [8.704, 3.968, 8.704, 4.096], "texture": "#1"},
				"west": {"uv": [8.704, 3.968, 8.704, 4.096], "texture": "#1"},
				"up": {"uv": [8.704, 3.968, 8.704, 4.096], "texture": "#1"},
				"down": {"uv": [8.704, 3.968, 8.704, 4.096], "texture": "#1"}
			}
		},
		{
			"name": "Bottom left to top right",
			"from": [7.8, 2.5, 7.4],
			"to": [8.1, 2.6, 8.6],
			"rotation": {"angle": 22.5, "axis": "z", "origin": [0, 0, 0]},
			"faces": {
				"north": {"uv": [7.04, 3.84, 7.04, 3.968], "texture": "#1"},
				"east": {"uv": [7.04, 3.84, 7.04, 3.968], "texture": "#1"},
				"south": {"uv": [7.04, 3.84, 7.04, 3.968], "texture": "#1"},
				"west": {"uv": [7.04, 3.84, 7.04, 3.968], "texture": "#1"},
				"up": {"uv": [7.04, 3.84, 7.04, 3.968], "texture": "#1"},
				"down": {"uv": [7.04, 3.84, 7.04, 3.968], "texture": "#1"}
			}
		},
		{
			"name": "Bottom left to top right",
			"from": [5.5, 1.5, 7.4],
			"to": [5.8, 1.6, 8.6],
			"rotation": {"angle": 22.5, "axis": "z", "origin": [0, 0, 0]},
			"faces": {
				"north": {"uv": [2.432, 6.272, 2.432, 6.4], "texture": "#1"},
				"east": {"uv": [2.432, 6.272, 2.432, 6.4], "texture": "#1"},
				"south": {"uv": [2.432, 6.272, 2.432, 6.4], "texture": "#1"},
				"west": {"uv": [2.432, 6.272, 2.432, 6.4], "texture": "#1"},
				"up": {"uv": [2.432, 6.272, 2.432, 6.4], "texture": "#1"},
				"down": {"uv": [2.432, 6.272, 2.432, 6.4], "texture": "#1"}
			}
		},
		{
			"name": "Bottom left to top right",
			"from": [6.4, 3, 7.2],
			"to": [6.5, 3.3, 8.8],
			"rotation": {"angle": 22.5, "axis": "z", "origin": [0, 0, 0]},
			"faces": {
				"north": {"uv": [8.704, 3.968, 8.704, 4.096], "rotation": 90, "texture": "#1"},
				"east": {"uv": [8.704, 3.968, 8.704, 4.096], "rotation": 90, "texture": "#1"},
				"south": {"uv": [8.704, 3.968, 8.704, 4.096], "rotation": 90, "texture": "#1"},
				"west": {"uv": [8.704, 3.968, 8.704, 4.096], "rotation": 90, "texture": "#1"},
				"up": {"uv": [8.704, 3.968, 8.704, 4.096], "rotation": 90, "texture": "#1"},
				"down": {"uv": [8.704, 3.968, 8.704, 4.096], "rotation": 90, "texture": "#1"}
			}
		},
		{
			"name": "Bottom left to top right",
			"from": [8.4, 2.5, 7.4],
			"to": [8.5, 2.8, 8.6],
			"rotation": {"angle": 22.5, "axis": "z", "origin": [0, 0, 0]},
			"faces": {
				"north": {"uv": [14.976, 3.968, 14.976, 4.096], "rotation": 90, "texture": "#1"},
				"east": {"uv": [14.976, 3.968, 14.976, 4.096], "rotation": 90, "texture": "#1"},
				"south": {"uv": [14.976, 3.968, 14.976, 4.096], "rotation": 90, "texture": "#1"},
				"west": {"uv": [14.976, 3.968, 14.976, 4.096], "rotation": 90, "texture": "#1"},
				"up": {"uv": [14.976, 3.968, 14.976, 4.096], "rotation": 90, "texture": "#1"},
				"down": {"uv": [14.976, 3.968, 14.976, 4.096], "rotation": 90, "texture": "#1"}
			}
		},
		{
			"name": "Bottom left to top right",
			"from": [11.4, 5.5, 7.2],
			"to": [11.5, 5.8, 8.8],
			"rotation": {"angle": 22.5, "axis": "z", "origin": [0, 0, 0]},
			"faces": {
				"north": {"uv": [6.912, 12.16, 6.912, 12.288], "rotation": 90, "texture": "#1"},
				"east": {"uv": [6.912, 12.16, 6.912, 12.288], "rotation": 90, "texture": "#1"},
				"south": {"uv": [6.912, 12.16, 6.912, 12.288], "rotation": 90, "texture": "#1"},
				"west": {"uv": [6.912, 12.16, 6.912, 12.288], "rotation": 90, "texture": "#1"},
				"up": {"uv": [6.912, 12.16, 6.912, 12.288], "rotation": 90, "texture": "#1"},
				"down": {"uv": [6.912, 12.16, 6.912, 12.288], "rotation": 90, "texture": "#1"}
			}
		},
		{
			"name": "Bottom left to top right",
			"from": [13.4, 4.5, 7.4],
			"to": [13.5, 4.8, 8.6],
			"rotation": {"angle": 22.5, "axis": "z", "origin": [0, 0, 0]},
			"faces": {
				"north": {"uv": [6.912, 12.16, 6.912, 12.288], "rotation": 90, "texture": "#1"},
				"east": {"uv": [6.912, 12.16, 6.912, 12.288], "rotation": 90, "texture": "#1"},
				"south": {"uv": [6.912, 12.16, 6.912, 12.288], "rotation": 90, "texture": "#1"},
				"west": {"uv": [6.912, 12.16, 6.912, 12.288], "rotation": 90, "texture": "#1"},
				"up": {"uv": [6.912, 12.16, 6.912, 12.288], "rotation": 90, "texture": "#1"},
				"down": {"uv": [6.912, 12.16, 6.912, 12.288], "rotation": 90, "texture": "#1"}
			}
		},
		{
			"name": "Bottom left to top right",
			"from": [4.2, 3.4, 7.4],
			"to": [4.5, 3.5, 8.6],
			"faces": {
				"north": {"uv": [8.704, 3.968, 8.704, 4.096], "rotation": 180, "texture": "#1"},
				"east": {"uv": [8.704, 3.968, 8.704, 4.096], "rotation": 180, "texture": "#1"},
				"south": {"uv": [8.704, 3.968, 8.704, 4.096], "rotation": 180, "texture": "#1"},
				"west": {"uv": [8.704, 3.968, 8.704, 4.096], "rotation": 180, "texture": "#1"},
				"up": {"uv": [8.704, 3.968, 8.704, 4.096], "rotation": 180, "texture": "#1"},
				"down": {"uv": [8.704, 3.968, 8.704, 4.096], "rotation": 180, "texture": "#1"}
			}
		},
		{
			"name": "Bottom left to top right",
			"from": [5.2, 4.4, 7.4],
			"to": [5.5, 4.5, 8.6],
			"faces": {
				"north": {"uv": [14.976, 3.968, 14.976, 4.096], "rotation": 180, "texture": "#1"},
				"east": {"uv": [14.976, 3.968, 14.976, 4.096], "rotation": 180, "texture": "#1"},
				"south": {"uv": [14.976, 3.968, 14.976, 4.096], "rotation": 180, "texture": "#1"},
				"west": {"uv": [14.976, 3.968, 14.976, 4.096], "rotation": 180, "texture": "#1"},
				"up": {"uv": [14.976, 3.968, 14.976, 4.096], "rotation": 180, "texture": "#1"},
				"down": {"uv": [14.976, 3.968, 14.976, 4.096], "rotation": 180, "texture": "#1"}
			}
		},
		{
			"name": "Bottom left to top right",
			"from": [5.2, 6.4, 7.2],
			"to": [5.5, 6.5, 8.8],
			"faces": {
				"north": {"uv": [0.896, 6.016, 0.896, 6.144], "rotation": 180, "texture": "#1"},
				"east": {"uv": [0.896, 6.016, 0.896, 6.144], "rotation": 180, "texture": "#1"},
				"south": {"uv": [0.896, 6.016, 0.896, 6.144], "rotation": 180, "texture": "#1"},
				"west": {"uv": [0.896, 6.016, 0.896, 6.144], "rotation": 180, "texture": "#1"},
				"up": {"uv": [0.896, 6.016, 0.896, 6.144], "rotation": 180, "texture": "#1"},
				"down": {"uv": [0.896, 6.016, 0.896, 6.144], "rotation": 180, "texture": "#1"}
			}
		},
		{
			"name": "Bottom left to top right",
			"from": [6.2, 7.4, 7.2],
			"to": [6.5, 7.5, 8.8],
			"faces": {
				"north": {"uv": [3.2, 12.032, 3.2, 12.16], "rotation": 180, "texture": "#1"},
				"east": {"uv": [3.2, 12.032, 3.2, 12.16], "rotation": 180, "texture": "#1"},
				"south": {"uv": [3.2, 12.032, 3.2, 12.16], "rotation": 180, "texture": "#1"},
				"west": {"uv": [3.2, 12.032, 3.2, 12.16], "rotation": 180, "texture": "#1"},
				"up": {"uv": [3.2, 12.032, 3.2, 12.16], "rotation": 180, "texture": "#1"},
				"down": {"uv": [3.2, 12.032, 3.2, 12.16], "rotation": 180, "texture": "#1"}
			}
		},
		{
			"name": "Bottom left to top right",
			"from": [7.2, 6.4, 7.4],
			"to": [7.5, 6.5, 8.6],
			"faces": {
				"north": {"uv": [4.48, 12.16, 4.48, 12.288], "rotation": 180, "texture": "#1"},
				"east": {"uv": [4.48, 12.16, 4.48, 12.288], "rotation": 180, "texture": "#1"},
				"south": {"uv": [4.48, 12.16, 4.48, 12.288], "rotation": 180, "texture": "#1"},
				"west": {"uv": [4.48, 12.16, 4.48, 12.288], "rotation": 180, "texture": "#1"},
				"up": {"uv": [4.48, 12.16, 4.48, 12.288], "rotation": 180, "texture": "#1"},
				"down": {"uv": [4.48, 12.16, 4.48, 12.288], "rotation": 180, "texture": "#1"}
			}
		},
		{
			"name": "Bottom left to top right",
			"from": [8.2, 7.4, 7.4],
			"to": [8.5, 7.5, 8.6],
			"faces": {
				"north": {"uv": [3.2, 12.032, 3.2, 12.16], "rotation": 180, "texture": "#1"},
				"east": {"uv": [3.2, 12.032, 3.2, 12.16], "rotation": 180, "texture": "#1"},
				"south": {"uv": [3.2, 12.032, 3.2, 12.16], "rotation": 180, "texture": "#1"},
				"west": {"uv": [3.2, 12.032, 3.2, 12.16], "rotation": 180, "texture": "#1"},
				"up": {"uv": [3.2, 12.032, 3.2, 12.16], "rotation": 180, "texture": "#1"},
				"down": {"uv": [3.2, 12.032, 3.2, 12.16], "rotation": 180, "texture": "#1"}
			}
		},
		{
			"name": "Bottom left to top right",
			"from": [7.5, 8.2, 7.2],
			"to": [7.6, 8.5, 8.8],
			"faces": {
				"north": {"uv": [4.48, 12.16, 4.48, 12.288], "rotation": 270, "texture": "#1"},
				"east": {"uv": [4.48, 12.16, 4.48, 12.288], "rotation": 270, "texture": "#1"},
				"south": {"uv": [4.48, 12.16, 4.48, 12.288], "rotation": 270, "texture": "#1"},
				"west": {"uv": [4.48, 12.16, 4.48, 12.288], "rotation": 270, "texture": "#1"},
				"up": {"uv": [4.48, 12.16, 4.48, 12.288], "rotation": 270, "texture": "#1"},
				"down": {"uv": [4.48, 12.16, 4.48, 12.288], "rotation": 270, "texture": "#1"}
			}
		},
		{
			"name": "Bottom left to top right",
			"from": [9.5, 8.2, 7.4],
			"to": [9.6, 8.5, 8.6],
			"faces": {
				"north": {"uv": [3.2, 12.032, 3.2, 12.16], "rotation": 270, "texture": "#1"},
				"east": {"uv": [3.2, 12.032, 3.2, 12.16], "rotation": 270, "texture": "#1"},
				"south": {"uv": [3.2, 12.032, 3.2, 12.16], "rotation": 270, "texture": "#1"},
				"west": {"uv": [3.2, 12.032, 3.2, 12.16], "rotation": 270, "texture": "#1"},
				"up": {"uv": [3.2, 12.032, 3.2, 12.16], "rotation": 270, "texture": "#1"},
				"down": {"uv": [3.2, 12.032, 3.2, 12.16], "rotation": 270, "texture": "#1"}
			}
		},
		{
			"name": "Bottom left to top right",
			"from": [10.5, 11.5, 7.2],
			"to": [10.6, 11.8, 8.8],
			"faces": {
				"north": {"uv": [7.04, 3.84, 7.04, 3.968], "rotation": 270, "texture": "#1"},
				"east": {"uv": [7.04, 3.84, 7.04, 3.968], "rotation": 270, "texture": "#1"},
				"south": {"uv": [7.04, 3.84, 7.04, 3.968], "rotation": 270, "texture": "#1"},
				"west": {"uv": [7.04, 3.84, 7.04, 3.968], "rotation": 270, "texture": "#1"},
				"up": {"uv": [7.04, 3.84, 7.04, 3.968], "rotation": 270, "texture": "#1"},
				"down": {"uv": [7.04, 3.84, 7.04, 3.968], "rotation": 270, "texture": "#1"}
			}
		},
		{
			"name": "Bottom left to top right",
			"from": [11.5, 10.5, 7.4],
			"to": [11.6, 10.8, 8.6],
			"faces": {
				"north": {"uv": [0.896, 6.016, 0.896, 6.144], "rotation": 270, "texture": "#1"},
				"east": {"uv": [0.896, 6.016, 0.896, 6.144], "rotation": 90, "texture": "#1"},
				"south": {"uv": [0.896, 6.016, 0.896, 6.144], "rotation": 90, "texture": "#1"},
				"west": {"uv": [0.896, 6.016, 0.896, 6.144], "rotation": 90, "texture": "#1"},
				"up": {"uv": [0.896, 6.016, 0.896, 6.144], "rotation": 90, "texture": "#1"},
				"down": {"uv": [0.896, 6.016, 0.896, 6.144], "rotation": 90, "texture": "#1"}
			}
		},
		{
			"name": "Bottom left to top right",
			"from": [4.4, 5.2, 7.2],
			"to": [4.5, 5.5, 8.8],
			"faces": {
				"north": {"uv": [14.976, 3.968, 14.976, 4.096], "rotation": 90, "texture": "#1"},
				"east": {"uv": [14.976, 3.968, 14.976, 4.096], "rotation": 90, "texture": "#1"},
				"south": {"uv": [14.976, 3.968, 14.976, 4.096], "rotation": 90, "texture": "#1"},
				"west": {"uv": [14.976, 3.968, 14.976, 4.096], "rotation": 90, "texture": "#1"},
				"up": {"uv": [14.976, 3.968, 14.976, 4.096], "rotation": 90, "texture": "#1"},
				"down": {"uv": [14.976, 3.968, 14.976, 4.096], "rotation": 90, "texture": "#1"}
			}
		},
		{
			"name": "Bottom left to top right",
			"from": [5.7, 4.2, 7.4],
			"to": [5.8, 4.5, 8.6],
			"faces": {
				"north": {"uv": [4.48, 12.16, 4.48, 12.288], "rotation": 90, "texture": "#1"},
				"east": {"uv": [4.48, 12.16, 4.48, 12.288], "rotation": 90, "texture": "#1"},
				"south": {"uv": [4.48, 12.16, 4.48, 12.288], "rotation": 90, "texture": "#1"},
				"west": {"uv": [4.48, 12.16, 4.48, 12.288], "rotation": 90, "texture": "#1"},
				"up": {"uv": [4.48, 12.16, 4.48, 12.288], "rotation": 90, "texture": "#1"},
				"down": {"uv": [4.48, 12.16, 4.48, 12.288], "rotation": 90, "texture": "#1"}
			}
		},
		{
			"name": "Bottom left to top right",
			"from": [6.7, 7.2, 7.2],
			"to": [6.8, 7.5, 8.8],
			"faces": {
				"north": {"uv": [0.896, 6.016, 0.896, 6.144], "rotation": 90, "texture": "#1"},
				"east": {"uv": [0.896, 6.016, 0.896, 6.144], "rotation": 270, "texture": "#1"},
				"south": {"uv": [0.896, 6.016, 0.896, 6.144], "rotation": 270, "texture": "#1"},
				"west": {"uv": [0.896, 6.016, 0.896, 6.144], "rotation": 270, "texture": "#1"},
				"up": {"uv": [0.896, 6.016, 0.896, 6.144], "rotation": 270, "texture": "#1"},
				"down": {"uv": [0.896, 6.016, 0.896, 6.144], "rotation": 270, "texture": "#1"}
			}
		},
		{
			"name": "Bottom left to top right",
			"from": [9.7, 10.2, 7.2],
			"to": [9.8, 10.5, 8.8],
			"faces": {
				"north": {"uv": [8.704, 3.968, 8.704, 4.096], "rotation": 90, "texture": "#1"},
				"east": {"uv": [8.704, 3.968, 8.704, 4.096], "rotation": 90, "texture": "#1"},
				"south": {"uv": [8.704, 3.968, 8.704, 4.096], "rotation": 90, "texture": "#1"},
				"west": {"uv": [8.704, 3.968, 8.704, 4.096], "rotation": 90, "texture": "#1"},
				"up": {"uv": [8.704, 3.968, 8.704, 4.096], "rotation": 90, "texture": "#1"},
				"down": {"uv": [8.704, 3.968, 8.704, 4.096], "rotation": 90, "texture": "#1"}
			}
		},
		{
			"name": "Bottom left to top right",
			"from": [8.7, 7.2, 7.4],
			"to": [8.8, 7.5, 8.6],
			"faces": {
				"north": {"uv": [6.912, 12.16, 6.912, 12.288], "rotation": 90, "texture": "#1"},
				"east": {"uv": [6.912, 12.16, 6.912, 12.288], "rotation": 90, "texture": "#1"},
				"south": {"uv": [6.912, 12.16, 6.912, 12.288], "rotation": 90, "texture": "#1"},
				"west": {"uv": [6.912, 12.16, 6.912, 12.288], "rotation": 90, "texture": "#1"},
				"up": {"uv": [6.912, 12.16, 6.912, 12.288], "rotation": 90, "texture": "#1"},
				"down": {"uv": [6.912, 12.16, 6.912, 12.288], "rotation": 90, "texture": "#1"}
			}
		},
		{
			"name": "Bottom left to top right",
			"from": [5.7, 6.2, 7.2],
			"to": [5.8, 6.5, 8.8],
			"faces": {
				"north": {"uv": [8.704, 3.968, 8.704, 4.096], "rotation": 90, "texture": "#1"},
				"east": {"uv": [8.704, 3.968, 8.704, 4.096], "rotation": 90, "texture": "#1"},
				"south": {"uv": [8.704, 3.968, 8.704, 4.096], "rotation": 90, "texture": "#1"},
				"west": {"uv": [8.704, 3.968, 8.704, 4.096], "rotation": 90, "texture": "#1"},
				"up": {"uv": [8.704, 3.968, 8.704, 4.096], "rotation": 90, "texture": "#1"},
				"down": {"uv": [8.704, 3.968, 8.704, 4.096], "rotation": 90, "texture": "#1"}
			}
		},
		{
			"name": "Bottom left to top right",
			"from": [4.5, 9.7, 7.4],
			"to": [4.8, 9.8, 8.6],
			"rotation": {"angle": -22.5, "axis": "z", "origin": [0, 0, 0]},
			"faces": {
				"north": {"uv": [0.896, 6.016, 0.896, 6.144], "rotation": 180, "texture": "#1"},
				"east": {"uv": [0.896, 6.016, 0.896, 6.144], "rotation": 180, "texture": "#1"},
				"south": {"uv": [0.896, 6.016, 0.896, 6.144], "rotation": 180, "texture": "#1"},
				"west": {"uv": [0.896, 6.016, 0.896, 6.144], "rotation": 180, "texture": "#1"},
				"up": {"uv": [0.896, 6.016, 0.896, 6.144], "rotation": 180, "texture": "#1"},
				"down": {"uv": [0.896, 6.016, 0.896, 6.144], "rotation": 180, "texture": "#1"}
			}
		},
		{
			"name": "Bottom left to top right",
			"from": [4.5, 8.7, 7.4],
			"to": [4.8, 8.8, 8.6],
			"rotation": {"angle": -22.5, "axis": "z", "origin": [0, 0, 0]},
			"faces": {
				"north": {"uv": [0.896, 6.016, 0.896, 6.144], "rotation": 180, "texture": "#1"},
				"east": {"uv": [0.896, 6.016, 0.896, 6.144], "rotation": 180, "texture": "#1"},
				"south": {"uv": [0.896, 6.016, 0.896, 6.144], "rotation": 180, "texture": "#1"},
				"west": {"uv": [0.896, 6.016, 0.896, 6.144], "rotation": 180, "texture": "#1"},
				"up": {"uv": [0.896, 6.016, 0.896, 6.144], "rotation": 180, "texture": "#1"},
				"down": {"uv": [0.896, 6.016, 0.896, 6.144], "rotation": 180, "texture": "#1"}
			}
		},
		{
			"name": "Bottom left to top right",
			"from": [6.5, 13.7, 7.4],
			"to": [6.8, 13.8, 8.6],
			"rotation": {"angle": -22.5, "axis": "z", "origin": [0, 0, 0]},
			"faces": {
				"north": {"uv": [3.2, 12.032, 3.2, 12.16], "rotation": 180, "texture": "#1"},
				"east": {"uv": [3.2, 12.032, 3.2, 12.16], "rotation": 180, "texture": "#1"},
				"south": {"uv": [3.2, 12.032, 3.2, 12.16], "rotation": 180, "texture": "#1"},
				"west": {"uv": [3.2, 12.032, 3.2, 12.16], "rotation": 180, "texture": "#1"},
				"up": {"uv": [3.2, 12.032, 3.2, 12.16], "rotation": 180, "texture": "#1"},
				"down": {"uv": [3.2, 12.032, 3.2, 12.16], "rotation": 180, "texture": "#1"}
			}
		},
		{
			"name": "Bottom left to top right",
			"from": [4.5, 13, 7.2],
			"to": [4.8, 13.1, 8.8],
			"rotation": {"angle": -22.5, "axis": "z", "origin": [0, 0, 0]},
			"faces": {
				"north": {"uv": [0.896, 6.016, 0.896, 6.144], "rotation": 180, "texture": "#1"},
				"east": {"uv": [0.896, 6.016, 0.896, 6.144], "rotation": 180, "texture": "#1"},
				"south": {"uv": [0.896, 6.016, 0.896, 6.144], "rotation": 180, "texture": "#1"},
				"west": {"uv": [0.896, 6.016, 0.896, 6.144], "rotation": 180, "texture": "#1"},
				"up": {"uv": [0.896, 6.016, 0.896, 6.144], "rotation": 180, "texture": "#1"},
				"down": {"uv": [0.896, 6.016, 0.896, 6.144], "rotation": 180, "texture": "#1"}
			}
		},
		{
			"name": "Bottom left to top right",
			"from": [4.5, 12, 7.2],
			"to": [4.8, 12.1, 8.8],
			"rotation": {"angle": -22.5, "axis": "z", "origin": [0, 0, 0]},
			"faces": {
				"north": {"uv": [4.48, 12.16, 4.48, 12.288], "rotation": 180, "texture": "#1"},
				"east": {"uv": [4.48, 12.16, 4.48, 12.288], "rotation": 180, "texture": "#1"},
				"south": {"uv": [4.48, 12.16, 4.48, 12.288], "rotation": 180, "texture": "#1"},
				"west": {"uv": [4.48, 12.16, 4.48, 12.288], "rotation": 180, "texture": "#1"},
				"up": {"uv": [4.48, 12.16, 4.48, 12.288], "rotation": 180, "texture": "#1"},
				"down": {"uv": [4.48, 12.16, 4.48, 12.288], "rotation": 180, "texture": "#1"}
			}
		},
		{
			"name": "Bottom left to top right",
			"from": [15, 6.5, 6.9],
			"to": [15.3, 6.6, 9.1],
			"rotation": {"angle": 22.5, "axis": "z", "origin": [0, 0, 0]},
			"faces": {
				"north": {"uv": [2.304, 11.52, 2.944, 12.544], "texture": "#1"},
				"east": {"uv": [2.304, 11.52, 2.944, 12.544], "texture": "#1"},
				"south": {"uv": [2.304, 11.52, 2.944, 12.544], "texture": "#1"},
				"west": {"uv": [2.304, 11.52, 2.944, 12.544], "texture": "#1"},
				"up": {"uv": [2.304, 11.52, 2.944, 12.544], "texture": "#1"},
				"down": {"uv": [2.304, 11.52, 2.944, 12.544], "texture": "#1"}
			}
		},
		{
			"name": "Bottom left to top right",
			"from": [11, 4.5, 6.9],
			"to": [11.3, 4.6, 9.1],
			"rotation": {"angle": 22.5, "axis": "z", "origin": [0, 0, 0]},
			"faces": {
				"north": {"uv": [6.4, 11.776, 6.4, 11.776], "texture": "#1"},
				"east": {"uv": [6.4, 11.776, 6.4, 11.776], "texture": "#1"},
				"south": {"uv": [6.4, 11.776, 6.4, 11.776], "texture": "#1"},
				"west": {"uv": [6.4, 11.776, 6.4, 11.776], "texture": "#1"},
				"up": {"uv": [6.4, 11.776, 6.4, 11.776], "texture": "#1"},
				"down": {"uv": [6.4, 11.776, 6.4, 11.776], "texture": "#1"}
			}
		},
		{
			"name": "Bottom left to top right",
			"from": [5.8, 2.5, 6.9],
			"to": [6.1, 2.6, 9.1],
			"rotation": {"angle": 22.5, "axis": "z", "origin": [0, 0, 0]},
			"faces": {
				"north": {"uv": [1.536, 0.768, 1.536, 0.768], "texture": "#1"},
				"east": {"uv": [1.536, 0.768, 1.536, 0.768], "texture": "#1"},
				"south": {"uv": [1.536, 0.768, 1.536, 0.768], "texture": "#1"},
				"west": {"uv": [1.536, 0.768, 1.536, 0.768], "texture": "#1"},
				"up": {"uv": [1.536, 0.768, 1.536, 0.768], "texture": "#1"},
				"down": {"uv": [1.536, 0.768, 1.536, 0.768], "texture": "#1"}
			}
		},
		{
			"name": "Bottom left to top right",
			"from": [7.8, 0, 6.9],
			"to": [8.1, 0.1, 9.1],
			"rotation": {"angle": 45, "axis": "z", "origin": [0, 0, 0]},
			"faces": {
				"north": {"uv": [7.04, 3.84, 7.168, 4.096], "texture": "#1"},
				"east": {"uv": [7.04, 3.84, 7.168, 4.096], "texture": "#1"},
				"south": {"uv": [7.04, 3.84, 7.168, 4.096], "texture": "#1"},
				"west": {"uv": [7.04, 3.84, 7.168, 4.096], "texture": "#1"},
				"up": {"uv": [7.04, 3.84, 7.168, 4.096], "texture": "#1"},
				"down": {"uv": [7.04, 3.84, 7.168, 4.096], "texture": "#1"}
			}
		},
		{
			"name": "Bottom left to top right",
			"from": [8.8, 0, 6.9],
			"to": [9.1, 0.1, 9.1],
			"rotation": {"angle": 45, "axis": "z", "origin": [0, 0, 0]},
			"faces": {
				"north": {"uv": [6.912, 12.16, 6.912, 12.288], "texture": "#1"},
				"east": {"uv": [6.912, 12.16, 6.912, 12.288], "texture": "#1"},
				"south": {"uv": [6.912, 12.16, 6.912, 12.288], "texture": "#1"},
				"west": {"uv": [6.912, 12.16, 6.912, 12.288], "texture": "#1"},
				"up": {"uv": [6.912, 12.16, 6.912, 12.288], "texture": "#1"},
				"down": {"uv": [6.912, 12.16, 6.912, 12.288], "texture": "#1"}
			}
		},
		{
			"name": "Bottom left to top right",
			"from": [11.8, -0.5, 6.9],
			"to": [12.1, -0.4, 9.1],
			"rotation": {"angle": 45, "axis": "z", "origin": [0, 0, 0]},
			"faces": {
				"north": {"uv": [1.536, 0.768, 1.536, 0.768], "texture": "#1"},
				"east": {"uv": [1.536, 0.768, 1.536, 0.768], "texture": "#1"},
				"south": {"uv": [1.536, 0.768, 1.536, 0.768], "texture": "#1"},
				"west": {"uv": [1.536, 0.768, 1.536, 0.768], "texture": "#1"},
				"up": {"uv": [1.536, 0.768, 1.536, 0.768], "texture": "#1"},
				"down": {"uv": [1.536, 0.768, 1.536, 0.768], "texture": "#1"}
			}
		},
		{
			"name": "Bottom left to top right",
			"from": [16, -0.3, 6.9],
			"to": [16.3, -0.2, 9.1],
			"rotation": {"angle": 45, "axis": "z", "origin": [0, 0, 0]},
			"faces": {
				"north": {"uv": [14.976, 3.456, 14.976, 3.584], "texture": "#1"},
				"east": {"uv": [14.976, 3.456, 14.976, 3.584], "texture": "#1"},
				"south": {"uv": [14.976, 3.456, 14.976, 3.584], "texture": "#1"},
				"west": {"uv": [14.976, 3.456, 14.976, 3.584], "texture": "#1"},
				"up": {"uv": [14.976, 3.456, 14.976, 3.584], "texture": "#1"},
				"down": {"uv": [14.976, 3.456, 14.976, 3.584], "texture": "#1"}
			}
		},
		{
			"name": "Bottom left to top right",
			"from": [9, -0.3, 6.9],
			"to": [9.3, -0.2, 9.1],
			"rotation": {"angle": 45, "axis": "z", "origin": [0, 0, 0]},
			"faces": {
				"north": {"uv": [4.992, 12.544, 4.992, 12.672], "texture": "#1"},
				"east": {"uv": [4.992, 12.544, 4.992, 12.672], "texture": "#1"},
				"south": {"uv": [4.992, 12.544, 4.992, 12.672], "texture": "#1"},
				"west": {"uv": [4.992, 12.544, 4.992, 12.672], "texture": "#1"},
				"up": {"uv": [4.992, 12.544, 4.992, 12.672], "texture": "#1"},
				"down": {"uv": [4.992, 12.544, 4.992, 12.672], "texture": "#1"}
			}
		},
		{
			"name": "Bottom left to top right",
			"from": [5.2, 5.2, 6.9],
			"to": [5.3, 5.5, 9.1],
			"faces": {
				"north": {"uv": [6.4, 11.776, 6.4, 11.776], "rotation": 90, "texture": "#1"},
				"east": {"uv": [6.4, 11.776, 6.4, 11.776], "rotation": 90, "texture": "#1"},
				"south": {"uv": [6.4, 11.776, 6.4, 11.776], "rotation": 90, "texture": "#1"},
				"west": {"uv": [6.4, 11.776, 6.4, 11.776], "rotation": 90, "texture": "#1"},
				"up": {"uv": [6.4, 11.776, 6.4, 11.776], "rotation": 90, "texture": "#1"},
				"down": {"uv": [6.4, 11.776, 6.4, 11.776], "rotation": 90, "texture": "#1"}
			}
		},
		{
			"name": "Bottom left to top right",
			"from": [7.2, 7.2, 6.9],
			"to": [7.3, 7.5, 9.1],
			"faces": {
				"north": {"uv": [8.96, 3.328, 8.96, 3.456], "rotation": 90, "texture": "#1"},
				"east": {"uv": [8.96, 3.328, 8.96, 3.456], "rotation": 90, "texture": "#1"},
				"south": {"uv": [8.96, 3.328, 8.96, 3.456], "rotation": 90, "texture": "#1"},
				"west": {"uv": [8.96, 3.328, 8.96, 3.456], "rotation": 90, "texture": "#1"},
				"up": {"uv": [8.96, 3.328, 8.96, 3.456], "rotation": 90, "texture": "#1"},
				"down": {"uv": [8.96, 3.328, 8.96, 3.456], "rotation": 90, "texture": "#1"}
			}
		},
		{
			"name": "Bottom left to top right",
			"from": [9.2, 9.2, 6.9],
			"to": [9.3, 9.5, 9.1],
			"faces": {
				"north": {"uv": [14.976, 3.968, 14.976, 4.096], "rotation": 90, "texture": "#1"},
				"east": {"uv": [14.976, 3.968, 14.976, 4.096], "rotation": 90, "texture": "#1"},
				"south": {"uv": [14.976, 3.968, 14.976, 4.096], "rotation": 90, "texture": "#1"},
				"west": {"uv": [14.976, 3.968, 14.976, 4.096], "rotation": 90, "texture": "#1"},
				"up": {"uv": [14.976, 3.968, 14.976, 4.096], "rotation": 90, "texture": "#1"},
				"down": {"uv": [14.976, 3.968, 14.976, 4.096], "rotation": 90, "texture": "#1"}
			}
		},
		{
			"name": "Bottom left to top right",
			"from": [13.5, 0.2, 6.9],
			"to": [13.6, 0.5, 9.1],
			"rotation": {"angle": 45, "axis": "z", "origin": [0, 0, 0]},
			"faces": {
				"north": {"uv": [4.992, 12.16, 4.992, 12.16], "rotation": 90, "texture": "#1"},
				"east": {"uv": [4.992, 12.16, 4.992, 12.16], "rotation": 90, "texture": "#1"},
				"south": {"uv": [4.992, 12.16, 4.992, 12.16], "rotation": 90, "texture": "#1"},
				"west": {"uv": [4.992, 12.16, 4.992, 12.16], "rotation": 90, "texture": "#1"},
				"up": {"uv": [4.992, 12.16, 4.992, 12.16], "rotation": 90, "texture": "#1"},
				"down": {"uv": [4.992, 12.16, 4.992, 12.16], "rotation": 90, "texture": "#1"}
			}
		},
		{
			"name": "Bottom left to top right",
			"from": [10.5, -0.3, 6.9],
			"to": [10.6, 0, 9.1],
			"rotation": {"angle": 45, "axis": "z", "origin": [0, 0, 0]},
			"faces": {
				"north": {"uv": [14.976, 3.456, 15.616, 4.48], "rotation": 90, "texture": "#1"},
				"east": {"uv": [14.976, 3.456, 15.616, 4.48], "rotation": 90, "texture": "#1"},
				"south": {"uv": [14.976, 3.456, 15.616, 4.48], "rotation": 90, "texture": "#1"},
				"west": {"uv": [14.976, 3.456, 15.616, 4.48], "rotation": 90, "texture": "#1"},
				"up": {"uv": [14.976, 3.456, 15.616, 4.48], "rotation": 90, "texture": "#1"},
				"down": {"uv": [14.976, 3.456, 15.616, 4.48], "rotation": 90, "texture": "#1"}
			}
		},
		{
			"name": "Bottom left to top right",
			"from": [14.5, -0.3, 6.9],
			"to": [14.6, 0, 9.1],
			"rotation": {"angle": 45, "axis": "z", "origin": [0, 0, 0]},
			"faces": {
				"north": {"uv": [2.432, 6.272, 2.432, 6.272], "rotation": 90, "texture": "#1"},
				"east": {"uv": [2.432, 6.272, 2.432, 6.272], "rotation": 90, "texture": "#1"},
				"south": {"uv": [2.432, 6.272, 2.432, 6.272], "rotation": 90, "texture": "#1"},
				"west": {"uv": [2.432, 6.272, 2.432, 6.272], "rotation": 90, "texture": "#1"},
				"up": {"uv": [2.432, 6.272, 2.432, 6.272], "rotation": 90, "texture": "#1"},
				"down": {"uv": [2.432, 6.272, 2.432, 6.272], "rotation": 90, "texture": "#1"}
			}
		},
		{
			"name": "Bottom left to top right",
			"from": [9.3, -0.3, 6.9],
			"to": [9.4, 0, 9.1],
			"rotation": {"angle": 45, "axis": "z", "origin": [0, 0, 0]},
			"faces": {
				"north": {"uv": [2.688, 5.888, 2.816, 6.144], "rotation": 90, "texture": "#1"},
				"east": {"uv": [2.688, 5.888, 2.816, 6.144], "rotation": 90, "texture": "#1"},
				"south": {"uv": [2.688, 5.888, 2.816, 6.144], "rotation": 90, "texture": "#1"},
				"west": {"uv": [2.688, 5.888, 2.816, 6.144], "rotation": 90, "texture": "#1"},
				"up": {"uv": [2.688, 5.888, 2.816, 6.144], "rotation": 90, "texture": "#1"},
				"down": {"uv": [2.688, 5.888, 2.816, 6.144], "rotation": 90, "texture": "#1"}
			}
		},
		{
			"name": "Bottom left to top right",
			"from": [6, -0.3, 6.9],
			"to": [6.1, 0, 9.1],
			"rotation": {"angle": 45, "axis": "z", "origin": [0, 0, 0]},
			"faces": {
				"north": {"uv": [2.688, 5.888, 2.816, 6.144], "rotation": 90, "texture": "#1"},
				"east": {"uv": [2.688, 5.888, 2.816, 6.144], "rotation": 90, "texture": "#1"},
				"south": {"uv": [2.688, 5.888, 2.816, 6.144], "rotation": 90, "texture": "#1"},
				"west": {"uv": [2.688, 5.888, 2.816, 6.144], "rotation": 90, "texture": "#1"},
				"up": {"uv": [2.688, 5.888, 2.816, 6.144], "rotation": 90, "texture": "#1"},
				"down": {"uv": [2.688, 5.888, 2.816, 6.144], "rotation": 90, "texture": "#1"}
			}
		},
		{
			"name": "Bottom left to top right",
			"from": [3, 7, 6.9],
			"to": [3.3, 7.1, 9.1],
			"rotation": {"angle": -22.5, "axis": "z", "origin": [0, 0, 0]},
			"faces": {
				"north": {"uv": [2.304, 11.52, 2.944, 12.544], "rotation": 180, "texture": "#1"},
				"east": {"uv": [2.304, 11.52, 2.944, 12.544], "rotation": 180, "texture": "#1"},
				"south": {"uv": [2.304, 11.52, 2.944, 12.544], "rotation": 180, "texture": "#1"},
				"west": {"uv": [2.304, 11.52, 2.944, 12.544], "rotation": 180, "texture": "#1"},
				"up": {"uv": [2.304, 11.52, 2.944, 12.544], "rotation": 180, "texture": "#1"},
				"down": {"uv": [2.304, 11.52, 2.944, 12.544], "rotation": 180, "texture": "#1"}
			}
		},
		{
			"name": "Bottom left to top right",
			"from": [4, 10, 6.9],
			"to": [4.3, 10.1, 9.1],
			"rotation": {"angle": -22.5, "axis": "z", "origin": [0, 0, 0]},
			"faces": {
				"north": {"uv": [2.304, 11.52, 2.944, 12.544], "rotation": 180, "texture": "#1"},
				"east": {"uv": [2.304, 11.52, 2.944, 12.544], "rotation": 180, "texture": "#1"},
				"south": {"uv": [2.304, 11.52, 2.944, 12.544], "rotation": 180, "texture": "#1"},
				"west": {"uv": [2.304, 11.52, 2.944, 12.544], "rotation": 180, "texture": "#1"},
				"up": {"uv": [2.304, 11.52, 2.944, 12.544], "rotation": 180, "texture": "#1"},
				"down": {"uv": [2.304, 11.52, 2.944, 12.544], "rotation": 180, "texture": "#1"}
			}
		},
		{
			"name": "Bottom left to top right",
			"from": [5.1, 12.8, 6.9],
			"to": [5.4, 12.9, 9.1],
			"rotation": {"angle": -22.5, "axis": "z", "origin": [0, 0, 0]},
			"faces": {
				"north": {"uv": [2.304, 11.52, 2.944, 12.544], "rotation": 180, "texture": "#1"},
				"east": {"uv": [2.304, 11.52, 2.944, 12.544], "rotation": 180, "texture": "#1"},
				"south": {"uv": [2.304, 11.52, 2.944, 12.544], "rotation": 180, "texture": "#1"},
				"west": {"uv": [2.304, 11.52, 2.944, 12.544], "rotation": 180, "texture": "#1"},
				"up": {"uv": [2.304, 11.52, 2.944, 12.544], "rotation": 180, "texture": "#1"},
				"down": {"uv": [2.304, 11.52, 2.944, 12.544], "rotation": 180, "texture": "#1"}
			}
		},
		{
			"name": "Bottom left to top right",
			"from": [6, 15, 6.9],
			"to": [6.3, 15.1, 9.1],
			"rotation": {"angle": -22.5, "axis": "z", "origin": [0, 0, 0]},
			"faces": {
				"north": {"uv": [1.536, 0.768, 1.536, 0.768], "rotation": 180, "texture": "#1"},
				"east": {"uv": [1.536, 0.768, 1.536, 0.768], "rotation": 180, "texture": "#1"},
				"south": {"uv": [1.536, 0.768, 1.536, 0.768], "rotation": 180, "texture": "#1"},
				"west": {"uv": [1.536, 0.768, 1.536, 0.768], "rotation": 180, "texture": "#1"},
				"up": {"uv": [1.536, 0.768, 1.536, 0.768], "rotation": 180, "texture": "#1"},
				"down": {"uv": [1.536, 0.768, 1.536, 0.768], "rotation": 180, "texture": "#1"}
			}
		},
		{
			"name": "Bottom left to top right",
			"from": [12, 11, 7.5],
			"to": [14, 12, 8.5],
			"faces": {
				"north": {"uv": [0.896, 8.448, 2.816, 10.24], "texture": "#1"},
				"east": {"uv": [0.896, 8.448, 2.816, 10.24], "texture": "#1"},
				"south": {"uv": [0.896, 8.448, 2.816, 10.24], "texture": "#1"},
				"west": {"uv": [0.896, 8.448, 2.816, 10.24], "texture": "#1"},
				"up": {"uv": [0.896, 8.448, 2.816, 10.24], "texture": "#1"},
				"down": {"uv": [0.896, 8.448, 2.816, 10.24], "texture": "#1"}
			}
		},
		{
			"name": "Bottom left to top right",
			"from": [11, 12, 7.25],
			"to": [12, 13, 8.75],
			"faces": {
				"north": {"uv": [0.896, 8.448, 2.816, 10.24], "texture": "#1"},
				"east": {"uv": [0.896, 8.448, 2.816, 10.24], "texture": "#1"},
				"south": {"uv": [0.896, 8.448, 2.816, 10.24], "texture": "#1"},
				"west": {"uv": [0.896, 8.448, 2.816, 10.24], "texture": "#1"},
				"up": {"uv": [0.896, 8.448, 2.816, 10.24], "texture": "#1"},
				"down": {"uv": [0.896, 8.448, 2.816, 10.24], "texture": "#1"}
			}
		},
		{
			"name": "Bottom left to top right",
			"from": [12, 12, 7],
			"to": [14, 13, 9],
			"faces": {
				"north": {"uv": [0.896, 8.448, 2.816, 10.24], "texture": "#1"},
				"east": {"uv": [0.896, 8.448, 2.816, 10.24], "texture": "#1"},
				"south": {"uv": [0.896, 8.448, 2.816, 10.24], "texture": "#1"},
				"west": {"uv": [0.896, 8.448, 2.816, 10.24], "texture": "#1"},
				"up": {"uv": [0.896, 8.448, 2.816, 10.24], "texture": "#1"},
				"down": {"uv": [0.896, 8.448, 2.816, 10.24], "texture": "#1"}
			}
		},
		{
			"name": "Bottom left to top right",
			"from": [14, 12, 7.5],
			"to": [15, 13, 8.5],
			"faces": {
				"north": {"uv": [0.896, 8.448, 2.816, 10.24], "texture": "#1"},
				"east": {"uv": [0.896, 8.448, 2.816, 10.24], "texture": "#1"},
				"south": {"uv": [0.896, 8.448, 2.816, 10.24], "texture": "#1"},
				"west": {"uv": [0.896, 8.448, 2.816, 10.24], "texture": "#1"},
				"up": {"uv": [0.896, 8.448, 2.816, 10.24], "texture": "#1"},
				"down": {"uv": [0.896, 8.448, 2.816, 10.24], "texture": "#1"}
			}
		},
		{
			"name": "Bottom left to top right",
			"from": [11, 13, 7],
			"to": [13, 14, 9],
			"faces": {
				"north": {"uv": [0.896, 8.448, 2.816, 10.24], "texture": "#1"},
				"east": {"uv": [0.896, 8.448, 2.816, 10.24], "texture": "#1"},
				"south": {"uv": [0.896, 8.448, 2.816, 10.24], "texture": "#1"},
				"west": {"uv": [0.896, 8.448, 2.816, 10.24], "texture": "#1"},
				"up": {"uv": [0.896, 8.448, 2.816, 10.24], "texture": "#1"},
				"down": {"uv": [0.896, 8.448, 2.816, 10.24], "texture": "#1"}
			}
		},
		{
			"name": "Bottom left to top right",
			"from": [13, 13, 7.25],
			"to": [14, 14, 8.75],
			"faces": {
				"north": {"uv": [0.896, 8.448, 2.816, 10.24], "texture": "#1"},
				"east": {"uv": [0.896, 8.448, 2.816, 10.24], "texture": "#1"},
				"south": {"uv": [0.896, 8.448, 2.816, 10.24], "texture": "#1"},
				"west": {"uv": [0.896, 8.448, 2.816, 10.24], "texture": "#1"},
				"up": {"uv": [0.896, 8.448, 2.816, 10.24], "texture": "#1"},
				"down": {"uv": [0.896, 8.448, 2.816, 10.24], "texture": "#1"}
			}
		},
		{
			"name": "Bottom left to top right",
			"from": [12, 14, 7.25],
			"to": [13, 15, 8.75],
			"faces": {
				"north": {"uv": [0.896, 8.448, 2.816, 10.24], "texture": "#1"},
				"east": {"uv": [0.896, 8.448, 2.816, 10.24], "texture": "#1"},
				"south": {"uv": [0.896, 8.448, 2.816, 10.24], "texture": "#1"},
				"west": {"uv": [0.896, 8.448, 2.816, 10.24], "texture": "#1"},
				"up": {"uv": [0.896, 8.448, 2.816, 10.24], "texture": "#1"},
				"down": {"uv": [0.896, 8.448, 2.816, 10.24], "texture": "#1"}
			}
		},
		{
			"name": "Bottom left to top right",
			"from": [13, 14, 7.5],
			"to": [14, 15, 8.5],
			"faces": {
				"north": {"uv": [0.896, 8.448, 2.816, 10.24], "texture": "#1"},
				"east": {"uv": [0.896, 8.448, 2.816, 10.24], "texture": "#1"},
				"south": {"uv": [0.896, 8.448, 2.816, 10.24], "texture": "#1"},
				"west": {"uv": [0.896, 8.448, 2.816, 10.24], "texture": "#1"},
				"up": {"uv": [0.896, 8.448, 2.816, 10.24], "texture": "#1"},
				"down": {"uv": [0.896, 8.448, 2.816, 10.24], "texture": "#1"}
			}
		}
	],
	"display": {
		"thirdperson_righthand": {
			"rotation": [0, -90, 40],
			"translation": [0, 4, 1.5],
			"scale": [0.85, 0.85, 0.85]
		},
		"thirdperson_lefthand": {
			"rotation": [0, 90, -40],
			"translation": [0, 4, 1.5],
			"scale": [0.85, 0.85, 0.85]
		},
		"firstperson_righthand": {
			"rotation": [0, -90, 25],
			"translation": [1.13, 3.5, 1.13],
			"scale": [0.68, 0.68, 0.68]
		},
		"firstperson_lefthand": {
			"rotation": [0, 90, -25],
			"translation": [1.13, 3.5, 1.13],
			"scale": [0.68, 0.68, 0.68]
		},
		"ground": {
			"translation": [0, 3, 0],
			"scale": [0.5, 0.5, 0.5]
		},
		"gui": {
			"rotation": [10, 10, 10]
		},
		"head": {
			"rotation": [0, 180, 0],
			"translation": [3.75, 3.75, 0.75]
		},
		"fixed": {
			"rotation": [-20, 0, 0],
			"translation": [0, 0, -2.25],
			"scale": [1.02, 1.02, 1.02]
		}
	}
}