{
	"credit": "Made with Blockbench",
	"textures": {
		"particle": "item/colour/stone/3",
		"block": "item/colour/stone/3"
	},
	"elements": [
		{
			"name": "Bottom north-west",
			"from": [5, 0, 5],
			"to": [6, 1, 6],
			"faces": {
				"north": {"uv": [0, 0, 16, 16], "texture": "#block"},
				"east": {"uv": [0, 0, 16, 16], "texture": "#block"},
				"south": {"uv": [0, 0, 16, 16], "texture": "#block"},
				"west": {"uv": [0, 0, 16, 16], "texture": "#block"},
				"up": {"uv": [0, 0, 16, 16], "texture": "#block"},
				"down": {"uv": [0, 0, 16, 16], "texture": "#block"}
			}
		},
		{
			"name": "Bottom north",
			"from": [6, 0, 4],
			"to": [7, 1, 5],
			"faces": {
				"north": {"uv": [0, 0, 16, 16], "texture": "#block"},
				"east": {"uv": [0, 0, 16, 16], "texture": "#block"},
				"south": {"uv": [0, 0, 16, 16], "texture": "#block"},
				"west": {"uv": [0, 0, 16, 16], "texture": "#block"},
				"up": {"uv": [0, 0, 16, 16], "texture": "#block"},
				"down": {"uv": [0, 0, 16, 16], "texture": "#block"}
			}
		},
		{
			"name": "Bottom north",
			"from": [7, 0, 4],
			"to": [8, 1, 5],
			"faces": {
				"north": {"uv": [0, 0, 16, 16], "texture": "#block"},
				"east": {"uv": [0, 0, 16, 16], "texture": "#block"},
				"south": {"uv": [0, 0, 16, 16], "texture": "#block"},
				"west": {"uv": [0, 0, 16, 16], "texture": "#block"},
				"up": {"uv": [0, 0, 16, 16], "texture": "#block"},
				"down": {"uv": [0, 0, 16, 16], "texture": "#block"}
			}
		},
		{
			"name": "Bottom north",
			"from": [9, 0, 4],
			"to": [10, 1, 5],
			"faces": {
				"north": {"uv": [0, 0, 16, 16], "texture": "#block"},
				"east": {"uv": [0, 0, 16, 16], "texture": "#block"},
				"south": {"uv": [0, 0, 16, 16], "texture": "#block"},
				"west": {"uv": [0, 0, 16, 16], "texture": "#block"},
				"up": {"uv": [0, 0, 16, 16], "texture": "#block"},
				"down": {"uv": [0, 0, 16, 16], "texture": "#block"}
			}
		},
		{
			"name": "Bottom north",
			"from": [8, 0, 4],
			"to": [9, 1, 5],
			"faces": {
				"north": {"uv": [0, 0, 16, 16], "texture": "#block"},
				"east": {"uv": [0, 0, 16, 16], "texture": "#block"},
				"south": {"uv": [0, 0, 16, 16], "texture": "#block"},
				"west": {"uv": [0, 0, 16, 16], "texture": "#block"},
				"up": {"uv": [0, 0, 16, 16], "texture": "#block"},
				"down": {"uv": [0, 0, 16, 16], "texture": "#block"}
			}
		},
		{
			"name": "Bottom north-east",
			"from": [10, 0, 5],
			"to": [11, 1, 6],
			"faces": {
				"north": {"uv": [0, 0, 16, 16], "texture": "#block"},
				"east": {"uv": [0, 0, 16, 16], "texture": "#block"},
				"south": {"uv": [0, 0, 16, 16], "texture": "#block"},
				"west": {"uv": [0, 0, 16, 16], "texture": "#block"},
				"up": {"uv": [0, 0, 16, 16], "texture": "#block"},
				"down": {"uv": [0, 0, 16, 16], "texture": "#block"}
			}
		},
		{
			"name": "Bottom east",
			"from": [11, 0, 6],
			"to": [12, 1, 7],
			"faces": {
				"north": {"uv": [0, 0, 16, 16], "texture": "#block"},
				"east": {"uv": [0, 0, 16, 16], "texture": "#block"},
				"south": {"uv": [0, 0, 16, 16], "texture": "#block"},
				"west": {"uv": [0, 0, 16, 16], "texture": "#block"},
				"up": {"uv": [0, 0, 16, 16], "texture": "#block"},
				"down": {"uv": [0, 0, 16, 16], "texture": "#block"}
			}
		},
		{
			"name": "Bottom east",
			"from": [11, 0, 7],
			"to": [12, 1, 8],
			"faces": {
				"north": {"uv": [0, 0, 16, 16], "texture": "#block"},
				"east": {"uv": [0, 0, 16, 16], "texture": "#block"},
				"south": {"uv": [0, 0, 16, 16], "texture": "#block"},
				"west": {"uv": [0, 0, 16, 16], "texture": "#block"},
				"up": {"uv": [0, 0, 16, 16], "texture": "#block"},
				"down": {"uv": [0, 0, 16, 16], "texture": "#block"}
			}
		},
		{
			"name": "Bottom east",
			"from": [11, 0, 8],
			"to": [12, 1, 9],
			"faces": {
				"north": {"uv": [0, 0, 16, 16], "texture": "#block"},
				"east": {"uv": [0, 0, 16, 16], "texture": "#block"},
				"south": {"uv": [0, 0, 16, 16], "texture": "#block"},
				"west": {"uv": [0, 0, 16, 16], "texture": "#block"},
				"up": {"uv": [0, 0, 16, 16], "texture": "#block"},
				"down": {"uv": [0, 0, 16, 16], "texture": "#block"}
			}
		},
		{
			"name": "Bottom east",
			"from": [11, 0, 9],
			"to": [12, 1, 10],
			"faces": {
				"north": {"uv": [0, 0, 16, 16], "texture": "#block"},
				"east": {"uv": [0, 0, 16, 16], "texture": "#block"},
				"south": {"uv": [0, 0, 16, 16], "texture": "#block"},
				"west": {"uv": [0, 0, 16, 16], "texture": "#block"},
				"up": {"uv": [0, 0, 16, 16], "texture": "#block"},
				"down": {"uv": [0, 0, 16, 16], "texture": "#block"}
			}
		},
		{
			"name": "Bottom south-east",
			"from": [10, 0, 10],
			"to": [11, 1, 11],
			"faces": {
				"north": {"uv": [0, 0, 16, 16], "texture": "#block"},
				"east": {"uv": [0, 0, 16, 16], "texture": "#block"},
				"south": {"uv": [0, 0, 16, 16], "texture": "#block"},
				"west": {"uv": [0, 0, 16, 16], "texture": "#block"},
				"up": {"uv": [0, 0, 16, 16], "texture": "#block"},
				"down": {"uv": [0, 0, 16, 16], "texture": "#block"}
			}
		},
		{
			"name": "Bottom south-east",
			"from": [11, 0, 10],
			"to": [11.5, 1, 10.5],
			"faces": {
				"north": {"uv": [0, 0, 16, 16], "texture": "#block"},
				"east": {"uv": [0, 0, 16, 16], "texture": "#block"},
				"south": {"uv": [0, 0, 16, 16], "texture": "#block"},
				"west": {"uv": [0, 0, 16, 16], "texture": "#block"},
				"up": {"uv": [0, 0, 16, 16], "texture": "#block"},
				"down": {"uv": [0, 0, 16, 16], "texture": "#block"}
			}
		},
		{
			"name": "Bottom south-east",
			"from": [10, 0, 11],
			"to": [10.5, 1, 11.5],
			"faces": {
				"north": {"uv": [0, 0, 16, 16], "texture": "#block"},
				"east": {"uv": [0, 0, 16, 16], "texture": "#block"},
				"south": {"uv": [0, 0, 16, 16], "texture": "#block"},
				"west": {"uv": [0, 0, 16, 16], "texture": "#block"},
				"up": {"uv": [0, 0, 16, 16], "texture": "#block"},
				"down": {"uv": [0, 0, 16, 16], "texture": "#block"}
			}
		},
		{
			"name": "Bottom south-east",
			"from": [5.5, 0, 11],
			"to": [6, 1, 11.5],
			"faces": {
				"north": {"uv": [0, 0, 16, 16], "texture": "#block"},
				"east": {"uv": [0, 0, 16, 16], "texture": "#block"},
				"south": {"uv": [0, 0, 16, 16], "texture": "#block"},
				"west": {"uv": [0, 0, 16, 16], "texture": "#block"},
				"up": {"uv": [0, 0, 16, 16], "texture": "#block"},
				"down": {"uv": [0, 0, 16, 16], "texture": "#block"}
			}
		},
		{
			"name": "Bottom south-east",
			"from": [4.5, 0, 10],
			"to": [5, 1, 10.5],
			"faces": {
				"north": {"uv": [0, 0, 16, 16], "texture": "#block"},
				"east": {"uv": [0, 0, 16, 16], "texture": "#block"},
				"south": {"uv": [0, 0, 16, 16], "texture": "#block"},
				"west": {"uv": [0, 0, 16, 16], "texture": "#block"},
				"up": {"uv": [0, 0, 16, 16], "texture": "#block"},
				"down": {"uv": [0, 0, 16, 16], "texture": "#block"}
			}
		},
		{
			"name": "Bottom south-east",
			"from": [4.5, 0, 5.5],
			"to": [5, 1, 6],
			"faces": {
				"north": {"uv": [0, 0, 16, 16], "texture": "#block"},
				"east": {"uv": [0, 0, 16, 16], "texture": "#block"},
				"south": {"uv": [0, 0, 16, 16], "texture": "#block"},
				"west": {"uv": [0, 0, 16, 16], "texture": "#block"},
				"up": {"uv": [0, 0, 16, 16], "texture": "#block"},
				"down": {"uv": [0, 0, 16, 16], "texture": "#block"}
			}
		},
		{
			"name": "Bottom south-east",
			"from": [5.5, 0, 4.5],
			"to": [6, 1, 5],
			"faces": {
				"north": {"uv": [0, 0, 16, 16], "texture": "#block"},
				"east": {"uv": [0, 0, 16, 16], "texture": "#block"},
				"south": {"uv": [0, 0, 16, 16], "texture": "#block"},
				"west": {"uv": [0, 0, 16, 16], "texture": "#block"},
				"up": {"uv": [0, 0, 16, 16], "texture": "#block"},
				"down": {"uv": [0, 0, 16, 16], "texture": "#block"}
			}
		},
		{
			"name": "Bottom south-east",
			"from": [10, 0, 4.5],
			"to": [10.5, 1, 5],
			"faces": {
				"north": {"uv": [0, 0, 16, 16], "texture": "#block"},
				"east": {"uv": [0, 0, 16, 16], "texture": "#block"},
				"south": {"uv": [0, 0, 16, 16], "texture": "#block"},
				"west": {"uv": [0, 0, 16, 16], "texture": "#block"},
				"up": {"uv": [0, 0, 16, 16], "texture": "#block"},
				"down": {"uv": [0, 0, 16, 16], "texture": "#block"}
			}
		},
		{
			"name": "Bottom south-east",
			"from": [11, 0, 5.5],
			"to": [11.5, 1, 6],
			"faces": {
				"north": {"uv": [0, 0, 16, 16], "texture": "#block"},
				"east": {"uv": [0, 0, 16, 16], "texture": "#block"},
				"south": {"uv": [0, 0, 16, 16], "texture": "#block"},
				"west": {"uv": [0, 0, 16, 16], "texture": "#block"},
				"up": {"uv": [0, 0, 16, 16], "texture": "#block"},
				"down": {"uv": [0, 0, 16, 16], "texture": "#block"}
			}
		},
		{
			"name": "Bottom south-east",
			"from": [9.5, 0, 5],
			"to": [10, 1, 5.5],
			"faces": {
				"north": {"uv": [0, 0, 16, 16], "texture": "#block"},
				"east": {"uv": [0, 0, 16, 16], "texture": "#block"},
				"south": {"uv": [0, 0, 16, 16], "texture": "#block"},
				"west": {"uv": [0, 0, 16, 16], "texture": "#block"},
				"up": {"uv": [0, 0, 16, 16], "texture": "#block"},
				"down": {"uv": [0, 0, 16, 16], "texture": "#block"}
			}
		},
		{
			"name": "Bottom south-east",
			"from": [10.5, 0, 6],
			"to": [11, 1, 6.5],
			"faces": {
				"north": {"uv": [0, 0, 16, 16], "texture": "#block"},
				"east": {"uv": [0, 0, 16, 16], "texture": "#block"},
				"south": {"uv": [0, 0, 16, 16], "texture": "#block"},
				"west": {"uv": [0, 0, 16, 16], "texture": "#block"},
				"up": {"uv": [0, 0, 16, 16], "texture": "#block"},
				"down": {"uv": [0, 0, 16, 16], "texture": "#block"}
			}
		},
		{
			"name": "Bottom south-east",
			"from": [10.5, 0, 9.5],
			"to": [11, 1, 10],
			"faces": {
				"north": {"uv": [0, 0, 16, 16], "texture": "#block"},
				"east": {"uv": [0, 0, 16, 16], "texture": "#block"},
				"south": {"uv": [0, 0, 16, 16], "texture": "#block"},
				"west": {"uv": [0, 0, 16, 16], "texture": "#block"},
				"up": {"uv": [0, 0, 16, 16], "texture": "#block"},
				"down": {"uv": [0, 0, 16, 16], "texture": "#block"}
			}
		},
		{
			"name": "Bottom south-east",
			"from": [9.5, 0, 10.5],
			"to": [10, 1, 11],
			"faces": {
				"north": {"uv": [0, 0, 16, 16], "texture": "#block"},
				"east": {"uv": [0, 0, 16, 16], "texture": "#block"},
				"south": {"uv": [0, 0, 16, 16], "texture": "#block"},
				"west": {"uv": [0, 0, 16, 16], "texture": "#block"},
				"up": {"uv": [0, 0, 16, 16], "texture": "#block"},
				"down": {"uv": [0, 0, 16, 16], "texture": "#block"}
			}
		},
		{
			"name": "Bottom south-east",
			"from": [6, 0, 10.5],
			"to": [6.5, 1, 11],
			"faces": {
				"north": {"uv": [0, 0, 16, 16], "texture": "#block"},
				"east": {"uv": [0, 0, 16, 16], "texture": "#block"},
				"south": {"uv": [0, 0, 16, 16], "texture": "#block"},
				"west": {"uv": [0, 0, 16, 16], "texture": "#block"},
				"up": {"uv": [0, 0, 16, 16], "texture": "#block"},
				"down": {"uv": [0, 0, 16, 16], "texture": "#block"}
			}
		},
		{
			"name": "Bottom south-east",
			"from": [5, 0, 9.5],
			"to": [5.5, 1, 10],
			"faces": {
				"north": {"uv": [0, 0, 16, 16], "texture": "#block"},
				"east": {"uv": [0, 0, 16, 16], "texture": "#block"},
				"south": {"uv": [0, 0, 16, 16], "texture": "#block"},
				"west": {"uv": [0, 0, 16, 16], "texture": "#block"},
				"up": {"uv": [0, 0, 16, 16], "texture": "#block"},
				"down": {"uv": [0, 0, 16, 16], "texture": "#block"}
			}
		},
		{
			"name": "Bottom south-east",
			"from": [5, 0, 6],
			"to": [5.5, 1, 6.5],
			"faces": {
				"north": {"uv": [0, 0, 16, 16], "texture": "#block"},
				"east": {"uv": [0, 0, 16, 16], "texture": "#block"},
				"south": {"uv": [0, 0, 16, 16], "texture": "#block"},
				"west": {"uv": [0, 0, 16, 16], "texture": "#block"},
				"up": {"uv": [0, 0, 16, 16], "texture": "#block"},
				"down": {"uv": [0, 0, 16, 16], "texture": "#block"}
			}
		},
		{
			"name": "Bottom south-east",
			"from": [6, 0, 5],
			"to": [6.5, 1, 5.5],
			"faces": {
				"north": {"uv": [0, 0, 16, 16], "texture": "#block"},
				"east": {"uv": [0, 0, 16, 16], "texture": "#block"},
				"south": {"uv": [0, 0, 16, 16], "texture": "#block"},
				"west": {"uv": [0, 0, 16, 16], "texture": "#block"},
				"up": {"uv": [0, 0, 16, 16], "texture": "#block"},
				"down": {"uv": [0, 0, 16, 16], "texture": "#block"}
			}
		},
		{
			"name": "Bottom south",
			"from": [6, 0, 11],
			"to": [7, 1, 12],
			"faces": {
				"north": {"uv": [0, 0, 16, 16], "texture": "#block"},
				"east": {"uv": [0, 0, 16, 16], "texture": "#block"},
				"south": {"uv": [0, 0, 16, 16], "texture": "#block"},
				"west": {"uv": [0, 0, 16, 16], "texture": "#block"},
				"up": {"uv": [0, 0, 16, 16], "texture": "#block"},
				"down": {"uv": [0, 0, 16, 16], "texture": "#block"}
			}
		},
		{
			"name": "Bottom south",
			"from": [7, 0, 11],
			"to": [8, 1, 12],
			"faces": {
				"north": {"uv": [0, 0, 16, 16], "texture": "#block"},
				"east": {"uv": [0, 0, 16, 16], "texture": "#block"},
				"south": {"uv": [0, 0, 16, 16], "texture": "#block"},
				"west": {"uv": [0, 0, 16, 16], "texture": "#block"},
				"up": {"uv": [0, 0, 16, 16], "texture": "#block"},
				"down": {"uv": [0, 0, 16, 16], "texture": "#block"}
			}
		},
		{
			"name": "Bottom south",
			"from": [8, 0, 11],
			"to": [9, 1, 12],
			"faces": {
				"north": {"uv": [0, 0, 16, 16], "texture": "#block"},
				"east": {"uv": [0, 0, 16, 16], "texture": "#block"},
				"south": {"uv": [0, 0, 16, 16], "texture": "#block"},
				"west": {"uv": [0, 0, 16, 16], "texture": "#block"},
				"up": {"uv": [0, 0, 16, 16], "texture": "#block"},
				"down": {"uv": [0, 0, 16, 16], "texture": "#block"}
			}
		},
		{
			"name": "Bottom south",
			"from": [9, 0, 11],
			"to": [10, 1, 12],
			"faces": {
				"north": {"uv": [0, 0, 16, 16], "texture": "#block"},
				"east": {"uv": [0, 0, 16, 16], "texture": "#block"},
				"south": {"uv": [0, 0, 16, 16], "texture": "#block"},
				"west": {"uv": [0, 0, 16, 16], "texture": "#block"},
				"up": {"uv": [0, 0, 16, 16], "texture": "#block"},
				"down": {"uv": [0, 0, 16, 16], "texture": "#block"}
			}
		},
		{
			"name": "Bottom south-west",
			"from": [5, 0, 10],
			"to": [6, 1, 11],
			"faces": {
				"north": {"uv": [0, 0, 16, 16], "texture": "#block"},
				"east": {"uv": [0, 0, 16, 16], "texture": "#block"},
				"south": {"uv": [0, 0, 16, 16], "texture": "#block"},
				"west": {"uv": [0, 0, 16, 16], "texture": "#block"},
				"up": {"uv": [0, 0, 16, 16], "texture": "#block"},
				"down": {"uv": [0, 0, 16, 16], "texture": "#block"}
			}
		},
		{
			"name": "Lower-middle west",
			"from": [4, 0, 6],
			"to": [5, 1, 7],
			"faces": {
				"north": {"uv": [0, 0, 16, 16], "texture": "#block"},
				"east": {"uv": [0, 0, 16, 16], "texture": "#block"},
				"south": {"uv": [0, 0, 16, 16], "texture": "#block"},
				"west": {"uv": [0, 0, 16, 16], "texture": "#block"},
				"up": {"uv": [0, 0, 16, 16], "texture": "#block"},
				"down": {"uv": [0, 0, 16, 16], "texture": "#block"}
			}
		},
		{
			"name": "Lower-middle west",
			"from": [4, 0, 7],
			"to": [5, 1, 8],
			"faces": {
				"north": {"uv": [0, 0, 16, 16], "texture": "#block"},
				"east": {"uv": [0, 0, 16, 16], "texture": "#block"},
				"south": {"uv": [0, 0, 16, 16], "texture": "#block"},
				"west": {"uv": [0, 0, 16, 16], "texture": "#block"},
				"up": {"uv": [0, 0, 16, 16], "texture": "#block"},
				"down": {"uv": [0, 0, 16, 16], "texture": "#block"}
			}
		},
		{
			"name": "Lower-middle west",
			"from": [4, 0, 8],
			"to": [5, 1, 9],
			"faces": {
				"north": {"uv": [0, 0, 16, 16], "texture": "#block"},
				"east": {"uv": [0, 0, 16, 16], "texture": "#block"},
				"south": {"uv": [0, 0, 16, 16], "texture": "#block"},
				"west": {"uv": [0, 0, 16, 16], "texture": "#block"},
				"up": {"uv": [0, 0, 16, 16], "texture": "#block"},
				"down": {"uv": [0, 0, 16, 16], "texture": "#block"}
			}
		},
		{
			"name": "Lower-middle west",
			"from": [4, 0, 9],
			"to": [5, 1, 10],
			"faces": {
				"north": {"uv": [0, 0, 16, 16], "texture": "#block"},
				"east": {"uv": [0, 0, 16, 16], "texture": "#block"},
				"south": {"uv": [0, 0, 16, 16], "texture": "#block"},
				"west": {"uv": [0, 0, 16, 16], "texture": "#block"},
				"up": {"uv": [0, 0, 16, 16], "texture": "#block"},
				"down": {"uv": [0, 0, 16, 16], "texture": "#block"}
			}
		}
	],
	"display": {
		"thirdperson_righthand": {
			"rotation": [0, 90, 22.5],
			"translation": [0, 1.5, -1.5],
			"scale": [0.5, 0.5, 0.5]
		},
		"thirdperson_lefthand": {
			"rotation": [0, 270, -22.5],
			"translation": [0, 1.5, -1.5],
			"scale": [0.5, 0.5, 0.5]
		},
		"firstperson_righthand": {
			"rotation": [0, -90, 0],
			"translation": [-1.5, 3, 2.5],
			"scale": [0.4, 0.4, 0.4]
		},
		"firstperson_lefthand": {
			"rotation": [0, 90, 0],
			"translation": [-1.5, 3, 2.5],
			"scale": [0.4, 0.4, 0.4]
		},
		"ground": {
			"translation": [0, 3, 0],
			"scale": [0.5, 0.5, 0.5]
		},
		"gui": {
			"rotation": [30, -45, 0],
			"translation": [0, 1, 0],
			"scale": [0.85, 0.85, 0.85]
		},
		"head": {
			"rotation": [0, 180, 0],
			"translation": [0, 13, 7]
		},
		"fixed": {
			"rotation": [-20, 180, 0],
			"translation": [0, 1, -3.25],
			"scale": [0.85, 0.85, 0.85]
		}
	}
}