{
	"credit": "Made with Blockbench",
	"textures": {
		"1": "item/boat/0",
		"2": "item/boat/1-1",
		"particle": "item/boat/1-1"
	},
	"elements": [
		{
			"name": "Bottom",
			"from": [5.5, -11, 5.5],
			"to": [10.5, -10, 10.5],
			"faces": {
				"north": {"uv": [15, 15, 16, 16], "texture": "#1"},
				"east": {"uv": [15, 15, 16, 16], "texture": "#1"},
				"south": {"uv": [15, 15, 16, 16], "texture": "#1"},
				"west": {"uv": [15, 15, 16, 16], "texture": "#1"},
				"up": {"uv": [15, 15, 16, 16], "texture": "#1"},
				"down": {"uv": [15, 15, 16, 16], "texture": "#1"}
			}
		},
		{
			"name": "North",
			"from": [5.5, -10, 4.5],
			"to": [10.5, 6, 5.5],
			"faces": {
				"north": {"uv": [15, 15, 16, 16], "texture": "#1"},
				"east": {"uv": [15, 15, 16, 16], "texture": "#1"},
				"south": {"uv": [15, 15, 16, 16], "texture": "#1"},
				"west": {"uv": [15, 15, 16, 16], "texture": "#1"},
				"up": {"uv": [15, 15, 16, 16], "texture": "#1"},
				"down": {"uv": [15, 15, 16, 16], "texture": "#1"}
			}
		},
		{
			"name": "East",
			"from": [10.5, -10, 5.5],
			"to": [11.5, 6, 10.5],
			"faces": {
				"north": {"uv": [15, 15, 16, 16], "texture": "#1"},
				"east": {"uv": [15, 15, 16, 16], "texture": "#1"},
				"south": {"uv": [15, 15, 16, 16], "texture": "#1"},
				"west": {"uv": [15, 15, 16, 16], "texture": "#1"},
				"up": {"uv": [15, 15, 16, 16], "texture": "#1"},
				"down": {"uv": [15, 15, 16, 16], "texture": "#1"}
			}
		},
		{
			"name": "East",
			"from": [11.5, -2, 5.5],
			"to": [11.6, 2, 10.5],
			"faces": {
				"north": {"uv": [7.4354, 2.86645, 13.55049, 9.65907], "texture": "#2"},
				"east": {"uv": [10.53045, 7.00982, 12.69941, 8.92731], "texture": "#2"},
				"south": {"uv": [7.4354, 2.86645, 13.55049, 9.65907], "texture": "#2"},
				"west": {"uv": [7.4354, 2.86645, 13.55049, 9.65907], "texture": "#2"},
				"up": {"uv": [7.4354, 2.86645, 13.55049, 9.65907], "texture": "#2"},
				"down": {"uv": [7.4354, 2.86645, 13.55049, 9.65907], "texture": "#2"}
			}
		},
		{
			"name": "South",
			"from": [5.5, -10, 10.5],
			"to": [10.5, 6, 11.5],
			"faces": {
				"north": {"uv": [15, 15, 16, 16], "texture": "#1"},
				"east": {"uv": [15, 15, 16, 16], "texture": "#1"},
				"south": {"uv": [15, 15, 16, 16], "texture": "#1"},
				"west": {"uv": [15, 15, 16, 16], "texture": "#1"},
				"up": {"uv": [15, 15, 16, 16], "texture": "#1"},
				"down": {"uv": [15, 15, 16, 16], "texture": "#1"}
			}
		},
		{
			"name": "West",
			"from": [4.5, -10, 5.5],
			"to": [5.5, 6, 10.5],
			"faces": {
				"north": {"uv": [15, 15, 16, 16], "texture": "#1"},
				"east": {"uv": [15, 15, 16, 16], "texture": "#1"},
				"south": {"uv": [15, 15, 16, 16], "texture": "#1"},
				"west": {"uv": [15, 15, 16, 16], "texture": "#1"},
				"up": {"uv": [15, 15, 16, 16], "texture": "#1"},
				"down": {"uv": [15, 15, 16, 16], "texture": "#1"}
			}
		},
		{
			"name": "Top south",
			"from": [6.5, 6, 5.5],
			"to": [9.5, 7, 6.5],
			"faces": {
				"north": {"uv": [15, 15, 16, 16], "texture": "#1"},
				"east": {"uv": [15, 15, 16, 16], "texture": "#1"},
				"south": {"uv": [15, 15, 16, 16], "texture": "#1"},
				"west": {"uv": [15, 15, 16, 16], "texture": "#1"},
				"up": {"uv": [15, 15, 16, 16], "texture": "#1"},
				"down": {"uv": [15, 15, 16, 16], "texture": "#1"}
			}
		},
		{
			"name": "Top south",
			"from": [6.5, 6, 9.5],
			"to": [9.5, 7, 10.5],
			"faces": {
				"north": {"uv": [16, 16, 16, 16], "texture": "#1"},
				"east": {"uv": [16, 16, 16, 16], "texture": "#1"},
				"south": {"uv": [16, 16, 16, 16], "texture": "#1"},
				"west": {"uv": [16, 16, 16, 16], "texture": "#1"},
				"up": {"uv": [16, 16, 16, 16], "texture": "#1"},
				"down": {"uv": [16, 16, 16, 16], "texture": "#1"}
			}
		},
		{
			"name": "Top west",
			"from": [5.5, 6, 6.5],
			"to": [6.5, 7, 9.5],
			"faces": {
				"north": {"uv": [16, 16, 16, 16], "texture": "#1"},
				"east": {"uv": [16, 16, 16, 16], "texture": "#1"},
				"south": {"uv": [16, 16, 16, 16], "texture": "#1"},
				"west": {"uv": [16, 16, 16, 16], "texture": "#1"},
				"up": {"uv": [16, 16, 16, 16], "texture": "#1"},
				"down": {"uv": [16, 16, 16, 16], "texture": "#1"}
			}
		},
		{
			"name": "Top west",
			"from": [9.5, 6, 6.5],
			"to": [10.5, 7, 9.5],
			"faces": {
				"north": {"uv": [15, 15, 16, 16], "texture": "#1"},
				"east": {"uv": [15, 15, 16, 16], "texture": "#1"},
				"south": {"uv": [15, 15, 16, 16], "texture": "#1"},
				"west": {"uv": [15, 15, 16, 16], "texture": "#1"},
				"up": {"uv": [15, 15, 16, 16], "texture": "#1"},
				"down": {"uv": [15, 15, 16, 16], "texture": "#1"}
			}
		},
		{
			"name": "Top north-west",
			"from": [5.5, 6, 5.5],
			"to": [6.5, 7, 6.5],
			"faces": {
				"north": {"uv": [16, 16, 16, 16], "texture": "#1"},
				"east": {"uv": [16, 16, 16, 16], "texture": "#1"},
				"south": {"uv": [16, 16, 16, 16], "texture": "#1"},
				"west": {"uv": [16, 16, 16, 16], "texture": "#1"},
				"up": {"uv": [16, 16, 16, 16], "texture": "#1"},
				"down": {"uv": [16, 16, 16, 16], "texture": "#1"}
			}
		},
		{
			"name": "Top north-east",
			"from": [9.5, 6, 5.5],
			"to": [10.5, 7, 6.5],
			"faces": {
				"north": {"uv": [16, 16, 16, 16], "texture": "#1"},
				"east": {"uv": [16, 16, 16, 16], "texture": "#1"},
				"south": {"uv": [16, 16, 16, 16], "texture": "#1"},
				"west": {"uv": [16, 16, 16, 16], "texture": "#1"},
				"up": {"uv": [16, 16, 16, 16], "texture": "#1"},
				"down": {"uv": [16, 16, 16, 16], "texture": "#1"}
			}
		},
		{
			"name": "Top south-east",
			"from": [9.5, 6, 9.5],
			"to": [10.5, 7, 10.5],
			"faces": {
				"north": {"uv": [16, 16, 16, 16], "texture": "#1"},
				"east": {"uv": [16, 16, 16, 16], "texture": "#1"},
				"south": {"uv": [16, 16, 16, 16], "texture": "#1"},
				"west": {"uv": [16, 16, 16, 16], "texture": "#1"},
				"up": {"uv": [16, 16, 16, 16], "texture": "#1"},
				"down": {"uv": [16, 16, 16, 16], "texture": "#1"}
			}
		},
		{
			"name": "Top south-west",
			"from": [5.5, 6, 9.5],
			"to": [6.5, 7, 10.5],
			"faces": {
				"north": {"uv": [16, 16, 16, 16], "texture": "#1"},
				"east": {"uv": [16, 16, 16, 16], "texture": "#1"},
				"south": {"uv": [16, 16, 16, 16], "texture": "#1"},
				"west": {"uv": [16, 16, 16, 16], "texture": "#1"},
				"up": {"uv": [16, 16, 16, 16], "texture": "#1"},
				"down": {"uv": [16, 16, 16, 16], "texture": "#1"}
			}
		},
		{
			"name": "Top north-east",
			"from": [6.5, 7, 6.5],
			"to": [9.5, 8, 9.5],
			"faces": {
				"north": {"uv": [16, 16, 16, 16], "texture": "#1"},
				"east": {"uv": [16, 16, 16, 16], "texture": "#1"},
				"south": {"uv": [16, 16, 16, 16], "texture": "#1"},
				"west": {"uv": [16, 16, 16, 16], "texture": "#1"},
				"up": {"uv": [16, 16, 16, 16], "texture": "#1"},
				"down": {"uv": [16, 16, 16, 16], "texture": "#1"}
			}
		},
		{
			"name": "Neck north",
			"from": [7.5, 8, 6.5],
			"to": [8.5, 10, 7.5],
			"faces": {
				"north": {"uv": [15, 15, 16, 16], "texture": "#1"},
				"east": {"uv": [15, 15, 16, 16], "texture": "#1"},
				"south": {"uv": [15, 15, 16, 16], "texture": "#1"},
				"west": {"uv": [15, 15, 16, 16], "texture": "#1"},
				"up": {"uv": [15, 15, 16, 16], "texture": "#1"},
				"down": {"uv": [15, 15, 16, 16], "texture": "#1"}
			}
		},
		{
			"name": "Neck east",
			"from": [8.5, 8, 7.5],
			"to": [9.5, 10, 8.5],
			"faces": {
				"north": {"uv": [15, 15, 16, 16], "texture": "#1"},
				"east": {"uv": [15, 15, 16, 16], "texture": "#1"},
				"south": {"uv": [15, 15, 16, 16], "texture": "#1"},
				"west": {"uv": [15, 15, 16, 16], "texture": "#1"},
				"up": {"uv": [15, 15, 16, 16], "texture": "#1"},
				"down": {"uv": [15, 15, 16, 16], "texture": "#1"}
			}
		},
		{
			"name": "Neck south",
			"from": [7.5, 8, 8.5],
			"to": [8.5, 10, 9.5],
			"faces": {
				"north": {"uv": [15, 15, 16, 16], "texture": "#1"},
				"east": {"uv": [15, 15, 16, 16], "texture": "#1"},
				"south": {"uv": [15, 15, 16, 16], "texture": "#1"},
				"west": {"uv": [15, 15, 16, 16], "texture": "#1"},
				"up": {"uv": [15, 15, 16, 16], "texture": "#1"},
				"down": {"uv": [15, 15, 16, 16], "texture": "#1"}
			}
		},
		{
			"name": "Neck west",
			"from": [6.5, 8, 7.5],
			"to": [7.5, 10, 8.5],
			"faces": {
				"north": {"uv": [15, 15, 16, 16], "texture": "#1"},
				"east": {"uv": [15, 15, 16, 16], "texture": "#1"},
				"south": {"uv": [15, 15, 16, 16], "texture": "#1"},
				"west": {"uv": [15, 15, 16, 16], "texture": "#1"},
				"up": {"uv": [15, 15, 16, 16], "texture": "#1"},
				"down": {"uv": [15, 15, 16, 16], "texture": "#1"}
			}
		},
		{
			"name": "Neck top north",
			"from": [6.5, 10, 6.5],
			"to": [9.5, 12, 7.5],
			"faces": {
				"north": {"uv": [7.88998, 8.04715, 8.5501, 8.61297], "texture": "#2"},
				"east": {"uv": [7.88998, 8.04715, 8.5501, 8.61297], "texture": "#2"},
				"south": {"uv": [7.88998, 8.04715, 8.5501, 8.61297], "texture": "#2"},
				"west": {"uv": [7.88998, 8.04715, 8.5501, 8.61297], "texture": "#2"},
				"up": {"uv": [7.88998, 8.04715, 8.5501, 8.61297], "texture": "#2"},
				"down": {"uv": [7.88998, 8.04715, 8.5501, 8.61297], "texture": "#2"}
			}
		},
		{
			"name": "Neck top east",
			"from": [8.5, 10, 6.5],
			"to": [9.5, 12, 9.5],
			"faces": {
				"north": {"uv": [7.88998, 8.04715, 8.5501, 8.61297], "texture": "#2"},
				"east": {"uv": [7.88998, 8.04715, 8.5501, 8.61297], "texture": "#2"},
				"south": {"uv": [7.88998, 8.04715, 8.5501, 8.61297], "texture": "#2"},
				"west": {"uv": [7.88998, 8.04715, 8.5501, 8.61297], "texture": "#2"},
				"up": {"uv": [7.88998, 8.04715, 8.5501, 8.61297], "texture": "#2"},
				"down": {"uv": [7.88998, 8.04715, 8.5501, 8.61297], "texture": "#2"}
			}
		},
		{
			"name": "Neck top south",
			"from": [6.5, 10, 8.5],
			"to": [9.5, 12, 9.5],
			"faces": {
				"north": {"uv": [7.00982, 8.04715, 7.92141, 8.67583], "texture": "#2"},
				"east": {"uv": [7.00982, 8.04715, 7.92141, 8.67583], "texture": "#2"},
				"south": {"uv": [7.00982, 8.04715, 7.92141, 8.67583], "texture": "#2"},
				"west": {"uv": [7.00982, 8.04715, 7.92141, 8.67583], "texture": "#2"},
				"up": {"uv": [7.00982, 8.04715, 7.92141, 8.67583], "texture": "#2"},
				"down": {"uv": [7.00982, 8.04715, 7.92141, 8.67583], "texture": "#2"}
			}
		},
		{
			"name": "Neck top west",
			"from": [6.5, 10, 6.5],
			"to": [7.5, 12, 9.5],
			"faces": {
				"north": {"uv": [7.41847, 7.82711, 8.39293, 8.58153], "texture": "#2"},
				"east": {"uv": [7.41847, 7.82711, 8.39293, 8.58153], "texture": "#2"},
				"south": {"uv": [7.41847, 7.82711, 8.39293, 8.58153], "texture": "#2"},
				"west": {"uv": [7.41847, 7.82711, 8.39293, 8.58153], "texture": "#2"},
				"up": {"uv": [7.41847, 7.82711, 8.39293, 8.58153], "texture": "#2"},
				"down": {"uv": [7.41847, 7.82711, 8.39293, 8.58153], "texture": "#2"}
			}
		},
		{
			"from": [5.5, -10, 5.5],
			"to": [10.5, 4, 10.5],
			"faces": {
				"north": {"uv": [11, 5, 16, 10], "texture": "#1"},
				"east": {"uv": [11, 5, 16, 10], "texture": "#1"},
				"south": {"uv": [11, 5, 16, 10], "texture": "#1"},
				"west": {"uv": [11, 5, 16, 10], "texture": "#1"},
				"up": {"uv": [11, 5, 16, 10], "texture": "#1"},
				"down": {"uv": [11, 5, 16, 10], "texture": "#1"}
			}
		},
		{
			"from": [6.5, 12, 6.5],
			"to": [9.5, 12.1, 9.5],
			"faces": {
				"north": {"uv": [7.88998, 8.04715, 8.5501, 8.61297], "texture": "#2"},
				"east": {"uv": [7.88998, 8.04715, 8.5501, 8.61297], "texture": "#2"},
				"south": {"uv": [7.88998, 8.04715, 8.5501, 8.61297], "texture": "#2"},
				"west": {"uv": [7.88998, 8.04715, 8.5501, 8.61297], "texture": "#2"},
				"up": {"uv": [7.88998, 8.04715, 8.5501, 8.61297], "texture": "#2"},
				"down": {"uv": [7.88998, 8.04715, 8.5501, 8.61297], "texture": "#2"}
			}
		}
	],
	"display": {
		"thirdperson_righthand": {
			"rotation": [22.5, 0, 0],
			"translation": [0, 3.75, 1.25],
			"scale": [0.625, 0.625, 0.625]
		},
		"thirdperson_lefthand": {
			"rotation": [22.5, 0, 0],
			"translation": [0, 4.5, 1.75],
			"scale": [0.625, 0.625, 0.625]
		},
		"firstperson_righthand": {
			"translation": [-2.5, 4, 4],
			"scale": [0.4, 0.4, 0.4]
		},
		"firstperson_lefthand": {
			"rotation": [0, 90, 0],
			"translation": [-2.5, 4, 4],
			"scale": [0.4, 0.4, 0.4]
		},
		"ground": {
			"translation": [0, 4, 0],
			"scale": [0.5, 0.5, 0.5]
		},
		"gui": {
			"rotation": [-2, -67, -9],
			"translation": [0.5, 4, 1.5],
			"scale": [0.6, 0.6, 0.6]
		},
		"head": {
			"translation": [0, 13, 7]
		},
		"fixed": {
			"rotation": [0, 90, 0],
			"translation": [0, 5.75, -2.5],
			"scale": [0.7, 0.7, 0.7]
		}
	}
}