{
	"credit": "Made with Blockbench",
	"textures": {
		"1": "item/boat/0",
		"2": "item/colour/stone/12",
		"3": "item/colour/stone/3",
		"particle": "item/colour/stone/12"
	},
	"elements": [
		{
			"name": "Fluid east-west",
			"from": [5, 2, 5.5],
			"to": [5.5, 5.5, 10.5],
			"faces": {
				"north": {"uv": [15, 0, 16, 1], "rotation": 270, "texture": "#1", "tintindex": 0},
				"east": {"uv": [15, 0, 16, 1], "rotation": 270, "texture": "#1", "tintindex": 0},
				"south": {"uv": [15, 0, 16, 1], "rotation": 270, "texture": "#1", "tintindex": 0},
				"west": {"uv": [15, 0, 16, 1], "rotation": 270, "texture": "#1", "tintindex": 0},
				"up": {"uv": [15, 0, 16, 1], "rotation": 270, "texture": "#1", "tintindex": 0},
				"down": {"uv": [15, 0, 16, 1], "rotation": 270, "texture": "#1", "tintindex": 0}
			}
		},
		{
			"name": "Fluid east-west",
			"from": [5.5, -1, 5.5],
			"to": [6, 2, 10.5],
			"faces": {
				"north": {"uv": [15, 0, 16, 1], "rotation": 270, "texture": "#1", "tintindex": 0},
				"east": {"uv": [15, 0, 16, 1], "rotation": 270, "texture": "#1", "tintindex": 0},
				"south": {"uv": [15, 0, 16, 1], "rotation": 270, "texture": "#1", "tintindex": 0},
				"west": {"uv": [15, 0, 16, 1], "rotation": 270, "texture": "#1", "tintindex": 0},
				"up": {"uv": [15, 0, 16, 1], "rotation": 270, "texture": "#1", "tintindex": 0},
				"down": {"uv": [15, 0, 16, 1], "rotation": 270, "texture": "#1", "tintindex": 0}
			}
		},
		{
			"name": "Fluid east-west",
			"from": [10.5, 2, 5.5],
			"to": [11, 5.5, 10.5],
			"faces": {
				"north": {"uv": [15, 0, 16, 1], "rotation": 270, "texture": "#1", "tintindex": 0},
				"east": {"uv": [15, 0, 16, 1], "rotation": 270, "texture": "#1", "tintindex": 0},
				"south": {"uv": [15, 0, 16, 1], "rotation": 270, "texture": "#1", "tintindex": 0},
				"west": {"uv": [15, 0, 16, 1], "rotation": 270, "texture": "#1", "tintindex": 0},
				"up": {"uv": [15, 0, 16, 1], "rotation": 270, "texture": "#1", "tintindex": 0},
				"down": {"uv": [15, 0, 16, 1], "rotation": 270, "texture": "#1", "tintindex": 0}
			}
		},
		{
			"name": "Fluid east-west",
			"from": [10, -1, 5.5],
			"to": [10.5, 2, 10.5],
			"faces": {
				"north": {"uv": [15, 0, 16, 1], "rotation": 270, "texture": "#1", "tintindex": 0},
				"east": {"uv": [15, 0, 16, 1], "rotation": 270, "texture": "#1", "tintindex": 0},
				"south": {"uv": [15, 0, 16, 1], "rotation": 270, "texture": "#1", "tintindex": 0},
				"west": {"uv": [15, 0, 16, 1], "rotation": 270, "texture": "#1", "tintindex": 0},
				"up": {"uv": [15, 0, 16, 1], "rotation": 270, "texture": "#1", "tintindex": 0},
				"down": {"uv": [15, 0, 16, 1], "rotation": 270, "texture": "#1", "tintindex": 0}
			}
		},
		{
			"name": "Bottom",
			"from": [6, -1.5, 6],
			"to": [10, -1, 10],
			"faces": {
				"north": {"uv": [15, 0, 16, 1], "texture": "#1"},
				"east": {"uv": [15, 0, 16, 1], "texture": "#1"},
				"south": {"uv": [15, 0, 16, 1], "texture": "#1"},
				"west": {"uv": [15, 0, 16, 1], "texture": "#1"},
				"up": {"uv": [15, 0, 16, 1], "texture": "#1"},
				"down": {"uv": [15, 0, 16, 1], "texture": "#1"}
			}
		},
		{
			"name": "South-west",
			"from": [5.5, 2, 10.5],
			"to": [10.5, 5.5, 11],
			"faces": {
				"north": {"uv": [15, 0, 16, 1], "texture": "#1"},
				"east": {"uv": [15, 0, 16, 1], "texture": "#1"},
				"south": {"uv": [15, 0, 16, 1], "texture": "#1"},
				"west": {"uv": [15, 0, 16, 1], "texture": "#1"},
				"up": {"uv": [15, 0, 16, 1], "texture": "#1"},
				"down": {"uv": [15, 0, 16, 1], "texture": "#1"}
			}
		},
		{
			"name": "South-west",
			"from": [6, -1, 10],
			"to": [10, 2, 10.5],
			"faces": {
				"north": {"uv": [15, 0, 16, 1], "texture": "#1"},
				"east": {"uv": [15, 0, 16, 1], "texture": "#1"},
				"south": {"uv": [15, 0, 16, 1], "texture": "#1"},
				"west": {"uv": [15, 0, 16, 1], "texture": "#1"},
				"up": {"uv": [15, 0, 16, 1], "texture": "#1"},
				"down": {"uv": [15, 0, 16, 1], "texture": "#1"}
			}
		},
		{
			"name": "South-west",
			"from": [5.5, 2, 5.5],
			"to": [10.5, 4.5, 10.5],
			"faces": {
				"north": {"uv": [0, 0, 16, 16], "texture": "#2"},
				"east": {"uv": [0, 0, 16, 16], "texture": "#2"},
				"south": {"uv": [0, 0, 16, 16], "texture": "#2"},
				"west": {"uv": [0, 0, 16, 16], "texture": "#2"},
				"up": {"uv": [0, 0, 16, 16], "texture": "#2"},
				"down": {"uv": [0, 0, 16, 16], "texture": "#2"}
			}
		},
		{
			"name": "South-west",
			"from": [5.5, 2, 5],
			"to": [10.5, 5.5, 5.5],
			"faces": {
				"north": {"uv": [15, 0, 16, 1], "texture": "#1"},
				"east": {"uv": [15, 0, 16, 1], "texture": "#1"},
				"south": {"uv": [15, 0, 16, 1], "texture": "#1"},
				"west": {"uv": [15, 0, 16, 1], "texture": "#1"},
				"up": {"uv": [15, 0, 16, 1], "texture": "#1"},
				"down": {"uv": [15, 0, 16, 1], "texture": "#1"}
			}
		},
		{
			"name": "South-west",
			"from": [5.5, -1, 5.5],
			"to": [10, 2, 6],
			"faces": {
				"north": {"uv": [15, 0, 16, 1], "texture": "#1"},
				"east": {"uv": [15, 0, 16, 1], "texture": "#1"},
				"south": {"uv": [15, 0, 16, 1], "texture": "#1"},
				"west": {"uv": [15, 0, 16, 1], "texture": "#1"},
				"up": {"uv": [15, 0, 16, 1], "texture": "#1"},
				"down": {"uv": [15, 0, 16, 1], "texture": "#1"}
			}
		},
		{
			"from": [5.5, 5, 7.5],
			"to": [6.5, 6, 8.5],
			"faces": {
				"north": {"uv": [6, 5, 11, 10], "texture": "#1"},
				"east": {"uv": [6, 5, 11, 10], "texture": "#1"},
				"south": {"uv": [6, 5, 11, 10], "texture": "#1"},
				"west": {"uv": [6, 5, 11, 10], "texture": "#1"},
				"up": {"uv": [6, 5, 11, 10], "texture": "#1"},
				"down": {"uv": [6, 5, 11, 10], "texture": "#1"}
			}
		},
		{
			"from": [5.4, 6.2, 7.9],
			"to": [5.6, 6.8, 8.1],
			"faces": {
				"north": {"uv": [1, 3, 2, 6], "texture": "#3"},
				"east": {"uv": [1, 3, 2, 6], "texture": "#3"},
				"south": {"uv": [1, 3, 2, 6], "texture": "#3"},
				"west": {"uv": [1, 3, 2, 6], "texture": "#3"},
				"up": {"uv": [1, 3, 2, 6], "texture": "#3"},
				"down": {"uv": [1, 3, 2, 6], "texture": "#3"}
			}
		},
		{
			"from": [5, 6, 7.9],
			"to": [6, 6.2, 8.1],
			"faces": {
				"north": {"uv": [0, 5, 5, 6], "texture": "#3"},
				"east": {"uv": [0, 5, 5, 6], "texture": "#3"},
				"south": {"uv": [0, 5, 5, 6], "texture": "#3"},
				"west": {"uv": [0, 5, 5, 6], "texture": "#3"},
				"up": {"uv": [0, 5, 5, 6], "texture": "#3"},
				"down": {"uv": [0, 5, 5, 6], "texture": "#3"}
			}
		},
		{
			"from": [4, 5.5, 7.5],
			"to": [5, 6.5, 8.5],
			"faces": {
				"north": {"uv": [6, 5, 11, 10], "texture": "#1"},
				"east": {"uv": [6, 5, 11, 10], "texture": "#1"},
				"south": {"uv": [6, 5, 11, 10], "texture": "#1"},
				"west": {"uv": [6, 5, 11, 10], "texture": "#1"},
				"up": {"uv": [6, 5, 11, 10], "texture": "#1"},
				"down": {"uv": [6, 5, 11, 10], "texture": "#1"}
			}
		}
	],
	"display": {
		"thirdperson_righthand": {
			"rotation": [22.5, 0, 0],
			"translation": [0, 4, 1],
			"scale": [0.625, 0.625, 0.625]
		},
		"thirdperson_lefthand": {
			"rotation": [22.5, 0, 0],
			"translation": [0, 4, 1],
			"scale": [0.625, 0.625, 0.625]
		},
		"firstperson_righthand": {
			"translation": [-2.5, 4, 4],
			"scale": [0.4, 0.4, 0.4]
		},
		"firstperson_lefthand": {
			"rotation": [0, 90, 0],
			"translation": [-2.5, 4, 4],
			"scale": [0.4, 0.4, 0.4]
		},
		"ground": {
			"translation": [0, 3, 0],
			"scale": [0.5, 0.5, 0.5]
		},
		"gui": {
			"rotation": [20, 50, 0],
			"translation": [0, 4, 0]
		},
		"head": {
			"rotation": [0, -180, 0]
		},
		"fixed": {
			"rotation": [-21, -45, 0],
			"translation": [0, 5, -6],
			"scale": [1.125, 1.125, 1.125]
		}
	}
}