{
	"credit": "Made with Blockbench",
	"textures": {
		"0": "item/colour/20"
	},
	"elements": [
		{
			"name": "A1",
			"from": [3, 0, 2],
			"to": [13, 2, 4],
			"faces": {
				"north": {"uv": [6.016, 11.648, 7.936, 12.672], "texture": "#0"},
				"east": {"uv": [6.016, 11.648, 7.936, 12.672], "texture": "#0"},
				"south": {"uv": [6.016, 11.648, 7.936, 12.672], "texture": "#0"},
				"west": {"uv": [6.016, 11.648, 7.936, 12.672], "texture": "#0"},
				"up": {"uv": [6.016, 11.648, 7.936, 12.672], "texture": "#0"},
				"down": {"uv": [6.016, 11.648, 7.936, 12.672], "texture": "#0"}
			}
		},
		{
			"name": "A2",
			"from": [2, 0, 3],
			"to": [4, 2, 13],
			"faces": {
				"north": {"uv": [6.016, 11.648, 7.936, 12.672], "texture": "#0"},
				"east": {"uv": [6.016, 11.648, 7.936, 12.672], "texture": "#0"},
				"south": {"uv": [6.016, 11.648, 7.936, 12.672], "texture": "#0"},
				"west": {"uv": [6.016, 11.648, 7.936, 12.672], "texture": "#0"},
				"up": {"uv": [6.016, 11.648, 7.936, 12.672], "texture": "#0"},
				"down": {"uv": [6.016, 11.648, 7.936, 12.672], "texture": "#0"}
			}
		},
		{
			"name": "A3",
			"from": [12, 0, 3],
			"to": [14, 2, 13],
			"faces": {
				"north": {"uv": [6.016, 11.648, 7.936, 12.672], "texture": "#0"},
				"east": {"uv": [6.016, 11.648, 7.936, 12.672], "texture": "#0"},
				"south": {"uv": [6.016, 11.648, 7.936, 12.672], "texture": "#0"},
				"west": {"uv": [6.016, 11.648, 7.936, 12.672], "texture": "#0"},
				"up": {"uv": [6.016, 11.648, 7.936, 12.672], "texture": "#0"},
				"down": {"uv": [6.016, 11.648, 7.936, 12.672], "texture": "#0"}
			}
		},
		{
			"name": "A4",
			"from": [3, 0, 12],
			"to": [13, 2, 14],
			"faces": {
				"north": {"uv": [6.016, 11.648, 7.936, 12.672], "texture": "#0"},
				"east": {"uv": [6.016, 11.648, 7.936, 12.672], "texture": "#0"},
				"south": {"uv": [6.016, 11.648, 7.936, 12.672], "texture": "#0"},
				"west": {"uv": [6.016, 11.648, 7.936, 12.672], "texture": "#0"},
				"up": {"uv": [6.016, 11.648, 7.936, 12.672], "texture": "#0"},
				"down": {"uv": [6.016, 11.648, 7.936, 12.672], "texture": "#0"}
			}
		},
		{
			"name": "B1",
			"from": [6.5, -0.1, 11.9],
			"to": [9.5, 2.1, 14.1],
			"faces": {
				"north": {"uv": [6.016, 11.392, 7.936, 13.184], "texture": "#0"},
				"east": {"uv": [6.016, 11.392, 7.936, 13.184], "texture": "#0"},
				"south": {"uv": [6.016, 11.392, 7.936, 13.184], "texture": "#0"},
				"west": {"uv": [6.016, 11.392, 7.936, 13.184], "texture": "#0"},
				"up": {"uv": [6.016, 11.392, 7.936, 13.184], "texture": "#0"},
				"down": {"uv": [6.016, 11.392, 7.936, 13.184], "texture": "#0"}
			}
		},
		{
			"name": "B2",
			"from": [6.5, -0.1, 1.9],
			"to": [9.5, 2.1, 4.1],
			"faces": {
				"north": {"uv": [6.016, 11.392, 7.936, 13.184], "texture": "#0"},
				"east": {"uv": [6.016, 11.392, 7.936, 13.184], "texture": "#0"},
				"south": {"uv": [6.016, 11.392, 7.936, 13.184], "texture": "#0"},
				"west": {"uv": [6.016, 11.392, 7.936, 13.184], "texture": "#0"},
				"up": {"uv": [6.016, 11.392, 7.936, 13.184], "texture": "#0"},
				"down": {"uv": [6.016, 11.392, 7.936, 13.184], "texture": "#0"}
			}
		},
		{
			"name": "B3",
			"from": [11.9, -0.1, 6.9],
			"to": [14.1, 2.1, 9.9],
			"faces": {
				"north": {"uv": [6.016, 11.392, 7.936, 13.184], "texture": "#0"},
				"east": {"uv": [6.016, 11.392, 7.936, 13.184], "texture": "#0"},
				"south": {"uv": [6.016, 11.392, 7.936, 13.184], "texture": "#0"},
				"west": {"uv": [6.016, 11.392, 7.936, 13.184], "texture": "#0"},
				"up": {"uv": [6.016, 11.392, 7.936, 13.184], "texture": "#0"},
				"down": {"uv": [6.016, 11.392, 7.936, 13.184], "texture": "#0"}
			}
		},
		{
			"name": "B4",
			"from": [1.9, -0.1, 6.9],
			"to": [4.1, 2.1, 9.9],
			"faces": {
				"north": {"uv": [6.016, 11.392, 7.936, 13.184], "texture": "#0"},
				"east": {"uv": [6.016, 11.392, 7.936, 13.184], "texture": "#0"},
				"south": {"uv": [6.016, 11.392, 7.936, 13.184], "texture": "#0"},
				"west": {"uv": [6.016, 11.392, 7.936, 13.184], "texture": "#0"},
				"up": {"uv": [6.016, 11.392, 7.936, 13.184], "texture": "#0"},
				"down": {"uv": [6.016, 11.392, 7.936, 13.184], "texture": "#0"}
			}
		},
		{
			"name": "B3",
			"from": [6.75, 1.9, -0.1],
			"to": [9.25, 4.35, 2.1],
			"faces": {
				"north": {"uv": [6.144, 11.264, 7.936, 12.928], "texture": "#0"},
				"east": {"uv": [6.144, 11.264, 7.936, 12.928], "texture": "#0"},
				"south": {"uv": [6.144, 11.264, 7.936, 12.928], "texture": "#0"},
				"west": {"uv": [6.144, 11.264, 7.936, 12.928], "texture": "#0"},
				"up": {"uv": [6.144, 11.264, 7.936, 12.928], "texture": "#0"},
				"down": {"uv": [6.144, 11.264, 7.936, 12.928], "texture": "#0"}
			}
		},
		{
			"name": "B3",
			"from": [6.5, -0.1, -0.1],
			"to": [9.5, 2.1, 2.1],
			"faces": {
				"north": {"uv": [6.144, 11.264, 7.936, 12.928], "texture": "#0"},
				"east": {"uv": [6.144, 11.264, 7.936, 12.928], "texture": "#0"},
				"south": {"uv": [6.144, 11.264, 7.936, 12.928], "texture": "#0"},
				"west": {"uv": [6.144, 11.264, 7.936, 12.928], "texture": "#0"},
				"up": {"uv": [6.144, 11.264, 7.936, 12.928], "texture": "#0"},
				"down": {"uv": [6.144, 11.264, 7.936, 12.928], "texture": "#0"}
			}
		},
		{
			"name": "B4",
			"from": [6, 4.4, -1.1],
			"to": [10, 8.6, 2.85],
			"faces": {
				"north": {"uv": [6.144, 11.264, 7.936, 12.928], "texture": "#0"},
				"east": {"uv": [6.144, 11.264, 7.936, 12.928], "texture": "#0"},
				"south": {"uv": [6.144, 11.264, 7.936, 12.928], "texture": "#0"},
				"west": {"uv": [6.144, 11.264, 7.936, 12.928], "texture": "#0"},
				"up": {"uv": [6.144, 11.264, 7.936, 12.928], "texture": "#0"},
				"down": {"uv": [6.144, 11.264, 7.936, 12.928], "texture": "#0"}
			}
		},
		{
			"name": "A2",
			"from": [6.25, 4.75, -3],
			"to": [9.75, 5.75, -1],
			"faces": {
				"north": {"uv": [4.48, 11.776, 5.504, 12.672], "texture": "#0"},
				"east": {"uv": [4.48, 11.776, 5.504, 12.672], "texture": "#0"},
				"south": {"uv": [4.48, 11.776, 5.504, 12.672], "texture": "#0"},
				"west": {"uv": [4.48, 11.776, 5.504, 12.672], "texture": "#0"},
				"up": {"uv": [4.48, 11.776, 5.504, 12.672], "texture": "#0"},
				"down": {"uv": [4.48, 11.776, 5.504, 12.672], "texture": "#0"}
			}
		},
		{
			"name": "A3",
			"from": [6.25, 6.75, -1.25],
			"to": [6.75, 7.75, -1],
			"faces": {
				"north": {"uv": [14.464, 3.456, 15.488, 4.736], "texture": "#0"},
				"east": {"uv": [14.464, 3.456, 15.488, 4.736], "texture": "#0"},
				"south": {"uv": [14.464, 3.456, 15.488, 4.736], "texture": "#0"},
				"west": {"uv": [14.464, 3.456, 15.488, 4.736], "texture": "#0"},
				"up": {"uv": [14.464, 3.456, 15.488, 4.736], "texture": "#0"},
				"down": {"uv": [14.464, 3.456, 15.488, 4.736], "texture": "#0"}
			}
		},
		{
			"name": "A4",
			"from": [9.25, 6.75, -1.25],
			"to": [9.75, 7.75, -1],
			"faces": {
				"north": {"uv": [14.464, 3.456, 15.488, 4.736], "texture": "#0"},
				"east": {"uv": [14.464, 3.456, 15.488, 4.736], "texture": "#0"},
				"south": {"uv": [14.464, 3.456, 15.488, 4.736], "texture": "#0"},
				"west": {"uv": [14.464, 3.456, 15.488, 4.736], "texture": "#0"},
				"up": {"uv": [14.464, 3.456, 15.488, 4.736], "texture": "#0"},
				"down": {"uv": [14.464, 3.456, 15.488, 4.736], "texture": "#0"}
			}
		}
	],
	"display": {
		"thirdperson_righthand": {
			"rotation": [0, 0, 90],
			"translation": [-11, -2.5, 6],
			"scale": [1.475, 1.475, 1.475]
		},
		"thirdperson_lefthand": {
			"rotation": [70.5, 0, 0],
			"translation": [-5.25, 0.5, 10.25],
			"scale": [1.5, 1.5, 1.5]
		},
		"firstperson_righthand": {
			"rotation": [0, 0, 93],
			"translation": [-6.25, 5.5, 8.25]
		},
		"firstperson_lefthand": {
			"translation": [-9.25, 6.25, 7]
		},
		"ground": {
			"translation": [0, 3, 0]
		},
		"gui": {
			"rotation": [22, 141, 0],
			"translation": [0, 4, 0]
		},
		"head": {
			"translation": [0, 7, 0],
			"scale": [2.1, 2.1, 2.1]
		},
		"fixed": {
			"rotation": [0, -0.75, 0]
		}
	}
}