{
	"credit": "Made with Blockbench",
	"textures": {
		"0": "item/charcoal/32",
		"1": "item/charcoal/32-1",
		"2": "item/charcoal/32-2",
		"3": "item/charcoal/32-3",
		"particle": "item/charcoal/32"
	},
	"elements": [
		{
			"from": [6, 0, 3],
			"to": [8, 2, 5],
			"rotation": {"angle": 0, "axis": "y", "origin": [8, 8, 6]},
			"faces": {
				"north": {"uv": [5, 2, 7, 4], "texture": "#0"},
				"east": {"uv": [9, 3, 11, 5], "texture": "#0"},
				"south": {"uv": [7, 4, 9, 6], "texture": "#0"},
				"west": {"uv": [1, 11, 3, 13], "texture": "#0"},
				"up": {"uv": [4, 6, 6, 8], "texture": "#0"},
				"down": {"uv": [6, 4, 8, 6], "texture": "#0"}
			}
		},
		{
			"from": [6, 0, 11],
			"to": [8, 2, 13],
			"rotation": {"angle": 0, "axis": "y", "origin": [8, 8, 14]},
			"faces": {
				"north": {"uv": [5, 2, 7, 4], "texture": "#0"},
				"east": {"uv": [9, 3, 11, 5], "texture": "#0"},
				"south": {"uv": [7, 4, 9, 6], "texture": "#0"},
				"west": {"uv": [1, 11, 3, 13], "texture": "#0"},
				"up": {"uv": [4, 6, 6, 8], "texture": "#0"},
				"down": {"uv": [6, 4, 8, 6], "texture": "#0"}
			}
		},
		{
			"from": [10, 0, 3],
			"to": [12, 2, 5],
			"rotation": {"angle": 0, "axis": "y", "origin": [8, 8, 6]},
			"faces": {
				"north": {"uv": [5, 2, 7, 4], "texture": "#0"},
				"east": {"uv": [9, 3, 11, 5], "texture": "#0"},
				"south": {"uv": [7, 4, 9, 6], "texture": "#0"},
				"west": {"uv": [1, 11, 3, 13], "texture": "#0"},
				"up": {"uv": [4, 6, 6, 8], "texture": "#0"},
				"down": {"uv": [6, 4, 8, 6], "texture": "#0"}
			}
		},
		{
			"from": [10, 0, 11],
			"to": [12, 2, 13],
			"rotation": {"angle": 0, "axis": "y", "origin": [8, 8, 14]},
			"faces": {
				"north": {"uv": [5, 2, 7, 4], "texture": "#0"},
				"east": {"uv": [9, 3, 11, 5], "texture": "#0"},
				"south": {"uv": [7, 4, 9, 6], "texture": "#0"},
				"west": {"uv": [1, 11, 3, 13], "texture": "#0"},
				"up": {"uv": [4, 6, 6, 8], "texture": "#0"},
				"down": {"uv": [6, 4, 8, 6], "texture": "#0"}
			}
		},
		{
			"from": [6, 1, 1],
			"to": [12, 2, 3],
			"faces": {
				"north": {"uv": [5, 13, 11, 14], "texture": "#1"},
				"east": {"uv": [14, 15, 16, 16], "texture": "#1"},
				"south": {"uv": [5, 11, 11, 12], "texture": "#1"},
				"west": {"uv": [0, 15, 2, 16], "texture": "#1"},
				"up": {"uv": [5, 12, 11, 14], "texture": "#1"},
				"down": {"uv": [5, 14, 11, 16], "texture": "#1"}
			}
		},
		{
			"from": [6, 1, 5],
			"to": [8, 2, 11],
			"faces": {
				"north": {"uv": [0, 0, 2, 1], "texture": "#1"},
				"east": {"uv": [0, 4, 6, 5], "texture": "#1"},
				"south": {"uv": [0, 0, 2, 1], "texture": "#1"},
				"west": {"uv": [6, 4, 12, 5], "texture": "#1"},
				"up": {"uv": [0, 10, 2, 16], "texture": "#1"},
				"down": {"uv": [14, 0, 16, 6], "texture": "#1"}
			}
		},
		{
			"from": [10, 1, 5],
			"to": [12, 2, 11],
			"faces": {
				"north": {"uv": [0, 0, 2, 1], "texture": "#1"},
				"east": {"uv": [0, 4, 6, 5], "texture": "#1"},
				"south": {"uv": [0, 0, 2, 1], "texture": "#1"},
				"west": {"uv": [6, 4, 12, 5], "texture": "#1"},
				"up": {"uv": [0, 10, 2, 16], "texture": "#1"},
				"down": {"uv": [14, 0, 16, 6], "texture": "#1"}
			}
		},
		{
			"from": [6, 1, 13],
			"to": [12, 2, 15],
			"faces": {
				"north": {"uv": [9, 0, 15, 1], "texture": "#1"},
				"east": {"uv": [12, 2, 14, 3], "texture": "#1"},
				"south": {"uv": [9, 1, 15, 2], "texture": "#1"},
				"west": {"uv": [14, 2, 16, 3], "texture": "#1"},
				"up": {"uv": [10, 4, 16, 6], "texture": "#1"},
				"down": {"uv": [10, 2, 16, 4], "texture": "#1"}
			}
		},
		{
			"from": [8, 1, 3],
			"to": [10, 2, 13],
			"faces": {
				"north": {"uv": [0, 0, 2, 1], "texture": "#1"},
				"east": {"uv": [0, 0, 10, 1], "texture": "#1"},
				"south": {"uv": [0, 0, 2, 1], "texture": "#1"},
				"west": {"uv": [0, 0, 10, 1], "texture": "#1"},
				"up": {"uv": [0, 0, 2, 10], "texture": "#1"},
				"down": {"uv": [0, 0, 2, 10], "texture": "#1"}
			}
		},
		{
			"from": [6, 2, 1],
			"to": [12, 4, 15],
			"faces": {
				"north": {"uv": [5, 2, 11, 4], "texture": "#2"},
				"east": {"uv": [1, 3, 15, 5], "texture": "#2"},
				"south": {"uv": [5, 13, 11, 15], "texture": "#2"},
				"west": {"uv": [1, 3, 15, 5], "texture": "#2"},
				"up": {"uv": [5, 0, 11, 14], "texture": "#2"},
				"down": {"uv": [5, 0, 11, 14], "texture": "#2"}
			}
		},
		{
			"from": [6, 4, 5],
			"to": [12, 6, 13],
			"faces": {
				"north": {"uv": [7, 11, 13, 13], "texture": "#3"},
				"east": {"uv": [1, 2, 9, 4], "texture": "#2"},
				"south": {"uv": [5, 2, 11, 4], "texture": "#3"},
				"west": {"uv": [7, 2, 15, 4], "texture": "#2"},
				"up": {"uv": [5, 7, 11, 15], "texture": "#2"},
				"down": {"uv": [5, 5, 11, 13], "texture": "#2"}
			}
		}
	],
	"display": {
		"thirdperson_righthand": {
			"translation": [-0.5, 4, 0],
			"scale": [0.5, 0.5, 0.5]
		},
		"thirdperson_lefthand": {
			"translation": [1, 4, 0],
			"scale": [0.5, 0.5, 0.5]
		},
		"firstperson_righthand": {
			"translation": [0, 5.5, 0]
		},
		"firstperson_lefthand": {
			"translation": [0, 5.25, 0]
		},
		"ground": {
			"scale": [0.5, 0.5, 0.5]
		},
		"gui": {
			"rotation": [34, 134, 0],
			"translation": [0.5, 3.5, 0]
		},
		"head": {
			"translation": [-1, 14.5, 0]
		},
		"fixed": {
			"rotation": [-90, 0, 0],
			"translation": [-1.5, 0, -8]
		}
	}
}