{
	"credit": "Made with Blockbench",
	"textures": {
		"0": "item/charcoal/39",
		"particle": "item/charcoal/39"
	},
	"elements": [
		{
			"from": [7, 1, 10],
			"to": [9, 4, 13.2],
			"faces": {
				"north": {"uv": [9, 9, 11, 12], "texture": "#0"},
				"east": {"uv": [6, 9, 3, 12], "texture": "#0"},
				"south": {"uv": [5, 8, 9, 12], "texture": "#0"},
				"west": {"uv": [3, 9, 6, 12], "texture": "#0"},
				"up": {"uv": [10, 3, 13, 7], "texture": "#0"},
				"down": {"uv": [0, 0, 2, 3.2], "texture": "#0"}
			}
		},
		{
			"from": [11, 2, 11],
			"to": [16, 2.4, 13],
			"rotation": {"angle": -22.5, "axis": "z", "origin": [8, 8, 8]},
			"faces": {
				"north": {"uv": [5, 0, 0, 0.4], "texture": "#0"},
				"east": {"uv": [0, 0, 2, 0.4], "texture": "#0"},
				"south": {"uv": [0, 1, 5, 1.4], "texture": "#0"},
				"west": {"uv": [0, 0, 2, 0.4], "texture": "#0"},
				"up": {"uv": [0, 0, 5, 2], "texture": "#0"},
				"down": {"uv": [0, 0, 2, 2], "texture": "#0"}
			}
		},
		{
			"from": [0, 2, 11],
			"to": [5, 2.4, 13],
			"rotation": {"angle": 22.5, "axis": "z", "origin": [8, 8, 8]},
			"faces": {
				"north": {"uv": [0, 0, 5, 0.4], "texture": "#0"},
				"east": {"uv": [2, 0, 0, 0.4], "texture": "#0"},
				"south": {"uv": [5, 1, 0, 1.4], "texture": "#0"},
				"west": {"uv": [2, 0, 0, 0.4], "texture": "#0"},
				"up": {"uv": [5, 0, 0, 2], "texture": "#0"},
				"down": {"uv": [2, 0, 0, 2], "texture": "#0"}
			}
		},
		{
			"from": [6.8, 3, 11],
			"to": [11.8, 3.4, 13],
			"rotation": {"angle": 22.5, "axis": "z", "origin": [8, 8, 8]},
			"faces": {
				"north": {"uv": [0, 1, 5, 1.4], "texture": "#0"},
				"east": {"uv": [0, 0, 2, 0.4], "texture": "#0"},
				"south": {"uv": [0, 0, 5, 0.4], "texture": "#0"},
				"west": {"uv": [0, 0, 2, 0.4], "texture": "#0"},
				"up": {"uv": [0, 2, 5, 0], "texture": "#0"},
				"down": {"uv": [0, 0, 5, 2], "texture": "#0"}
			}
		},
		{
			"from": [4.2, 3, 11],
			"to": [9.2, 3.4, 13],
			"rotation": {"angle": -22.5, "axis": "z", "origin": [8, 8, 8]},
			"faces": {
				"north": {"uv": [5, 1, 0, 1.4], "texture": "#0"},
				"east": {"uv": [2, 0, 0, 0.4], "texture": "#0"},
				"south": {"uv": [5, 0, 0, 0.4], "texture": "#0"},
				"west": {"uv": [2, 0, 0, 0.4], "texture": "#0"},
				"up": {"uv": [5, 2, 0, 0], "texture": "#0"},
				"down": {"uv": [5, 0, 0, 2], "texture": "#0"}
			}
		},
		{
			"from": [16, 2, 12],
			"to": [19, 2.4, 13],
			"rotation": {"angle": -22.5, "axis": "z", "origin": [8, 8, 8]},
			"faces": {
				"north": {"uv": [0, 1, 3, 1.4], "texture": "#0"},
				"east": {"uv": [6, 0, 7, 0.4], "texture": "#0"},
				"south": {"uv": [5, 0, 8, 0.4], "texture": "#0"},
				"west": {"uv": [0, 1, 1, 1.4], "texture": "#0"},
				"up": {"uv": [5, 0, 8, 1], "texture": "#0"},
				"down": {"uv": [0, 0, 3, 1], "texture": "#0"}
			}
		},
		{
			"from": [-3, 2, 12],
			"to": [0, 2.4, 13],
			"rotation": {"angle": 22.5, "axis": "z", "origin": [8, 8, 8]},
			"faces": {
				"north": {"uv": [3, 1, 0, 1.4], "texture": "#0"},
				"east": {"uv": [1, 1, 0, 1.4], "texture": "#0"},
				"south": {"uv": [8, 0, 5, 0.4], "texture": "#0"},
				"west": {"uv": [7, 0, 6, 0.4], "texture": "#0"},
				"up": {"uv": [8, 0, 5, 1], "texture": "#0"},
				"down": {"uv": [3, 0, 0, 1], "texture": "#0"}
			}
		},
		{
			"from": [19, 2, 3],
			"to": [19, 2.4, 12],
			"rotation": {"angle": -22.5, "axis": "z", "origin": [8, 8, 8]},
			"faces": {
				"north": {"uv": [0, 0, 0, 0.4], "texture": "#0"},
				"east": {"uv": [5, 1, 6, 2.4], "texture": "#0"},
				"south": {"uv": [0, 0, 0, 0.4], "texture": "#missing"},
				"west": {"uv": [5, 1, 6, 2.4], "texture": "#0"},
				"up": {"uv": [0, 0, 0, 9], "texture": "#missing"},
				"down": {"uv": [0, 0, 0, 9], "texture": "#missing"}
			}
		},
		{
			"from": [-3, 2, 3],
			"to": [-3, 2.4, 12],
			"rotation": {"angle": 22.5, "axis": "z", "origin": [8, 8, 8]},
			"faces": {
				"north": {"uv": [0, 0, 0, 0.4], "texture": "#missing"},
				"east": {"uv": [6, 1, 5, 2.4], "texture": "#0"},
				"south": {"uv": [0, 0, 0, 0.4], "texture": "#missing"},
				"west": {"uv": [6, 1, 5, 2.4], "texture": "#0"},
				"up": {"uv": [0, 0, 0, 9], "texture": "#missing"},
				"down": {"uv": [0, 0, 0, 9], "texture": "#missing"}
			}
		},
		{
			"from": [1.2, 3, 3],
			"to": [1.2, 3.4, 12],
			"rotation": {"angle": -22.5, "axis": "z", "origin": [8, 8, 8]},
			"faces": {
				"north": {"uv": [0, 0, 0, 0.4], "texture": "#missing"},
				"east": {"uv": [5, 1, 6, 2.4], "texture": "#0"},
				"south": {"uv": [0, 0, 0, 0.4], "texture": "#missing"},
				"west": {"uv": [5, 1, 6, 2.4], "texture": "#0"},
				"up": {"uv": [0, 0, 0, 9], "texture": "#missing"},
				"down": {"uv": [0, 0, 0, 9], "texture": "#missing"}
			}
		},
		{
			"from": [14.8, 3, 3],
			"to": [14.8, 3.4, 12],
			"rotation": {"angle": 22.5, "axis": "z", "origin": [8, 8, 8]},
			"faces": {
				"north": {"uv": [0, 0, 0, 0.4], "texture": "#missing"},
				"east": {"uv": [6, 1, 5, 2.4], "texture": "#0"},
				"south": {"uv": [0, 0, 0, 0.4], "texture": "#missing"},
				"west": {"uv": [6, 1, 5, 2.4], "texture": "#0"},
				"up": {"uv": [0, 0, 0, 9], "texture": "#missing"},
				"down": {"uv": [0, 0, 0, 9], "texture": "#missing"}
			}
		},
		{
			"from": [11.8, 3, 12],
			"to": [14.8, 3.4, 13],
			"rotation": {"angle": 22.5, "axis": "z", "origin": [8, 8, 8]},
			"faces": {
				"north": {"uv": [0, 1, 3, 1.4], "texture": "#0"},
				"east": {"uv": [7, 0, 8, 0.4], "texture": "#0"},
				"south": {"uv": [5, 0, 8, 0.4], "texture": "#0"},
				"west": {"uv": [0, 0, 1, 0.4], "texture": "#0"},
				"up": {"uv": [5, 0, 8, 1], "texture": "#0"},
				"down": {"uv": [0, 0, 3, 1], "texture": "#0"}
			}
		},
		{
			"from": [1.2, 3, 12],
			"to": [4.2, 3.4, 13],
			"rotation": {"angle": -22.5, "axis": "z", "origin": [8, 8, 8]},
			"faces": {
				"north": {"uv": [3, 1, 0, 1.4], "texture": "#0"},
				"east": {"uv": [1, 0, 0, 0.4], "texture": "#0"},
				"south": {"uv": [8, 0, 5, 0.4], "texture": "#0"},
				"west": {"uv": [8, 0, 7, 0.4], "texture": "#0"},
				"up": {"uv": [8, 0, 5, 1], "texture": "#0"},
				"down": {"uv": [3, 0, 0, 1], "texture": "#0"}
			}
		},
		{
			"from": [7.4, 1, 7],
			"to": [8.6, 3, 10],
			"faces": {
				"north": {"uv": [14, 7, 16, 12], "texture": "#0"},
				"east": {"uv": [14, 7, 16, 12], "texture": "#0"},
				"south": {"uv": [14, 9, 15.2, 11], "texture": "#0"},
				"west": {"uv": [14, 7, 16, 12], "texture": "#0"},
				"up": {"uv": [14, 9, 15.2, 12], "texture": "#0"},
				"down": {"uv": [14, 4, 15, 7], "texture": "#0"}
			}
		},
		{
			"from": [7.4, 3, 9.1],
			"to": [8.6, 3.4, 10],
			"faces": {
				"north": {"uv": [12, 13, 13.2, 13.4], "texture": "#0"},
				"east": {"uv": [14.9, 13, 13, 14.4], "texture": "#0"},
				"south": {"uv": [0, 0, 1.2, 0.4], "texture": "#missing"},
				"west": {"uv": [13, 13, 14.9, 14.4], "texture": "#0"},
				"up": {"uv": [11, 12, 12.2, 12.9], "texture": "#0"},
				"down": {"uv": [0, 0, 1.2, 0.9], "texture": "#missing"}
			}
		},
		{
			"from": [7.4, 1, 7],
			"to": [8.6, 3, 11],
			"rotation": {"angle": 22.5, "axis": "y", "origin": [8, 8, 8]},
			"faces": {
				"north": {"uv": [15, 7, 16, 12], "texture": "#0"},
				"east": {"uv": [8, 7, 16, 12], "texture": "#0"},
				"south": {"uv": [10, 6, 13, 7], "texture": "#0"},
				"west": {"uv": [15, 7, 16, 12], "texture": "#0"},
				"up": {"uv": [10, 7, 14, 12], "texture": "#0"},
				"down": {"uv": [14, 9, 15.2, 12], "texture": "#0"}
			}
		},
		{
			"from": [7.4, 1, 7],
			"to": [8.6, 3, 11],
			"rotation": {"angle": -22.5, "axis": "y", "origin": [8, 8, 8]},
			"faces": {
				"north": {"uv": [16, 7, 15, 12], "texture": "#0"},
				"east": {"uv": [16, 7, 15, 12], "texture": "#0"},
				"south": {"uv": [13, 6, 10, 7], "texture": "#0"},
				"west": {"uv": [16, 7, 8, 12], "texture": "#0"},
				"up": {"uv": [14, 7, 10, 12], "texture": "#0"},
				"down": {"uv": [15.2, 9, 14, 12], "texture": "#0"}
			}
		},
		{
			"from": [7.3, 1.3, 1],
			"to": [8.7, 2.3, 7],
			"faces": {
				"north": {"uv": [10, 3, 13, 6], "texture": "#0"},
				"east": {"uv": [16, 0, 8, 3], "texture": "#0"},
				"south": {"uv": [0, 0, 1.2, 1], "texture": "#0"},
				"west": {"uv": [8, 0, 16, 3], "texture": "#0"},
				"up": {"uv": [13, 3, 16, 7], "texture": "#0"},
				"down": {"uv": [14, 5, 15, 4], "texture": "#0"}
			}
		},
		{
			"from": [7.4, 3, 3],
			"to": [8.6, 4, 9],
			"rotation": {"angle": -22.5, "axis": "x", "origin": [8, 8, 8]},
			"faces": {
				"north": {"uv": [9, 13, 10, 14], "texture": "#0"},
				"east": {"uv": [16, 12, 7, 16], "texture": "#0"},
				"south": {"uv": [2, 11, 4, 16], "rotation": 90, "texture": "#0"},
				"west": {"uv": [7, 12, 16, 16], "texture": "#0"},
				"up": {"uv": [0, 11, 9, 16], "rotation": 270, "texture": "#0"},
				"down": {"uv": [0, 0, 1.2, 1], "texture": "#0"}
			}
		},
		{
			"from": [9, 3, 10],
			"to": [11, 5, 12],
			"rotation": {"angle": 0, "axis": "y", "origin": [14, 12, 17]},
			"faces": {
				"north": {"uv": [0, 4, 5, 9], "texture": "#0"},
				"east": {"uv": [0, 1, 2, 3], "texture": "#0"},
				"south": {"uv": [3, 2, 0, 4], "texture": "#0"},
				"west": {"uv": [0, 2, 3, 4], "rotation": 270, "texture": "#0"},
				"up": {"uv": [3, 2, 0, 4], "texture": "#0"},
				"down": {"uv": [0, 2, 2, 4], "texture": "#0"}
			}
		},
		{
			"from": [5, 3, 10],
			"to": [7, 5, 12],
			"rotation": {"angle": 0, "axis": "y", "origin": [2, 12, 17]},
			"faces": {
				"north": {"uv": [5, 4, 0, 9], "texture": "#0"},
				"east": {"uv": [0, 4, 3, 2], "rotation": 270, "texture": "#0"},
				"south": {"uv": [0, 2, 3, 4], "texture": "#0"},
				"west": {"uv": [2, 1, 0, 3], "texture": "#0"},
				"up": {"uv": [0, 2, 3, 4], "texture": "#0"},
				"down": {"uv": [2, 2, 0, 4], "texture": "#0"}
			}
		},
		{
			"from": [9, 0, 10],
			"to": [11, 2, 12],
			"rotation": {"angle": 0, "axis": "y", "origin": [14, -7, 17]},
			"faces": {
				"north": {"uv": [0, 9, 5, 4], "texture": "#0"},
				"east": {"uv": [0, 3, 2, 1], "texture": "#0"},
				"south": {"uv": [3, 4, 0, 2], "texture": "#0"},
				"west": {"uv": [3, 2, 0, 4], "rotation": 270, "texture": "#0"},
				"up": {"uv": [0, 4, 2, 2], "texture": "#0"},
				"down": {"uv": [3, 4, 0, 2], "texture": "#0"}
			}
		},
		{
			"from": [5, 0, 10],
			"to": [7, 2, 12],
			"rotation": {"angle": 0, "axis": "y", "origin": [2, -7, 17]},
			"faces": {
				"north": {"uv": [5, 9, 0, 4], "texture": "#0"},
				"east": {"uv": [3, 4, 0, 2], "rotation": 270, "texture": "#0"},
				"south": {"uv": [0, 4, 3, 2], "texture": "#0"},
				"west": {"uv": [2, 3, 0, 1], "texture": "#0"},
				"up": {"uv": [2, 4, 0, 2], "texture": "#0"},
				"down": {"uv": [0, 4, 3, 2], "texture": "#0"}
			}
		},
		{
			"from": [9.5, 3.5, 12],
			"to": [10.5, 4.5, 14.02],
			"rotation": {"angle": 0, "axis": "y", "origin": [14, 12, 17]},
			"faces": {
				"north": {"uv": [5, 3, 10, 8], "texture": "#0"},
				"east": {"uv": [3, 3, 5, 4], "texture": "#0"},
				"south": {"uv": [5, 3, 10, 8], "texture": "#0"},
				"west": {"uv": [3, 3, 5, 4], "texture": "#0"},
				"up": {"uv": [3, 3, 5, 4], "texture": "#0"},
				"down": {"uv": [3, 3, 5, 4], "texture": "#0"}
			}
		},
		{
			"from": [5.5, 3.5, 12],
			"to": [6.5, 4.5, 14.02],
			"rotation": {"angle": 0, "axis": "y", "origin": [2, 12, 17]},
			"faces": {
				"north": {"uv": [10, 3, 5, 8], "texture": "#0"},
				"east": {"uv": [5, 3, 3, 4], "texture": "#0"},
				"south": {"uv": [10, 3, 5, 8], "texture": "#0"},
				"west": {"uv": [5, 3, 3, 4], "texture": "#0"},
				"up": {"uv": [5, 3, 3, 4], "texture": "#0"},
				"down": {"uv": [5, 3, 3, 4], "texture": "#0"}
			}
		},
		{
			"from": [9.5, 0.5, 12],
			"to": [10.5, 1.5, 14.02],
			"rotation": {"angle": 0, "axis": "y", "origin": [14, -7, 17]},
			"faces": {
				"north": {"uv": [5, 8, 10, 3], "texture": "#0"},
				"east": {"uv": [3, 4, 5, 3], "texture": "#0"},
				"south": {"uv": [5, 8, 10, 3], "texture": "#0"},
				"west": {"uv": [3, 4, 5, 3], "texture": "#0"},
				"up": {"uv": [3, 4, 5, 3], "texture": "#0"},
				"down": {"uv": [3, 4, 5, 3], "texture": "#0"}
			}
		},
		{
			"from": [5.5, 0.5, 12],
			"to": [6.5, 1.5, 14.02],
			"rotation": {"angle": 0, "axis": "y", "origin": [2, -7, 17]},
			"faces": {
				"north": {"uv": [10, 8, 5, 3], "texture": "#0"},
				"east": {"uv": [5, 4, 3, 3], "texture": "#0"},
				"south": {"uv": [10, 8, 5, 3], "texture": "#0"},
				"west": {"uv": [5, 4, 3, 3], "texture": "#0"},
				"up": {"uv": [5, 4, 3, 3], "texture": "#0"},
				"down": {"uv": [5, 4, 3, 3], "texture": "#0"}
			}
		},
		{
			"from": [9, 3, 10],
			"to": [11, 5, 12],
			"rotation": {"angle": 45, "axis": "z", "origin": [10, 4, 12]},
			"faces": {
				"north": {"uv": [5, 3, 10, 8], "texture": "#0"},
				"east": {"uv": [0, 2, 2, 4], "texture": "#0"},
				"south": {"uv": [6, 1, 8, 3], "texture": "#0"},
				"west": {"uv": [0, 2, 2, 4], "texture": "#0"},
				"up": {"uv": [0, 2, 2, 4], "texture": "#0"},
				"down": {"uv": [0, 2, 2, 4], "texture": "#0"}
			}
		},
		{
			"from": [5, 3, 10],
			"to": [7, 5, 12],
			"rotation": {"angle": -45, "axis": "z", "origin": [6, 4, 12]},
			"faces": {
				"north": {"uv": [10, 3, 5, 8], "texture": "#0"},
				"east": {"uv": [2, 2, 0, 4], "texture": "#0"},
				"south": {"uv": [8, 1, 6, 3], "texture": "#0"},
				"west": {"uv": [2, 2, 0, 4], "texture": "#0"},
				"up": {"uv": [2, 2, 0, 4], "texture": "#0"},
				"down": {"uv": [2, 2, 0, 4], "texture": "#0"}
			}
		},
		{
			"from": [9, 0, 10],
			"to": [11, 2, 12],
			"rotation": {"angle": -45, "axis": "z", "origin": [10, 1, 12]},
			"faces": {
				"north": {"uv": [5, 8, 10, 3], "texture": "#0"},
				"east": {"uv": [0, 4, 2, 2], "texture": "#0"},
				"south": {"uv": [6, 3, 8, 1], "texture": "#0"},
				"west": {"uv": [0, 4, 2, 2], "texture": "#0"},
				"up": {"uv": [0, 4, 2, 2], "texture": "#0"},
				"down": {"uv": [0, 4, 2, 2], "texture": "#0"}
			}
		},
		{
			"from": [5, 0, 10],
			"to": [7, 2, 12],
			"rotation": {"angle": 45, "axis": "z", "origin": [6, 1, 12]},
			"faces": {
				"north": {"uv": [10, 8, 5, 3], "texture": "#0"},
				"east": {"uv": [2, 4, 0, 2], "texture": "#0"},
				"south": {"uv": [8, 3, 6, 1], "texture": "#0"},
				"west": {"uv": [2, 4, 0, 2], "texture": "#0"},
				"up": {"uv": [2, 4, 0, 2], "texture": "#0"},
				"down": {"uv": [2, 4, 0, 2], "texture": "#0"}
			}
		},
		{
			"from": [9.5, 3.5, 12],
			"to": [10.5, 4.5, 14],
			"rotation": {"angle": 45, "axis": "z", "origin": [10, 4, 12]},
			"faces": {
				"north": {"uv": [3, 2, 4, 3], "texture": "#0"},
				"east": {"uv": [3, 2, 5, 3], "texture": "#0"},
				"south": {"uv": [0, 9, 3, 12], "texture": "#0"},
				"west": {"uv": [3, 2, 5, 3], "texture": "#0"},
				"up": {"uv": [3, 2, 5, 3], "texture": "#0"},
				"down": {"uv": [3, 2, 5, 3], "texture": "#0"}
			}
		},
		{
			"from": [5.5, 3.5, 12],
			"to": [6.5, 4.5, 14],
			"rotation": {"angle": -45, "axis": "z", "origin": [6, 4, 12]},
			"faces": {
				"north": {"uv": [4, 2, 3, 3], "texture": "#0"},
				"east": {"uv": [5, 2, 3, 3], "texture": "#0"},
				"south": {"uv": [3, 9, 0, 12], "texture": "#0"},
				"west": {"uv": [5, 2, 3, 3], "texture": "#0"},
				"up": {"uv": [5, 2, 3, 3], "texture": "#0"},
				"down": {"uv": [5, 2, 3, 3], "texture": "#0"}
			}
		},
		{
			"from": [9.5, 0.5, 12],
			"to": [10.5, 1.5, 14],
			"rotation": {"angle": -45, "axis": "z", "origin": [10, 1, 12]},
			"faces": {
				"north": {"uv": [3, 3, 4, 2], "texture": "#0"},
				"east": {"uv": [3, 3, 5, 2], "texture": "#0"},
				"south": {"uv": [0, 12, 3, 9], "texture": "#0"},
				"west": {"uv": [3, 3, 5, 2], "texture": "#0"},
				"up": {"uv": [3, 3, 5, 2], "texture": "#0"},
				"down": {"uv": [3, 3, 5, 2], "texture": "#0"}
			}
		},
		{
			"from": [5.5, 0.5, 12],
			"to": [6.5, 1.5, 14],
			"rotation": {"angle": 45, "axis": "z", "origin": [6, 1, 12]},
			"faces": {
				"north": {"uv": [4, 3, 3, 2], "texture": "#0"},
				"east": {"uv": [5, 3, 3, 2], "texture": "#0"},
				"south": {"uv": [3, 12, 0, 9], "texture": "#0"},
				"west": {"uv": [5, 3, 3, 2], "texture": "#0"},
				"up": {"uv": [5, 3, 3, 2], "texture": "#0"},
				"down": {"uv": [5, 3, 3, 2], "texture": "#0"}
			}
		}
	],
	"display": {
		"thirdperson_righthand": {
			"translation": [0, 4, 0],
			"scale": [0.5, 0.5, 0.5]
		},
		"thirdperson_lefthand": {
			"translation": [0, 4, 0],
			"scale": [0.5, 0.5, 0.5]
		},
		"firstperson_righthand": {
			"translation": [0, 9, 0]
		},
		"firstperson_lefthand": {
			"translation": [0, 9, 0]
		},
		"ground": {
			"translation": [0, 0.5, 0],
			"scale": [0.5, 0.5, 0.5]
		},
		"gui": {
			"rotation": [34, 134, 0],
			"translation": [0, 3.75, 0]
		},
		"head": {
			"translation": [0, 15.5, -0.75]
		},
		"fixed": {
			"rotation": [-90, 0, 0],
			"translation": [0, -1, -9.5]
		}
	}
}