{
	"credit": "Made with Blockbench",
	"textures": {
		"0": "item/charcoal/10",
		"1": "item/charcoal/10-1",
		"2": "item/charcoal/10-2",
		"particle": "item/charcoal/10"
	},
	"elements": [
		{
			"from": [2, -10, 7],
			"to": [12, -6, 22],
			"rotation": {"angle": 0, "axis": "y", "origin": [8, -2, -2]},
			"faces": {
				"north": {"uv": [1.25, 0.75, 3.75, 1.5], "texture": "#1"},
				"east": {"uv": [3.938, 0, 0, 0.75], "texture": "#1"},
				"south": {"uv": [0.25, 0, 2.5, 0.75], "texture": "#1"},
				"west": {"uv": [0, 0, 3.939, 0.75], "texture": "#1"},
				"up": {"uv": [0, 0.75, 0.5, 1.5], "texture": "#1"},
				"down": {"uv": [0.5, 0.75, 1.25, 2.5], "texture": "#1"}
			}
		},
		{
			"from": [3, -6, 8],
			"to": [11, 5, 21],
			"rotation": {"angle": 0, "axis": "y", "origin": [8, -2, -2]},
			"faces": {
				"north": {"uv": [4, 0, 7.5, 5.75], "texture": "#1"},
				"east": {"uv": [16, 0, 10.25, 5.75], "texture": "#1"},
				"south": {"uv": [7.25, 0, 10.75, 5.75], "texture": "#1"},
				"west": {"uv": [10.25, 0, 16, 5.75], "texture": "#1"},
				"up": {"uv": [0, 0, 0.5, 0.8125], "texture": "#1"},
				"down": {"uv": [0, 0, 0.5, 0.8125], "texture": "#1"}
			}
		},
		{
			"from": [-6, -6, 11.76],
			"to": [3, -3, 16.76],
			"rotation": {"angle": 0, "axis": "y", "origin": [8, -2, -2]},
			"faces": {
				"north": {"uv": [0, 0, 2.25, 1.25], "texture": "#2"},
				"east": {"uv": [0, 0, 0.3125, 0.1875], "texture": "#2"},
				"south": {"uv": [2.25, 0, 0, 1.25], "texture": "#2"},
				"west": {"uv": [2.25, 0, 3.5, 1.25], "texture": "#2"},
				"up": {"uv": [0, 0, 0.5625, 0.3125], "texture": "#2"},
				"down": {"uv": [0, 1.25, 2.75, 2.75], "texture": "#2"}
			}
		},
		{
			"from": [-5.998, -16, 7],
			"to": [4.002, -12, 11],
			"rotation": {"angle": -45, "axis": "x", "origin": [8, -2, -2]},
			"faces": {
				"north": {"uv": [0, 0, 0.625, 0.25], "texture": "#1"},
				"east": {"uv": [0, 0, 0.25, 0.25], "texture": "#1"},
				"south": {"uv": [11, 8.5, 16, 5.75], "texture": "#1"},
				"west": {"uv": [1.25, 1.5, 4, 4.25], "texture": "#1"},
				"up": {"uv": [11, 5.75, 16, 8.5], "texture": "#1"},
				"down": {"uv": [0, 0, 0.625, 0.25], "texture": "#1"}
			}
		},
		{
			"from": [6, -6, -3],
			"to": [8, -3.285, 8],
			"rotation": {"angle": 0, "axis": "y", "origin": [8, -2, -2]},
			"faces": {
				"north": {"uv": [0, 1, 0.375, 1.688], "texture": "#0"},
				"east": {"uv": [9.75, 0, 13.939, 0.939], "texture": "#0"},
				"south": {"uv": [0, 1, 0.376, 1.688], "texture": "#0"},
				"west": {"uv": [9.25, 0, 13.438, 0.938], "texture": "#0"},
				"up": {"uv": [14, 0, 14.75, 4.5], "texture": "#0"},
				"down": {"uv": [14.75, 0, 15.49, 4.438], "texture": "#0"}
			}
		},
		{
			"from": [5, -7, -7],
			"to": [9, 9, -4],
			"rotation": {"angle": 0, "axis": "y", "origin": [8, -2, -2]},
			"faces": {
				"north": {"uv": [3, 0, 4.25, 4], "texture": "#0"},
				"east": {"uv": [5.5, 0, 6.688, 4], "texture": "#0"},
				"south": {"uv": [6.75, 0, 8, 4], "texture": "#0"},
				"west": {"uv": [4.25, 0, 5.438, 4], "texture": "#0"},
				"up": {"uv": [8, 0, 9.25, 0.938], "texture": "#0"},
				"down": {"uv": [8, 1, 9.25, 1.938], "texture": "#0"}
			}
		},
		{
			"from": [2, -9.98, 6],
			"to": [4, -5.98, 7],
			"rotation": {"angle": 0, "axis": "y", "origin": [6, -5, 11]},
			"faces": {
				"north": {"uv": [0, 0, 0.688, 1], "texture": "#0"},
				"east": {"uv": [0, 0, 0.688, 1], "texture": "#0"},
				"south": {"uv": [0, 0, 0.688, 1], "texture": "#0"},
				"west": {"uv": [0, 0, 0.688, 1], "texture": "#0"},
				"up": {"uv": [1.5, 0, 2.25, 0.75], "texture": "#0"},
				"down": {"uv": [2.25, 0, 2.938, 0.688], "texture": "#0"}
			}
		},
		{
			"from": [10, -9.98, 6],
			"to": [12, -5.98, 7],
			"rotation": {"angle": 0, "axis": "y", "origin": [14, -5, 11]},
			"faces": {
				"north": {"uv": [0, 0, 0.688, 1], "texture": "#0"},
				"east": {"uv": [0, 0, 0.688, 1], "texture": "#0"},
				"south": {"uv": [0, 0, 0.688, 1], "texture": "#0"},
				"west": {"uv": [0, 0, 0.688, 1], "texture": "#0"},
				"up": {"uv": [1.5, 0, 2.25, 0.75], "texture": "#0"},
				"down": {"uv": [2.25, 0, 2.938, 0.688], "texture": "#0"}
			}
		},
		{
			"from": [12, -9.98, 13],
			"to": [13, -6.98, 17],
			"rotation": {"angle": 0, "axis": "y", "origin": [16, -5, 20]},
			"faces": {
				"north": {"uv": [0, 0, 0.688, 1], "texture": "#0"},
				"east": {"uv": [0, 0, 0.688, 1], "texture": "#0"},
				"south": {"uv": [0, 0, 0.688, 1], "texture": "#0"},
				"west": {"uv": [0, 0, 0.688, 1], "texture": "#0"},
				"up": {"uv": [1.5, 0, 2.25, 0.75], "texture": "#0"},
				"down": {"uv": [2.25, 0, 2.938, 0.688], "texture": "#0"}
			}
		},
		{
			"from": [5, -6.98, -8],
			"to": [6, -4.98, -7],
			"rotation": {"angle": 0, "axis": "y", "origin": [8, -2, -2]},
			"faces": {
				"north": {"uv": [0, 0, 0.688, 1], "texture": "#0"},
				"east": {"uv": [0, 0, 0.688, 1], "texture": "#0"},
				"south": {"uv": [0, 0, 0.688, 1], "texture": "#0"},
				"west": {"uv": [0, 0, 0.688, 1], "texture": "#0"},
				"up": {"uv": [1.5, 0, 2.25, 0.75], "texture": "#0"},
				"down": {"uv": [2.25, 0, 2.938, 0.688], "texture": "#0"}
			}
		},
		{
			"from": [6, 8, -9],
			"to": [8, 9, -7],
			"rotation": {"angle": 0, "axis": "y", "origin": [8, -2, -2]},
			"faces": {
				"north": {"uv": [7, 1, 7.75, 1.5], "texture": "#0"},
				"east": {"uv": [6.75, 0.5, 8, 1], "texture": "#0"},
				"south": {"uv": [15, 1.5, 15.125, 1.563], "texture": "#0"},
				"west": {"uv": [6.75, 0.5, 8, 1], "texture": "#0"},
				"up": {"uv": [15, 11.5, 15.75, 10.5], "texture": "#0"},
				"down": {"uv": [15, 6.75, 15.75, 8], "texture": "#0"}
			}
		},
		{
			"from": [9, 2, -7],
			"to": [11, 12, -5],
			"rotation": {"angle": 0, "axis": "y", "origin": [8, -2, -1]},
			"faces": {
				"north": {"uv": [4.75, 0, 6.25, 4], "texture": "#0"},
				"east": {"uv": [4.75, 0, 6.25, 4], "texture": "#0"},
				"south": {"uv": [6.75, 0, 8, 4], "texture": "#0"},
				"west": {"uv": [6.75, 0, 8, 4], "texture": "#0"},
				"up": {"uv": [8, 4, 9.25, 5.25], "texture": "#0"},
				"down": {"uv": [8, 1, 9.25, 2], "texture": "#0"}
			}
		},
		{
			"from": [6, 1, -4],
			"to": [8, 13, -2],
			"rotation": {"angle": 0, "axis": "y", "origin": [8, -2, -2]},
			"faces": {
				"north": {"uv": [6.75, 4, 8, 8], "texture": "#0"},
				"east": {"uv": [4.25, 4, 5.5, 8], "texture": "#0"},
				"south": {"uv": [5.5, 4, 6.75, 8], "texture": "#0"},
				"west": {"uv": [4.25, 4, 5.5, 8], "texture": "#0"},
				"up": {"uv": [8, 2.5, 9.25, 3.75], "texture": "#0"},
				"down": {"uv": [6.75, 4.5, 8, 5.5], "texture": "#0"}
			}
		},
		{
			"from": [6, -10, -4],
			"to": [8, 1, -3],
			"rotation": {"angle": 0, "axis": "y", "origin": [8, -2, -2]},
			"faces": {
				"north": {"uv": [6.75, 4.25, 8, 8], "texture": "#0"},
				"east": {"uv": [4.25, 4.25, 5.5, 8], "texture": "#0"},
				"south": {"uv": [5.5, 4.25, 6.75, 8], "texture": "#0"},
				"west": {"uv": [4.25, 4.25, 5.5, 8], "texture": "#0"},
				"up": {"uv": [8, 2.5, 9.25, 3.75], "texture": "#0"},
				"down": {"uv": [6.75, 4.5, 8, 5.5], "texture": "#0"}
			}
		},
		{
			"from": [4, 6, 9],
			"to": [10, 10, 20],
			"rotation": {"angle": 0, "axis": "y", "origin": [8, -2, -2]},
			"faces": {
				"north": {"uv": [11.75, 0, 14.5, 1.25], "texture": "#1"},
				"east": {"uv": [11.25, 0, 15, 1.25], "texture": "#1"},
				"south": {"uv": [12, 0, 14.25, 1.25], "texture": "#1"},
				"west": {"uv": [11.25, 0, 15, 1.25], "texture": "#1"},
				"up": {"uv": [8, 0, 10, 1.75], "texture": "#1"},
				"down": {"uv": [13.25, 5.75, 16, 9.25], "texture": "#1"}
			}
		},
		{
			"from": [-1, -1, 8.05],
			"to": [6, 5.5, 20.98],
			"rotation": {"angle": -45, "axis": "z", "origin": [8, -2, -2]},
			"faces": {
				"north": {"uv": [1.25, 1.5, 3.938, 4.157], "texture": "#1"},
				"east": {"uv": [11, 5.75, 16, 8.5], "texture": "#1"},
				"south": {"uv": [4, 1.5, 1.25, 4.25], "texture": "#1"},
				"west": {"uv": [11, 5.75, 16, 8.5], "texture": "#1"},
				"up": {"uv": [13.25, 13.25, 16, 8.5], "texture": "#1"},
				"down": {"uv": [13.25, 8.5, 16, 13.25], "texture": "#1"}
			}
		},
		{
			"from": [5, 10, 10],
			"to": [9, 24, 19],
			"rotation": {"angle": 0, "axis": "y", "origin": [8, -2, -2]},
			"faces": {
				"north": {"uv": [4, 5.75, 5.75, 13.25], "texture": "#1"},
				"east": {"uv": [0, 4.25, 4, 11.75], "texture": "#1"},
				"south": {"uv": [4, 5.75, 5.75, 13.25], "texture": "#1"},
				"west": {"uv": [4, 4.25, 0, 11.75], "texture": "#1"},
				"up": {"uv": [10.25, 10, 10.5, 10.563], "texture": "#1"},
				"down": {"uv": [0, 0, 0.25, 0.5625], "texture": "#1"}
			}
		},
		{
			"from": [5, -4, 25],
			"to": [9, 10, 29],
			"rotation": {"angle": 0, "axis": "y", "origin": [8, 8, -2]},
			"faces": {
				"north": {"uv": [9.25, 8.5, 10.5, 16], "texture": "#1"},
				"east": {"uv": [10.5, 8.5, 11.75, 16], "texture": "#1"},
				"south": {"uv": [11.75, 8.5, 13, 16], "texture": "#1"},
				"west": {"uv": [10.5, 8.5, 11.75, 16], "texture": "#1"},
				"up": {"uv": [8.25, 0.5, 9.75, 2], "texture": "#1"},
				"down": {"uv": [6, 7.25, 7.25, 8.5], "texture": "#1"}
			}
		},
		{
			"from": [-4.72, -1, 14],
			"to": [-3.72, 4, 15],
			"rotation": {"angle": 0, "axis": "y", "origin": [8, 8, -2]},
			"faces": {
				"north": {"uv": [3.5, 0, 4.25, 2.75], "texture": "#2"},
				"east": {"uv": [3.5, 0, 4.25, 2.75], "texture": "#2"},
				"south": {"uv": [3.5, 0, 4.25, 2.75], "texture": "#2"},
				"west": {"uv": [3.5, 0, 4.25, 2.75], "texture": "#2"},
				"up": {"uv": [0, 0, 0.0625, 0.0625], "texture": "#2"},
				"down": {"uv": [0, 0, 0.0625, 0.0625], "texture": "#2"}
			}
		},
		{
			"from": [-5, 6, 14],
			"to": [4, 7, 15],
			"rotation": {"angle": 0, "axis": "y", "origin": [8, 8, -2]},
			"faces": {
				"north": {"uv": [5.75, 0, 9.25, 0.5], "texture": "#2"},
				"east": {"uv": [0, 0, 0.0625, 0.0625], "texture": "#2"},
				"south": {"uv": [9.25, 0, 5.75, 0.5], "texture": "#2"},
				"west": {"uv": [0, 0, 16, 16], "texture": "#2"},
				"up": {"uv": [5.75, 0.5, 9.25, 1], "texture": "#2"},
				"down": {"uv": [5.75, 0.5, 9.25, 1], "texture": "#2"}
			}
		},
		{
			"from": [-13.3, 4, 0],
			"to": [-11.3, 12, 2],
			"rotation": {"angle": 45, "axis": "y", "origin": [8, 8, -2]},
			"faces": {
				"north": {"uv": [4.25, 0, 5.75, 7], "texture": "#2"},
				"east": {"uv": [4.25, 0, 5.75, 7], "texture": "#2"},
				"south": {"uv": [4.25, 0, 5.75, 7], "texture": "#2"},
				"west": {"uv": [4.25, 0, 5.75, 7], "texture": "#2"},
				"up": {"uv": [5.75, 5.75, 7.25, 7.25], "texture": "#1"},
				"down": {"uv": [2.75, 2.75, 4.25, 4.25], "texture": "#2"}
			}
		},
		{
			"from": [-7, 9, 14],
			"to": [-5, 10, 15],
			"rotation": {"angle": 0, "axis": "y", "origin": [8, 8, -2]},
			"faces": {
				"north": {"uv": [4.25, 1.75, 5.75, 2.25], "texture": "#2"},
				"east": {"uv": [0, 0, 0.0625, 0.0625], "texture": "#2"},
				"south": {"uv": [4.25, 1.75, 5.75, 2.25], "texture": "#2"},
				"west": {"uv": [0, 0, 16, 16], "texture": "#2"},
				"up": {"uv": [7.25, 0.5, 8.75, 1], "texture": "#2"},
				"down": {"uv": [6.5, 0.5, 8, 1], "texture": "#2"}
			}
		},
		{
			"from": [-8, 6, 14],
			"to": [-7, 11, 15],
			"rotation": {"angle": 0, "axis": "y", "origin": [8, 8, -2]},
			"faces": {
				"north": {"uv": [5.75, 1, 6.5, 3.75], "texture": "#2"},
				"east": {"uv": [6.5, 1, 7.25, 3.75], "texture": "#2"},
				"south": {"uv": [5.75, 1, 6.5, 3.75], "texture": "#2"},
				"west": {"uv": [6.5, 1, 7.25, 3.75], "texture": "#2"},
				"up": {"uv": [2.5, 1.25, 3.25, 2], "texture": "#2"},
				"down": {"uv": [2.5, 2, 3.25, 2.75], "texture": "#2"}
			}
		},
		{
			"from": [7.5, 7, -2],
			"to": [7.5, 7.7, 3],
			"rotation": {"angle": 0, "axis": "y", "origin": [8, 8, -2]},
			"faces": {
				"north": {"uv": [0.25, 1.5, 0.313, 1.563], "texture": "#0"},
				"east": {"uv": [16, 5, 9.25, 6.75], "texture": "#0"},
				"south": {"uv": [0.25, 1.5, 0.313, 1.563], "texture": "#0"},
				"west": {"uv": [9.25, 5, 16, 6.75], "texture": "#0"},
				"up": {"uv": [15, 4.5, 15.063, 4.875], "texture": "#0"},
				"down": {"uv": [14.75, 4.5, 14.813, 4.875], "texture": "#0"}
			}
		},
		{
			"from": [6, 7, 3],
			"to": [8, 9, 9],
			"rotation": {"angle": 0, "axis": "y", "origin": [8, 8, -2]},
			"faces": {
				"north": {"uv": [12.5, 3.75, 14, 5], "texture": "#0"},
				"east": {"uv": [14, 2.5, 9.25, 3.75], "texture": "#0"},
				"south": {"uv": [13.5, 3.25, 13.625, 3.375], "texture": "#0"},
				"west": {"uv": [9.25, 2.5, 14, 3.75], "texture": "#0"},
				"up": {"uv": [8, 2, 9.25, 7], "texture": "#0"},
				"down": {"uv": [14.75, 0, 15.5, 4.5], "texture": "#0"}
			}
		},
		{
			"from": [6.5, 5, 5],
			"to": [7.5, 6, 11],
			"rotation": {"angle": -22.5, "axis": "x", "origin": [8, 8, -2]},
			"faces": {
				"north": {"uv": [14, 0, 14.75, 1], "texture": "#0"},
				"east": {"uv": [9.25, 1.75, 14, 2.5], "texture": "#0"},
				"south": {"uv": [14, 0, 14.75, 1], "texture": "#0"},
				"west": {"uv": [9.25, 1, 14, 1.75], "texture": "#0"},
				"up": {"uv": [14, 0, 14.75, 4.5], "texture": "#0"},
				"down": {"uv": [14.75, 0, 15.5, 4.5], "texture": "#0"}
			}
		},
		{
			"from": [10, 6, 12],
			"to": [16, 8, 14],
			"rotation": {"angle": 0, "axis": "y", "origin": [8, 8, -2]},
			"faces": {
				"north": {"uv": [0, 2.75, 2.75, 3.75], "texture": "#2"},
				"east": {"uv": [0, 0, 0.125, 0.125], "texture": "#2"},
				"south": {"uv": [2.75, 2.75, 0, 3.75], "texture": "#2"},
				"west": {"uv": [0, 0, 0.125, 0.125], "texture": "#2"},
				"up": {"uv": [0, 3.75, 2.75, 4.75], "texture": "#2"},
				"down": {"uv": [0, 4.75, 2.75, 5.75], "texture": "#2"}
			}
		},
		{
			"from": [16, 1, 11.75],
			"to": [18.5, 11, 14.25],
			"rotation": {"angle": 0, "axis": "y", "origin": [8, 8, -2]},
			"faces": {
				"north": {"uv": [5.75, 3.75, 7.25, 8.75], "texture": "#2"},
				"east": {"uv": [5.75, 3.75, 7.25, 8.75], "texture": "#2"},
				"south": {"uv": [5.75, 3.75, 7.25, 8.75], "texture": "#2"},
				"west": {"uv": [5.75, 3.75, 7.25, 8.75], "texture": "#2"},
				"up": {"uv": [7.5, 1.25, 9, 2.75], "texture": "#2"},
				"down": {"uv": [7.25, 1, 9.25, 3], "texture": "#2"}
			}
		},
		{
			"from": [2.7, 7, 14],
			"to": [4.7, 13, 16],
			"rotation": {"angle": 45, "axis": "y", "origin": [8, 8, -2]},
			"faces": {
				"north": {"uv": [7.25, 3, 8.75, 7.25], "texture": "#2"},
				"east": {"uv": [8.75, 3, 7.25, 7.25], "texture": "#2"},
				"south": {"uv": [7.25, 3, 8.75, 7.25], "texture": "#2"},
				"west": {"uv": [8.75, 3, 7.25, 7.25], "texture": "#2"},
				"up": {"uv": [7.5, 1.25, 9, 2.75], "texture": "#2"},
				"down": {"uv": [6.25, 3.25, 6.376, 3.376], "texture": "#2"}
			}
		},
		{
			"from": [16.5, -2, 12],
			"to": [18, 1, 14],
			"rotation": {"angle": 0, "axis": "y", "origin": [8, 8, -2]},
			"faces": {
				"north": {"uv": [3.5, 4.25, 4.25, 6.5], "texture": "#2"},
				"east": {"uv": [3.5, 4.25, 4.25, 6.5], "texture": "#2"},
				"south": {"uv": [3.5, 4.25, 4.25, 6.5], "texture": "#2"},
				"west": {"uv": [3.5, 4.25, 4.25, 6.5], "texture": "#2"},
				"up": {"uv": [3.5, 5.5, 4.25, 6.25], "texture": "#2"},
				"down": {"uv": [3.5, 5.5, 4.25, 6.25], "texture": "#2"}
			}
		},
		{
			"from": [9, 18, 16],
			"to": [20, 19, 17],
			"rotation": {"angle": 0, "axis": "y", "origin": [8, 8, -2]},
			"faces": {
				"north": {"uv": [9.25, 0.75, 16, 1.5], "texture": "#2"},
				"east": {"uv": [0, 0, 0.0625, 0.0625], "texture": "#2"},
				"south": {"uv": [16, 0.75, 9.25, 1.5], "texture": "#2"},
				"west": {"uv": [8, 0, 8.5, 1.25], "texture": "#2"},
				"up": {"uv": [9.25, 0, 16, 0.75], "texture": "#2"},
				"down": {"uv": [9.25, 1.5, 16, 2.25], "texture": "#2"}
			}
		},
		{
			"from": [25.2, 17, 6],
			"to": [26.2, 22, 7],
			"rotation": {"angle": -45, "axis": "y", "origin": [8, 8, -2]},
			"faces": {
				"north": {"uv": [8.75, 4.5, 9.5, 8.25], "texture": "#2"},
				"east": {"uv": [8.75, 4.5, 9.5, 8.25], "texture": "#2"},
				"south": {"uv": [8.75, 4.5, 9.5, 8.25], "texture": "#2"},
				"west": {"uv": [8.75, 4.5, 9.5, 8.25], "texture": "#2"},
				"up": {"uv": [3.5, 5.5, 4.25, 6.25], "texture": "#2"},
				"down": {"uv": [6.5, 1.25, 7.25, 2], "texture": "#2"}
			}
		},
		{
			"from": [20, 8, 15],
			"to": [23, 27, 18],
			"rotation": {"angle": 0, "axis": "y", "origin": [8, 8, -2]},
			"faces": {
				"north": {"uv": [13, 4.5, 16, 16], "texture": "#2"},
				"east": {"uv": [13, 4.5, 16, 16], "texture": "#2"},
				"south": {"uv": [13, 4.5, 16, 16], "texture": "#2"},
				"west": {"uv": [13, 4.5, 16, 16], "texture": "#2"},
				"up": {"uv": [7.25, 1, 9.25, 3], "texture": "#2"},
				"down": {"uv": [7.25, 1, 9.25, 3], "texture": "#2"}
			}
		},
		{
			"from": [21, 16, 12],
			"to": [22, 17, 15],
			"rotation": {"angle": 0, "axis": "y", "origin": [8, 8, -2]},
			"faces": {
				"north": {"uv": [0, 0, 0.0625, 0.0625], "texture": "#2"},
				"east": {"uv": [12.75, 0.5, 16, 1.75], "texture": "#2"},
				"south": {"uv": [14, 11.5, 15, 16], "texture": "#2"},
				"west": {"uv": [9.25, 0.5, 12.5, 1.75], "texture": "#2"},
				"up": {"uv": [14, 11.5, 15, 15.25], "texture": "#2"},
				"down": {"uv": [12.25, 3.5, 13, 0], "texture": "#2"}
			}
		},
		{
			"from": [16.5, 13, 12.5],
			"to": [17.5, 14, 13.5],
			"rotation": {"angle": 0, "axis": "y", "origin": [8, 8, -2]},
			"faces": {
				"north": {"uv": [10.5, 8.25, 11.75, 9], "texture": "#1"},
				"east": {"uv": [10.5, 8.25, 11.75, 9], "texture": "#1"},
				"south": {"uv": [10.5, 8.25, 11.75, 9], "texture": "#1"},
				"west": {"uv": [10.5, 8.25, 11.75, 9], "texture": "#1"},
				"up": {"uv": [6, 7.25, 7.25, 8.5], "texture": "#1"},
				"down": {"uv": [0, 0, 0.0625, 0.0625], "texture": "#2"}
			}
		},
		{
			"from": [20.5, 16.998, 10.5],
			"to": [22.5, 22.006, 12.5],
			"rotation": {"angle": 0, "axis": "y", "origin": [8, 8, -2]},
			"faces": {
				"north": {"uv": [11, 9.25, 13, 14], "texture": "#2"},
				"east": {"uv": [11, 9.25, 13, 14], "texture": "#2"},
				"south": {"uv": [11, 9.25, 13, 14], "texture": "#2"},
				"west": {"uv": [11, 9.25, 13, 14], "texture": "#2"},
				"up": {"uv": [11, 14, 13, 16], "texture": "#2"},
				"down": {"uv": [9, 14, 11, 16], "texture": "#2"}
			}
		},
		{
			"from": [21, 0, 16],
			"to": [22, 8, 17],
			"rotation": {"angle": 0, "axis": "y", "origin": [8, 8, -2]},
			"faces": {
				"north": {"uv": [8.25, 2, 9, 6.75], "texture": "#0"},
				"east": {"uv": [8.25, 2, 9, 6.75], "texture": "#0"},
				"south": {"uv": [8.25, 2, 9, 6.75], "texture": "#0"},
				"west": {"uv": [8.25, 2, 9, 6.75], "texture": "#0"},
				"up": {"uv": [8.25, 2, 9, 6.75], "texture": "#0"},
				"down": {"uv": [6.25, 7.5, 7, 8.25], "texture": "#1"}
			}
		},
		{
			"from": [14, 8, 13],
			"to": [15, 13, 13],
			"rotation": {"angle": 0, "axis": "y", "origin": [8, 8, -2]},
			"faces": {
				"north": {"uv": [2.75, 4.25, 3.5, 7], "texture": "#2"},
				"east": {"uv": [0, 0, 0, 0.3125], "texture": "#2"},
				"south": {"uv": [3.5, 4.25, 2.75, 7], "texture": "#2"},
				"west": {"uv": [0, 0, 0, 0.3125], "texture": "#2"},
				"up": {"uv": [0, 0, 0.0625, 0], "texture": "#2"},
				"down": {"uv": [0, 0, 0.0625, 0], "texture": "#2"}
			}
		},
		{
			"from": [23, 22, 16],
			"to": [26, 23, 17],
			"rotation": {"angle": 0, "axis": "y", "origin": [8, 8, -2]},
			"faces": {
				"north": {"uv": [13, 8, 15.25, 8.75], "texture": "#2"},
				"east": {"uv": [0, 0, 0.0625, 0.0625], "texture": "#2"},
				"south": {"uv": [13.75, 8, 16, 8.75], "texture": "#2"},
				"west": {"uv": [0, 0, 0.0625, 0.0625], "texture": "#2"},
				"up": {"uv": [2.25, 3.75, 0, 4.75], "texture": "#2"},
				"down": {"uv": [0.5, 4.75, 2.75, 5.75], "texture": "#2"}
			}
		},
		{
			"from": [25.5, 18, 15.5],
			"to": [27.5, 26, 17.5],
			"rotation": {"angle": 0, "axis": "y", "origin": [8, 8, -2]},
			"faces": {
				"north": {"uv": [10, 9.25, 11, 14], "texture": "#2"},
				"east": {"uv": [10, 9.25, 11, 14], "texture": "#2"},
				"south": {"uv": [10, 9.25, 11, 14], "texture": "#2"},
				"west": {"uv": [10, 9.25, 11, 14], "texture": "#2"},
				"up": {"uv": [9.5, 8.25, 10.5, 9.25], "texture": "#2"},
				"down": {"uv": [9.5, 7.25, 10.5, 8.25], "texture": "#2"}
			}
		},
		{
			"from": [29.6, 27, 0.5],
			"to": [31.6, 29, 2.5],
			"rotation": {"angle": -45, "axis": "y", "origin": [8, 8, -2]},
			"faces": {
				"north": {"uv": [10.5, 4.5, 13, 6.75], "texture": "#2"},
				"east": {"uv": [10.5, 4.5, 13, 6.75], "texture": "#2"},
				"south": {"uv": [10.5, 4.5, 13, 6.75], "texture": "#2"},
				"west": {"uv": [10.5, 4.5, 13, 6.75], "texture": "#2"},
				"up": {"uv": [10.5, 6.75, 13, 9.25], "texture": "#2"},
				"down": {"uv": [10.5, 6.75, 13, 9.25], "texture": "#2"}
			}
		},
		{
			"from": [6, 24, -9],
			"to": [8, 26, -1],
			"rotation": {"angle": 45, "axis": "x", "origin": [8, 8, -2]},
			"faces": {
				"north": {"uv": [0, 0, 0.125, 0.125], "texture": "#1"},
				"east": {"uv": [10.75, 0, 16, 1.5], "texture": "#1"},
				"south": {"uv": [12.75, 2.75, 12.876, 2.876], "texture": "#1"},
				"west": {"uv": [10.25, 0, 15.5, 1.5], "texture": "#1"},
				"up": {"uv": [12.75, 0, 13.5, 5.5], "texture": "#1"},
				"down": {"uv": [12.75, 0, 13.5, 5.5], "texture": "#1"}
			}
		},
		{
			"from": [5.5, 21, 4],
			"to": [8.5, 30, 7],
			"rotation": {"angle": 0, "axis": "y", "origin": [8, 8, -2]},
			"faces": {
				"north": {"uv": [9.75, 5.75, 11, 8.5], "texture": "#1"},
				"east": {"uv": [8.5, 5.75, 9.75, 8.5], "texture": "#1"},
				"south": {"uv": [7.25, 5.75, 8.5, 8.5], "texture": "#1"},
				"west": {"uv": [8.5, 5.75, 9.75, 8.5], "texture": "#1"},
				"up": {"uv": [6, 7.25, 7.25, 8.5], "texture": "#1"},
				"down": {"uv": [5.75, 5.75, 7.25, 7.25], "texture": "#1"}
			}
		},
		{
			"from": [6.5, 23, 2],
			"to": [7.5, 24, 4],
			"rotation": {"angle": 0, "axis": "y", "origin": [8, 8, -2]},
			"faces": {
				"north": {"uv": [0, 0, 0.5, 0.5], "texture": "#1"},
				"east": {"uv": [1.75, 0, 0, 0.5], "texture": "#1"},
				"south": {"uv": [1, 0, 1.5, 0.5], "texture": "#1"},
				"west": {"uv": [0, 0, 1.75, 0.5], "texture": "#1"},
				"up": {"uv": [0, 0, 0.5, 1], "texture": "#1"},
				"down": {"uv": [0, 0, 0.5, 1.25], "texture": "#1"}
			}
		},
		{
			"from": [12, 19, 3.4],
			"to": [13.1, 32, 4.6],
			"rotation": {"angle": -45, "axis": "y", "origin": [8, 8, -2]},
			"faces": {
				"north": {"uv": [5.75, 8.5, 6.5, 16], "texture": "#1"},
				"east": {"uv": [5.75, 8.5, 6.5, 16], "texture": "#1"},
				"south": {"uv": [5.75, 8.5, 6.5, 16], "texture": "#1"},
				"west": {"uv": [5.75, 8.5, 6.5, 16], "texture": "#1"},
				"up": {"uv": [6.25, 7.5, 7, 8.25], "texture": "#1"},
				"down": {"uv": [5.75, 14.75, 6.5, 15.5], "texture": "#1"}
			}
		},
		{
			"from": [1, 17.8, 16.005],
			"to": [7, 19, 17.997],
			"rotation": {"angle": 0, "axis": "y", "origin": [8, 8, -2]},
			"faces": {
				"north": {"uv": [12.25, 0.5, 16, 2], "texture": "#2"},
				"east": {"uv": [0, 0, 0.1245, 0.0625], "texture": "#2"},
				"south": {"uv": [9.25, 0.5, 13, 2], "texture": "#2"},
				"west": {"uv": [0, 0, 0.1245, 0.0625], "texture": "#2"},
				"up": {"uv": [0, 3.75, 3.75, 4.75], "texture": "#2"},
				"down": {"uv": [0, 0, 15.75, 2], "texture": "#2"}
			}
		},
		{
			"from": [-3, 14, 16],
			"to": [4, 16, 18],
			"rotation": {"angle": -22.5, "axis": "z", "origin": [8, 8, -2]},
			"faces": {
				"north": {"uv": [12.25, 0, 16, 2], "texture": "#2"},
				"east": {"uv": [0, 0, 0.125, 0.125], "texture": "#2"},
				"south": {"uv": [9.25, 0, 13, 2], "texture": "#2"},
				"west": {"uv": [0, 0, 0.5, 1.75], "texture": "#2"},
				"up": {"uv": [9.25, 1, 13.5, 2], "texture": "#2"},
				"down": {"uv": [0, 1.5, 3.25, 2.5], "texture": "#2"}
			}
		},
		{
			"from": [-2, 25, 15.5],
			"to": [1, 28, 18.5],
			"rotation": {"angle": 0, "axis": "y", "origin": [8, 8, -2]},
			"faces": {
				"north": {"uv": [2.75, 7, 5.5, 10], "texture": "#2"},
				"east": {"uv": [2.75, 10, 5.5, 13], "texture": "#2"},
				"south": {"uv": [2.75, 7, 5.5, 10], "texture": "#2"},
				"west": {"uv": [2.75, 10, 5.5, 13], "texture": "#2"},
				"up": {"uv": [2.75, 13, 5.5, 15.75], "texture": "#2"},
				"down": {"uv": [9, 14, 11, 16], "texture": "#2"}
			}
		},
		{
			"from": [-12.5, 27, 4.5],
			"to": [-10.5, 31, 6.5],
			"rotation": {"angle": 45, "axis": "y", "origin": [8, 8, -2]},
			"faces": {
				"north": {"uv": [10.5, 4.5, 13, 9.25], "texture": "#2"},
				"east": {"uv": [10.5, 4.5, 13, 9.25], "texture": "#2"},
				"south": {"uv": [10.5, 4.5, 13, 9.25], "texture": "#2"},
				"west": {"uv": [10.5, 4.5, 13, 9.25], "texture": "#2"},
				"up": {"uv": [3, 13.25, 5.25, 15.5], "texture": "#2"},
				"down": {"uv": [0, 0, 0.125, 0.125], "texture": "#missing"}
			}
		},
		{
			"from": [-12.5, 8, 4.5],
			"to": [-10.5, 14, 6.5],
			"rotation": {"angle": 45, "axis": "y", "origin": [8, 8, -2]},
			"faces": {
				"north": {"uv": [11.25, 4.5, 12.25, 8], "texture": "#2"},
				"east": {"uv": [11.25, 4.5, 12.25, 8], "texture": "#2"},
				"south": {"uv": [11.25, 4.5, 12.25, 8], "texture": "#2"},
				"west": {"uv": [11.25, 4.5, 12.25, 8], "texture": "#2"},
				"up": {"uv": [0, 0, 0.125, 0.125], "texture": "#2"},
				"down": {"uv": [6, 7.25, 7.25, 8.5], "texture": "#1"}
			}
		},
		{
			"from": [-2, 14, 15.5],
			"to": [1, 24, 18.5],
			"rotation": {"angle": 0, "axis": "y", "origin": [8, 8, -2]},
			"faces": {
				"north": {"uv": [0, 5.75, 2.75, 16], "texture": "#2"},
				"east": {"uv": [0, 5.75, 2.75, 16], "texture": "#2"},
				"south": {"uv": [0, 5.75, 2.75, 16], "texture": "#2"},
				"west": {"uv": [0, 5.75, 2.75, 16], "texture": "#2"},
				"up": {"uv": [1, 14, 1.75, 14.75], "texture": "#2"},
				"down": {"uv": [10.5, 6.75, 13, 9.25], "texture": "#2"}
			}
		},
		{
			"from": [-1.5, 24, 16],
			"to": [0.5, 25, 18],
			"rotation": {"angle": 0, "axis": "y", "origin": [8, 8, -2]},
			"faces": {
				"north": {"uv": [11, 12.5, 13, 13.75], "texture": "#2"},
				"east": {"uv": [11, 12.5, 13, 13.75], "texture": "#2"},
				"south": {"uv": [11, 12.5, 13, 13.75], "texture": "#2"},
				"west": {"uv": [11, 12.5, 13, 13.75], "texture": "#2"},
				"up": {"uv": [0, 0, 0.125, 0.125], "texture": "#2"},
				"down": {"uv": [0, 0, 0.125, 0.125], "texture": "#2"}
			}
		},
		{
			"from": [-3.5, 25.5, 16.5],
			"to": [-1.5, 26, 17.5],
			"rotation": {"angle": 0, "axis": "y", "origin": [8, 8, -2]},
			"faces": {
				"north": {"uv": [10.5, 0, 12.25, 0.75], "texture": "#2"},
				"east": {"uv": [0, 0, 0.0625, 0.03125], "texture": "#2"},
				"south": {"uv": [13, 0, 14.75, 0.75], "texture": "#2"},
				"west": {"uv": [0, 0, 0.0625, 0.03125], "texture": "#2"},
				"up": {"uv": [9.25, 0, 11, 0.75], "texture": "#2"},
				"down": {"uv": [13.75, 0, 15.5, 0.75], "texture": "#2"}
			}
		},
		{
			"from": [12.89, 23, 19],
			"to": [13.89, 27, 20],
			"rotation": {"angle": -45, "axis": "y", "origin": [8, 8, -2]},
			"faces": {
				"north": {"uv": [8.75, 4.5, 9.5, 8.25], "texture": "#2"},
				"east": {"uv": [8.75, 4.5, 9.5, 8.25], "texture": "#2"},
				"south": {"uv": [8.75, 4.5, 9.5, 8.25], "texture": "#2"},
				"west": {"uv": [8.75, 4.5, 9.5, 8.25], "texture": "#2"},
				"up": {"uv": [2.5, 1.25, 3.25, 2], "texture": "#2"},
				"down": {"uv": [1, 14, 1.75, 14.75], "texture": "#2"}
			}
		},
		{
			"from": [7.99, 20, 11.52],
			"to": [10.99, 23, 14.49],
			"rotation": {"angle": 45, "axis": "z", "origin": [8, 8, -2]},
			"faces": {
				"north": {"uv": [4, 4.25, 1.25, 1.5], "rotation": 90, "texture": "#1"},
				"east": {"uv": [10.5, 6.75, 13, 4.5], "texture": "#2"},
				"south": {"uv": [1.25, 4.25, 4, 1.5], "rotation": 270, "texture": "#1"},
				"west": {"uv": [10.5, 6.75, 13, 9.25], "rotation": 270, "texture": "#2"},
				"up": {"uv": [10.5, 4.5, 13, 6.75], "rotation": 270, "texture": "#2"},
				"down": {"uv": [10.5, 6.75, 13, 9.25], "rotation": 270, "texture": "#2"}
			}
		},
		{
			"from": [7.99, 20, 19.52],
			"to": [10.99, 23, 22.49],
			"rotation": {"angle": 45, "axis": "z", "origin": [8, 8, 6]},
			"faces": {
				"north": {"uv": [4, 4.25, 1.25, 1.5], "rotation": 90, "texture": "#1"},
				"east": {"uv": [10.5, 6.75, 13, 4.5], "texture": "#2"},
				"south": {"uv": [1.25, 4.25, 4, 1.5], "rotation": 270, "texture": "#1"},
				"west": {"uv": [10.5, 6.75, 13, 9.25], "rotation": 270, "texture": "#2"},
				"up": {"uv": [10.5, 4.5, 13, 6.75], "rotation": 270, "texture": "#2"},
				"down": {"uv": [10.5, 6.75, 13, 9.25], "rotation": 270, "texture": "#2"}
			}
		},
		{
			"from": [6.5, 7, -2],
			"to": [7.5, 7.2, 3],
			"rotation": {"angle": 0, "axis": "y", "origin": [8, 8, -2]},
			"faces": {
				"north": {"uv": [0, 1.5, 0.063, 1.531], "texture": "#0"},
				"east": {"uv": [9.25, 6, 16, 6.75], "texture": "#0"},
				"south": {"uv": [0.25, 1.5, 0.313, 1.531], "texture": "#0"},
				"west": {"uv": [9.25, 6, 16, 6.75], "texture": "#0"},
				"up": {"uv": [15.5, 0, 16, 4.5], "texture": "#0"},
				"down": {"uv": [14.75, 6.75, 16, 11.5], "texture": "#0"}
			}
		},
		{
			"from": [6.5, 7, -2],
			"to": [6.5, 7.7, 3],
			"rotation": {"angle": 0, "axis": "y", "origin": [8, 8, -2]},
			"faces": {
				"north": {"uv": [0.25, 1.5, 0.313, 1.563], "texture": "#0"},
				"east": {"uv": [16, 5, 9.25, 6.75], "texture": "#0"},
				"south": {"uv": [0.25, 1.5, 0.313, 1.563], "texture": "#0"},
				"west": {"uv": [9.25, 5, 16, 6.75], "texture": "#0"},
				"up": {"uv": [15, 4.5, 15.063, 4.875], "texture": "#0"},
				"down": {"uv": [14.75, 4.5, 14.813, 4.875], "texture": "#0"}
			}
		},
		{
			"from": [3, 2, -7],
			"to": [5, 12, -5],
			"rotation": {"angle": 0, "axis": "y", "origin": [7, -2, -1]},
			"faces": {
				"north": {"uv": [4.75, 0, 6.25, 4], "texture": "#0"},
				"east": {"uv": [6.75, 0, 8, 4], "texture": "#0"},
				"south": {"uv": [6.75, 0, 8, 4], "texture": "#0"},
				"west": {"uv": [4.75, 0, 6.25, 4], "texture": "#0"},
				"up": {"uv": [8, 4, 9.25, 5.25], "texture": "#0"},
				"down": {"uv": [8, 1, 9.25, 2], "texture": "#0"}
			}
		},
		{
			"from": [-2, 13, 11.5],
			"to": [1, 19, 14.5],
			"rotation": {"angle": 0, "axis": "y", "origin": [8, 8, -2]},
			"faces": {
				"north": {"uv": [7.5, 10.25, 10, 14], "texture": "#2"},
				"east": {"uv": [7.5, 10.25, 10, 14], "texture": "#2"},
				"south": {"uv": [7.5, 10.25, 10, 14], "texture": "#2"},
				"west": {"uv": [7.5, 10.25, 10, 14], "texture": "#2"},
				"up": {"uv": [10.75, 3.75, 10.938, 3.938], "texture": "#2"},
				"down": {"uv": [13.5, 9.25, 15.5, 11], "texture": "#2"}
			}
		},
		{
			"from": [-2, 13, 19.5],
			"to": [1, 19, 22.5],
			"rotation": {"angle": 0, "axis": "y", "origin": [8, 8, 6]},
			"faces": {
				"north": {"uv": [7.5, 10.25, 10, 14], "texture": "#2"},
				"east": {"uv": [7.5, 10.25, 10, 14], "texture": "#2"},
				"south": {"uv": [7.5, 10.25, 10, 14], "texture": "#2"},
				"west": {"uv": [7.5, 10.25, 10, 14], "texture": "#2"},
				"up": {"uv": [10.75, 3.75, 10.938, 3.938], "texture": "#2"},
				"down": {"uv": [13.5, 9.25, 15.5, 11], "texture": "#2"}
			}
		},
		{
			"from": [-1.5, 15, 14],
			"to": [0.5, 17, 16],
			"rotation": {"angle": 0, "axis": "y", "origin": [8, 8, -2]},
			"faces": {
				"north": {"uv": [0, 0, 0.125, 0.125], "texture": "#2"},
				"east": {"uv": [2.5, 0, 1.25, 1.25], "texture": "#2"},
				"south": {"uv": [0, 0, 0.125, 0.125], "texture": "#2"},
				"west": {"uv": [1.25, 0, 2.5, 1.25], "texture": "#2"},
				"up": {"uv": [0.75, 7, 2, 7.75], "texture": "#2"},
				"down": {"uv": [8.75, 9.25, 10, 10.5], "texture": "#2"}
			}
		},
		{
			"from": [-1.5, 15, 18],
			"to": [0.5, 17, 20],
			"rotation": {"angle": 0, "axis": "y", "origin": [8, 8, 2]},
			"faces": {
				"north": {"uv": [0, 0, 0.125, 0.125], "texture": "#2"},
				"east": {"uv": [2.5, 0, 1.25, 1.25], "texture": "#2"},
				"south": {"uv": [0, 0, 0.125, 0.125], "texture": "#2"},
				"west": {"uv": [1.25, 0, 2.5, 1.25], "texture": "#2"},
				"up": {"uv": [0.75, 7, 2, 7.75], "texture": "#2"},
				"down": {"uv": [8.75, 9.25, 10, 10.5], "texture": "#2"}
			}
		},
		{
			"from": [16.577, 18, 10.016],
			"to": [20.577, 22, 18.986],
			"rotation": {"angle": 45, "axis": "z", "origin": [8, 8, -2]},
			"faces": {
				"north": {"uv": [4, 4.25, 1.25, 1.5], "rotation": 90, "texture": "#1"},
				"east": {"uv": [13.25, 8.5, 16, 13.25], "rotation": 270, "texture": "#1"},
				"south": {"uv": [1.25, 4.25, 4, 1.5], "rotation": 270, "texture": "#1"},
				"west": {"uv": [13.25, 8.5, 16, 13.311], "rotation": 270, "texture": "#1"},
				"up": {"uv": [15.75, 5.75, 11, 8.5], "rotation": 270, "texture": "#1"},
				"down": {"uv": [11, 8.5, 16, 5.75], "rotation": 270, "texture": "#1"}
			}
		},
		{
			"from": [6, -4, 21],
			"to": [8, 2, 22],
			"rotation": {"angle": 0, "axis": "y", "origin": [8, 8, -2]},
			"faces": {
				"north": {"uv": [0, 0, 0.125, 0.3125], "texture": "#1"},
				"east": {"uv": [4.5, 10.75, 5.25, 13], "texture": "#1"},
				"south": {"uv": [0, 0, 0.125, 0.3125], "texture": "#1"},
				"west": {"uv": [4.5, 10.75, 5.25, 13], "texture": "#1"},
				"up": {"uv": [0, 0, 0.125, 0.0625], "texture": "#1"},
				"down": {"uv": [0, 0, 0.125, 0.0625], "texture": "#1"}
			}
		},
		{
			"from": [6, -2, 22],
			"to": [8, 2, 23],
			"rotation": {"angle": 0, "axis": "y", "origin": [8, 8, -2]},
			"faces": {
				"north": {"uv": [0, 0, 0.125, 0.3125], "texture": "#1"},
				"east": {"uv": [4.5, 10.75, 5.25, 13], "texture": "#1"},
				"south": {"uv": [0, 0, 0.125, 0.3125], "texture": "#1"},
				"west": {"uv": [4.5, 10.75, 5.25, 13], "texture": "#1"},
				"up": {"uv": [0, 0, 0.125, 0.0625], "texture": "#1"},
				"down": {"uv": [0, 0, 0.125, 0.0625], "texture": "#1"}
			}
		},
		{
			"from": [6, -1, 23],
			"to": [8, 2, 24],
			"rotation": {"angle": 0, "axis": "y", "origin": [8, 8, -2]},
			"faces": {
				"north": {"uv": [0, 0, 0.125, 0.3125], "texture": "#1"},
				"east": {"uv": [4.5, 10.75, 5.25, 13], "texture": "#1"},
				"south": {"uv": [0, 0, 0.125, 0.3125], "texture": "#1"},
				"west": {"uv": [4.5, 10.75, 5.25, 13], "texture": "#1"},
				"up": {"uv": [0, 0, 0.125, 0.0625], "texture": "#1"},
				"down": {"uv": [0, 0, 0.125, 0.0625], "texture": "#1"}
			}
		},
		{
			"from": [6, 0, 24],
			"to": [8, 2, 25],
			"rotation": {"angle": 0, "axis": "y", "origin": [8, 8, -2]},
			"faces": {
				"north": {"uv": [0, 0, 0.125, 0.3125], "texture": "#1"},
				"east": {"uv": [4.5, 10.75, 5.25, 13], "texture": "#1"},
				"south": {"uv": [0, 0, 0.125, 0.3125], "texture": "#1"},
				"west": {"uv": [4.5, 10.75, 5.25, 13], "texture": "#1"},
				"up": {"uv": [0, 0, 0.125, 0.0625], "texture": "#1"},
				"down": {"uv": [0, 0, 0.125, 0.0625], "texture": "#1"}
			}
		},
		{
			"from": [6.99, 7.4, 25.008],
			"to": [10.99, 11.4, 28.988],
			"rotation": {"angle": 45, "axis": "z", "origin": [8, 7, -2]},
			"faces": {
				"north": {"uv": [5.75, 5.75, 7.25, 7.25], "rotation": 90, "texture": "#1"},
				"east": {"uv": [13.25, 13.25, 16, 8.25], "rotation": 270, "texture": "#1"},
				"south": {"uv": [1.25, 4.25, 4, 1.5], "rotation": 270, "texture": "#1"},
				"west": {"uv": [13.25, 8.25, 16, 13.25], "rotation": 270, "texture": "#1"},
				"up": {"uv": [11, 5.75, 16, 8.5], "rotation": 270, "texture": "#1"},
				"down": {"uv": [11, 5.75, 16, 8.5], "rotation": 270, "texture": "#1"}
			}
		},
		{
			"from": [11.99, 13.4, 9.008],
			"to": [13.99, 15.4, 10],
			"rotation": {"angle": 45, "axis": "z", "origin": [8, 8, -18]},
			"faces": {
				"north": {"uv": [4, 4.25, 1.25, 1.5], "rotation": 90, "texture": "#1"},
				"east": {"uv": [11, 7, 13.25, 8.5], "rotation": 270, "texture": "#1"},
				"south": {"uv": [1.25, 1.5, 4, 4.25], "rotation": 270, "texture": "#1"},
				"west": {"uv": [11, 7, 13.25, 8.5], "rotation": 270, "texture": "#1"},
				"up": {"uv": [13.25, 8.5, 14.5, 10.75], "rotation": 270, "texture": "#1"},
				"down": {"uv": [13.25, 8.5, 14.5, 10.75], "rotation": 270, "texture": "#1"}
			}
		},
		{
			"from": [6, 10, 9],
			"to": [8, 16, 10],
			"rotation": {"angle": 0, "axis": "y", "origin": [8, 8, -18]},
			"faces": {
				"north": {"uv": [8.25, 0, 9.75, 5.75], "texture": "#1"},
				"east": {"uv": [8, 0, 8.75, 5.75], "texture": "#1"},
				"south": {"uv": [8.25, 0, 9.75, 5.75], "texture": "#1"},
				"west": {"uv": [9.25, 0, 10, 5.75], "texture": "#1"},
				"up": {"uv": [0, 0, 0.5, 0.75], "texture": "#1"},
				"down": {"uv": [5.75, 2.75, 5.876, 2.813], "texture": "#1"}
			}
		},
		{
			"from": [5, -10, 28],
			"to": [9, -6, 32],
			"rotation": {"angle": 0, "axis": "y", "origin": [8, 8, 2]},
			"faces": {
				"north": {"uv": [0, 14.5, 2.75, 16], "texture": "#1"},
				"east": {"uv": [0, 14.5, 1.75, 16], "texture": "#1"},
				"south": {"uv": [0, 14.5, 2.75, 16], "texture": "#1"},
				"west": {"uv": [0, 14.5, 1.75, 16], "texture": "#1"},
				"up": {"uv": [0, 12.75, 2.75, 14.5], "texture": "#1"},
				"down": {"uv": [0, 12.25, 0.25, 12.438], "texture": "#1"}
			}
		},
		{
			"from": [6, -10, 22],
			"to": [8, -8, 28],
			"rotation": {"angle": 0, "axis": "y", "origin": [8, 8, 2]},
			"faces": {
				"north": {"uv": [0, 0, 0.125, 0.125], "texture": "#missing"},
				"east": {"uv": [0, 0, 0.063, 0.126], "texture": "#1"},
				"south": {"uv": [0, 0, 0.125, 0.125], "texture": "#1"},
				"west": {"uv": [0, 0, 0.0625, 0.125], "texture": "#1"},
				"up": {"uv": [0, 0, 0.125, 0.0625], "texture": "#1"},
				"down": {"uv": [0, 0, 0.125, 0.0625], "texture": "#1"}
			}
		},
		{
			"from": [7, -6, 29.5],
			"to": [7, -4, 30.5],
			"rotation": {"angle": 0, "axis": "y", "origin": [8, 7, 2]},
			"faces": {
				"north": {"uv": [1.75, 3.75, 1.876, 3.876], "texture": "#1"},
				"east": {"uv": [0, 2.5, 1.25, 4.25], "texture": "#1"},
				"south": {"uv": [1.75, 3.75, 1.876, 3.876], "texture": "#1"},
				"west": {"uv": [0, 2.5, 1.25, 4.25], "texture": "#1"},
				"up": {"uv": [1.75, 3.75, 1.876, 3.813], "texture": "#1"},
				"down": {"uv": [1.75, 3.75, 1.876, 3.813], "texture": "#1"}
			}
		},
		{
			"from": [-1.5, 28, 16],
			"to": [0.5, 29, 18],
			"rotation": {"angle": 0, "axis": "y", "origin": [8, 8, -2]},
			"faces": {
				"north": {"uv": [2.75, 13.25, 5.5, 14.75], "texture": "#2"},
				"east": {"uv": [2.75, 13.25, 5.5, 14.75], "texture": "#2"},
				"south": {"uv": [2.75, 13.25, 5.5, 14.75], "texture": "#2"},
				"west": {"uv": [2.75, 13.25, 5.5, 14.75], "texture": "#2"},
				"up": {"uv": [2.75, 13, 5.5, 15.75], "texture": "#2"},
				"down": {"uv": [0, 0, 0.125, 0.125], "texture": "#2"}
			}
		},
		{
			"from": [-1, 31, 16.6],
			"to": [0, 32, 17.6],
			"rotation": {"angle": 0, "axis": "y", "origin": [8, 8, -2]},
			"faces": {
				"north": {"uv": [2.75, 13.25, 5.5, 14.75], "texture": "#2"},
				"east": {"uv": [2.75, 13.25, 5.5, 14.75], "texture": "#2"},
				"south": {"uv": [2.75, 13.25, 5.5, 14.75], "texture": "#2"},
				"west": {"uv": [2.75, 13.25, 5.5, 14.75], "texture": "#2"},
				"up": {"uv": [2.75, 13, 5.5, 15.75], "texture": "#2"},
				"down": {"uv": [0, 0, 0.125, 0.125], "texture": "#2"}
			}
		},
		{
			"from": [6, 30, 4.5],
			"to": [8, 31, 6.5],
			"rotation": {"angle": 0, "axis": "y", "origin": [8, 8, -2]},
			"faces": {
				"north": {"uv": [6, 8, 7.25, 8.5], "texture": "#1"},
				"east": {"uv": [6, 8, 7.25, 8.5], "texture": "#1"},
				"south": {"uv": [6, 8, 7.25, 8.5], "texture": "#1"},
				"west": {"uv": [6, 8, 7.25, 8.5], "texture": "#1"},
				"up": {"uv": [6, 7.25, 7.25, 8.5], "texture": "#1"},
				"down": {"uv": [5.75, 5.75, 7.25, 7.25], "texture": "#1"}
			}
		},
		{
			"from": [8, -6.98, -8],
			"to": [9, -4.98, -7],
			"rotation": {"angle": 0, "axis": "y", "origin": [8, -2, -2]},
			"faces": {
				"north": {"uv": [0, 0, 0.688, 1], "texture": "#0"},
				"east": {"uv": [0, 0, 0.688, 1], "texture": "#0"},
				"south": {"uv": [0, 0, 0.688, 1], "texture": "#0"},
				"west": {"uv": [0, 0, 0.688, 1], "texture": "#0"},
				"up": {"uv": [1.5, 0, 2.25, 0.75], "texture": "#0"},
				"down": {"uv": [2.25, 0, 2.938, 0.688], "texture": "#0"}
			}
		},
		{
			"from": [8, -6.98, -10],
			"to": [9, -5.98, -9],
			"rotation": {"angle": 0, "axis": "y", "origin": [8, -2, -2]},
			"faces": {
				"north": {"uv": [0, 0, 0.688, 1], "texture": "#0"},
				"east": {"uv": [0, 0, 0.688, 1], "texture": "#0"},
				"south": {"uv": [0, 0, 0.688, 1], "texture": "#0"},
				"west": {"uv": [0, 0, 0.688, 1], "texture": "#0"},
				"up": {"uv": [1.5, 0, 2.25, 0.75], "texture": "#0"},
				"down": {"uv": [2.25, 0, 2.938, 0.688], "texture": "#0"}
			}
		},
		{
			"from": [5, -6.98, -10],
			"to": [6, -5.98, -9],
			"rotation": {"angle": 0, "axis": "y", "origin": [8, -2, -2]},
			"faces": {
				"north": {"uv": [0, 0, 0.688, 1], "texture": "#0"},
				"east": {"uv": [0, 0, 0.688, 1], "texture": "#0"},
				"south": {"uv": [0, 0, 0.688, 1], "texture": "#0"},
				"west": {"uv": [0, 0, 0.688, 1], "texture": "#0"},
				"up": {"uv": [1.5, 0, 2.25, 0.75], "texture": "#0"},
				"down": {"uv": [2.25, 0, 2.938, 0.688], "texture": "#0"}
			}
		},
		{
			"from": [3.25, 12.02, -6.75],
			"to": [4.75, 13.02, -5.25],
			"rotation": {"angle": 0, "axis": "y", "origin": [7, -2, -2]},
			"faces": {
				"north": {"uv": [8.25, 2, 8.938, 2.5], "texture": "#0"},
				"east": {"uv": [8.25, 2, 8.938, 2.5], "texture": "#0"},
				"south": {"uv": [8.25, 2, 8.938, 2.5], "texture": "#0"},
				"west": {"uv": [8.25, 2, 8.938, 2.5], "texture": "#0"},
				"up": {"uv": [8.25, 3.25, 9, 4], "texture": "#0"},
				"down": {"uv": [8.25, 3.25, 8.938, 3.938], "texture": "#0"}
			}
		},
		{
			"from": [9.25, 12.02, -6.75],
			"to": [10.75, 13.02, -5.25],
			"rotation": {"angle": 0, "axis": "y", "origin": [8, -2, -2]},
			"faces": {
				"north": {"uv": [8.25, 2, 8.938, 2.5], "texture": "#0"},
				"east": {"uv": [8.25, 2, 8.938, 2.5], "texture": "#0"},
				"south": {"uv": [8.25, 2, 8.938, 2.5], "texture": "#0"},
				"west": {"uv": [8.25, 2, 8.938, 2.5], "texture": "#0"},
				"up": {"uv": [8.25, 3.25, 9, 4], "texture": "#0"},
				"down": {"uv": [8.25, 3.25, 8.938, 3.938], "texture": "#0"}
			}
		},
		{
			"from": [6.25, 13.02, -3.75],
			"to": [7.75, 14.02, -2.25],
			"rotation": {"angle": 0, "axis": "y", "origin": [8, -2, -2]},
			"faces": {
				"north": {"uv": [8.25, 2.25, 8.938, 2.75], "texture": "#0"},
				"east": {"uv": [8.25, 2.25, 8.938, 2.75], "texture": "#0"},
				"south": {"uv": [8.25, 2.25, 8.938, 2.75], "texture": "#0"},
				"west": {"uv": [8.25, 2.25, 8.938, 2.75], "texture": "#0"},
				"up": {"uv": [8.25, 3.25, 9, 4], "texture": "#0"},
				"down": {"uv": [8.25, 3.25, 8.938, 3.938], "texture": "#0"}
			}
		},
		{
			"from": [-4.72, 12, 14],
			"to": [-3.72, 13, 15],
			"rotation": {"angle": 0, "axis": "y", "origin": [8, 8, -2]},
			"faces": {
				"north": {"uv": [8, 2.25, 9.25, 3.5], "texture": "#0"},
				"east": {"uv": [8, 2.25, 9.25, 3.5], "texture": "#0"},
				"south": {"uv": [8, 2.25, 9.25, 3.5], "texture": "#0"},
				"west": {"uv": [8, 2.25, 9.25, 3.5], "texture": "#0"},
				"up": {"uv": [6, 7.25, 7.25, 8.5], "texture": "#1"},
				"down": {"uv": [0, 0, 0.0625, 0.0625], "texture": "#0"}
			}
		},
		{
			"from": [5, -9.98, -10],
			"to": [9, -6.98, -4],
			"rotation": {"angle": 0, "axis": "y", "origin": [8, -2, -2]},
			"faces": {
				"north": {"uv": [1.5, 0.75, 2.938, 1.75], "texture": "#0"},
				"east": {"uv": [6.75, 0.5, 7.938, 1.5], "texture": "#0"},
				"south": {"uv": [6.75, 3, 7.938, 4], "texture": "#0"},
				"west": {"uv": [6.75, 0.5, 8, 1.5], "texture": "#0"},
				"up": {"uv": [14.75, 9.75, 16, 10.75], "texture": "#0"},
				"down": {"uv": [14.75, 7, 16, 8], "texture": "#0"}
			}
		},
		{
			"from": [21, 13, 11],
			"to": [22, 17, 12],
			"rotation": {"angle": 0, "axis": "y", "origin": [8, 8, -2]},
			"faces": {
				"north": {"uv": [8.75, 7.25, 7.25, 3], "texture": "#2"},
				"east": {"uv": [7.25, 7.25, 8.75, 3], "texture": "#2"},
				"south": {"uv": [8.75, 7.25, 7.25, 3], "texture": "#2"},
				"west": {"uv": [7.25, 7.25, 8.75, 3], "texture": "#2"},
				"up": {"uv": [0, 0, 0.0625, 0.0625], "texture": "#2"},
				"down": {"uv": [11, 7.25, 12.5, 8.75], "texture": "#2"}
			}
		},
		{
			"from": [29.7, 17, -4.5],
			"to": [31.7, 20.953, -2.5],
			"rotation": {"angle": -45, "axis": "y", "origin": [8, -2, -7]},
			"faces": {
				"north": {"uv": [13, 10.25, 11, 14], "texture": "#2"},
				"east": {"uv": [13, 10.25, 11, 14], "texture": "#2"},
				"south": {"uv": [13, 10.25, 11, 14], "texture": "#2"},
				"west": {"uv": [13, 10.25, 11, 14], "texture": "#2"},
				"up": {"uv": [11, 14, 13, 16], "texture": "#2"},
				"down": {"uv": [9, 14, 11, 16], "texture": "#2"}
			}
		},
		{
			"from": [9, 15, 16.5],
			"to": [20, 18, 16.5],
			"rotation": {"angle": 0, "axis": "y", "origin": [8, 8, -2]},
			"faces": {
				"north": {"uv": [9.25, 2.25, 16, 4.5], "texture": "#2"},
				"east": {"uv": [0, 0, 0, 0.1875], "texture": "#2"},
				"south": {"uv": [9.25, 2.25, 16, 4.5], "texture": "#2"},
				"west": {"uv": [0, 0, 0, 0.1875], "texture": "#2"},
				"up": {"uv": [0, 0, 0.6875, 0], "texture": "#2"},
				"down": {"uv": [0, 0, 0.6875, 0], "texture": "#2"}
			}
		},
		{
			"from": [20.5, 27, 15.5],
			"to": [22.5, 28, 17.5],
			"rotation": {"angle": 0, "axis": "y", "origin": [8, 8, -2]},
			"faces": {
				"north": {"uv": [10.5, 5.75, 13, 6.75], "texture": "#2"},
				"east": {"uv": [10.5, 5.75, 13, 6.75], "texture": "#2"},
				"south": {"uv": [10.5, 5.75, 13, 6.75], "texture": "#2"},
				"west": {"uv": [10.5, 5.75, 13, 6.75], "texture": "#2"},
				"up": {"uv": [10.5, 6.75, 13, 9.25], "texture": "#2"},
				"down": {"uv": [0, 0, 0.125, 0.125], "texture": "#2"}
			}
		},
		{
			"from": [29.6, 7, 0.5],
			"to": [31.6, 8, 2.5],
			"rotation": {"angle": -45, "axis": "y", "origin": [8, 8, -2]},
			"faces": {
				"north": {"uv": [10.5, 5.25, 13, 6.25], "texture": "#2"},
				"east": {"uv": [10.5, 5.25, 13, 6.25], "texture": "#2"},
				"south": {"uv": [10.5, 5.25, 13, 6.25], "texture": "#2"},
				"west": {"uv": [10.5, 5.25, 13, 6.25], "texture": "#2"},
				"up": {"uv": [10.5, 6.75, 13, 9.25], "texture": "#2"},
				"down": {"uv": [10.5, 6.75, 13, 9.25], "texture": "#2"}
			}
		},
		{
			"from": [25.75, 17, 15.75],
			"to": [27.25, 18, 17.25],
			"rotation": {"angle": 0, "axis": "y", "origin": [-2, -10, -2]},
			"faces": {
				"north": {"uv": [7.25, 3.5, 8.75, 4.25], "texture": "#2"},
				"east": {"uv": [7.25, 3.5, 8.75, 4.25], "texture": "#2"},
				"south": {"uv": [7.25, 3.5, 8.75, 4.25], "texture": "#2"},
				"west": {"uv": [7.25, 3.5, 8.75, 4.25], "texture": "#2"},
				"up": {"uv": [7.75, 3.5, 8.25, 4], "texture": "#2"},
				"down": {"uv": [7.5, 1.25, 9, 2.75], "texture": "#2"}
			}
		},
		{
			"from": [20.5, 22, 11.5],
			"to": [22.5, 25, 11.5],
			"rotation": {"angle": 0, "axis": "y", "origin": [8, 8, 2]},
			"faces": {
				"north": {"uv": [7.25, 7.25, 8.75, 10.25], "texture": "#2"},
				"east": {"uv": [7.25, 7.25, 8.75, 10.25], "texture": "#2"},
				"south": {"uv": [7.25, 7.25, 8.75, 10.25], "texture": "#2"},
				"west": {"uv": [7.25, 7.25, 8.75, 10.25], "texture": "#2"},
				"up": {"uv": [0, 0, 16, 16], "texture": "#2"},
				"down": {"uv": [0, 0, 16, 16], "texture": "#2"}
			}
		},
		{
			"from": [25.75, 26, 16.5],
			"to": [27.25, 28, 16.5],
			"rotation": {"angle": 0, "axis": "y", "origin": [8, 8, 2]},
			"faces": {
				"north": {"uv": [7.25, 7.25, 8.75, 10.25], "texture": "#2"},
				"east": {"uv": [7.25, 7.25, 8.75, 10.25], "texture": "#2"},
				"south": {"uv": [7.25, 7.25, 8.75, 10.25], "texture": "#2"},
				"west": {"uv": [7.25, 7.25, 8.75, 10.25], "texture": "#2"},
				"up": {"uv": [0, 0, 16, 16], "texture": "#2"},
				"down": {"uv": [0, 0, 16, 16], "texture": "#2"}
			}
		},
		{
			"from": [-1.5, 12, 16],
			"to": [0.5, 14, 18],
			"rotation": {"angle": 0, "axis": "y", "origin": [8, 8, -2]},
			"faces": {
				"north": {"uv": [7.5, 1, 9, 2], "texture": "#2"},
				"east": {"uv": [7.5, 1, 9, 2], "texture": "#2"},
				"south": {"uv": [7.5, 1, 9, 2], "texture": "#2"},
				"west": {"uv": [7.5, 1, 9, 2], "texture": "#2"},
				"up": {"uv": [0, 0, 0.125, 0.125], "texture": "#2"},
				"down": {"uv": [2.5, 1.25, 3.25, 2], "texture": "#2"}
			}
		}
	],
	"display": {
		"thirdperson_righthand": {
			"rotation": [90, 0, 0],
			"translation": [-2, 10, 8.75],
			"scale": [0.5, 0.5, 0.5]
		},
		"thirdperson_lefthand": {
			"translation": [-1.5, 9, 0],
			"scale": [0.5, 0.5, 0.5]
		},
		"firstperson_righthand": {
			"translation": [-3.75, 5.5, 5],
			"scale": [0.2, 0.2, 0.2]
		},
		"firstperson_lefthand": {
			"translation": [-4, 4, -8]
		},
		"ground": {
			"translation": [1, 5.5, -4],
			"scale": [0.5, 0.5, 0.5]
		},
		"gui": {
			"rotation": [33, 135, 0],
			"translation": [-2, -2.5, 1.5],
			"scale": [0.4, 0.4, 0.4]
		},
		"head": {
			"translation": [0, 13.5, -3],
			"scale": [0.4, 0.4, 0.4]
		},
		"fixed": {
			"rotation": [-90, 0, 0],
			"translation": [1.5, -6, -18]
		}
	}
}