{
	"credit": "Made with Blockbench",
	"textures": {
		"0": "item/charcoal/12",
		"1": "item/charcoal/12-1",
		"particle": "item/charcoal/12"
	},
	"elements": [
		{
			"from": [7, 0, 2],
			"to": [9, 1, 12],
			"faces": {
				"north": {"uv": [0, 0, 2, 1], "texture": "#1"},
				"east": {"uv": [13, 0, 16, 11.75], "rotation": 270, "texture": "#1"},
				"south": {"uv": [0, 0, 2, 1], "texture": "#1"},
				"west": {"uv": [13, 0, 16, 11.75], "rotation": 90, "texture": "#1"},
				"up": {"uv": [0, 0, 2, 10], "texture": "#1"},
				"down": {"uv": [6.25, 8.375, 11, 14], "texture": "#1"}
			}
		},
		{
			"from": [7, 0, 1],
			"to": [9, 1, 2],
			"rotation": {"angle": 0, "axis": "x", "origin": [8, 0, 2]},
			"faces": {
				"north": {"uv": [0, 0, 2, 1], "texture": "#1"},
				"east": {"uv": [0, 0, 1, 1], "texture": "#1"},
				"south": {"uv": [0, 0, 2, 1], "texture": "#1"},
				"west": {"uv": [0, 0, 1, 1], "texture": "#1"},
				"up": {"uv": [0, 0, 2, 1], "texture": "#1"},
				"down": {"uv": [5, 14, 7.125, 16], "texture": "#1"}
			}
		},
		{
			"from": [7, 0, 12],
			"to": [9, 2, 13],
			"faces": {
				"north": {"uv": [0, 0, 2, 2], "texture": "#1"},
				"east": {"uv": [0, 0, 1, 2], "texture": "#1"},
				"south": {"uv": [0.5, 12, 4.375, 16], "texture": "#1"},
				"west": {"uv": [0, 0, 1, 2], "texture": "#1"},
				"up": {"uv": [0, 0, 2, 1], "texture": "#1"},
				"down": {"uv": [0, 0, 2, 1], "texture": "#1"}
			}
		},
		{
			"from": [7, 1, 4],
			"to": [9, 2, 12],
			"faces": {
				"north": {"uv": [0, 0, 2, 1], "texture": "#1"},
				"east": {"uv": [13, 0, 16, 9.375], "rotation": 270, "texture": "#1"},
				"south": {"uv": [0, 0, 2, 1], "texture": "#1"},
				"west": {"uv": [13, 0, 16, 9.375], "rotation": 90, "texture": "#1"},
				"up": {"uv": [13, 0, 16, 9.375], "rotation": 180, "texture": "#1"},
				"down": {"uv": [0, 0, 2, 8], "texture": "#1"}
			}
		},
		{
			"from": [7, 2, 7],
			"to": [9, 2.2, 12],
			"faces": {
				"north": {"uv": [8.375, 9.625, 8.875, 10.25], "texture": "#1"},
				"east": {"uv": [7.875, 9.25, 8.375, 9.625], "texture": "#1"},
				"south": {"uv": [8.375, 8.375, 8.875, 10.375], "texture": "#1"},
				"west": {"uv": [8, 9.25, 8.5, 9.7], "texture": "#1"},
				"up": {"uv": [7.125, 8.5, 8.375, 13.875], "texture": "#1"},
				"down": {"uv": [8.375, 9, 8.875, 9.5], "texture": "#1"}
			}
		},
		{
			"from": [5, 1, 11],
			"to": [7, 1.2, 12],
			"faces": {
				"north": {"uv": [0, 0, 2, 0.2], "texture": "#1"},
				"east": {"uv": [0, 0, 1, 0.2], "texture": "#1"},
				"south": {"uv": [0, 0, 2, 0.2], "texture": "#1"},
				"west": {"uv": [0, 0, 1, 0.2], "texture": "#1"},
				"up": {"uv": [0, 0, 2, 1], "texture": "#1"},
				"down": {"uv": [0, 0, 2, 1], "texture": "#1"}
			}
		},
		{
			"from": [9, 1, 11],
			"to": [11, 1.2, 12],
			"faces": {
				"north": {"uv": [0, 0, 2, 0.2], "texture": "#1"},
				"east": {"uv": [0, 0, 1, 0.2], "texture": "#1"},
				"south": {"uv": [0, 0, 2, 0.2], "texture": "#1"},
				"west": {"uv": [0, 0, 1, 0.2], "texture": "#1"},
				"up": {"uv": [0, 0, 2, 1], "texture": "#1"},
				"down": {"uv": [0, 0, 2, 1], "texture": "#1"}
			}
		},
		{
			"from": [7, 2.5, 12],
			"to": [9, 4, 14],
			"faces": {
				"north": {"uv": [0, 0, 2, 1.5], "texture": "#1"},
				"east": {"uv": [2.75, 4.125, 8.75, 8.375], "texture": "#1"},
				"south": {"uv": [5, 14, 7.125, 16], "texture": "#1"},
				"west": {"uv": [7, 4.125, 13, 8.375], "texture": "#1"},
				"up": {"uv": [0, 0, 2, 2], "texture": "#1"},
				"down": {"uv": [0, 0, 2, 2], "texture": "#1"}
			}
		},
		{
			"from": [7, 2, 12],
			"to": [9, 2.5, 13],
			"faces": {
				"north": {"uv": [0, 0, 2, 0.5], "texture": "#1"},
				"east": {"uv": [0, 0, 1, 0.5], "texture": "#1"},
				"south": {"uv": [0, 0, 2, 0.5], "texture": "#1"},
				"west": {"uv": [0, 0, 1, 0.5], "texture": "#1"},
				"up": {"uv": [0, 0, 2, 1], "texture": "#1"},
				"down": {"uv": [0, 0, 2, 1], "texture": "#1"}
			}
		},
		{
			"from": [7, 2, 13],
			"to": [9, 2.5, 14],
			"rotation": {"angle": -22.5, "axis": "x", "origin": [8, 2, 13]},
			"faces": {
				"north": {"uv": [0, 0, 2, 0.5], "texture": "#1"},
				"east": {"uv": [0, 0, 1, 0.5], "texture": "#1"},
				"south": {"uv": [0, 0, 2, 0.5], "texture": "#1"},
				"west": {"uv": [0, 0, 1, 0.5], "texture": "#1"},
				"up": {"uv": [0, 0, 2, 1], "texture": "#1"},
				"down": {"uv": [0, 0, 2, 1], "texture": "#1"}
			}
		},
		{
			"from": [7.4, 2, 11],
			"to": [8.4, 3.5, 12],
			"rotation": {"angle": 22.5, "axis": "z", "origin": [8.4, 4, 11]},
			"faces": {
				"north": {"uv": [10.75, 15, 11.95, 16], "rotation": 270, "texture": "#1"},
				"east": {"uv": [9.25, 15, 12.25, 16], "rotation": 90, "texture": "#1"},
				"south": {"uv": [10.5, 15, 11.7, 16], "rotation": 90, "texture": "#1"},
				"west": {"uv": [9.25, 15, 12.25, 16], "rotation": 90, "texture": "#1"},
				"up": {"uv": [10, 15.625, 11.7, 16], "rotation": 90, "texture": "#1"},
				"down": {"uv": [10, 15.625, 11.7, 16], "rotation": 90, "texture": "#1"}
			}
		},
		{
			"from": [7.6, 2, 11],
			"to": [8.6, 3.5, 12],
			"rotation": {"angle": -22.5, "axis": "z", "origin": [7.6, 4, 11]},
			"faces": {
				"north": {"uv": [10.75, 15, 11.95, 16], "rotation": 270, "texture": "#1"},
				"east": {"uv": [9.25, 15, 12.25, 16], "rotation": 90, "texture": "#1"},
				"south": {"uv": [10.5, 15, 11.7, 16], "rotation": 90, "texture": "#1"},
				"west": {"uv": [9.25, 15, 12.25, 16], "rotation": 90, "texture": "#1"},
				"up": {"uv": [10, 15.625, 11.7, 16], "rotation": 90, "texture": "#1"},
				"down": {"uv": [10, 15.625, 11.7, 16], "rotation": 90, "texture": "#1"}
			}
		},
		{
			"from": [7.4, 2, 10],
			"to": [8.4, 3.1, 11],
			"rotation": {"angle": 22.5, "axis": "z", "origin": [8.4, 4, 11]},
			"faces": {
				"north": {"uv": [10.75, 15, 11.95, 16], "rotation": 270, "texture": "#1"},
				"east": {"uv": [9.25, 15, 12.25, 16], "rotation": 90, "texture": "#1"},
				"south": {"uv": [10.5, 15, 11.7, 16], "rotation": 90, "texture": "#1"},
				"west": {"uv": [9.25, 15, 12.25, 16], "rotation": 90, "texture": "#1"},
				"up": {"uv": [10, 15.625, 11.7, 16], "rotation": 90, "texture": "#1"},
				"down": {"uv": [10, 15.625, 11.7, 16], "rotation": 90, "texture": "#1"}
			}
		},
		{
			"from": [7.6, 2, 10],
			"to": [8.6, 3.1, 11],
			"rotation": {"angle": -22.5, "axis": "z", "origin": [7.6, 4, 11]},
			"faces": {
				"north": {"uv": [10.75, 15, 11.95, 16], "rotation": 270, "texture": "#1"},
				"east": {"uv": [9.25, 15, 12.25, 16], "rotation": 90, "texture": "#1"},
				"south": {"uv": [10.5, 15, 11.7, 16], "rotation": 90, "texture": "#1"},
				"west": {"uv": [9.25, 15, 12.25, 16], "rotation": 90, "texture": "#1"},
				"up": {"uv": [10, 15.625, 11.7, 16], "rotation": 90, "texture": "#1"},
				"down": {"uv": [10, 15.625, 11.7, 16], "rotation": 90, "texture": "#1"}
			}
		},
		{
			"from": [7.4, 2, 9],
			"to": [8.2, 2.6, 10],
			"rotation": {"angle": 22.5, "axis": "z", "origin": [8.4, 4, 11]},
			"faces": {
				"north": {"uv": [10.75, 15, 11.95, 16], "rotation": 270, "texture": "#1"},
				"east": {"uv": [9.25, 15, 12.25, 16], "rotation": 90, "texture": "#1"},
				"south": {"uv": [10.5, 15, 11.7, 16], "rotation": 90, "texture": "#1"},
				"west": {"uv": [9.25, 15, 12.25, 16], "rotation": 90, "texture": "#1"},
				"up": {"uv": [10, 15.625, 11.7, 16], "rotation": 90, "texture": "#1"},
				"down": {"uv": [10, 15.625, 11.7, 16], "rotation": 90, "texture": "#1"}
			}
		},
		{
			"from": [7.8, 2, 9],
			"to": [8.6, 2.6, 10],
			"rotation": {"angle": -22.5, "axis": "z", "origin": [7.6, 4, 11]},
			"faces": {
				"north": {"uv": [10.75, 15, 11.95, 16], "rotation": 270, "texture": "#1"},
				"east": {"uv": [9.25, 15, 12.25, 16], "rotation": 90, "texture": "#1"},
				"south": {"uv": [10.5, 15, 11.7, 16], "rotation": 90, "texture": "#1"},
				"west": {"uv": [9.25, 15, 12.25, 16], "rotation": 90, "texture": "#1"},
				"up": {"uv": [10, 15.625, 11.7, 16], "rotation": 90, "texture": "#1"},
				"down": {"uv": [10, 15.625, 11.7, 16], "rotation": 90, "texture": "#1"}
			}
		},
		{
			"from": [7, 1, 1.2],
			"to": [9, 2, 4],
			"rotation": {"angle": -22.5, "axis": "x", "origin": [8, 2, 4]},
			"faces": {
				"north": {"uv": [0, 0, 2, 1], "texture": "#1"},
				"east": {"uv": [0, 0, 2.8, 1], "texture": "#1"},
				"south": {"uv": [0, 0, 2, 1], "texture": "#1"},
				"west": {"uv": [0, 0, 2.8, 1], "texture": "#1"},
				"up": {"uv": [0, 0, 2, 2.8], "texture": "#1"},
				"down": {"uv": [0, 0, 2, 2.8], "texture": "#1"}
			}
		},
		{
			"from": [7.4, 3, 9],
			"to": [8.6, 4, 12],
			"rotation": {"angle": -22.5, "axis": "x", "origin": [8, 4, 12]},
			"faces": {
				"north": {"uv": [10.75, 15, 11.95, 16], "texture": "#1"},
				"east": {"uv": [9.25, 15, 12.25, 16], "texture": "#1"},
				"south": {"uv": [10.5, 15, 11.7, 16], "texture": "#1"},
				"west": {"uv": [9.25, 15, 12.25, 16], "texture": "#1"},
				"up": {"uv": [10, 15.625, 11.7, 16], "texture": "#1"},
				"down": {"uv": [10, 15.625, 11.7, 16], "texture": "#1"}
			}
		},
		{
			"from": [7.4, 2, 7.4],
			"to": [8.6, 3, 9.4],
			"rotation": {"angle": -45, "axis": "x", "origin": [8, 3, 9.4]},
			"faces": {
				"north": {"uv": [10.75, 15, 11.95, 16], "texture": "#1"},
				"east": {"uv": [9.25, 15, 12.25, 16], "texture": "#1"},
				"south": {"uv": [10.5, 15, 11.7, 16], "texture": "#1"},
				"west": {"uv": [9.25, 15, 12.25, 16], "texture": "#1"},
				"up": {"uv": [10, 15.625, 11.7, 16], "texture": "#1"},
				"down": {"uv": [10, 15.625, 11.7, 16], "texture": "#1"}
			}
		},
		{
			"from": [7.4, 2, 4.6],
			"to": [8.6, 2.3, 6.2],
			"rotation": {"angle": 0, "axis": "x", "origin": [8, 3, 9.4]},
			"faces": {
				"north": {"uv": [5, 14, 7.075, 16], "texture": "#1"},
				"east": {"uv": [0, 0, 1.6, 0.3], "texture": "#1"},
				"south": {"uv": [0, 0, 1.2, 0.3], "texture": "#1"},
				"west": {"uv": [0, 0, 1.6, 0.3], "texture": "#1"},
				"up": {"uv": [0, 0, 1.2, 1.6], "texture": "#1"},
				"down": {"uv": [0, 0, 1.2, 1.6], "texture": "#1"}
			}
		},
		{
			"from": [4.8, 0, 9],
			"to": [5, 2, 14],
			"faces": {
				"north": {"uv": [8.875, 14, 9.075, 16], "texture": "#1"},
				"east": {"uv": [7.125, 14, 9, 16], "texture": "#1"},
				"south": {"uv": [8, 14, 8.45, 16], "texture": "#1"},
				"west": {"uv": [9, 14, 7.125, 16], "texture": "#1"},
				"up": {"uv": [13.25, 8.375, 15.95, 9.125], "texture": "#1"},
				"down": {"uv": [7.125, 16, 7.575, 14.125], "texture": "#1"}
			}
		},
		{
			"from": [11, 0, 9],
			"to": [11.2, 2, 14],
			"faces": {
				"north": {"uv": [8.875, 14, 9.075, 16], "texture": "#1"},
				"east": {"uv": [7.125, 14, 9, 16], "texture": "#1"},
				"south": {"uv": [7.875, 14, 8.075, 16], "texture": "#1"},
				"west": {"uv": [9, 14, 7.125, 16], "texture": "#1"},
				"up": {"uv": [13.25, 8.375, 15.95, 9.125], "texture": "#1"},
				"down": {"uv": [7.125, 16, 7.575, 14.125], "texture": "#1"}
			}
		},
		{
			"from": [9, 0, 6],
			"to": [9.2, 2, 12],
			"faces": {
				"north": {"uv": [0, 0, 0.2, 2], "texture": "#1"},
				"east": {"uv": [0.875, 1.25, 12.375, 4.75], "texture": "#1"},
				"south": {"uv": [0, 0, 0.2, 2], "texture": "#1"},
				"west": {"uv": [0, 0, 6, 2], "texture": "#1"},
				"up": {"uv": [0, 0, 0.2, 6], "texture": "#1"},
				"down": {"uv": [0, 0, 0.2, 6], "texture": "#1"}
			}
		},
		{
			"from": [6.8, 0, 6],
			"to": [7, 2, 12],
			"faces": {
				"north": {"uv": [0.2, 0, 0, 2], "texture": "#1"},
				"east": {"uv": [6, 0, 0, 2], "texture": "#1"},
				"south": {"uv": [0.2, 0, 0, 2], "texture": "#1"},
				"west": {"uv": [3.625, 1.25, 15.125, 4.75], "texture": "#1"},
				"up": {"uv": [0.2, 0, 0, 6], "texture": "#1"},
				"down": {"uv": [0.2, 0, 0, 6], "texture": "#1"}
			}
		},
		{
			"from": [7.9, 3, 12],
			"to": [8.1, 5.5, 14],
			"rotation": {"angle": 22.5, "axis": "x", "origin": [8, 4, 13]},
			"faces": {
				"north": {"uv": [13.75, 8.375, 15.2, 8.875], "texture": "#1"},
				"east": {"uv": [7.125, 14, 9.125, 16], "texture": "#1"},
				"south": {"uv": [7.75, 14, 8.2, 16], "texture": "#1"},
				"west": {"uv": [9.125, 14, 7.125, 16], "texture": "#1"},
				"up": {"uv": [14.75, 8.625, 15.2, 9.125], "texture": "#1"},
				"down": {"uv": [0, 5.25, 0.2, 7.25], "texture": "#1"}
			}
		},
		{
			"from": [7.5, 0.5, 13],
			"to": [8.5, 1.5, 17],
			"rotation": {"angle": 0, "axis": "y", "origin": [8, 1, 17]},
			"faces": {
				"north": {"uv": [0, 15.787, 0.431, 16], "texture": "#0"},
				"east": {"uv": [0, 0, 12.889, 15.934], "rotation": 90, "texture": "#0"},
				"south": {"uv": [0, 15.645, 0.431, 16], "texture": "#0"},
				"west": {"uv": [0, 0, 15.946, 15.934], "rotation": 270, "texture": "#0"},
				"up": {"uv": [0, 0, 15.934, 15.947], "texture": "#0"},
				"down": {"uv": [0, 0, 15.934, 15.947], "rotation": 180, "texture": "#0"}
			}
		},
		{
			"from": [7.5, 0.5, 13],
			"to": [8.5, 1.5, 17],
			"rotation": {"angle": -22.5, "axis": "z", "origin": [8, 1, 17]},
			"faces": {
				"north": {"uv": [0, 15.787, 0.431, 16], "texture": "#0"},
				"east": {"uv": [0, 0, 12.889, 15.934], "rotation": 90, "texture": "#0"},
				"south": {"uv": [0, 15.645, 0.431, 16], "texture": "#0"},
				"west": {"uv": [0, 0, 15.946, 15.934], "rotation": 270, "texture": "#0"},
				"up": {"uv": [0, 0, 15.934, 15.947], "texture": "#0"},
				"down": {"uv": [0, 0, 15.934, 15.947], "rotation": 180, "texture": "#0"}
			}
		},
		{
			"from": [7.5, 0.5, 13],
			"to": [8.5, 1.5, 17],
			"rotation": {"angle": -45, "axis": "z", "origin": [8, 1, 17]},
			"faces": {
				"north": {"uv": [0, 15.787, 0.431, 16], "texture": "#0"},
				"east": {"uv": [0, 0, 12.889, 15.934], "rotation": 90, "texture": "#0"},
				"south": {"uv": [0, 15.645, 0.431, 16], "texture": "#0"},
				"west": {"uv": [0, 0, 15.946, 15.934], "rotation": 270, "texture": "#0"},
				"up": {"uv": [0, 0, 15.934, 15.947], "texture": "#0"},
				"down": {"uv": [0, 0, 15.934, 15.947], "rotation": 180, "texture": "#0"}
			}
		},
		{
			"from": [7.5, 0.5, 13],
			"to": [8.5, 1.5, 17],
			"rotation": {"angle": 22.5, "axis": "z", "origin": [8, 1, 17]},
			"faces": {
				"north": {"uv": [0, 15.787, 0.431, 16], "rotation": 270, "texture": "#0"},
				"east": {"uv": [0, 0, 15.934, 15.947], "rotation": 90, "texture": "#0"},
				"south": {"uv": [0, 15.645, 0.431, 16], "rotation": 90, "texture": "#0"},
				"west": {"uv": [0, 0, 15.934, 15.947], "rotation": 270, "texture": "#0"},
				"up": {"uv": [0, 0, 15.946, 15.934], "texture": "#0"},
				"down": {"uv": [0, 0, 12.889, 15.934], "rotation": 180, "texture": "#0"}
			}
		},
		{
			"from": [8, 0.5, 13],
			"to": [8, 1.5, 19],
			"rotation": {"angle": 22.5, "axis": "z", "origin": [8, 1, 17]},
			"faces": {
				"north": {"uv": [0, 15.787, 0.431, 16], "rotation": 180, "texture": "#0"},
				"east": {"uv": [0, 0, 15.946, 15.934], "rotation": 90, "texture": "#0"},
				"south": {"uv": [0, 15.645, 0.431, 16], "rotation": 180, "texture": "#0"},
				"west": {"uv": [0, 0, 12.889, 15.934], "rotation": 270, "texture": "#0"},
				"up": {"uv": [0, 0, 15.934, 15.947], "rotation": 180, "texture": "#0"},
				"down": {"uv": [0, 0, 15.934, 15.947], "rotation": 180, "texture": "#0"}
			}
		},
		{
			"from": [7.5, 1, 13],
			"to": [8.5, 1, 19],
			"rotation": {"angle": -45, "axis": "z", "origin": [8, 1, 17]},
			"faces": {
				"north": {"uv": [0, 15.787, 0.431, 16], "rotation": 270, "texture": "#0"},
				"east": {"uv": [0, 0, 15.934, 15.947], "rotation": 90, "texture": "#0"},
				"south": {"uv": [0, 15.645, 0.431, 16], "rotation": 90, "texture": "#0"},
				"west": {"uv": [0, 0, 15.934, 15.947], "rotation": 90, "texture": "#0"},
				"up": {"uv": [0, 0, 15.946, 15.934], "texture": "#0"},
				"down": {"uv": [0, 0, 12.889, 15.934], "rotation": 180, "texture": "#0"}
			}
		},
		{
			"from": [7.5, 1, 13],
			"to": [8.5, 1, 19],
			"rotation": {"angle": -22.5, "axis": "z", "origin": [8, 1, 17]},
			"faces": {
				"north": {"uv": [0, 15.787, 0.431, 16], "rotation": 270, "texture": "#0"},
				"east": {"uv": [0, 0, 15.934, 15.947], "rotation": 90, "texture": "#0"},
				"south": {"uv": [0, 15.645, 0.431, 16], "rotation": 90, "texture": "#0"},
				"west": {"uv": [0, 0, 15.934, 15.947], "rotation": 90, "texture": "#0"},
				"up": {"uv": [0, 0, 15.946, 15.934], "texture": "#0"},
				"down": {"uv": [0, 0, 12.889, 15.934], "rotation": 180, "texture": "#0"}
			}
		},
		{
			"from": [8, 0.5, 13],
			"to": [8, 1.5, 19],
			"rotation": {"angle": -45, "axis": "z", "origin": [8, 1, 17]},
			"faces": {
				"north": {"uv": [0, 15.787, 0.431, 16], "texture": "#0"},
				"east": {"uv": [0, 0, 12.889, 15.934], "rotation": 90, "texture": "#0"},
				"south": {"uv": [0, 15.645, 0.431, 16], "texture": "#0"},
				"west": {"uv": [0, 0, 15.946, 15.934], "rotation": 270, "texture": "#0"},
				"up": {"uv": [0, 0, 15.934, 15.947], "texture": "#0"},
				"down": {"uv": [0, 0, 15.934, 15.947], "texture": "#0"}
			}
		},
		{
			"from": [7.5, 1, 13],
			"to": [8.5, 1, 19],
			"rotation": {"angle": 0, "axis": "z", "origin": [8, 1, 17]},
			"faces": {
				"north": {"uv": [0, 15.787, 0.431, 16], "rotation": 270, "texture": "#0"},
				"east": {"uv": [0, 0, 15.934, 15.947], "rotation": 90, "texture": "#0"},
				"south": {"uv": [0, 15.645, 0.431, 16], "rotation": 90, "texture": "#0"},
				"west": {"uv": [0, 0, 15.934, 15.947], "rotation": 90, "texture": "#0"},
				"up": {"uv": [0, 0, 15.946, 15.934], "texture": "#0"},
				"down": {"uv": [0, 0, 12.889, 15.934], "rotation": 180, "texture": "#0"}
			}
		},
		{
			"from": [8, 0.5, 13],
			"to": [8, 1.5, 19],
			"rotation": {"angle": -22.5, "axis": "z", "origin": [8, 1, 17]},
			"faces": {
				"north": {"uv": [0, 15.787, 0.431, 16], "texture": "#0"},
				"east": {"uv": [0, 0, 12.889, 15.934], "rotation": 90, "texture": "#0"},
				"south": {"uv": [0, 15.645, 0.431, 16], "texture": "#0"},
				"west": {"uv": [0, 0, 15.946, 15.934], "rotation": 270, "texture": "#0"},
				"up": {"uv": [0, 0, 15.934, 15.947], "texture": "#0"},
				"down": {"uv": [0, 0, 15.934, 15.947], "texture": "#0"}
			}
		},
		{
			"from": [8, 0.5, 13],
			"to": [8, 1.5, 19],
			"rotation": {"angle": 0, "axis": "y", "origin": [8, 1, 17]},
			"faces": {
				"north": {"uv": [0, 15.787, 0.431, 16], "texture": "#0"},
				"east": {"uv": [0, 0, 12.889, 15.934], "rotation": 90, "texture": "#0"},
				"south": {"uv": [0, 15.645, 0.431, 16], "texture": "#0"},
				"west": {"uv": [0, 0, 15.946, 15.934], "rotation": 270, "texture": "#0"},
				"up": {"uv": [0, 0, 15.934, 15.947], "texture": "#0"},
				"down": {"uv": [0, 0, 15.934, 15.947], "texture": "#0"}
			}
		},
		{
			"from": [7.5, 1, 13],
			"to": [8.5, 1, 19],
			"rotation": {"angle": 22.5, "axis": "z", "origin": [8, 1, 17]},
			"faces": {
				"north": {"uv": [0, 15.787, 0.431, 16], "rotation": 270, "texture": "#0"},
				"east": {"uv": [0, 0, 15.934, 15.947], "rotation": 90, "texture": "#0"},
				"south": {"uv": [0, 15.645, 0.431, 16], "rotation": 90, "texture": "#0"},
				"west": {"uv": [0, 0, 15.934, 15.947], "rotation": 90, "texture": "#0"},
				"up": {"uv": [0, 0, 15.946, 15.934], "texture": "#0"},
				"down": {"uv": [0, 0, 12.889, 15.934], "rotation": 180, "texture": "#0"}
			}
		}
	],
	"display": {
		"thirdperson_righthand": {
			"translation": [0, 8, 0]
		},
		"thirdperson_lefthand": {
			"translation": [0, 8, 0]
		},
		"firstperson_righthand": {
			"translation": [0, 8.5, 0]
		},
		"ground": {
			"translation": [0, 4.25, 0]
		},
		"gui": {
			"rotation": [28, 139, 0],
			"translation": [0, 4, 0]
		},
		"head": {
			"translation": [0, 14.5, 0]
		},
		"fixed": {
			"rotation": [-90, 0, 0],
			"translation": [0, 0.75, -12.5],
			"scale": [1.5, 1.5, 1.5]
		}
	},
	"groups": [0, 1, 2, 3, 4, 5, 6, 7, 8, 9, 10, 11, 12, 13, 14, 15, 16, 17, 18, 19, 20, 21, 22, 23, 24,
		{
			"name": "Jet",
			"origin": [8, 1, 17],
			"color": 0,
			"children": [25, 26, 27, 28, 29, 30, 31, 32, 33, 34, 35, 36]
		}
	]
}