{
	"credit": "Made with Blockbench",
	"textures": {
		"0": "item/charcoal/119",
		"particle": "item/charcoal/119"
	},
	"elements": [
		{
			"from": [5, 0, 3],
			"to": [7, 2, 5],
			"rotation": {"angle": 0, "axis": "y", "origin": [8, 8, 10]},
			"faces": {
				"north": {"uv": [0, 0, 2, 2], "texture": "#0"},
				"east": {"uv": [0, 0, 2, 2], "texture": "#0"},
				"south": {"uv": [0, 0, 2, 2], "texture": "#0"},
				"west": {"uv": [2, 0, 7, 5], "texture": "#0"},
				"up": {"uv": [0, 0, 2, 2], "texture": "#0"},
				"down": {"uv": [0, 0, 2, 2], "texture": "#0"}
			}
		},
		{
			"from": [9, 0, 3],
			"to": [11, 2, 5],
			"rotation": {"angle": 0, "axis": "y", "origin": [8, 8, 10]},
			"faces": {
				"north": {"uv": [0, 0, 2, 2], "texture": "#0"},
				"east": {"uv": [2, 0, 7, 5], "texture": "#0"},
				"south": {"uv": [0, 0, 2, 2], "texture": "#0"},
				"west": {"uv": [0, 0, 2, 2], "texture": "#0"},
				"up": {"uv": [0, 0, 2, 2], "texture": "#0"},
				"down": {"uv": [0, 0, 2, 2], "texture": "#0"}
			}
		},
		{
			"from": [9, 0, 11],
			"to": [11, 2, 13],
			"rotation": {"angle": 0, "axis": "y", "origin": [8, 8, 10]},
			"faces": {
				"north": {"uv": [0, 0, 2, 2], "texture": "#0"},
				"east": {"uv": [2, 0, 7, 5], "texture": "#0"},
				"south": {"uv": [0, 0, 2, 2], "texture": "#0"},
				"west": {"uv": [0, 0, 2, 2], "texture": "#0"},
				"up": {"uv": [0, 0, 2, 2], "texture": "#0"},
				"down": {"uv": [0, 0, 2, 2], "texture": "#0"}
			}
		},
		{
			"from": [5, 0, 11],
			"to": [7, 2, 13],
			"rotation": {"angle": 0, "axis": "y", "origin": [8, 8, 10]},
			"faces": {
				"north": {"uv": [0, 0, 2, 2], "texture": "#0"},
				"east": {"uv": [0, 0, 2, 2], "texture": "#0"},
				"south": {"uv": [0, 0, 2, 2], "texture": "#0"},
				"west": {"uv": [2, 0, 7, 5], "texture": "#0"},
				"up": {"uv": [0, 0, 2, 2], "texture": "#0"},
				"down": {"uv": [0, 0, 2, 2], "texture": "#0"}
			}
		},
		{
			"from": [5, 1, 1],
			"to": [11, 2, 3],
			"rotation": {"angle": 0, "axis": "y", "origin": [8, 8, 10]},
			"faces": {
				"north": {"uv": [0, 2, 2, 3], "texture": "#0"},
				"east": {"uv": [0, 2, 2, 3], "texture": "#0"},
				"south": {"uv": [0, 2, 2, 3], "texture": "#0"},
				"west": {"uv": [0, 2, 2, 3], "texture": "#0"},
				"up": {"uv": [0, 2, 2, 3], "texture": "#0"},
				"down": {"uv": [0, 2, 2, 3], "texture": "#0"}
			}
		},
		{
			"from": [5, 1, 13],
			"to": [11, 2, 15],
			"rotation": {"angle": 0, "axis": "y", "origin": [8, 8, 10]},
			"faces": {
				"north": {"uv": [0, 2, 2, 3], "texture": "#0"},
				"east": {"uv": [0, 2, 2, 3], "texture": "#0"},
				"south": {"uv": [0, 2, 2, 3], "texture": "#0"},
				"west": {"uv": [0, 2, 2, 3], "texture": "#0"},
				"up": {"uv": [0, 2, 2, 3], "texture": "#0"},
				"down": {"uv": [0, 2, 2, 3], "texture": "#0"}
			}
		},
		{
			"from": [9, 1, 5],
			"to": [11, 2, 11],
			"rotation": {"angle": 0, "axis": "y", "origin": [8, 8, 10]},
			"faces": {
				"north": {"uv": [0, 0, 2, 1], "texture": "#missing"},
				"east": {"uv": [0, 2, 2, 3], "texture": "#0"},
				"south": {"uv": [0, 0, 2, 1], "texture": "#missing"},
				"west": {"uv": [0, 2, 2, 3], "texture": "#0"},
				"up": {"uv": [0, 2, 2, 3], "texture": "#0"},
				"down": {"uv": [0, 2, 2, 3], "texture": "#0"}
			}
		},
		{
			"from": [5, 1, 5],
			"to": [7, 2, 11],
			"rotation": {"angle": 0, "axis": "y", "origin": [8, 8, 10]},
			"faces": {
				"north": {"uv": [0, 0, 2, 1], "texture": "#missing"},
				"east": {"uv": [0, 2, 2, 3], "texture": "#0"},
				"south": {"uv": [0, 0, 2, 1], "texture": "#missing"},
				"west": {"uv": [0, 2, 2, 3], "texture": "#0"},
				"up": {"uv": [0, 2, 2, 3], "texture": "#0"},
				"down": {"uv": [0, 2, 2, 3], "texture": "#0"}
			}
		},
		{
			"from": [7.5, 0.5, 3],
			"to": [8.5, 1.5, 13],
			"rotation": {"angle": 0, "axis": "y", "origin": [8, 8, 10]},
			"faces": {
				"north": {"uv": [7, 8, 8, 9], "texture": "#0"},
				"east": {"uv": [7, 8, 8, 9], "texture": "#0"},
				"south": {"uv": [7, 8, 8, 9], "texture": "#0"},
				"west": {"uv": [7, 8, 8, 9], "texture": "#0"},
				"up": {"uv": [7, 8, 8, 9], "texture": "#0"},
				"down": {"uv": [7, 8, 8, 9], "rotation": 90, "texture": "#0"}
			}
		},
		{
			"from": [5, 2, 1],
			"to": [11, 4, 7],
			"faces": {
				"north": {"uv": [7, 0, 16, 4], "texture": "#0"},
				"east": {"uv": [6, 5, 0, 8], "texture": "#0"},
				"south": {"uv": [0, 0, 1, 1], "texture": "#0"},
				"west": {"uv": [0, 5, 6, 8], "texture": "#0"},
				"up": {"uv": [7, 9, 16, 3], "texture": "#0"},
				"down": {"uv": [0, 2, 1, 3], "texture": "#0"}
			}
		},
		{
			"from": [5, 2, 10],
			"to": [11, 4, 15],
			"faces": {
				"north": {"uv": [0, 3, 1, 4], "texture": "#0"},
				"east": {"uv": [7, 8, 0, 11], "texture": "#0"},
				"south": {"uv": [0, 11, 7, 16], "texture": "#0"},
				"west": {"uv": [0, 8, 7, 11], "texture": "#0"},
				"up": {"uv": [0, 3, 1, 4], "texture": "#0"},
				"down": {"uv": [0, 2, 1, 3], "texture": "#0"}
			}
		},
		{
			"from": [5, 2, 7],
			"to": [11, 6, 10],
			"faces": {
				"north": {"uv": [0, 4, 1, 5], "texture": "#0"},
				"east": {"uv": [11, 9, 7, 16], "texture": "#0"},
				"south": {"uv": [0, 3, 1, 4], "texture": "#0"},
				"west": {"uv": [7, 9, 11, 16], "texture": "#0"},
				"up": {"uv": [0, 3, 1, 4], "texture": "#0"},
				"down": {"uv": [0, 2, 1, 3], "texture": "#0"}
			}
		},
		{
			"from": [5, 4, 10],
			"to": [11, 6, 11],
			"faces": {
				"north": {"uv": [0, 4, 1, 5], "texture": "#0"},
				"east": {"uv": [1, 4, 0, 5], "texture": "#0"},
				"south": {"uv": [0, 3, 1, 4], "texture": "#0"},
				"west": {"uv": [0, 3, 1, 4], "texture": "#0"},
				"up": {"uv": [0, 3, 1, 4], "texture": "#0"},
				"down": {"uv": [0, 3, 1, 4], "texture": "#0"}
			}
		},
		{
			"from": [5, 4.8, 14.6],
			"to": [11, 5, 15.6],
			"rotation": {"angle": 0, "axis": "y", "origin": [8, 8, 13]},
			"faces": {
				"north": {"uv": [0, 3, 0.2, 4.2], "texture": "#0"},
				"east": {"uv": [0, 3, 1, 4.2], "texture": "#0"},
				"south": {"uv": [0, 3, 0.2, 4.2], "texture": "#0"},
				"west": {"uv": [0, 3, 1, 4.2], "texture": "#0"},
				"up": {"uv": [0, 4, 0.2, 5], "texture": "#0"},
				"down": {"uv": [0, 3, 0.2, 4], "texture": "#0"}
			}
		},
		{
			"from": [5.2, 3, 9.6],
			"to": [10.8, 6, 11],
			"rotation": {"angle": -45, "axis": "x", "origin": [8, 6, 11]},
			"faces": {
				"north": {"uv": [0, 3, 0.6, 4], "texture": "#0"},
				"east": {"uv": [0, 4, 0.399, 5], "texture": "#0"},
				"south": {"uv": [11.3, 9, 15.3, 16], "rotation": 90, "texture": "#0"},
				"west": {"uv": [0, 3, 0.399, 4], "texture": "#0"},
				"up": {"uv": [0, 4, 0.6, 4.399], "texture": "#0"},
				"down": {"uv": [0, 4, 1.6, 4.399], "texture": "#0"}
			}
		},
		{
			"from": [5.1, 3.8, 7],
			"to": [10.9, 6, 8],
			"rotation": {"angle": 22.5, "axis": "x", "origin": [8, 6, 7]},
			"faces": {
				"north": {"uv": [11, 9, 16, 16], "rotation": 90, "texture": "#0"},
				"east": {"uv": [0, 3, 1, 4.2], "texture": "#0"},
				"south": {"uv": [0, 3, 0.8, 4.2], "texture": "#0"},
				"west": {"uv": [0, 3, 1, 4.2], "texture": "#0"},
				"up": {"uv": [0, 3, 0.8, 4], "texture": "#0"},
				"down": {"uv": [0, 3, 0.8, 4], "texture": "#0"}
			}
		},
		{
			"from": [6.1, 3.8, 15],
			"to": [6.3, 5, 16],
			"rotation": {"angle": 22.5, "axis": "x", "origin": [9, 6, 15]},
			"faces": {
				"north": {"uv": [0, 3, 0.2, 4.2], "texture": "#0"},
				"east": {"uv": [0, 3, 1, 4.2], "texture": "#0"},
				"south": {"uv": [0, 3, 0.2, 4.2], "texture": "#0"},
				"west": {"uv": [0, 3, 1, 4.2], "texture": "#0"},
				"up": {"uv": [0, 4, 0.2, 5], "texture": "#0"},
				"down": {"uv": [0, 3, 0.2, 4], "texture": "#0"}
			}
		},
		{
			"from": [9.7, 3.8, 15],
			"to": [9.9, 5, 16],
			"rotation": {"angle": 22.5, "axis": "x", "origin": [7, 6, 15]},
			"faces": {
				"north": {"uv": [0, 3, 0.2, 4.2], "texture": "#0"},
				"east": {"uv": [0, 3, 1, 4.2], "texture": "#0"},
				"south": {"uv": [0, 3, 0.2, 4.2], "texture": "#0"},
				"west": {"uv": [0, 3, 1, 4.2], "texture": "#0"},
				"up": {"uv": [0, 4, 0.2, 5], "texture": "#0"},
				"down": {"uv": [0, 3, 0.2, 4], "texture": "#0"}
			}
		}
	],
	"display": {
		"thirdperson_righthand": {
			"translation": [0, 4, 0],
			"scale": [0.5, 0.5, 0.5]
		},
		"thirdperson_lefthand": {
			"translation": [0, 4, 0],
			"scale": [0.5, 0.5, 0.5]
		},
		"firstperson_righthand": {
			"translation": [0, 6, 0]
		},
		"firstperson_lefthand": {
			"translation": [0, 6.25, 0]
		},
		"ground": {
			"scale": [0.5, 0.5, 0.5]
		},
		"gui": {
			"rotation": [34, 134, 0],
			"translation": [0, 2.5, 0]
		},
		"head": {
			"translation": [0, 14.5, 0]
		},
		"fixed": {
			"rotation": [-90, 0, 0],
			"translation": [0, 0, -8]
		}
	}
}