{
	"credit": "Made with Blockbench",
	"textures": {
		"1": "item/charcoal/20",
		"2": "item/charcoal/20-1",
		"particle": "item/charcoal/20-1"
	},
	"elements": [
		{
			"from": [6, 0, 6],
			"to": [7, 1, 7],
			"faces": {
				"north": {"uv": [0, 0, 1, 1], "texture": "#1"},
				"east": {"uv": [5, 0, 0, 5], "texture": "#1"},
				"south": {"uv": [0, 0, 1, 1], "texture": "#1"},
				"west": {"uv": [0, 0, 5, 5], "texture": "#1"},
				"up": {"uv": [0, 0, 1, 1], "texture": "#1"},
				"down": {"uv": [0, 0, 1, 1], "texture": "#1"}
			}
		},
		{
			"from": [9, 0, 6],
			"to": [10, 1, 7],
			"faces": {
				"north": {"uv": [1, 0, 0, 1], "texture": "#1"},
				"east": {"uv": [5, 0, 0, 5], "texture": "#1"},
				"south": {"uv": [1, 0, 0, 1], "texture": "#1"},
				"west": {"uv": [0, 0, 5, 5], "texture": "#1"},
				"up": {"uv": [1, 0, 0, 1], "texture": "#1"},
				"down": {"uv": [1, 0, 0, 1], "texture": "#1"}
			}
		},
		{
			"from": [6, 0.3, 8],
			"to": [10, 1, 10],
			"faces": {
				"north": {"uv": [7, 5, 11, 6.7], "texture": "#1"},
				"east": {"uv": [16, 5, 11, 6.7], "texture": "#1"},
				"south": {"uv": [12, 1, 16, 1.7], "texture": "#1"},
				"west": {"uv": [11, 5, 16, 6.7], "texture": "#1"},
				"up": {"uv": [2, 12, 5, 15], "texture": "#1"},
				"down": {"uv": [5, 5, 7, 1], "texture": "#1"}
			}
		},
		{
			"from": [7.1, 1.4, 9.8],
			"to": [8.9, 3, 9.9],
			"faces": {
				"north": {"uv": [0, 0, 1, 0.7], "texture": "#1"},
				"east": {"uv": [0, 0, 0.1, 1.7], "texture": "#1"},
				"south": {"uv": [11, 7, 16, 12.7], "texture": "#1"},
				"west": {"uv": [0, 0, 0.1, 1.7], "texture": "#1"},
				"up": {"uv": [0, 0, 2, 0.1], "texture": "#1"},
				"down": {"uv": [0, 0, 2, 0.1], "texture": "#1"}
			}
		},
		{
			"from": [7, 0.3, 10],
			"to": [9, 2, 12],
			"faces": {
				"north": {"uv": [9, 7, 11, 8.7], "texture": "#1"},
				"east": {"uv": [16, 13, 7, 15.7], "texture": "#1"},
				"south": {"uv": [7, 6, 11, 12.7], "texture": "#1"},
				"west": {"uv": [7, 13, 16, 15.7], "texture": "#1"},
				"up": {"uv": [7, 13, 16, 14], "rotation": 90, "texture": "#1"},
				"down": {"uv": [5, 2, 7, 4], "texture": "#1"}
			}
		},
		{
			"from": [7.1, 0.3, 5.1],
			"to": [8.9, 0.7, 8],
			"faces": {
				"north": {"uv": [5, 0, 6.8, 0.4], "texture": "#1"},
				"east": {"uv": [5, 0, 7.9, 0.4], "texture": "#1"},
				"south": {"uv": [5, 0, 6.8, 0.4], "texture": "#1"},
				"west": {"uv": [5, 0, 7.9, 0.4], "texture": "#1"},
				"up": {"uv": [5, 0, 6.8, 2.9], "texture": "#1"},
				"down": {"uv": [5, 0, 6.8, 2.9], "texture": "#1"}
			}
		},
		{
			"from": [7.1, 1, 9],
			"to": [8.9, 1.4, 9.9],
			"faces": {
				"north": {"uv": [0, 0, 1.8, 0.4], "texture": "#1"},
				"east": {"uv": [0, 0, 2.9, 0.4], "texture": "#1"},
				"south": {"uv": [0, 0, 1.8, 0.4], "texture": "#1"},
				"west": {"uv": [0, 0, 2.9, 0.4], "texture": "#1"},
				"up": {"uv": [0, 0, 0.8, 2.9], "texture": "#1"},
				"down": {"uv": [0, 0, 0.8, 2.9], "texture": "#1"}
			}
		},
		{
			"from": [7, 0.7, 5.1],
			"to": [9, 1.7, 7],
			"faces": {
				"north": {"uv": [2, 11, 5, 13], "texture": "#1"},
				"east": {"uv": [0, 15, 1.9, 16], "texture": "#1"},
				"south": {"uv": [10, 3, 16, 5], "texture": "#1"},
				"west": {"uv": [0, 15, 1.9, 16], "texture": "#1"},
				"up": {"uv": [13, 1, 15, 2.9], "texture": "#1"},
				"down": {"uv": [5, 0, 7, 1.9], "texture": "#1"}
			}
		},
		{
			"from": [7.02, 1.3, 5.1],
			"to": [8.98, 2, 8],
			"rotation": {"angle": -22.5, "axis": "x", "origin": [8, 1, 6]},
			"faces": {
				"north": {"uv": [12, 0, 16, 2.7], "texture": "#1"},
				"east": {"uv": [9, 1, 11.9, 1.7], "texture": "#1"},
				"south": {"uv": [7, 2, 12, 4.7], "texture": "#1"},
				"west": {"uv": [9, 1, 11.9, 1.7], "texture": "#1"},
				"up": {"uv": [0, 14.9, 7, 5], "texture": "#1"},
				"down": {"uv": [5, 0, 7, 2.9], "texture": "#1"}
			}
		},
		{
			"from": [8, 0.3, 5],
			"to": [10, 1, 5.5],
			"rotation": {"angle": -22.5, "axis": "y", "origin": [9, 0, 6]},
			"faces": {
				"north": {"uv": [8, 0, 12, 1.7], "texture": "#1"},
				"east": {"uv": [8, 0, 8.5, 0.7], "texture": "#1"},
				"south": {"uv": [10, 0, 12, 0.7], "texture": "#1"},
				"west": {"uv": [8, 0, 8.5, 0.7], "texture": "#1"},
				"up": {"uv": [10, 0, 12, 0.5], "texture": "#1"},
				"down": {"uv": [10, 0, 12, 0.5], "texture": "#1"}
			}
		},
		{
			"from": [6, 0.3, 5],
			"to": [8, 1, 5.5],
			"rotation": {"angle": 22.5, "axis": "y", "origin": [7, 0, 6]},
			"faces": {
				"north": {"uv": [12, 0, 8, 1.7], "texture": "#1"},
				"east": {"uv": [8.5, 0, 8, 0.7], "texture": "#1"},
				"south": {"uv": [12, 0, 10, 0.7], "texture": "#1"},
				"west": {"uv": [8.5, 0, 8, 0.7], "texture": "#1"},
				"up": {"uv": [12, 0, 10, 0.5], "texture": "#1"},
				"down": {"uv": [12, 0, 10, 0.5], "texture": "#1"}
			}
		},
		{
			"from": [9, 0, 10],
			"to": [10.3, 1.3, 11.3],
			"faces": {
				"north": {"uv": [0, 0, 1, 1], "texture": "#1"},
				"east": {"uv": [5, 0, 0, 5], "texture": "#1"},
				"south": {"uv": [0, 0, 1, 1], "texture": "#1"},
				"west": {"uv": [0, 0, 5, 5], "texture": "#1"},
				"up": {"uv": [0, 0, 1, 1], "texture": "#1"},
				"down": {"uv": [0, 0, 1, 1], "texture": "#1"}
			}
		},
		{
			"from": [5.7, 0, 10],
			"to": [7, 1.3, 11.3],
			"faces": {
				"north": {"uv": [1, 0, 0, 1], "texture": "#1"},
				"east": {"uv": [5, 0, 0, 5], "texture": "#1"},
				"south": {"uv": [1, 0, 0, 1], "texture": "#1"},
				"west": {"uv": [0, 0, 5, 5], "texture": "#1"},
				"up": {"uv": [1, 0, 0, 1], "texture": "#1"},
				"down": {"uv": [1, 0, 0, 1], "texture": "#1"}
			}
		},
		{
			"from": [6.3, 2.4, 7],
			"to": [7.05, 3.15, 9],
			"rotation": {"angle": -22.5, "axis": "x", "origin": [7, 3, 8]},
			"faces": {
				"north": {"uv": [0, 0, 1, 1], "rotation": 180, "texture": "#2"},
				"east": {"uv": [3.84, 0, 4.84, 3], "rotation": 270, "texture": "#2"},
				"south": {"uv": [9, 12, 10, 13], "texture": "#2"},
				"west": {"uv": [4.2, 3, 3.2, 0], "rotation": 90, "texture": "#2"},
				"up": {"uv": [3.52, 1.6, 4.52, 2.68], "rotation": 180, "texture": "#2"},
				"down": {"uv": [3.56, 0, 2.56, 3], "texture": "#2"}
			}
		},
		{
			"from": [7.8, 2.73779, 10.36742],
			"to": [8.2, 2.93779, 12.36742],
			"rotation": {"angle": -22.5, "axis": "x", "origin": [7.875, 2.83779, 11.36742]},
			"faces": {
				"north": {"uv": [0, 0, 1, 1], "rotation": 180, "texture": "#2"},
				"east": {"uv": [3.84, 0, 4.84, 3], "rotation": 90, "texture": "#2"},
				"south": {"uv": [10, 13, 9, 12], "texture": "#2"},
				"west": {"uv": [4.2, 3, 3.2, 0], "rotation": 270, "texture": "#2"},
				"up": {"uv": [3.52, 1.6, 4.52, 2.68], "texture": "#2"},
				"down": {"uv": [3.56, 0, 2.56, 3], "rotation": 180, "texture": "#2"}
			}
		},
		{
			"from": [8.95, 2.4, 7],
			"to": [9.7, 3.15, 9],
			"rotation": {"angle": -22.5, "axis": "x", "origin": [9, 3, 8]},
			"faces": {
				"north": {"uv": [0, 0, 1, 1], "rotation": 180, "texture": "#2"},
				"east": {"uv": [3.84, 0, 4.84, 3], "rotation": 90, "texture": "#2"},
				"south": {"uv": [10, 12, 9, 13], "texture": "#2"},
				"west": {"uv": [4.2, 3, 3.2, 0], "rotation": 270, "texture": "#2"},
				"up": {"uv": [3.52, 1.6, 4.52, 2.68], "rotation": 180, "texture": "#2"},
				"down": {"uv": [3.56, 0, 2.56, 3], "texture": "#2"}
			}
		},
		{
			"from": [6.5, 2.5, 8],
			"to": [9.5, 5.5, 11],
			"rotation": {"angle": 0, "axis": "y", "origin": [15, 8, 2]},
			"faces": {
				"north": {"uv": [0, 0, 8.32, 16], "texture": "#2"},
				"east": {"uv": [9.715, 7.15, 11.715, 9.15], "texture": "#2"},
				"south": {"uv": [2.56, 0, 4.56, 2], "texture": "#2"},
				"west": {"uv": [8.785, 9.237, 9.785, 6.237], "texture": "#2"},
				"up": {"uv": [3.2, 1.28, 5.2, 3.28], "rotation": 180, "texture": "#2"},
				"down": {"uv": [3.2, 0, 5.2, 2], "texture": "#2"}
			}
		},
		{
			"from": [7.5, 5.5, 9],
			"to": [8.5, 6.5, 10],
			"rotation": {"angle": 0, "axis": "y", "origin": [15, 8, 2]},
			"faces": {
				"north": {"uv": [13.44, 1.28, 15.12, 2.96], "texture": "#2"},
				"east": {"uv": [13.44, 1.28, 15.12, 2.96], "texture": "#2"},
				"south": {"uv": [13.44, 1.28, 15.12, 2.96], "texture": "#2"},
				"west": {"uv": [13.44, 1.28, 15.08, 3], "texture": "#2"},
				"up": {"uv": [10.56, 3.2, 12.56, 5.2], "rotation": 180, "texture": "#2"},
				"down": {"uv": [6.91, 4.265, 8.91, 6.265], "texture": "#2"}
			}
		},
		{
			"from": [7.9, 1.7, 7],
			"to": [8.2, 2, 8],
			"rotation": {"angle": -45, "axis": "x", "origin": [7.15, 3.15, 6.5]},
			"faces": {
				"north": {"uv": [11.82, 13.1, 10.24, 11.52], "texture": "#2"},
				"east": {"uv": [10.56, 9.92, 11.56, 10.22], "texture": "#2"},
				"south": {"uv": [0, 0, 0.3, 0.3], "texture": "#missing"},
				"west": {"uv": [10.56, 10.88, 11.56, 11.18], "texture": "#2"},
				"up": {"uv": [10.24, 12.84, 11.82, 9.6], "texture": "#2"},
				"down": {"uv": [11.2, 10.88, 11.5, 11.88], "texture": "#2"}
			}
		}
	],
	"display": {
		"thirdperson_righthand": {
			"translation": [0, 8, 0]
		},
		"thirdperson_lefthand": {
			"translation": [0, 8.25, 0]
		},
		"firstperson_righthand": {
			"translation": [0, 9.5, 0]
		},
		"firstperson_lefthand": {
			"translation": [0, 9, 0]
		},
		"ground": {
			"translation": [0, 4.25, 0]
		},
		"gui": {
			"rotation": [34, 134, 0],
			"translation": [0, 3.75, 0]
		},
		"head": {
			"translation": [0, 14.5, 0]
		},
		"fixed": {
			"rotation": [-90, 0, 0],
			"translation": [0, -2, -24],
			"scale": [3, 3, 3]
		}
	}
}