{
	"credit": "Made with Blockbench",
	"textures": {
		"0": "item/brick/206",
		"particle": "item/brick/206"
	},
	"elements": [
		{
			"from": [0, 0, 0],
			"to": [3.5, 2, 3.5],
			"faces": {
				"north": {"uv": [0.96, 0.64, 14.96, 15.12], "texture": "#0"},
				"east": {"uv": [0.96, 0.64, 14.96, 15.12], "texture": "#0"},
				"south": {"uv": [0.96, 0.64, 14.96, 15.12], "texture": "#0"},
				"west": {"uv": [0.96, 0.64, 14.96, 15.12], "texture": "#0"},
				"up": {"uv": [0.96, 0.64, 14.96, 15.12], "texture": "#0"},
				"down": {"uv": [0.96, 0.64, 14.96, 15.12], "texture": "#0"}
			}
		},
		{
			"from": [0.25, -0.25, 0.25],
			"to": [3.25, 2.25, 3.25],
			"faces": {
				"north": {"uv": [3.36, 2.8, 13.12, 12.64], "texture": "#0"},
				"east": {"uv": [3.36, 2.8, 13.12, 12.64], "texture": "#0"},
				"south": {"uv": [3.36, 2.8, 13.12, 12.64], "texture": "#0"},
				"west": {"uv": [3.36, 2.8, 13.12, 12.64], "texture": "#0"},
				"up": {"uv": [3.36, 2.8, 13.12, 12.64], "texture": "#0"},
				"down": {"uv": [3.36, 2.8, 13.12, 12.64], "texture": "#0"}
			}
		}
	],
	"display": {
		"thirdperson_righthand": {
			"translation": [3, 4, 3],
			"scale": [0.5, 0.5, 0.5]
		},
		"thirdperson_lefthand": {
			"translation": [-3, 3.75, 2.75],
			"scale": [0.5, 0.5, 0.5]
		},
		"firstperson_righthand": {
			"rotation": [0, 2, 0],
			"translation": [14, 3.5, 0]
		},
		"firstperson_lefthand": {
			"translation": [1.25, 3.75, 0]
		},
		"ground": {
			"translation": [0, 5, 0]
		},
		"gui": {
			"rotation": [60, 21, -2],
			"translation": [16, 0, 0],
			"scale": [2, 2, 2]
		},
		"head": {
			"rotation": [90, 0, 0],
			"translation": [2.75, -6, 0]
		},
		"fixed": {
			"rotation": [90, 0, 0],
			"translation": [12.5, -12.5, 12.5],
			"scale": [2, 2, 2]
		}
	}
}