{
	"credit": "Made with Blockbench",
	"textures": {
		"0": "item/brick/982",
		"particle": "item/brick/982"
	},
	"elements": [
		{
			"from": [0, 0, 9],
			"to": [12, 8.5, 9.5],
			"faces": {
				"north": {"uv": [1.66667, 5.33333, 14.33333, 11.66667], "texture": "#0"},
				"east": {"uv": [1.66667, 5.33333, 1.83333, 5.83333], "texture": "#0"},
				"south": {"uv": [14.33333, 5.33333, 1.66667, 11.66667], "texture": "#0"},
				"west": {"uv": [1.66667, 5.33333, 1.83333, 5.83333], "texture": "#0"},
				"up": {"uv": [1.66667, 5.33333, 1.83333, 5.83333], "texture": "#0"},
				"down": {"uv": [1.66667, 5.33333, 1.83333, 5.83333], "texture": "#0"}
			}
		}
	],
	"display": {
		"thirdperson_righthand": {
			"translation": [0, 2, 0],
			"scale": [0.3, 0.3, 0.3]
		},
		"thirdperson_lefthand": {
			"translation": [0, 2, 0],
			"scale": [0.3, 0.3, 0.3]
		},
		"firstperson_righthand": {
			"rotation": [0, -180, 0],
			"translation": [0, 4, 0],
			"scale": [0.6, 0.6, 0.6]
		},
		"ground": {
			"translation": [0, 1.5, 0],
			"scale": [0.5, 0.5, 0.5]
		},
		"gui": {
			"rotation": [0, -180, 0],
			"translation": [-2, 3.5, 0]
		},
		"fixed": {
			"translation": [2, 3.5, -1.5]
		}
	}
}