{
	"credit": "Made with Blockbench",
	"textures": {
		"particle": "item/diamond_x/diamondhoe",
		"texture": "item/diamond_x/diamondhoe"
	},
	"elements": [
		{
			"name": "Voxels",
			"from": [-16, 8, 6],
			"to": [-11.5, 9.5, 7.5],
			"faces": {
				"north": {"uv": [8.25, 12.5, 6, 13.25], "texture": "#texture"},
				"east": {"uv": [7.75, 11, 7, 11.75], "texture": "#texture"},
				"south": {"uv": [8.25, 12.5, 10.5, 13.25], "texture": "#texture"},
				"west": {"uv": [6.25, 11, 7, 11.75], "texture": "#texture"},
				"up": {"uv": [3.75, 13.25, 6, 12.5], "texture": "#texture"},
				"down": {"uv": [1.5, 12.5, 3.75, 13.25], "texture": "#texture"}
			}
		},
		{
			"name": "Voxels",
			"from": [-15.5, 7.5, 6],
			"to": [-14.5, 8, 7.5],
			"faces": {
				"north": {"uv": [8, 2.25, 7.5, 2.5], "texture": "#texture"},
				"east": {"uv": [6.75, 0.5, 6, 0.75], "texture": "#texture"},
				"south": {"uv": [15.5, 9.75, 16, 10], "texture": "#texture"},
				"west": {"uv": [6, 0.75, 6.75, 1], "texture": "#texture"},
				"up": {"uv": [3.5, 5.75, 4, 5], "texture": "#texture"},
				"down": {"uv": [15.5, 13.75, 16, 14.5], "texture": "#texture"}
			}
		},
		{
			"name": "Voxels",
			"from": [-15.5, 8, 5.5],
			"to": [-14.5, 9.5, 6],
			"faces": {
				"north": {"uv": [4, 4.25, 3.5, 5], "texture": "#texture"},
				"east": {"uv": [7.25, 6.75, 7, 7.5], "texture": "#texture"},
				"south": {"uv": [3.5, 3.5, 4, 4.25], "texture": "#texture"},
				"west": {"uv": [7, 7.5, 7.25, 8.25], "texture": "#texture"},
				"up": {"uv": [15.5, 9, 16, 8.75], "texture": "#texture"},
				"down": {"uv": [15.5, 9, 16, 9.25], "texture": "#texture"}
			}
		},
		{
			"name": "Voxels",
			"from": [-15.5, 8, 7.5],
			"to": [-14.5, 9.5, 8],
			"faces": {
				"north": {"uv": [4, 2.75, 3.5, 3.5], "texture": "#texture"},
				"east": {"uv": [7.25, 3, 7, 3.75], "texture": "#texture"},
				"south": {"uv": [3.5, 2, 4, 2.75], "texture": "#texture"},
				"west": {"uv": [7, 3.75, 7.25, 4.5], "texture": "#texture"},
				"up": {"uv": [15.5, 8.5, 16, 8.25], "texture": "#texture"},
				"down": {"uv": [15.5, 8.5, 16, 8.75], "texture": "#texture"}
			}
		},
		{
			"name": "Voxels",
			"from": [-15.5, 9.5, 6],
			"to": [-14.5, 10, 7.5],
			"faces": {
				"north": {"uv": [11.75, 8, 11.25, 8.25], "texture": "#texture"},
				"east": {"uv": [11, 8.5, 10.25, 8.75], "texture": "#texture"},
				"south": {"uv": [11.75, 8, 12.25, 8.25], "texture": "#texture"},
				"west": {"uv": [7.25, 8.5, 8, 8.75], "texture": "#texture"},
				"up": {"uv": [3.5, 1.25, 4, 0.5], "texture": "#texture"},
				"down": {"uv": [3.5, 1.25, 4, 2], "texture": "#texture"}
			}
		},
		{
			"name": "Voxels",
			"from": [-11.5, 8, 6.5],
			"to": [-8.5, 9.5, 8],
			"faces": {
				"north": {"uv": [1.5, 4.25, 0, 5], "texture": "#texture"},
				"east": {"uv": [8.5, 11, 7.75, 11.75], "texture": "#texture"},
				"south": {"uv": [0, 3.5, 1.5, 4.25], "texture": "#texture"},
				"west": {"uv": [8.5, 11, 9.25, 11.75], "texture": "#texture"},
				"up": {"uv": [0, 5.75, 1.5, 5], "texture": "#texture"},
				"down": {"uv": [0, 5.75, 1.5, 6.5], "texture": "#texture"}
			}
		},
		{
			"name": "Voxels",
			"from": [-11.5, 8, 8],
			"to": [-9.5, 9.5, 8.5],
			"faces": {
				"north": {"uv": [2.5, 2.5, 1.5, 3.25], "texture": "#texture"},
				"east": {"uv": [7.5, 3.75, 7.25, 4.5], "texture": "#texture"},
				"south": {"uv": [2.5, 4.75, 3.5, 5.5], "texture": "#texture"},
				"west": {"uv": [7.25, 7.5, 7.5, 8.25], "texture": "#texture"},
				"up": {"uv": [6, 7.75, 7, 7.5], "texture": "#texture"},
				"down": {"uv": [6, 7.75, 7, 8], "texture": "#texture"}
			}
		},
		{
			"name": "Voxels",
			"from": [-11, 7.5, 8],
			"to": [-10, 8, 8.5],
			"faces": {
				"north": {"uv": [13.75, 8, 13.25, 8.25], "texture": "#texture"},
				"east": {"uv": [16, 13.25, 15.75, 13.5], "texture": "#texture"},
				"south": {"uv": [13.75, 8, 14.25, 8.25], "texture": "#texture"},
				"west": {"uv": [15.75, 13.5, 16, 13.75], "texture": "#texture"},
				"up": {"uv": [12.75, 8.25, 13.25, 8], "texture": "#texture"},
				"down": {"uv": [12.25, 8, 12.75, 8.25], "texture": "#texture"}
			}
		},
		{
			"name": "Voxels",
			"from": [-11, 8, 8.5],
			"to": [-10, 9.5, 11.5],
			"faces": {
				"north": {"uv": [4.5, 6.25, 4, 7], "texture": "#texture"},
				"east": {"uv": [1.5, 8, 0, 8.75], "texture": "#texture"},
				"south": {"uv": [4.5, 6.25, 5, 7], "texture": "#texture"},
				"west": {"uv": [0, 8.75, 1.5, 9.5], "texture": "#texture"},
				"up": {"uv": [3.5, 11.75, 4, 10.25], "texture": "#texture"},
				"down": {"uv": [3.5, 8.75, 4, 10.25], "texture": "#texture"}
			}
		},
		{
			"name": "Voxels",
			"from": [-11, 9.5, 8],
			"to": [-10, 10, 8.5],
			"faces": {
				"north": {"uv": [8, 7.5, 7.5, 7.75], "texture": "#texture"},
				"east": {"uv": [14.25, 11, 14, 11.25], "texture": "#texture"},
				"south": {"uv": [7.5, 7.25, 8, 7.5], "texture": "#texture"},
				"west": {"uv": [14, 11.25, 14.25, 11.5], "texture": "#texture"},
				"up": {"uv": [7.5, 8, 8, 7.75], "texture": "#texture"},
				"down": {"uv": [15.25, 8, 15.75, 8.25], "texture": "#texture"}
			}
		},
		{
			"name": "Voxels",
			"from": [-8.5, 8, 7],
			"to": [-6, 9.5, 8.5],
			"faces": {
				"north": {"uv": [3.5, 7.5, 2.25, 8.25], "texture": "#texture"},
				"east": {"uv": [11.5, 11, 10.75, 11.75], "texture": "#texture"},
				"south": {"uv": [0, 2, 1.25, 2.75], "texture": "#texture"},
				"west": {"uv": [11.5, 11, 12.25, 11.75], "texture": "#texture"},
				"up": {"uv": [2.25, 9.5, 3.5, 8.75], "texture": "#texture"},
				"down": {"uv": [0, 1.25, 1.25, 2], "texture": "#texture"}
			}
		},
		{
			"name": "Voxels",
			"from": [-7, 8, 8.5],
			"to": [13.5, 9.5, 9],
			"faces": {
				"north": {"uv": [10.25, 14.5, 0, 15.25], "texture": "#texture"},
				"east": {"uv": [3.5, 10.25, 3.25, 11], "texture": "#texture"},
				"south": {"uv": [0, 15.25, 10.25, 16], "texture": "#texture"},
				"west": {"uv": [1.25, 1.25, 1.5, 2], "texture": "#texture"},
				"up": {"uv": [1.5, 13.75, 11.75, 13.5], "texture": "#texture"},
				"down": {"uv": [1.5, 13.25, 11.75, 13.5], "texture": "#texture"}
			}
		},
		{
			"name": "Voxels",
			"from": [-6, 8, 7.5],
			"to": [-1.5, 9.5, 8.5],
			"faces": {
				"north": {"uv": [15, 12.5, 12.75, 13.25], "texture": "#texture"},
				"east": {"uv": [4.5, 3.5, 4, 4.25], "texture": "#texture"},
				"south": {"uv": [10.5, 12.5, 12.75, 13.25], "texture": "#texture"},
				"west": {"uv": [5, 6.25, 5.5, 7], "texture": "#texture"},
				"up": {"uv": [3.5, 12.25, 5.75, 11.75], "texture": "#texture"},
				"down": {"uv": [5.75, 11.75, 8, 12.25], "texture": "#texture"}
			}
		},
		{
			"name": "Voxels",
			"from": [-4, 8, 7],
			"to": [-2, 9.5, 7.5],
			"faces": {
				"north": {"uv": [3.5, 0.5, 2.5, 1.25], "texture": "#texture"},
				"east": {"uv": [5.25, 0.5, 5, 1.25], "texture": "#texture"},
				"south": {"uv": [4, 11, 5, 11.75], "texture": "#texture"},
				"west": {"uv": [3.25, 9.5, 3.5, 10.25], "texture": "#texture"},
				"up": {"uv": [14.5, 9.25, 15.5, 9], "texture": "#texture"},
				"down": {"uv": [13.5, 9, 14.5, 9.25], "texture": "#texture"}
			}
		},
		{
			"name": "Voxels",
			"from": [-3.5, 7.5, 7],
			"to": [-2.5, 8, 7.5],
			"faces": {
				"north": {"uv": [8, 6, 7.5, 6.25], "texture": "#texture"},
				"east": {"uv": [5.75, 0, 5.5, 0.25], "texture": "#texture"},
				"south": {"uv": [7.5, 5.75, 8, 6], "texture": "#texture"},
				"west": {"uv": [15.75, 10, 16, 10.25], "texture": "#texture"},
				"up": {"uv": [7.5, 6.5, 8, 6.25], "texture": "#texture"},
				"down": {"uv": [7.5, 6.5, 8, 6.75], "texture": "#texture"}
			}
		},
		{
			"name": "Voxels",
			"from": [-3.5, 8, 4],
			"to": [-2.5, 9.5, 7],
			"faces": {
				"north": {"uv": [4.5, 0.5, 4, 1.25], "texture": "#texture"},
				"east": {"uv": [1.5, 9.5, 0, 10.25], "texture": "#texture"},
				"south": {"uv": [4.5, 0.5, 5, 1.25], "texture": "#texture"},
				"west": {"uv": [0, 2.75, 1.5, 3.5], "texture": "#texture"},
				"up": {"uv": [3, 7, 3.5, 5.5], "texture": "#texture"},
				"down": {"uv": [3.5, 7.25, 4, 8.75], "texture": "#texture"}
			}
		},
		{
			"name": "Voxels",
			"from": [-3.5, 9.5, 7],
			"to": [-2.5, 10, 7.5],
			"faces": {
				"north": {"uv": [8, 4.75, 7.5, 5], "texture": "#texture"},
				"east": {"uv": [16, 9.25, 15.75, 9.5], "texture": "#texture"},
				"south": {"uv": [7.5, 4.5, 8, 4.75], "texture": "#texture"},
				"west": {"uv": [15.75, 9.5, 16, 9.75], "texture": "#texture"},
				"up": {"uv": [7.5, 5.25, 8, 5], "texture": "#texture"},
				"down": {"uv": [7.5, 5.25, 8, 5.5], "texture": "#texture"}
			}
		},
		{
			"name": "Voxels",
			"from": [-1.5, 8, 8],
			"to": [0, 9.5, 8.5],
			"faces": {
				"north": {"uv": [10, 11, 9.25, 11.75], "texture": "#texture"},
				"east": {"uv": [6, 6.5, 5.75, 7.25], "texture": "#texture"},
				"south": {"uv": [10, 11, 10.75, 11.75], "texture": "#texture"},
				"west": {"uv": [5.75, 7.25, 6, 8], "texture": "#texture"},
				"up": {"uv": [6, 1.25, 6.75, 1], "texture": "#texture"},
				"down": {"uv": [6, 1.5, 6.75, 1.75], "texture": "#texture"}
			}
		},
		{
			"name": "Voxels",
			"from": [-1.5, 8, 9],
			"to": [6, 9.5, 9.5],
			"faces": {
				"north": {"uv": [11.75, 13.75, 8, 14.5], "texture": "#texture"},
				"east": {"uv": [6, 5, 5.75, 5.75], "texture": "#texture"},
				"south": {"uv": [11.75, 13.75, 15.5, 14.5], "texture": "#texture"},
				"west": {"uv": [5.75, 5.75, 6, 6.5], "texture": "#texture"},
				"up": {"uv": [8, 12, 11.75, 11.75], "texture": "#texture"},
				"down": {"uv": [8, 12, 11.75, 12.25], "texture": "#texture"}
			}
		},
		{
			"name": "Voxels",
			"from": [0, 8, 9.5],
			"to": [4, 9.5, 10],
			"faces": {
				"north": {"uv": [3.5, 11, 1.5, 11.75], "texture": "#texture"},
				"east": {"uv": [6, 3.5, 5.75, 4.25], "texture": "#texture"},
				"south": {"uv": [1.5, 11.75, 3.5, 12.5], "texture": "#texture"},
				"west": {"uv": [5.75, 4.25, 6, 5], "texture": "#texture"},
				"up": {"uv": [12.25, 11.75, 14.25, 11.5], "texture": "#texture"},
				"down": {"uv": [13, 12.25, 15, 12.5], "texture": "#texture"}
			}
		},
		{
			"name": "Voxels",
			"from": [3.5, 8, 8],
			"to": [13, 9.5, 8.5],
			"faces": {
				"north": {"uv": [15, 15.25, 10.25, 16], "texture": "#texture"},
				"east": {"uv": [6, 2, 5.75, 2.75], "texture": "#texture"},
				"south": {"uv": [10.25, 14.5, 15, 15.25], "texture": "#texture"},
				"west": {"uv": [5.75, 2.75, 6, 3.5], "texture": "#texture"},
				"up": {"uv": [8.25, 12.5, 13, 12.25], "texture": "#texture"},
				"down": {"uv": [3.5, 12.25, 8.25, 12.5], "texture": "#texture"}
			}
		},
		{
			"name": "Voxels",
			"from": [5.5, 8, 7.5],
			"to": [13.5, 9.5, 8],
			"faces": {
				"north": {"uv": [4, 13.75, 0, 14.5], "texture": "#texture"},
				"east": {"uv": [7.25, 2.25, 7, 3], "texture": "#texture"},
				"south": {"uv": [4, 13.75, 8, 14.5], "texture": "#texture"},
				"west": {"uv": [5.75, 1.25, 6, 2], "texture": "#texture"},
				"up": {"uv": [11.75, 13.5, 15.75, 13.25], "texture": "#texture"},
				"down": {"uv": [11.75, 13.5, 15.75, 13.75], "texture": "#texture"}
			}
		},
		{
			"name": "Voxels",
			"from": [5.5, 8.5, 22],
			"to": [7.5, 9, 22.5],
			"faces": {
				"north": {"uv": [7, 8, 6, 8.25], "texture": "#texture"},
				"east": {"uv": [7, 4.25, 6.75, 4.5], "texture": "#texture"},
				"south": {"uv": [4.5, 3.5, 5.5, 3.75], "texture": "#texture"},
				"west": {"uv": [6.75, 4.5, 7, 4.75], "texture": "#texture"},
				"up": {"uv": [6, 8.75, 7, 8.5], "texture": "#texture"},
				"down": {"uv": [12.5, 9, 13.5, 9.25], "texture": "#texture"}
			}
		},
		{
			"name": "Voxels",
			"from": [6.5, 8.5, 21.5],
			"to": [9, 9, 22],
			"faces": {
				"north": {"uv": [6.75, 9.75, 5.5, 10], "texture": "#texture"},
				"east": {"uv": [7, 3.75, 6.75, 4], "texture": "#texture"},
				"south": {"uv": [6.75, 9.75, 8, 10], "texture": "#texture"},
				"west": {"uv": [6.75, 4, 7, 4.25], "texture": "#texture"},
				"up": {"uv": [14.5, 10.25, 15.75, 10], "texture": "#texture"},
				"down": {"uv": [7.25, 9, 8.5, 9.25], "texture": "#texture"}
			}
		},
		{
			"name": "Voxels",
			"from": [7, 7.5, 7.5],
			"to": [7.5, 8, 9],
			"faces": {
				"north": {"uv": [7, 3.5, 6.75, 3.75], "texture": "#texture"},
				"east": {"uv": [8, 8.75, 7.25, 9], "texture": "#texture"},
				"south": {"uv": [6.75, 3.25, 7, 3.5], "texture": "#texture"},
				"west": {"uv": [6, 0, 6.75, 0.25], "texture": "#texture"},
				"up": {"uv": [7, 9, 7.25, 8.25], "texture": "#texture"},
				"down": {"uv": [5.75, 0.5, 6, 1.25], "texture": "#texture"}
			}
		},
		{
			"name": "Voxels",
			"from": [7, 8, 7],
			"to": [7.5, 9.5, 7.5],
			"faces": {
				"north": {"uv": [7.25, 4.5, 7, 5.25], "texture": "#texture"},
				"east": {"uv": [7.25, 5.25, 7, 6], "texture": "#texture"},
				"south": {"uv": [7.25, 4.5, 7.5, 5.25], "texture": "#texture"},
				"west": {"uv": [7, 6, 7.25, 6.75], "texture": "#texture"},
				"up": {"uv": [6.75, 3, 7, 2.75], "texture": "#texture"},
				"down": {"uv": [6.75, 3, 7, 3.25], "texture": "#texture"}
			}
		},
		{
			"name": "Voxels",
			"from": [7, 8, 9],
			"to": [7.5, 9.5, 9.5],
			"faces": {
				"north": {"uv": [7.25, 1.5, 7, 2.25], "texture": "#texture"},
				"east": {"uv": [7.5, 6.75, 7.25, 7.5], "texture": "#texture"},
				"south": {"uv": [7, 0.75, 7.25, 1.5], "texture": "#texture"},
				"west": {"uv": [7, 0, 7.25, 0.75], "texture": "#texture"},
				"up": {"uv": [14.25, 6.75, 14.5, 6.5], "texture": "#texture"},
				"down": {"uv": [6.75, 2.5, 7, 2.75], "texture": "#texture"}
			}
		},
		{
			"name": "Voxels",
			"from": [7, 9.5, 7.5],
			"to": [7.5, 10, 9],
			"faces": {
				"north": {"uv": [14.25, 6.5, 14, 6.75], "texture": "#texture"},
				"east": {"uv": [9.5, 8.75, 8.75, 9], "texture": "#texture"},
				"south": {"uv": [13.25, 6.5, 13.5, 6.75], "texture": "#texture"},
				"west": {"uv": [8, 8.75, 8.75, 9], "texture": "#texture"},
				"up": {"uv": [7.25, 6, 7.5, 5.25], "texture": "#texture"},
				"down": {"uv": [7.25, 6, 7.5, 6.75], "texture": "#texture"}
			}
		},
		{
			"name": "Voxels",
			"from": [7.5, 8.5, 21],
			"to": [10, 9, 21.5],
			"faces": {
				"north": {"uv": [13.25, 9.5, 12, 9.75], "texture": "#texture"},
				"east": {"uv": [9.25, 2.25, 9, 2.5], "texture": "#texture"},
				"south": {"uv": [9.5, 9.25, 10.75, 9.5], "texture": "#texture"},
				"west": {"uv": [13, 6.5, 13.25, 6.75], "texture": "#texture"},
				"up": {"uv": [9.5, 9.75, 10.75, 9.5], "texture": "#texture"},
				"down": {"uv": [8.25, 9.5, 9.5, 9.75], "texture": "#texture"}
			}
		},
		{
			"name": "Voxels",
			"from": [8.5, 8.5, 20.5],
			"to": [11, 9, 21],
			"faces": {
				"north": {"uv": [8.25, 9.25, 7, 9.5], "texture": "#texture"},
				"east": {"uv": [9.25, 3.25, 9, 3.5], "texture": "#texture"},
				"south": {"uv": [8.25, 9.25, 9.5, 9.5], "texture": "#texture"},
				"west": {"uv": [9, 2.5, 9.25, 2.75], "texture": "#texture"},
				"up": {"uv": [5.75, 9.5, 7, 9.25], "texture": "#texture"},
				"down": {"uv": [14.5, 9.5, 15.75, 9.75], "texture": "#texture"}
			}
		},
		{
			"name": "Voxels",
			"from": [9, 8.5, 20],
			"to": [11.5, 9, 20.5],
			"faces": {
				"north": {"uv": [15.75, 9.25, 14.5, 9.5], "texture": "#texture"},
				"east": {"uv": [9, 4, 8.75, 4.25], "texture": "#texture"},
				"south": {"uv": [6, 9, 7.25, 9.25], "texture": "#texture"},
				"west": {"uv": [9, 3.5, 9.25, 3.75], "texture": "#texture"},
				"up": {"uv": [13.25, 9.5, 14.5, 9.25], "texture": "#texture"},
				"down": {"uv": [12, 9.25, 13.25, 9.5], "texture": "#texture"}
			}
		},
		{
			"name": "Voxels",
			"from": [9.5, 8.5, 19],
			"to": [12.5, 9, 19.5],
			"faces": {
				"north": {"uv": [13.75, 10.75, 12.25, 11], "texture": "#texture"},
				"east": {"uv": [8.75, 1, 8.5, 1.25], "texture": "#texture"},
				"south": {"uv": [13.75, 10.75, 15.25, 11], "texture": "#texture"},
				"west": {"uv": [8.75, 4.25, 9, 4.5], "texture": "#texture"},
				"up": {"uv": [10.75, 11, 12.25, 10.75], "texture": "#texture"},
				"down": {"uv": [9.25, 10.75, 10.75, 11], "texture": "#texture"}
			}
		},
		{
			"name": "Voxels",
			"from": [9.5, 8.5, 19.5],
			"to": [12, 9, 20],
			"faces": {
				"north": {"uv": [6.25, 11, 5, 11.25], "texture": "#texture"},
				"east": {"uv": [15.5, 7, 15.25, 7.25], "texture": "#texture"},
				"south": {"uv": [10.5, 9.75, 11.75, 10], "texture": "#texture"},
				"west": {"uv": [8.5, 1.25, 8.75, 1.5], "texture": "#texture"},
				"up": {"uv": [9.25, 10, 10.5, 9.75], "texture": "#texture"},
				"down": {"uv": [8, 9.75, 9.25, 10], "texture": "#texture"}
			}
		},
		{
			"name": "Voxels",
			"from": [10, 8, 19.5],
			"to": [11, 8.5, 20],
			"faces": {
				"north": {"uv": [8, 1.5, 7.5, 1.75], "texture": "#texture"},
				"east": {"uv": [15, 7, 14.75, 7.25], "texture": "#texture"},
				"south": {"uv": [7.5, 1.25, 8, 1.5], "texture": "#texture"},
				"west": {"uv": [15, 7, 15.25, 7.25], "texture": "#texture"},
				"up": {"uv": [7.5, 2, 8, 1.75], "texture": "#texture"},
				"down": {"uv": [7.5, 2, 8, 2.25], "texture": "#texture"}
			}
		},
		{
			"name": "Voxels",
			"from": [10, 8.5, 18.5],
			"to": [13, 9, 19],
			"faces": {
				"north": {"uv": [5.5, 8.25, 4, 8.5], "texture": "#texture"},
				"east": {"uv": [14.5, 7, 14.25, 7.25], "texture": "#texture"},
				"south": {"uv": [4, 8, 5.5, 8.25], "texture": "#texture"},
				"west": {"uv": [14.5, 7, 14.75, 7.25], "texture": "#texture"},
				"up": {"uv": [4, 8.75, 5.5, 8.5], "texture": "#texture"},
				"down": {"uv": [4, 8.75, 5.5, 9], "texture": "#texture"}
			}
		},
		{
			"name": "Voxels",
			"from": [10, 9, 19.5],
			"to": [11, 9.5, 20],
			"faces": {
				"north": {"uv": [8, 0.5, 7.5, 0.75], "texture": "#texture"},
				"east": {"uv": [13.5, 6.75, 13.25, 7], "texture": "#texture"},
				"south": {"uv": [7.5, 0.25, 8, 0.5], "texture": "#texture"},
				"west": {"uv": [14, 6.75, 14.25, 7], "texture": "#texture"},
				"up": {"uv": [7.5, 1, 8, 0.75], "texture": "#texture"},
				"down": {"uv": [7.5, 1, 8, 1.25], "texture": "#texture"}
			}
		},
		{
			"name": "Voxels",
			"from": [10.5, 7.5, 7],
			"to": [12, 10, 7.5],
			"faces": {
				"north": {"uv": [0.75, 0, 0, 1.25], "texture": "#texture"},
				"east": {"uv": [5.75, 3.5, 5.5, 4.75], "texture": "#texture"},
				"south": {"uv": [1.5, 7, 2.25, 8.25], "texture": "#texture"},
				"west": {"uv": [5.5, 7.25, 5.75, 8.5], "texture": "#texture"},
				"up": {"uv": [8, 8.5, 8.75, 8.25], "texture": "#texture"},
				"down": {"uv": [7.25, 8.25, 8, 8.5], "texture": "#texture"}
			}
		},
		{
			"name": "Voxels",
			"from": [10.5, 7.5, 7.5],
			"to": [13.5, 8, 8],
			"faces": {
				"north": {"uv": [5.5, 2.75, 4, 3], "texture": "#texture"},
				"east": {"uv": [11, 6.75, 10.75, 7], "texture": "#texture"},
				"south": {"uv": [4, 2.5, 5.5, 2.75], "texture": "#texture"},
				"west": {"uv": [11.5, 6.75, 11.75, 7], "texture": "#texture"},
				"up": {"uv": [4, 3.25, 5.5, 3], "texture": "#texture"},
				"down": {"uv": [4, 3.25, 5.5, 3.5], "texture": "#texture"}
			}
		},
		{
			"name": "Voxels",
			"from": [10.5, 7.5, 8],
			"to": [13, 8, 9],
			"faces": {
				"north": {"uv": [13, 9.75, 11.75, 10], "texture": "#texture"},
				"east": {"uv": [8.5, 7.75, 8, 8], "texture": "#texture"},
				"south": {"uv": [13, 9.75, 14.25, 10], "texture": "#texture"},
				"west": {"uv": [7.5, 0, 8, 0.25], "texture": "#texture"},
				"up": {"uv": [5, 11.75, 6.25, 11.25], "texture": "#texture"},
				"down": {"uv": [14.75, 11.75, 16, 12.25], "texture": "#texture"}
			}
		},
		{
			"name": "Voxels",
			"from": [10.5, 7.5, 9],
			"to": [12, 10, 9.5],
			"faces": {
				"north": {"uv": [2.25, 8.25, 1.5, 9.5], "texture": "#texture"},
				"east": {"uv": [5.75, 4.75, 5.5, 6], "texture": "#texture"},
				"south": {"uv": [0.75, 0, 1.5, 1.25], "texture": "#texture"},
				"west": {"uv": [5.5, 6, 5.75, 7.25], "texture": "#texture"},
				"up": {"uv": [12.5, 8.5, 13.25, 8.25], "texture": "#texture"},
				"down": {"uv": [11.75, 8.25, 12.5, 8.5], "texture": "#texture"}
			}
		},
		{
			"name": "Voxels",
			"from": [10.5, 8, 19],
			"to": [11.5, 8.5, 19.5],
			"faces": {
				"north": {"uv": [10, 7.75, 9.5, 8], "texture": "#texture"},
				"east": {"uv": [9, 5, 8.75, 5.25], "texture": "#texture"},
				"south": {"uv": [10, 7.75, 10.5, 8], "texture": "#texture"},
				"west": {"uv": [10, 6.75, 10.25, 7], "texture": "#texture"},
				"up": {"uv": [9, 8, 9.5, 7.75], "texture": "#texture"},
				"down": {"uv": [8.5, 7.75, 9, 8], "texture": "#texture"}
			}
		},
		{
			"name": "Voxels",
			"from": [10.5, 8.5, 18],
			"to": [13.5, 9, 18.5],
			"faces": {
				"north": {"uv": [13, 10, 11.5, 10.25], "texture": "#texture"},
				"east": {"uv": [9, 6, 8.75, 6.25], "texture": "#texture"},
				"south": {"uv": [13, 10, 14.5, 10.25], "texture": "#texture"},
				"west": {"uv": [8.75, 5.25, 9, 5.5], "texture": "#texture"},
				"up": {"uv": [10, 10.25, 11.5, 10], "texture": "#texture"},
				"down": {"uv": [8.5, 10, 10, 10.25], "texture": "#texture"}
			}
		},
		{
			"name": "Voxels",
			"from": [10.5, 9, 19],
			"to": [11.5, 9.5, 19.5],
			"faces": {
				"north": {"uv": [12, 7.75, 11.5, 8], "texture": "#texture"},
				"east": {"uv": [8.75, 0.5, 8.5, 0.75], "texture": "#texture"},
				"south": {"uv": [12, 7.75, 12.5, 8], "texture": "#texture"},
				"west": {"uv": [8.75, 6.25, 9, 6.5], "texture": "#texture"},
				"up": {"uv": [11, 8, 11.5, 7.75], "texture": "#texture"},
				"down": {"uv": [10.5, 7.75, 11, 8], "texture": "#texture"}
			}
		},
		{
			"name": "Voxels",
			"from": [10.5, 9.5, 7.5],
			"to": [13.5, 10, 8],
			"faces": {
				"north": {"uv": [5.5, 9.75, 4, 10], "texture": "#texture"},
				"east": {"uv": [8.75, 4.5, 8.5, 4.75], "texture": "#texture"},
				"south": {"uv": [4, 9.5, 5.5, 9.75], "texture": "#texture"},
				"west": {"uv": [8.5, 0.75, 8.75, 1], "texture": "#texture"},
				"up": {"uv": [4, 10.25, 5.5, 10], "texture": "#texture"},
				"down": {"uv": [4, 10.25, 5.5, 10.5], "texture": "#texture"}
			}
		},
		{
			"name": "Voxels",
			"from": [10.5, 9.5, 8],
			"to": [13, 10, 9],
			"faces": {
				"north": {"uv": [15.5, 9.75, 14.25, 10], "texture": "#texture"},
				"east": {"uv": [13.5, 7.75, 13, 8], "texture": "#texture"},
				"south": {"uv": [10.75, 9.5, 12, 9.75], "texture": "#texture"},
				"west": {"uv": [12.5, 7.75, 13, 8], "texture": "#texture"},
				"up": {"uv": [2.25, 7.5, 3.5, 7], "texture": "#texture"},
				"down": {"uv": [2.25, 8.25, 3.5, 8.75], "texture": "#texture"}
			}
		},
		{
			"name": "Voxels",
			"from": [11, 8, 18.5],
			"to": [12, 8.5, 19],
			"faces": {
				"north": {"uv": [15, 7.75, 14.5, 8], "texture": "#texture"},
				"east": {"uv": [9.25, 5.5, 9, 5.75], "texture": "#texture"},
				"south": {"uv": [15, 7.75, 15.5, 8], "texture": "#texture"},
				"west": {"uv": [8.5, 4.75, 8.75, 5], "texture": "#texture"},
				"up": {"uv": [14, 8, 14.5, 7.75], "texture": "#texture"},
				"down": {"uv": [13.5, 7.75, 14, 8], "texture": "#texture"}
			}
		},
		{
			"name": "Voxels",
			"from": [11, 8.5, 5.5],
			"to": [14.5, 9, 7],
			"faces": {
				"north": {"uv": [14, 11.25, 12.25, 11.5], "texture": "#texture"},
				"east": {"uv": [6.75, 4, 6, 4.25], "texture": "#texture"},
				"south": {"uv": [12.25, 11, 14, 11.25], "texture": "#texture"},
				"west": {"uv": [6, 4.25, 6.75, 4.5], "texture": "#texture"},
				"up": {"uv": [1.5, 11, 3.25, 10.25], "texture": "#texture"},
				"down": {"uv": [1.5, 9.5, 3.25, 10.25], "texture": "#texture"}
			}
		},
		{
			"name": "Voxels",
			"from": [11, 8.5, 9.5],
			"to": [14.5, 9, 10],
			"faces": {
				"north": {"uv": [16, 11, 14.25, 11.25], "texture": "#texture"},
				"east": {"uv": [14.5, 6.75, 14.25, 7], "texture": "#texture"},
				"south": {"uv": [4, 10.75, 5.75, 11], "texture": "#texture"},
				"west": {"uv": [9, 6.5, 9.25, 6.75], "texture": "#texture"},
				"up": {"uv": [14.25, 11.5, 16, 11.25], "texture": "#texture"},
				"down": {"uv": [14.25, 11.5, 16, 11.75], "texture": "#texture"}
			}
		},
		{
			"name": "Voxels",
			"from": [11, 8.5, 10],
			"to": [14, 9, 11.5],
			"faces": {
				"north": {"uv": [5.5, 1.75, 4, 2], "texture": "#texture"},
				"east": {"uv": [6.75, 3, 6, 3.25], "texture": "#texture"},
				"south": {"uv": [4, 1.5, 5.5, 1.75], "texture": "#texture"},
				"west": {"uv": [6, 3.25, 6.75, 3.5], "texture": "#texture"},
				"up": {"uv": [0, 7.25, 1.5, 6.5], "texture": "#texture"},
				"down": {"uv": [0, 7.25, 1.5, 8], "texture": "#texture"}
			}
		},
		{
			"name": "Voxels",
			"from": [11, 8.5, 17],
			"to": [14, 9, 18],
			"faces": {
				"north": {"uv": [7, 10.25, 5.5, 10.5], "texture": "#texture"},
				"east": {"uv": [8.5, 7.5, 8, 7.75], "texture": "#texture"},
				"south": {"uv": [7, 10.25, 8.5, 10.5], "texture": "#texture"},
				"west": {"uv": [15.5, 7.75, 16, 8], "texture": "#texture"},
				"up": {"uv": [1.5, 4.75, 3, 4.25], "texture": "#texture"},
				"down": {"uv": [11.75, 11.75, 13.25, 12.25], "texture": "#texture"}
			}
		},
		{
			"name": "Voxels",
			"from": [11, 9, 18.5],
			"to": [12, 9.5, 19],
			"faces": {
				"north": {"uv": [13, 7.25, 12.5, 7.5], "texture": "#texture"},
				"east": {"uv": [8.75, 2.25, 8.5, 2.5], "texture": "#texture"},
				"south": {"uv": [8.5, 7.25, 9, 7.5], "texture": "#texture"},
				"west": {"uv": [13, 7, 13.25, 7.25], "texture": "#texture"},
				"up": {"uv": [13, 7.5, 13.5, 7.25], "texture": "#texture"},
				"down": {"uv": [8.5, 7.5, 9, 7.75], "texture": "#texture"}
			}
		},
		{
			"name": "Voxels",
			"from": [11.5, 8, 5.5],
			"to": [13.5, 8.5, 7],
			"faces": {
				"north": {"uv": [7, 5, 6, 5.25], "texture": "#texture"},
				"east": {"uv": [6.75, 2.5, 6, 2.75], "texture": "#texture"},
				"south": {"uv": [6, 5.5, 7, 5.75], "texture": "#texture"},
				"west": {"uv": [11, 8.5, 11.75, 8.75], "texture": "#texture"},
				"up": {"uv": [15, 13.25, 16, 12.5], "texture": "#texture"},
				"down": {"uv": [15, 15.25, 16, 16], "texture": "#texture"}
			}
		},
		{
			"name": "Voxels",
			"from": [11.5, 8, 9.5],
			"to": [14.5, 8.5, 10],
			"faces": {
				"north": {"uv": [7, 10, 5.5, 10.25], "texture": "#texture"},
				"east": {"uv": [8.75, 0.25, 8.5, 0.5], "texture": "#texture"},
				"south": {"uv": [7, 10, 8.5, 10.25], "texture": "#texture"},
				"west": {"uv": [6.75, 2.25, 7, 2.5], "texture": "#texture"},
				"up": {"uv": [14.5, 10.5, 16, 10.25], "texture": "#texture"},
				"down": {"uv": [13, 10.25, 14.5, 10.5], "texture": "#texture"}
			}
		},
		{
			"name": "Voxels",
			"from": [11.5, 8, 10],
			"to": [13.5, 8.5, 10.5],
			"faces": {
				"north": {"uv": [7, 5.25, 6, 5.5], "texture": "#texture"},
				"east": {"uv": [15.25, 6.75, 15, 7], "texture": "#texture"},
				"south": {"uv": [6, 4.75, 7, 5], "texture": "#texture"},
				"west": {"uv": [8.5, 1.5, 8.75, 1.75], "texture": "#texture"},
				"up": {"uv": [6, 6, 7, 5.75], "texture": "#texture"},
				"down": {"uv": [11.5, 9, 12.5, 9.25], "texture": "#texture"}
			}
		},
		{
			"name": "Voxels",
			"from": [11.5, 8, 17.5],
			"to": [13, 8.5, 18],
			"faces": {
				"north": {"uv": [12.5, 8.5, 11.75, 8.75], "texture": "#texture"},
				"east": {"uv": [8.75, 5.25, 8.5, 5.5], "texture": "#texture"},
				"south": {"uv": [10.5, 8, 11.25, 8.25], "texture": "#texture"},
				"west": {"uv": [15.25, 6.75, 15.5, 7], "texture": "#texture"},
				"up": {"uv": [12.5, 8.75, 13.25, 8.5], "texture": "#texture"},
				"down": {"uv": [6, 1.25, 6.75, 1.5], "texture": "#texture"}
			}
		},
		{
			"name": "Voxels",
			"from": [11.5, 8, 18],
			"to": [12.5, 8.5, 18.5],
			"faces": {
				"north": {"uv": [9.5, 7.5, 9, 7.75], "texture": "#texture"},
				"east": {"uv": [12.5, 6.75, 12.25, 7], "texture": "#texture"},
				"south": {"uv": [9.5, 7.5, 10, 7.75], "texture": "#texture"},
				"west": {"uv": [13, 6.75, 13.25, 7], "texture": "#texture"},
				"up": {"uv": [8, 2.75, 8.5, 2.5], "texture": "#texture"},
				"down": {"uv": [8, 3.25, 8.5, 3.5], "texture": "#texture"}
			}
		},
		{
			"name": "Voxels",
			"from": [11.5, 8.5, 4.5],
			"to": [13.5, 9, 5.5],
			"faces": {
				"north": {"uv": [16, 12.25, 15, 12.5], "texture": "#texture"},
				"east": {"uv": [8.5, 6, 8, 6.25], "texture": "#texture"},
				"south": {"uv": [6, 6.25, 7, 6.5], "texture": "#texture"},
				"west": {"uv": [8, 7.25, 8.5, 7.5], "texture": "#texture"},
				"up": {"uv": [1.5, 0.5, 2.5, 0], "texture": "#texture"},
				"down": {"uv": [2.5, 0, 3.5, 0.5], "texture": "#texture"}
			}
		},
		{
			"name": "Voxels",
			"from": [11.5, 8.5, 11.5],
			"to": [14.5, 9, 12.5],
			"faces": {
				"north": {"uv": [5.5, 10.5, 4, 10.75], "texture": "#texture"},
				"east": {"uv": [8.5, 4, 8, 4.25], "texture": "#texture"},
				"south": {"uv": [5.5, 10.5, 7, 10.75], "texture": "#texture"},
				"west": {"uv": [8, 4.75, 8.5, 5], "texture": "#texture"},
				"up": {"uv": [1.5, 4.25, 3, 3.75], "texture": "#texture"},
				"down": {"uv": [1.5, 3.25, 3, 3.75], "texture": "#texture"}
			}
		},
		{
			"name": "Voxels",
			"from": [11.5, 8.5, 16],
			"to": [14.5, 9, 17],
			"faces": {
				"north": {"uv": [8.5, 10.5, 7, 10.75], "texture": "#texture"},
				"east": {"uv": [10.5, 7.25, 10, 7.5], "texture": "#texture"},
				"south": {"uv": [8.5, 10.5, 10, 10.75], "texture": "#texture"},
				"west": {"uv": [8, 2.25, 8.5, 2.5], "texture": "#texture"},
				"up": {"uv": [1.5, 1.75, 3, 1.25], "texture": "#texture"},
				"down": {"uv": [13.25, 11.75, 14.75, 12.25], "texture": "#texture"}
			}
		},
		{
			"name": "Voxels",
			"from": [11.5, 9, 5.5],
			"to": [13.5, 9.5, 7],
			"faces": {
				"north": {"uv": [7, 6, 6, 6.25], "texture": "#texture"},
				"east": {"uv": [6.75, 2, 6, 2.25], "texture": "#texture"},
				"south": {"uv": [6, 8.25, 7, 8.5], "texture": "#texture"},
				"west": {"uv": [6, 2.25, 6.75, 2.5], "texture": "#texture"},
				"up": {"uv": [1.5, 2.5, 2.5, 1.75], "texture": "#texture"},
				"down": {"uv": [2.5, 1.75, 3.5, 2.5], "texture": "#texture"}
			}
		},
		{
			"name": "Voxels",
			"from": [11.5, 9, 9.5],
			"to": [14.5, 9.5, 10],
			"faces": {
				"north": {"uv": [14.5, 10.5, 13, 10.75], "texture": "#texture"},
				"east": {"uv": [8.75, 2, 8.5, 2.25], "texture": "#texture"},
				"south": {"uv": [14.5, 10.5, 16, 10.75], "texture": "#texture"},
				"west": {"uv": [8.5, 1.75, 8.75, 2], "texture": "#texture"},
				"up": {"uv": [11.5, 10.75, 13, 10.5], "texture": "#texture"},
				"down": {"uv": [10, 10.5, 11.5, 10.75], "texture": "#texture"}
			}
		},
		{
			"name": "Voxels",
			"from": [11.5, 9, 10],
			"to": [13.5, 9.5, 10.5],
			"faces": {
				"north": {"uv": [7, 6.75, 6, 7], "texture": "#texture"},
				"east": {"uv": [9.25, 5.25, 9, 5.5], "texture": "#texture"},
				"south": {"uv": [6, 6.5, 7, 6.75], "texture": "#texture"},
				"west": {"uv": [8.5, 5, 8.75, 5.25], "texture": "#texture"},
				"up": {"uv": [6, 7.25, 7, 7], "texture": "#texture"},
				"down": {"uv": [6, 7.25, 7, 7.5], "texture": "#texture"}
			}
		},
		{
			"name": "Voxels",
			"from": [11.5, 9, 17.5],
			"to": [13, 9.5, 18],
			"faces": {
				"north": {"uv": [14.75, 8.75, 14, 9], "texture": "#texture"},
				"east": {"uv": [14.75, 6.75, 14.5, 7], "texture": "#texture"},
				"south": {"uv": [14.75, 8.75, 15.5, 9], "texture": "#texture"},
				"west": {"uv": [14.75, 6.75, 15, 7], "texture": "#texture"},
				"up": {"uv": [13.25, 9, 14, 8.75], "texture": "#texture"},
				"down": {"uv": [11, 8.75, 11.75, 9], "texture": "#texture"}
			}
		},
		{
			"name": "Voxels",
			"from": [11.5, 9, 18],
			"to": [12.5, 9.5, 18.5],
			"faces": {
				"north": {"uv": [11.5, 7.5, 11, 7.75], "texture": "#texture"},
				"east": {"uv": [8.75, 0, 8.5, 0.25], "texture": "#texture"},
				"south": {"uv": [11.5, 7.5, 12, 7.75], "texture": "#texture"},
				"west": {"uv": [10.25, 6.75, 10.5, 7], "texture": "#texture"},
				"up": {"uv": [10.5, 7.75, 11, 7.5], "texture": "#texture"},
				"down": {"uv": [10, 7.5, 10.5, 7.75], "texture": "#texture"}
			}
		},
		{
			"name": "Voxels",
			"from": [12, 8, 4.5],
			"to": [13, 8.5, 5.5],
			"faces": {
				"north": {"uv": [12.5, 7.5, 12, 7.75], "texture": "#texture"},
				"east": {"uv": [14, 7.5, 13.5, 7.75], "texture": "#texture"},
				"south": {"uv": [12.5, 7.5, 13, 7.75], "texture": "#texture"},
				"west": {"uv": [13, 7.5, 13.5, 7.75], "texture": "#texture"},
				"up": {"uv": [4, 0.5, 4.5, 0], "texture": "#texture"},
				"down": {"uv": [3.5, 0, 4, 0.5], "texture": "#texture"}
			}
		},
		{
			"name": "Voxels",
			"from": [12, 8, 7],
			"to": [14, 9.5, 7.5],
			"faces": {
				"north": {"uv": [3.5, 2.5, 2.5, 3.25], "texture": "#texture"},
				"east": {"uv": [1.5, 2, 1.25, 2.75], "texture": "#texture"},
				"south": {"uv": [1.5, 4.75, 2.5, 5.5], "texture": "#texture"},
				"west": {"uv": [7.25, 3, 7.5, 3.75], "texture": "#texture"},
				"up": {"uv": [10.5, 9.25, 11.5, 9], "texture": "#texture"},
				"down": {"uv": [9.5, 9, 10.5, 9.25], "texture": "#texture"}
			}
		},
		{
			"name": "Voxels",
			"from": [12, 8, 9],
			"to": [14, 9.5, 9.5],
			"faces": {
				"north": {"uv": [2.5, 0.5, 1.5, 1.25], "texture": "#texture"},
				"east": {"uv": [5.75, 0.25, 5.5, 1], "texture": "#texture"},
				"south": {"uv": [15, 14.5, 16, 15.25], "texture": "#texture"},
				"west": {"uv": [5.25, 0.5, 5.5, 1.25], "texture": "#texture"},
				"up": {"uv": [8.5, 9.25, 9.5, 9], "texture": "#texture"},
				"down": {"uv": [6, 8.75, 7, 9], "texture": "#texture"}
			}
		},
		{
			"name": "Voxels",
			"from": [12, 8, 10.5],
			"to": [13.5, 8.5, 11.5],
			"faces": {
				"north": {"uv": [14, 8.5, 13.25, 8.75], "texture": "#texture"},
				"east": {"uv": [15, 7.5, 14.5, 7.75], "texture": "#texture"},
				"south": {"uv": [10.25, 8.25, 11, 8.5], "texture": "#texture"},
				"west": {"uv": [14, 7.5, 14.5, 7.75], "texture": "#texture"},
				"up": {"uv": [4.75, 9.5, 5.5, 9], "texture": "#texture"},
				"down": {"uv": [4, 9, 4.75, 9.5], "texture": "#texture"}
			}
		},
		{
			"name": "Voxels",
			"from": [12, 8, 16.5],
			"to": [13.5, 8.5, 17.5],
			"faces": {
				"north": {"uv": [15.5, 8.25, 14.75, 8.5], "texture": "#texture"},
				"east": {"uv": [16, 7.5, 15.5, 7.75], "texture": "#texture"},
				"south": {"uv": [9.75, 8, 10.5, 8.25], "texture": "#texture"},
				"west": {"uv": [15, 7.5, 15.5, 7.75], "texture": "#texture"},
				"up": {"uv": [4, 8, 4.75, 7.5], "texture": "#texture"},
				"down": {"uv": [4.5, 0, 5.25, 0.5], "texture": "#texture"}
			}
		},
		{
			"name": "Voxels",
			"from": [12, 8.5, 4],
			"to": [13.5, 9, 4.5],
			"faces": {
				"north": {"uv": [14, 8.25, 13.25, 8.5], "texture": "#texture"},
				"east": {"uv": [12.25, 6.75, 12, 7], "texture": "#texture"},
				"south": {"uv": [11, 8.25, 11.75, 8.5], "texture": "#texture"},
				"west": {"uv": [11.75, 6.75, 12, 7], "texture": "#texture"},
				"up": {"uv": [14, 8.5, 14.75, 8.25], "texture": "#texture"},
				"down": {"uv": [6, 2.75, 6.75, 3], "texture": "#texture"}
			}
		},
		{
			"name": "Voxels",
			"from": [12, 8.5, 12.5],
			"to": [15, 9, 16],
			"faces": {
				"north": {"uv": [5.5, 7.25, 4, 7.5], "texture": "#texture"},
				"east": {"uv": [9.25, 10.75, 7.5, 11], "texture": "#texture"},
				"south": {"uv": [4, 7, 5.5, 7.25], "texture": "#texture"},
				"west": {"uv": [5.75, 10.75, 7.5, 11], "texture": "#texture"},
				"up": {"uv": [0, 12, 1.5, 10.25], "texture": "#texture"},
				"down": {"uv": [0, 12, 1.5, 13.75], "texture": "#texture"}
			}
		},
		{
			"name": "Voxels",
			"from": [12, 9, 4.5],
			"to": [13, 9.5, 5.5],
			"faces": {
				"north": {"uv": [8.5, 7, 8, 7.25], "texture": "#texture"},
				"east": {"uv": [8.5, 6.25, 8, 6.5], "texture": "#texture"},
				"south": {"uv": [8, 6.75, 8.5, 7], "texture": "#texture"},
				"west": {"uv": [8, 6.5, 8.5, 6.75], "texture": "#texture"},
				"up": {"uv": [3, 4.75, 3.5, 4.25], "texture": "#texture"},
				"down": {"uv": [3, 3.75, 3.5, 4.25], "texture": "#texture"}
			}
		},
		{
			"name": "Voxels",
			"from": [12, 9, 10.5],
			"to": [13.5, 9.5, 11.5],
			"faces": {
				"north": {"uv": [6.75, 1.75, 6, 2], "texture": "#texture"},
				"east": {"uv": [8.5, 5.5, 8, 5.75], "texture": "#texture"},
				"south": {"uv": [6, 3.5, 6.75, 3.75], "texture": "#texture"},
				"west": {"uv": [8, 5.75, 8.5, 6], "texture": "#texture"},
				"up": {"uv": [4, 6.25, 4.75, 5.75], "texture": "#texture"},
				"down": {"uv": [4.75, 7.5, 5.5, 8], "texture": "#texture"}
			}
		},
		{
			"name": "Voxels",
			"from": [12, 9, 16.5],
			"to": [13.5, 9.5, 17.5],
			"faces": {
				"north": {"uv": [6.75, 3.75, 6, 4], "texture": "#texture"},
				"east": {"uv": [8.5, 5, 8, 5.25], "texture": "#texture"},
				"south": {"uv": [6, 4.5, 6.75, 4.75], "texture": "#texture"},
				"west": {"uv": [8, 5.25, 8.5, 5.5], "texture": "#texture"},
				"up": {"uv": [4, 5.75, 4.75, 5.25], "texture": "#texture"},
				"down": {"uv": [4.75, 5.75, 5.5, 6.25], "texture": "#texture"}
			}
		},
		{
			"name": "Voxels",
			"from": [12.5, 8, 4],
			"to": [13, 8.5, 4.5],
			"faces": {
				"north": {"uv": [13.5, 7, 13.25, 7.25], "texture": "#texture"},
				"east": {"uv": [14.25, 7, 14, 7.25], "texture": "#texture"},
				"south": {"uv": [13.5, 7, 13.75, 7.25], "texture": "#texture"},
				"west": {"uv": [13.75, 7, 14, 7.25], "texture": "#texture"},
				"up": {"uv": [6.75, 1.5, 7, 1.25], "texture": "#texture"},
				"down": {"uv": [6.75, 1.5, 7, 1.75], "texture": "#texture"}
			}
		},
		{
			"name": "Voxels",
			"from": [12.5, 8, 11.5],
			"to": [14, 8.5, 12.5],
			"faces": {
				"north": {"uv": [16, 10.75, 15.25, 11], "texture": "#texture"},
				"east": {"uv": [8.5, 4.25, 8, 4.5], "texture": "#texture"},
				"south": {"uv": [11.75, 8.75, 12.5, 9], "texture": "#texture"},
				"west": {"uv": [8, 4.5, 8.5, 4.75], "texture": "#texture"},
				"up": {"uv": [4, 5.25, 4.75, 4.75], "texture": "#texture"},
				"down": {"uv": [4.75, 5.25, 5.5, 5.75], "texture": "#texture"}
			}
		},
		{
			"name": "Voxels",
			"from": [12.5, 8, 15.5],
			"to": [14, 8.5, 16.5],
			"faces": {
				"north": {"uv": [11, 8.75, 10.25, 9], "texture": "#texture"},
				"east": {"uv": [8.5, 3.5, 8, 3.75], "texture": "#texture"},
				"south": {"uv": [9.5, 8.75, 10.25, 9], "texture": "#texture"},
				"west": {"uv": [8, 3.75, 8.5, 4], "texture": "#texture"},
				"up": {"uv": [4, 4.75, 4.75, 4.25], "texture": "#texture"},
				"down": {"uv": [4.75, 4.75, 5.5, 5.25], "texture": "#texture"}
			}
		},
		{
			"name": "Voxels",
			"from": [12.5, 8.5, 3.5],
			"to": [14, 9, 4],
			"faces": {
				"north": {"uv": [9, 8, 8.25, 8.25], "texture": "#texture"},
				"east": {"uv": [9, 4.5, 8.75, 4.75], "texture": "#texture"},
				"south": {"uv": [7.5, 8, 8.25, 8.25], "texture": "#texture"},
				"west": {"uv": [8.75, 4.75, 9, 5], "texture": "#texture"},
				"up": {"uv": [9, 8.25, 9.75, 8], "texture": "#texture"},
				"down": {"uv": [6, 0.25, 6.75, 0.5], "texture": "#texture"}
			}
		},
		{
			"name": "Voxels",
			"from": [12.5, 9, 4],
			"to": [13, 9.5, 4.5],
			"faces": {
				"north": {"uv": [9, 3.25, 8.75, 3.5], "texture": "#texture"},
				"east": {"uv": [9, 2, 8.75, 2.25], "texture": "#texture"},
				"south": {"uv": [8.75, 3, 9, 3.25], "texture": "#texture"},
				"west": {"uv": [8.75, 2.25, 9, 2.5], "texture": "#texture"},
				"up": {"uv": [8.75, 3.75, 9, 3.5], "texture": "#texture"},
				"down": {"uv": [8.75, 3.75, 9, 4], "texture": "#texture"}
			}
		},
		{
			"name": "Voxels",
			"from": [12.5, 9, 11.5],
			"to": [14, 9.5, 12.5],
			"faces": {
				"north": {"uv": [10.25, 8.25, 9.5, 8.5], "texture": "#texture"},
				"east": {"uv": [8.5, 2.75, 8, 3], "texture": "#texture"},
				"south": {"uv": [8.75, 8.25, 9.5, 8.5], "texture": "#texture"},
				"west": {"uv": [8, 3, 8.5, 3.25], "texture": "#texture"},
				"up": {"uv": [4.5, 4.25, 5.25, 3.75], "texture": "#texture"},
				"down": {"uv": [4.75, 4.25, 5.5, 4.75], "texture": "#texture"}
			}
		},
		{
			"name": "Voxels",
			"from": [12.5, 9, 15.5],
			"to": [14, 9.5, 16.5],
			"faces": {
				"north": {"uv": [15.5, 8.5, 14.75, 8.75], "texture": "#texture"},
				"east": {"uv": [8.5, 1.75, 8, 2], "texture": "#texture"},
				"south": {"uv": [14, 8.5, 14.75, 8.75], "texture": "#texture"},
				"west": {"uv": [8, 2, 8.5, 2.25], "texture": "#texture"},
				"up": {"uv": [4.75, 2.5, 5.5, 2], "texture": "#texture"},
				"down": {"uv": [4, 2, 4.75, 2.5], "texture": "#texture"}
			}
		},
		{
			"name": "Voxels",
			"from": [13, 7.5, 7],
			"to": [14, 8, 7.5],
			"faces": {
				"north": {"uv": [8.5, 1, 8, 1.25], "texture": "#texture"},
				"east": {"uv": [10.75, 6.75, 10.5, 7], "texture": "#texture"},
				"south": {"uv": [8, 0.75, 8.5, 1], "texture": "#texture"},
				"west": {"uv": [9, 6.25, 9.25, 6.5], "texture": "#texture"},
				"up": {"uv": [8, 1.5, 8.5, 1.25], "texture": "#texture"},
				"down": {"uv": [8, 1.5, 8.5, 1.75], "texture": "#texture"}
			}
		},
		{
			"name": "Voxels",
			"from": [13, 7.5, 8.5],
			"to": [13.5, 8, 9.5],
			"faces": {
				"north": {"uv": [7, 2, 6.75, 2.25], "texture": "#texture"},
				"east": {"uv": [8.5, 0, 8, 0.25], "texture": "#texture"},
				"south": {"uv": [6.75, 1.75, 7, 2], "texture": "#texture"},
				"west": {"uv": [8, 0.25, 8.5, 0.5], "texture": "#texture"},
				"up": {"uv": [7.25, 2, 7.5, 1.5], "texture": "#texture"},
				"down": {"uv": [7.25, 2, 7.5, 2.5], "texture": "#texture"}
			}
		},
		{
			"name": "Voxels",
			"from": [13, 8, 3.5],
			"to": [13.5, 8.5, 4],
			"faces": {
				"north": {"uv": [7, 0.5, 6.75, 0.75], "texture": "#texture"},
				"east": {"uv": [16, 8, 15.75, 8.25], "texture": "#texture"},
				"south": {"uv": [6.75, 0.25, 7, 0.5], "texture": "#texture"},
				"west": {"uv": [6.75, 0, 7, 0.25], "texture": "#texture"},
				"up": {"uv": [6.75, 1, 7, 0.75], "texture": "#texture"},
				"down": {"uv": [6.75, 1, 7, 1.25], "texture": "#texture"}
			}
		},
		{
			"name": "Voxels",
			"from": [13, 8, 12.5],
			"to": [14, 8.5, 15.5],
			"faces": {
				"north": {"uv": [9.5, 7.25, 9, 7.5], "texture": "#texture"},
				"east": {"uv": [10, 10.25, 8.5, 10.5], "texture": "#texture"},
				"south": {"uv": [9.5, 7.25, 10, 7.5], "texture": "#texture"},
				"west": {"uv": [4, 1.25, 5.5, 1.5], "texture": "#texture"},
				"up": {"uv": [2, 7, 2.5, 5.5], "texture": "#texture"},
				"down": {"uv": [2.5, 5.5, 3, 7], "texture": "#texture"}
			}
		},
		{
			"name": "Voxels",
			"from": [13, 8.5, 3],
			"to": [14.5, 9, 3.5],
			"faces": {
				"north": {"uv": [8.75, 8.5, 8, 8.75], "texture": "#texture"},
				"east": {"uv": [16, 7, 15.75, 7.25], "texture": "#texture"},
				"south": {"uv": [12.5, 8.75, 13.25, 9], "texture": "#texture"},
				"west": {"uv": [15.5, 7, 15.75, 7.25], "texture": "#texture"},
				"up": {"uv": [8.75, 8.75, 9.5, 8.5], "texture": "#texture"},
				"down": {"uv": [9.5, 8.5, 10.25, 8.75], "texture": "#texture"}
			}
		},
		{
			"name": "Voxels",
			"from": [13, 8.5, 8],
			"to": [14, 9, 8.5],
			"faces": {
				"north": {"uv": [12, 7.25, 11.5, 7.5], "texture": "#texture"},
				"east": {"uv": [8.75, 4, 8.5, 4.25], "texture": "#texture"},
				"south": {"uv": [12, 7.25, 12.5, 7.5], "texture": "#texture"},
				"west": {"uv": [8.5, 4.25, 8.75, 4.5], "texture": "#texture"},
				"up": {"uv": [11, 7.5, 11.5, 7.25], "texture": "#texture"},
				"down": {"uv": [10.5, 7.25, 11, 7.5], "texture": "#texture"}
			}
		},
		{
			"name": "Voxels",
			"from": [13, 9, 3.5],
			"to": [13.5, 9.5, 4],
			"faces": {
				"north": {"uv": [8.75, 3.25, 8.5, 3.5], "texture": "#texture"},
				"east": {"uv": [8.75, 2.5, 8.5, 2.75], "texture": "#texture"},
				"south": {"uv": [8.5, 3, 8.75, 3.25], "texture": "#texture"},
				"west": {"uv": [8.5, 2.75, 8.75, 3], "texture": "#texture"},
				"up": {"uv": [8.5, 3.75, 8.75, 3.5], "texture": "#texture"},
				"down": {"uv": [8.5, 3.75, 8.75, 4], "texture": "#texture"}
			}
		},
		{
			"name": "Voxels",
			"from": [13, 9, 12.5],
			"to": [14, 9.5, 15.5],
			"faces": {
				"north": {"uv": [14, 7.25, 13.5, 7.5], "texture": "#texture"},
				"east": {"uv": [13, 10.25, 11.5, 10.5], "texture": "#texture"},
				"south": {"uv": [14, 7.25, 14.5, 7.5], "texture": "#texture"},
				"west": {"uv": [10, 10.25, 11.5, 10.5], "texture": "#texture"},
				"up": {"uv": [3.5, 7.25, 4, 5.75], "texture": "#texture"},
				"down": {"uv": [1.5, 5.5, 2, 7], "texture": "#texture"}
			}
		},
		{
			"name": "Voxels",
			"from": [13, 9.5, 7],
			"to": [14, 10, 7.5],
			"faces": {
				"north": {"uv": [16, 7.25, 15.5, 7.5], "texture": "#texture"},
				"east": {"uv": [9, 6.5, 8.75, 6.75], "texture": "#texture"},
				"south": {"uv": [8.5, 7, 9, 7.25], "texture": "#texture"},
				"west": {"uv": [8.75, 6.75, 9, 7], "texture": "#texture"},
				"up": {"uv": [15, 7.5, 15.5, 7.25], "texture": "#texture"},
				"down": {"uv": [14.5, 7.25, 15, 7.5], "texture": "#texture"}
			}
		},
		{
			"name": "Voxels",
			"from": [13, 9.5, 8.5],
			"to": [13.5, 10, 9.5],
			"faces": {
				"north": {"uv": [9, 5.75, 8.75, 6], "texture": "#texture"},
				"east": {"uv": [10, 7, 9.5, 7.25], "texture": "#texture"},
				"south": {"uv": [8.75, 5.5, 9, 5.75], "texture": "#texture"},
				"west": {"uv": [9, 7, 9.5, 7.25], "texture": "#texture"},
				"up": {"uv": [7.25, 1, 7.5, 0.5], "texture": "#texture"},
				"down": {"uv": [7.25, 1, 7.5, 1.5], "texture": "#texture"}
			}
		},
		{
			"name": "Voxels",
			"from": [13.5, 7.5, 6.5],
			"to": [14.5, 8.5, 7],
			"faces": {
				"north": {"uv": [3.5, 1.25, 3, 1.75], "texture": "#texture"},
				"east": {"uv": [8.75, 6.5, 8.5, 7], "texture": "#texture"},
				"south": {"uv": [3, 3.25, 3.5, 3.75], "texture": "#texture"},
				"west": {"uv": [7.25, 0, 7.5, 0.5], "texture": "#texture"},
				"up": {"uv": [10.5, 7.25, 11, 7], "texture": "#texture"},
				"down": {"uv": [10, 7, 10.5, 7.25], "texture": "#texture"}
			}
		},
		{
			"name": "Voxels",
			"from": [13.5, 7.5, 9],
			"to": [14, 8, 10],
			"faces": {
				"north": {"uv": [9, 2.75, 8.75, 3], "texture": "#texture"},
				"east": {"uv": [12, 7, 11.5, 7.25], "texture": "#texture"},
				"south": {"uv": [8.75, 2.5, 9, 2.75], "texture": "#texture"},
				"west": {"uv": [11, 7, 11.5, 7.25], "texture": "#texture"},
				"up": {"uv": [8.5, 6, 8.75, 5.5], "texture": "#texture"},
				"down": {"uv": [8.5, 6, 8.75, 6.5], "texture": "#texture"}
			}
		},
		{
			"name": "Voxels",
			"from": [13.5, 8, 6],
			"to": [14, 8.5, 6.5],
			"faces": {
				"north": {"uv": [9, 1.25, 8.75, 1.5], "texture": "#texture"},
				"east": {"uv": [9, 0.5, 8.75, 0.75], "texture": "#texture"},
				"south": {"uv": [8.75, 1, 9, 1.25], "texture": "#texture"},
				"west": {"uv": [8.75, 0.75, 9, 1], "texture": "#texture"},
				"up": {"uv": [8.75, 1.75, 9, 1.5], "texture": "#texture"},
				"down": {"uv": [8.75, 1.75, 9, 2], "texture": "#texture"}
			}
		},
		{
			"name": "Voxels",
			"from": [13.5, 8.5, 5],
			"to": [14, 9, 5.5],
			"faces": {
				"north": {"uv": [9.25, 6.75, 9, 7], "texture": "#texture"},
				"east": {"uv": [10, 6.75, 9.75, 7], "texture": "#texture"},
				"south": {"uv": [9.25, 6.75, 9.5, 7], "texture": "#texture"},
				"west": {"uv": [9.5, 6.75, 9.75, 7], "texture": "#texture"},
				"up": {"uv": [8.75, 0.25, 9, 0], "texture": "#texture"},
				"down": {"uv": [8.75, 0.25, 9, 0.5], "texture": "#texture"}
			}
		},
		{
			"name": "Voxels",
			"from": [13.5, 8.5, 7.5],
			"to": [14.5, 9, 8],
			"faces": {
				"north": {"uv": [8.5, 0.5, 8, 0.75], "texture": "#texture"},
				"east": {"uv": [11.5, 6.75, 11.25, 7], "texture": "#texture"},
				"south": {"uv": [14.25, 8, 14.75, 8.25], "texture": "#texture"},
				"west": {"uv": [11, 6.75, 11.25, 7], "texture": "#texture"},
				"up": {"uv": [12.5, 7.25, 13, 7], "texture": "#texture"},
				"down": {"uv": [12, 7, 12.5, 7.25], "texture": "#texture"}
			}
		},
		{
			"name": "Voxels",
			"from": [13.5, 8.5, 8.5],
			"to": [14.5, 9, 9],
			"faces": {
				"north": {"uv": [8, 6.75, 7.5, 7], "texture": "#texture"},
				"east": {"uv": [13, 6.75, 12.75, 7], "texture": "#texture"},
				"south": {"uv": [7.5, 5.5, 8, 5.75], "texture": "#texture"},
				"west": {"uv": [12.5, 6.75, 12.75, 7], "texture": "#texture"},
				"up": {"uv": [7.5, 7.25, 8, 7], "texture": "#texture"},
				"down": {"uv": [14.75, 8, 15.25, 8.25], "texture": "#texture"}
			}
		},
		{
			"name": "Voxels",
			"from": [13.5, 9, 6],
			"to": [14, 9.5, 7],
			"faces": {
				"north": {"uv": [13.75, 6.75, 13.5, 7], "texture": "#texture"},
				"east": {"uv": [8, 4, 7.5, 4.25], "texture": "#texture"},
				"south": {"uv": [13.75, 6.75, 14, 7], "texture": "#texture"},
				"west": {"uv": [7.5, 4.25, 8, 4.5], "texture": "#texture"},
				"up": {"uv": [5.25, 0.5, 5.5, 0], "texture": "#texture"},
				"down": {"uv": [5.25, 3.75, 5.5, 4.25], "texture": "#texture"}
			}
		},
		{
			"name": "Voxels",
			"from": [13.5, 9.5, 6.5],
			"to": [14.5, 10, 7],
			"faces": {
				"north": {"uv": [8, 3.25, 7.5, 3.5], "texture": "#texture"},
				"east": {"uv": [16, 6.75, 15.75, 7], "texture": "#texture"},
				"south": {"uv": [7.5, 3, 8, 3.25], "texture": "#texture"},
				"west": {"uv": [15.5, 6.75, 15.75, 7], "texture": "#texture"},
				"up": {"uv": [7.5, 3.75, 8, 3.5], "texture": "#texture"},
				"down": {"uv": [7.5, 3.75, 8, 4], "texture": "#texture"}
			}
		},
		{
			"name": "Voxels",
			"from": [13.5, 9.5, 9],
			"to": [14, 10, 10],
			"faces": {
				"north": {"uv": [9.25, 6, 9, 6.25], "texture": "#texture"},
				"east": {"uv": [8, 2.5, 7.5, 2.75], "texture": "#texture"},
				"south": {"uv": [9, 5.75, 9.25, 6], "texture": "#texture"},
				"west": {"uv": [7.5, 2.75, 8, 3], "texture": "#texture"},
				"up": {"uv": [7.25, 3, 7.5, 2.5], "texture": "#texture"},
				"down": {"uv": [5.75, 0, 6, 0.5], "texture": "#texture"}
			}
		},
		{
			"name": "Voxels",
			"from": [14, 7.5, 9.5],
			"to": [14.5, 8, 10],
			"faces": {
				"north": {"uv": [9.25, 4.5, 9, 4.75], "texture": "#texture"},
				"east": {"uv": [9.25, 3.75, 9, 4], "texture": "#texture"},
				"south": {"uv": [9, 4.25, 9.25, 4.5], "texture": "#texture"},
				"west": {"uv": [9, 4, 9.25, 4.25], "texture": "#texture"},
				"up": {"uv": [9, 5, 9.25, 4.75], "texture": "#texture"},
				"down": {"uv": [9, 5, 9.25, 5.25], "texture": "#texture"}
			}
		},
		{
			"name": "Voxels",
			"from": [14, 8, 13],
			"to": [14.5, 8.5, 15.5],
			"faces": {
				"north": {"uv": [9.25, 3, 9, 3.25], "texture": "#texture"},
				"east": {"uv": [14.5, 9.5, 13.25, 9.75], "texture": "#texture"},
				"south": {"uv": [9, 2.75, 9.25, 3], "texture": "#texture"},
				"west": {"uv": [10.75, 9.25, 12, 9.5], "texture": "#texture"},
				"up": {"uv": [5.75, 9.25, 6, 8], "texture": "#texture"},
				"down": {"uv": [5.5, 8.5, 5.75, 9.75], "texture": "#texture"}
			}
		},
		{
			"name": "Voxels",
			"from": [14, 8.5, 7],
			"to": [14.5, 9, 7.5],
			"faces": {
				"north": {"uv": [9.25, 1.5, 9, 1.75], "texture": "#texture"},
				"east": {"uv": [9.25, 0.75, 9, 1], "texture": "#texture"},
				"south": {"uv": [9, 1.25, 9.25, 1.5], "texture": "#texture"},
				"west": {"uv": [9, 1, 9.25, 1.25], "texture": "#texture"},
				"up": {"uv": [9, 2, 9.25, 1.75], "texture": "#texture"},
				"down": {"uv": [9, 2, 9.25, 2.25], "texture": "#texture"}
			}
		},
		{
			"name": "Voxels",
			"from": [14, 8.5, 9],
			"to": [14.5, 9, 9.5],
			"faces": {
				"north": {"uv": [9.25, 0, 9, 0.25], "texture": "#texture"},
				"east": {"uv": [10, 6.5, 9.75, 6.75], "texture": "#texture"},
				"south": {"uv": [9.25, 6.5, 9.5, 6.75], "texture": "#texture"},
				"west": {"uv": [9.5, 6.5, 9.75, 6.75], "texture": "#texture"},
				"up": {"uv": [9, 0.5, 9.25, 0.25], "texture": "#texture"},
				"down": {"uv": [9, 0.5, 9.25, 0.75], "texture": "#texture"}
			}
		},
		{
			"name": "Voxels",
			"from": [14, 8.5, 11],
			"to": [14.5, 9, 11.5],
			"faces": {
				"north": {"uv": [10.75, 6.5, 10.5, 6.75], "texture": "#texture"},
				"east": {"uv": [11.5, 6.5, 11.25, 6.75], "texture": "#texture"},
				"south": {"uv": [10.75, 6.5, 11, 6.75], "texture": "#texture"},
				"west": {"uv": [11, 6.5, 11.25, 6.75], "texture": "#texture"},
				"up": {"uv": [10.25, 6.75, 10.5, 6.5], "texture": "#texture"},
				"down": {"uv": [10, 6.5, 10.25, 6.75], "texture": "#texture"}
			}
		},
		{
			"name": "Voxels",
			"from": [14, 9, 6.5],
			"to": [14.5, 9.5, 7],
			"faces": {
				"north": {"uv": [12.25, 6.5, 12, 6.75], "texture": "#texture"},
				"east": {"uv": [13, 6.5, 12.75, 6.75], "texture": "#texture"},
				"south": {"uv": [12.25, 6.5, 12.5, 6.75], "texture": "#texture"},
				"west": {"uv": [12.5, 6.5, 12.75, 6.75], "texture": "#texture"},
				"up": {"uv": [11.75, 6.75, 12, 6.5], "texture": "#texture"},
				"down": {"uv": [11.5, 6.5, 11.75, 6.75], "texture": "#texture"}
			}
		},
		{
			"name": "Voxels",
			"from": [14, 9, 13],
			"to": [14.5, 9.5, 15.5],
			"faces": {
				"north": {"uv": [13.75, 6.5, 13.5, 6.75], "texture": "#texture"},
				"east": {"uv": [7, 9.5, 5.75, 9.75], "texture": "#texture"},
				"south": {"uv": [13.75, 6.5, 14, 6.75], "texture": "#texture"},
				"west": {"uv": [7, 9.5, 8.25, 9.75], "texture": "#texture"},
				"up": {"uv": [5.5, 3.5, 5.75, 2.25], "texture": "#texture"},
				"down": {"uv": [5.5, 1, 5.75, 2.25], "texture": "#texture"}
			}
		},
		{
			"name": "Voxels",
			"from": [14, 9.5, 9.5],
			"to": [14.5, 10, 10],
			"faces": {
				"north": {"uv": [15.25, 6.5, 15, 6.75], "texture": "#texture"},
				"east": {"uv": [16, 6.5, 15.75, 6.75], "texture": "#texture"},
				"south": {"uv": [15.25, 6.5, 15.5, 6.75], "texture": "#texture"},
				"west": {"uv": [15.5, 6.5, 15.75, 6.75], "texture": "#texture"},
				"up": {"uv": [14.75, 6.75, 15, 6.5], "texture": "#texture"},
				"down": {"uv": [14.5, 6.5, 14.75, 6.75], "texture": "#texture"}
			}
		},
		{
			"name": "Voxels",
			"from": [14.5, 8.5, 6],
			"to": [15, 9, 6.5],
			"faces": {
				"north": {"uv": [9.5, 5.75, 9.25, 6], "texture": "#texture"},
				"east": {"uv": [9.5, 5, 9.25, 5.25], "texture": "#texture"},
				"south": {"uv": [9.25, 5.5, 9.5, 5.75], "texture": "#texture"},
				"west": {"uv": [9.25, 5.25, 9.5, 5.5], "texture": "#texture"},
				"up": {"uv": [9.25, 6.25, 9.5, 6], "texture": "#texture"},
				"down": {"uv": [9.25, 6.25, 9.5, 6.5], "texture": "#texture"}
			}
		}
	],
	"display": {
		"thirdperson_righthand": {
			"rotation": [-167, 5, -88],
			"translation": [0.6956, 10.432, 3.4886],
			"scale": [0.8695, 0.8, 0.8]
		},
		"thirdperson_lefthand": {
			"rotation": [5, -180, -94],
			"translation": [-2.086, 10.434, 2.0972],
			"scale": [0.8695, 0.8, 0.8]
		},
		"firstperson_righthand": {
			"rotation": [-1, -180, 92],
			"translation": [2.7826, 7.6521, 0.6956],
			"scale": [0.6, 0.6, 0.6]
		},
		"firstperson_lefthand": {
			"rotation": [175, 0, 81],
			"translation": [2.7826, 7.6521, 0.6956],
			"scale": [0.6, 0.6, 0.6]
		},
		"ground": {
			"rotation": [6, 19, -74],
			"translation": [0, 3.4792, 0],
			"scale": [0.5956, 0.7, 0.7304]
		},
		"gui": {
			"rotation": [84, 71, 0],
			"translation": [-1.39, 3.4781, 0],
			"scale": [0.4847, 0.45, 0.6346]
		},
		"fixed": {
			"rotation": [-86, -117, 2],
			"translation": [0.6955, 3.4782, -1],
			"scale": [0.6, 0.6, 0.7043]
		}
	}
}