{
	"credit": "Made with Blockbench",
	"textures": {
		"texture": "item/diamond_boots/50"
	},
	"elements": [
		{
			"from": [0.25, 12, 2],
			"to": [0.75, 13.5, 14.0625],
			"faces": {
				"north": {"uv": [3.22, 6.52, 3.78, 7.28], "texture": "#texture"},
				"east": {"uv": [3.22, 6.52, 3.78, 7.28], "texture": "#texture"},
				"south": {"uv": [3.22, 6.52, 3.78, 7.28], "texture": "#texture"},
				"west": {"uv": [3.22, 6.52, 3.78, 7.28], "texture": "#texture"},
				"up": {"uv": [3.22, 6.52, 3.78, 7.28], "texture": "#texture"},
				"down": {"uv": [3.22, 6.52, 3.78, 7.28], "texture": "#texture"}
			}
		},
		{
			"from": [0.25, 12, 2],
			"to": [0.75, 13.5, 14.0625],
			"faces": {
				"north": {"uv": [3.22, 6.52, 3.78, 7.28], "texture": "#texture"},
				"east": {"uv": [3.22, 6.52, 3.78, 7.28], "texture": "#texture"},
				"south": {"uv": [3.22, 6.52, 3.78, 7.28], "texture": "#texture"},
				"west": {"uv": [3.22, 6.52, 3.78, 7.28], "texture": "#texture"},
				"up": {"uv": [3.22, 6.52, 3.78, 7.28], "texture": "#texture"},
				"down": {"uv": [3.22, 6.52, 3.78, 7.28], "texture": "#texture"}
			}
		},
		{
			"from": [0.25, 16, 2],
			"to": [0.75, 17, 14.0625],
			"faces": {
				"north": {"uv": [3.22, 6.52, 3.78, 7.28], "texture": "#texture"},
				"east": {"uv": [3.22, 6.52, 3.78, 7.28], "texture": "#texture"},
				"south": {"uv": [3.22, 6.52, 3.78, 7.28], "texture": "#texture"},
				"west": {"uv": [3.22, 6.52, 3.78, 7.28], "texture": "#texture"},
				"up": {"uv": [3.22, 6.52, 3.78, 7.28], "texture": "#texture"},
				"down": {"uv": [3.22, 6.52, 3.78, 7.28], "texture": "#texture"}
			}
		},
		{
			"from": [15.25, 12, 2],
			"to": [15.75, 17, 14.0625],
			"faces": {
				"north": {"uv": [3.22, 6.52, 3.78, 7.28], "texture": "#texture"},
				"east": {"uv": [3.22, 6.52, 3.78, 7.28], "texture": "#texture"},
				"south": {"uv": [3.22, 6.52, 3.78, 7.28], "texture": "#texture"},
				"west": {"uv": [3.22, 6.52, 3.78, 7.28], "texture": "#texture"},
				"up": {"uv": [3.22, 6.52, 3.78, 7.28], "texture": "#texture"},
				"down": {"uv": [3.22, 6.52, 3.78, 7.28], "texture": "#texture"}
			}
		},
		{
			"from": [15.25, 13, 6.5],
			"to": [16.25, 16, 9.5],
			"faces": {
				"north": {"uv": [3.22, 6.52, 3.78, 7.28], "texture": "#texture"},
				"east": {"uv": [3.22, 6.52, 3.78, 7.28], "texture": "#texture"},
				"south": {"uv": [3.22, 6.52, 3.78, 7.28], "texture": "#texture"},
				"west": {"uv": [3.22, 6.52, 3.78, 7.28], "texture": "#texture"},
				"up": {"uv": [3.22, 6.52, 3.78, 7.28], "texture": "#texture"},
				"down": {"uv": [3.22, 6.52, 3.78, 7.28], "texture": "#texture"}
			}
		},
		{
			"from": [17, 13, 7],
			"to": [19, 16, 7.5],
			"faces": {
				"north": {"uv": [3.22, 6.52, 3.78, 7.28], "texture": "#texture"},
				"east": {"uv": [3.22, 6.52, 3.78, 7.28], "texture": "#texture"},
				"south": {"uv": [3.22, 6.52, 3.78, 7.28], "texture": "#texture"},
				"west": {"uv": [3.22, 6.52, 3.78, 7.28], "texture": "#texture"},
				"up": {"uv": [3.22, 6.52, 3.78, 7.28], "texture": "#texture"},
				"down": {"uv": [3.22, 6.52, 3.78, 7.28], "texture": "#texture"}
			}
		},
		{
			"from": [15.25, 13, 6.5],
			"to": [17.25, 16, 7],
			"faces": {
				"north": {"uv": [3.22, 6.52, 3.78, 7.28], "texture": "#texture"},
				"east": {"uv": [3.22, 6.52, 3.78, 7.28], "texture": "#texture"},
				"south": {"uv": [3.22, 6.52, 3.78, 7.28], "texture": "#texture"},
				"west": {"uv": [3.22, 6.52, 3.78, 7.28], "texture": "#texture"},
				"up": {"uv": [3.22, 6.52, 3.78, 7.28], "texture": "#texture"},
				"down": {"uv": [3.22, 6.52, 3.78, 7.28], "texture": "#texture"}
			}
		},
		{
			"from": [20.25, 13, 9.5],
			"to": [23.25, 16, 10],
			"faces": {
				"north": {"uv": [3.22, 6.52, 3.78, 7.28], "texture": "#texture"},
				"east": {"uv": [3.22, 6.52, 3.78, 7.28], "texture": "#texture"},
				"south": {"uv": [3.22, 6.52, 3.78, 7.28], "texture": "#texture"},
				"west": {"uv": [3.22, 6.52, 3.78, 7.28], "texture": "#texture"},
				"up": {"uv": [3.22, 6.52, 3.78, 7.28], "texture": "#texture"},
				"down": {"uv": [3.22, 6.52, 3.78, 7.28], "texture": "#texture"}
			}
		},
		{
			"from": [19.2, 13, 10],
			"to": [21, 16, 10.5],
			"rotation": {"angle": 45, "axis": "y", "origin": [20, 14.5, 10.25]},
			"faces": {
				"north": {"uv": [3.22, 6.52, 3.78, 7.28], "texture": "#texture"},
				"east": {"uv": [3.22, 6.52, 3.78, 7.28], "texture": "#texture"},
				"south": {"uv": [3.22, 6.52, 3.78, 7.28], "texture": "#texture"},
				"west": {"uv": [3.22, 6.52, 3.78, 7.28], "texture": "#texture"},
				"up": {"uv": [3.22, 6.52, 3.78, 7.28], "texture": "#texture"},
				"down": {"uv": [3.22, 6.52, 3.78, 7.28], "texture": "#texture"}
			}
		},
		{
			"from": [15.25, 13, 9.5],
			"to": [17.25, 16, 10],
			"faces": {
				"north": {"uv": [3.22, 6.52, 3.78, 7.28], "texture": "#texture"},
				"east": {"uv": [3.22, 6.52, 3.78, 7.28], "texture": "#texture"},
				"south": {"uv": [3.22, 6.52, 3.78, 7.28], "texture": "#texture"},
				"west": {"uv": [3.22, 6.52, 3.78, 7.28], "texture": "#texture"},
				"up": {"uv": [3.22, 6.52, 3.78, 7.28], "texture": "#texture"},
				"down": {"uv": [3.22, 6.52, 3.78, 7.28], "texture": "#texture"}
			}
		},
		{
			"from": [17, 13, 10],
			"to": [18.5, 16, 10.5],
			"rotation": {"angle": -45, "axis": "y", "origin": [17.75, 14.5, 10.25]},
			"faces": {
				"north": {"uv": [3.22, 6.52, 3.78, 7.28], "texture": "#texture"},
				"east": {"uv": [3.22, 6.52, 3.78, 7.28], "texture": "#texture"},
				"south": {"uv": [3.22, 6.52, 3.78, 7.28], "texture": "#texture"},
				"west": {"uv": [3.22, 6.52, 3.78, 7.28], "texture": "#texture"},
				"up": {"uv": [3.22, 6.52, 3.78, 7.28], "texture": "#texture"},
				"down": {"uv": [3.22, 6.52, 3.78, 7.28], "texture": "#texture"}
			}
		},
		{
			"from": [18.25, 13, 10.5],
			"to": [19.75, 16, 11],
			"faces": {
				"north": {"uv": [3.22, 6.52, 3.78, 7.28], "texture": "#texture"},
				"east": {"uv": [3.22, 6.52, 3.78, 7.28], "texture": "#texture"},
				"south": {"uv": [3.22, 6.52, 3.78, 7.28], "texture": "#texture"},
				"west": {"uv": [3.22, 6.52, 3.78, 7.28], "texture": "#texture"},
				"up": {"uv": [3.22, 6.52, 3.78, 7.28], "texture": "#texture"},
				"down": {"uv": [3.22, 6.52, 3.78, 7.28], "texture": "#texture"}
			}
		},
		{
			"from": [18.25, 13, 7],
			"to": [19.25, 16, 7.5],
			"rotation": {"angle": 45, "axis": "y", "origin": [18.75, 13, 6.75]},
			"faces": {
				"north": {"uv": [3.22, 6.52, 3.78, 7.28], "texture": "#texture"},
				"east": {"uv": [3.22, 6.52, 3.78, 7.28], "texture": "#texture"},
				"south": {"uv": [3.22, 6.52, 3.78, 7.28], "texture": "#texture"},
				"west": {"uv": [3.22, 6.52, 3.78, 7.28], "texture": "#texture"},
				"up": {"uv": [3.22, 6.52, 3.78, 7.28], "texture": "#texture"},
				"down": {"uv": [3.22, 6.52, 3.78, 7.28], "texture": "#texture"}
			}
		},
		{
			"from": [19.2, 13, 5.5],
			"to": [19.7, 16, 6.5],
			"rotation": {"angle": -22.5, "axis": "y", "origin": [18.75, 13, 6.75]},
			"faces": {
				"north": {"uv": [3.22, 6.52, 3.78, 7.28], "texture": "#texture"},
				"east": {"uv": [3.22, 6.52, 3.78, 7.28], "texture": "#texture"},
				"south": {"uv": [3.22, 6.52, 3.78, 7.28], "texture": "#texture"},
				"west": {"uv": [3.22, 6.52, 3.78, 7.28], "texture": "#texture"},
				"up": {"uv": [3.22, 6.52, 3.78, 7.28], "texture": "#texture"},
				"down": {"uv": [3.22, 6.52, 3.78, 7.28], "texture": "#texture"}
			}
		},
		{
			"from": [20, 13, 6.2],
			"to": [21, 16, 6.7],
			"rotation": {"angle": 22.5, "axis": "y", "origin": [18.75, 13, 6.75]},
			"faces": {
				"north": {"uv": [3.22, 6.52, 3.78, 7.28], "texture": "#texture"},
				"east": {"uv": [3.22, 6.52, 3.78, 7.28], "texture": "#texture"},
				"south": {"uv": [3.22, 6.52, 3.78, 7.28], "texture": "#texture"},
				"west": {"uv": [3.22, 6.52, 3.78, 7.28], "texture": "#texture"},
				"up": {"uv": [3.22, 6.52, 3.78, 7.28], "texture": "#texture"},
				"down": {"uv": [3.22, 6.52, 3.78, 7.28], "texture": "#texture"}
			}
		},
		{
			"from": [2, 12, -0.5],
			"to": [14, 17, 0],
			"faces": {
				"north": {"uv": [3.22, 6.52, 3.78, 7.28], "texture": "#texture"},
				"east": {"uv": [3.22, 6.52, 3.78, 7.28], "texture": "#texture"},
				"south": {"uv": [3.22, 6.52, 3.78, 7.28], "texture": "#texture"},
				"west": {"uv": [3.22, 6.52, 3.78, 7.28], "texture": "#texture"},
				"up": {"uv": [3.22, 6.52, 3.78, 7.28], "texture": "#texture"},
				"down": {"uv": [3.22, 6.52, 3.78, 7.28], "texture": "#texture"}
			}
		},
		{
			"from": [2, 12, 16],
			"to": [14, 17, 16.5],
			"faces": {
				"north": {"uv": [3.22, 6.52, 3.78, 7.28], "texture": "#texture"},
				"east": {"uv": [3.22, 6.52, 3.78, 7.28], "texture": "#texture"},
				"south": {"uv": [3.22, 6.52, 3.78, 7.28], "texture": "#texture"},
				"west": {"uv": [3.22, 6.52, 3.78, 7.28], "texture": "#texture"},
				"up": {"uv": [3.22, 6.52, 3.78, 7.28], "texture": "#texture"},
				"down": {"uv": [3.22, 6.52, 3.78, 7.28], "texture": "#texture"}
			}
		},
		{
			"from": [13.5, 12, 15.7],
			"to": [15, 17, 16.2],
			"rotation": {"angle": 45, "axis": "y", "origin": [14.25, 14.5, 15.75]},
			"faces": {
				"north": {"uv": [3.22, 6.52, 3.78, 7.28], "texture": "#texture"},
				"east": {"uv": [3.22, 6.52, 3.78, 7.28], "texture": "#texture"},
				"south": {"uv": [3.22, 6.52, 3.78, 7.28], "texture": "#texture"},
				"west": {"uv": [3.22, 6.52, 3.78, 7.28], "texture": "#texture"},
				"up": {"uv": [3.22, 6.52, 3.78, 7.28], "texture": "#texture"},
				"down": {"uv": [3.22, 6.52, 3.78, 7.28], "texture": "#texture"}
			}
		},
		{
			"from": [13.5, 12, 0],
			"to": [15, 17, 0.5],
			"rotation": {"angle": -45, "axis": "y", "origin": [14.25, 14.5, 0.25]},
			"faces": {
				"north": {"uv": [3.22, 6.52, 3.78, 7.28], "texture": "#texture"},
				"east": {"uv": [3.22, 6.52, 3.78, 7.28], "texture": "#texture"},
				"south": {"uv": [3.22, 6.52, 3.78, 7.28], "texture": "#texture"},
				"west": {"uv": [3.22, 6.52, 3.78, 7.28], "texture": "#texture"},
				"up": {"uv": [3.22, 6.52, 3.78, 7.28], "texture": "#texture"},
				"down": {"uv": [3.22, 6.52, 3.78, 7.28], "texture": "#texture"}
			}
		},
		{
			"from": [1, 12, 0],
			"to": [2.5, 17, 0.5],
			"rotation": {"angle": 45, "axis": "y", "origin": [1.75, 14.5, 0.25]},
			"faces": {
				"north": {"uv": [3.22, 6.52, 3.78, 7.28], "texture": "#texture"},
				"east": {"uv": [3.22, 6.52, 3.78, 7.28], "texture": "#texture"},
				"south": {"uv": [3.22, 6.52, 3.78, 7.28], "texture": "#texture"},
				"west": {"uv": [3.22, 6.52, 3.78, 7.28], "texture": "#texture"},
				"up": {"uv": [3.22, 6.52, 3.78, 7.28], "texture": "#texture"},
				"down": {"uv": [3.22, 6.52, 3.78, 7.28], "texture": "#texture"}
			}
		},
		{
			"from": [0.625, 12, 15.5],
			"to": [2.125, 17, 16],
			"rotation": {"angle": -45, "axis": "y", "origin": [1.375, 14.5, 15.75]},
			"faces": {
				"north": {"uv": [3.22, 6.52, 3.78, 7.28], "texture": "#texture"},
				"east": {"uv": [3.22, 6.52, 3.78, 7.28], "texture": "#texture"},
				"south": {"uv": [3.22, 6.52, 3.78, 7.28], "texture": "#texture"},
				"west": {"uv": [3.22, 6.52, 3.78, 7.28], "texture": "#texture"},
				"up": {"uv": [3.22, 6.52, 3.78, 7.28], "texture": "#texture"},
				"down": {"uv": [3.22, 6.52, 3.78, 7.28], "texture": "#texture"}
			}
		},
		{
			"from": [14.9, 12, 13.7],
			"to": [15.4, 17, 15.2],
			"rotation": {"angle": -22.5, "axis": "y", "origin": [14.95, 14.5, 14.75]},
			"faces": {
				"north": {"uv": [3.22, 6.52, 3.78, 7.28], "texture": "#texture"},
				"east": {"uv": [3.22, 6.52, 3.78, 7.28], "texture": "#texture"},
				"south": {"uv": [3.22, 6.52, 3.78, 7.28], "texture": "#texture"},
				"west": {"uv": [3.22, 6.52, 3.78, 7.28], "texture": "#texture"},
				"up": {"uv": [3.22, 6.52, 3.78, 7.28], "texture": "#texture"},
				"down": {"uv": [3.22, 6.52, 3.78, 7.28], "texture": "#texture"}
			}
		},
		{
			"from": [14.8, 12, 0.5],
			"to": [15.3, 17, 2],
			"rotation": {"angle": 22.5, "axis": "y", "origin": [15.05, 14.5, 1.25]},
			"faces": {
				"north": {"uv": [3.22, 6.52, 3.78, 7.28], "texture": "#texture"},
				"east": {"uv": [3.22, 6.52, 3.78, 7.28], "texture": "#texture"},
				"south": {"uv": [3.22, 6.52, 3.78, 7.28], "texture": "#texture"},
				"west": {"uv": [3.22, 6.52, 3.78, 7.28], "texture": "#texture"},
				"up": {"uv": [3.22, 6.52, 3.78, 7.28], "texture": "#texture"},
				"down": {"uv": [3.22, 6.52, 3.78, 7.28], "texture": "#texture"}
			}
		},
		{
			"from": [0.5, 12, 0.5],
			"to": [1, 17, 2],
			"rotation": {"angle": -22.5, "axis": "y", "origin": [0.75, 14.5, 1.25]},
			"faces": {
				"north": {"uv": [3.22, 6.52, 3.78, 7.28], "texture": "#texture"},
				"east": {"uv": [3.22, 6.52, 3.78, 7.28], "texture": "#texture"},
				"south": {"uv": [3.22, 6.52, 3.78, 7.28], "texture": "#texture"},
				"west": {"uv": [3.22, 6.52, 3.78, 7.28], "texture": "#texture"},
				"up": {"uv": [3.22, 6.52, 3.78, 7.28], "texture": "#texture"},
				"down": {"uv": [3.22, 6.52, 3.78, 7.28], "texture": "#texture"}
			}
		},
		{
			"from": [0.7, 12, 14],
			"to": [1.2, 17, 15.5],
			"rotation": {"angle": 22.5, "axis": "y", "origin": [0.95, 14.5, 14.75]},
			"faces": {
				"north": {"uv": [3.22, 6.52, 3.78, 7.28], "texture": "#texture"},
				"east": {"uv": [3.22, 6.52, 3.78, 7.28], "texture": "#texture"},
				"south": {"uv": [3.22, 6.52, 3.78, 7.28], "texture": "#texture"},
				"west": {"uv": [3.22, 6.52, 3.78, 7.28], "texture": "#texture"},
				"up": {"uv": [3.22, 6.52, 3.78, 7.28], "texture": "#texture"},
				"down": {"uv": [3.22, 6.52, 3.78, 7.28], "texture": "#texture"}
			}
		},
		{
			"from": [0.25, 13.5, 8.75],
			"to": [0.75, 15, 12.75],
			"rotation": {"angle": 22.5, "axis": "x", "origin": [0.5, 16.5, 8.25]},
			"faces": {
				"north": {"uv": [3.22, 6.52, 3.78, 7.28], "texture": "#texture"},
				"east": {"uv": [3.22, 6.52, 3.78, 7.28], "texture": "#texture"},
				"south": {"uv": [3.22, 6.52, 3.78, 7.28], "texture": "#texture"},
				"west": {"uv": [3.22, 6.52, 3.78, 7.28], "texture": "#texture"},
				"up": {"uv": [3.22, 6.52, 3.78, 7.28], "texture": "#texture"},
				"down": {"uv": [3.22, 6.52, 3.78, 7.28], "texture": "#texture"}
			}
		},
		{
			"from": [0.25, 12.5, 7.5],
			"to": [0.75, 16.5, 9],
			"rotation": {"angle": 0, "axis": "x", "origin": [0.5, 16.5, 8.25]},
			"faces": {
				"north": {"uv": [3.22, 6.52, 3.78, 7.28], "texture": "#texture"},
				"east": {"uv": [3.22, 6.52, 3.78, 7.28], "texture": "#texture"},
				"south": {"uv": [3.22, 6.52, 3.78, 7.28], "texture": "#texture"},
				"west": {"uv": [3.22, 6.52, 3.78, 7.28], "texture": "#texture"},
				"up": {"uv": [3.22, 6.52, 3.78, 7.28], "texture": "#texture"},
				"down": {"uv": [3.22, 6.52, 3.78, 7.28], "texture": "#texture"}
			}
		},
		{
			"from": [0.25, 14, 4.69866],
			"to": [0.75, 15.5, 8.69866],
			"rotation": {"angle": -22.5, "axis": "x", "origin": [0.5, 13.4646, 9.69866]},
			"faces": {
				"north": {"uv": [3.22, 6.52, 3.78, 7.28], "texture": "#texture"},
				"east": {"uv": [3.22, 6.52, 3.78, 7.28], "texture": "#texture"},
				"south": {"uv": [3.22, 6.52, 3.78, 7.28], "texture": "#texture"},
				"west": {"uv": [3.22, 6.52, 3.78, 7.28], "texture": "#texture"},
				"up": {"uv": [3.22, 6.52, 3.78, 7.28], "texture": "#texture"},
				"down": {"uv": [3.22, 6.52, 3.78, 7.28], "texture": "#texture"}
			}
		},
		{
			"from": [0.25, 10.41452, 10.89732],
			"to": [0.75, 12.21452, 14.89732],
			"rotation": {"angle": -45, "axis": "x", "origin": [0.5, 13.46456, 9.69866]},
			"faces": {
				"north": {"uv": [3.22, 6.52, 3.78, 7.28], "texture": "#texture"},
				"east": {"uv": [3.22, 6.52, 3.78, 7.28], "texture": "#texture"},
				"south": {"uv": [3.22, 6.52, 3.78, 7.28], "texture": "#texture"},
				"west": {"uv": [3.22, 6.52, 3.78, 7.28], "texture": "#texture"},
				"up": {"uv": [3.22, 6.52, 3.78, 7.28], "texture": "#texture"},
				"down": {"uv": [3.22, 6.52, 3.78, 7.28], "texture": "#texture"}
			}
		},
		{
			"from": [0.25, 17, 4.3],
			"to": [0.75, 21, 6.1],
			"rotation": {"angle": -45, "axis": "x", "origin": [0.5, 13.46456, 9.69866]},
			"faces": {
				"north": {"uv": [3.22, 6.52, 3.78, 7.28], "texture": "#texture"},
				"east": {"uv": [3.22, 6.52, 3.78, 7.28], "texture": "#texture"},
				"south": {"uv": [3.22, 6.52, 3.78, 7.28], "texture": "#texture"},
				"west": {"uv": [3.22, 6.52, 3.78, 7.28], "texture": "#texture"},
				"up": {"uv": [3.22, 6.52, 3.78, 7.28], "texture": "#texture"},
				"down": {"uv": [3.22, 6.52, 3.78, 7.28], "texture": "#texture"}
			}
		},
		{
			"from": [0.25, 14.5, 7.75],
			"to": [0.75, 15.6, 11.75],
			"rotation": {"angle": -22.5, "axis": "x", "origin": [0.5, 16.5, 8.25]},
			"faces": {
				"north": {"uv": [3.22, 6.52, 3.78, 7.28], "texture": "#texture"},
				"east": {"uv": [3.22, 6.52, 3.78, 7.28], "texture": "#texture"},
				"south": {"uv": [3.22, 6.52, 3.78, 7.28], "texture": "#texture"},
				"west": {"uv": [3.22, 6.52, 3.78, 7.28], "texture": "#texture"},
				"up": {"uv": [3.22, 6.52, 3.78, 7.28], "texture": "#texture"},
				"down": {"uv": [3.22, 6.52, 3.78, 7.28], "texture": "#texture"}
			}
		},
		{
			"from": [0.25, 14.5, 4.75],
			"to": [0.75, 15.6, 8.75],
			"rotation": {"angle": 22.5, "axis": "x", "origin": [0.5, 16.5, 8.25]},
			"faces": {
				"north": {"uv": [3.22, 6.52, 3.78, 7.28], "texture": "#texture"},
				"east": {"uv": [3.22, 6.52, 3.78, 7.28], "texture": "#texture"},
				"south": {"uv": [3.22, 6.52, 3.78, 7.28], "texture": "#texture"},
				"west": {"uv": [3.22, 6.52, 3.78, 7.28], "texture": "#texture"},
				"up": {"uv": [3.22, 6.52, 3.78, 7.28], "texture": "#texture"},
				"down": {"uv": [3.22, 6.52, 3.78, 7.28], "texture": "#texture"}
			}
		},
		{
			"from": [0.25, 15.5, 6.75],
			"to": [0.75, 16.6, 9.75],
			"rotation": {"angle": 0, "axis": "x", "origin": [0.5, 16.5, 8.25]},
			"faces": {
				"north": {"uv": [3.22, 6.52, 3.78, 7.28], "texture": "#texture"},
				"east": {"uv": [3.22, 6.52, 3.78, 7.28], "texture": "#texture"},
				"south": {"uv": [3.22, 6.52, 3.78, 7.28], "texture": "#texture"},
				"west": {"uv": [3.22, 6.52, 3.78, 7.28], "texture": "#texture"},
				"up": {"uv": [3.22, 6.52, 3.78, 7.28], "texture": "#texture"},
				"down": {"uv": [3.22, 6.52, 3.78, 7.28], "texture": "#texture"}
			}
		}
	],
	"display": {
		"thirdperson_righthand": {
			"rotation": [90, 180, 0],
			"translation": [0.25, -2.25, 7.5],
			"scale": [0.25, 0.4, 0.32]
		},
		"thirdperson_lefthand": {
			"rotation": [-90, 180, 180],
			"translation": [0.25, -2.25, 7.5],
			"scale": [0.25, 0.4, 0.32]
		},
		"firstperson_righthand": {
			"scale": [0.0001, 0.0001, 0.0001]
		},
		"firstperson_lefthand": {
			"scale": [0.0001, 0.0001, 0.0001]
		},
		"ground": {
			"scale": [0.5, 0.5, 0.5]
		},
		"gui": {
			"rotation": [-10, -110, 12],
			"translation": [0.25, -4.25, 0],
			"scale": [0.7, 0.7, 0.7]
		},
		"head": {
			"rotation": [0, -90, 0],
			"translation": [0, -6.5, 0],
			"scale": [0.97, 0.9, 0.83]
		},
		"fixed": {
			"rotation": [0, -90, 90],
			"translation": [0, -0.5, 4.5],
			"scale": [0.8, 0.8, 0.8]
		}
	}
}