{
	"credit": "Made with Blockbench",
	"textures": {
		"0": "item/brick/313",
		"particle": "item/brick/313"
	},
	"elements": [
		{
			"from": [0, 0, 9],
			"to": [16, 16, 9],
			"faces": {
				"north": {"uv": [0, 0, 16, 16], "texture": "#0"},
				"east": {"uv": [0, 0, 16, 16], "texture": "#0"},
				"south": {"uv": [0, 0, 16, 16], "texture": "#0"},
				"west": {"uv": [0, 0, 16, 16], "texture": "#0"},
				"up": {"uv": [0, 0, 16, 16], "texture": "#0"},
				"down": {"uv": [0, 0, 16, 16], "texture": "#0"}
			}
		}
	],
	"display": {
		"thirdperson_righthand": {
			"translation": [-1.25, 0, 0]
		},
		"gui": {
			"rotation": [0, -180, 0],
			"translation": [0.2, 0, 0],
			"scale": [2.45, 2, 1.5]
		},
		"fixed": {
			"translation": [0, 0, -1.5],
			"scale": [2, 2, 1]
		}
	}
}