{
	"credit": "Made with Blockbench",
	"textures": {
		"1": "item/boat/1-1"
	},
	"elements": [
		{
			"from": [7, 0, 7],
			"to": [9, 2, 12],
			"faces": {
				"north": {"uv": [7.19843, 4.08644, 8.20432, 5.37524], "texture": "#1"},
				"east": {"uv": [7.19843, 4.08644, 8.20432, 5.37524], "texture": "#1"},
				"south": {"uv": [7.19843, 4.08644, 8.20432, 5.37524], "texture": "#1"},
				"west": {"uv": [7.19843, 4.08644, 8.20432, 5.37524], "texture": "#1"},
				"up": {"uv": [7.19843, 4.08644, 8.20432, 5.37524], "texture": "#1"},
				"down": {"uv": [7.19843, 4.08644, 8.20432, 5.37524], "texture": "#1"}
			}
		},
		{
			"from": [7.5, 2, 7.5],
			"to": [8.5, 4, 8.5],
			"rotation": {"angle": 45, "axis": "z", "origin": [8, 1, 8]},
			"faces": {
				"north": {"uv": [7.19843, 4.08644, 8.20432, 5.37524], "texture": "#1"},
				"east": {"uv": [7.19843, 4.08644, 8.20432, 5.37524], "texture": "#1"},
				"south": {"uv": [7.19843, 4.08644, 8.20432, 5.37524], "texture": "#1"},
				"west": {"uv": [7.19843, 4.08644, 8.20432, 5.37524], "texture": "#1"},
				"up": {"uv": [7.19843, 4.08644, 8.20432, 5.37524], "texture": "#1"},
				"down": {"uv": [7.19843, 4.08644, 8.20432, 5.37524], "texture": "#1"}
			}
		},
		{
			"from": [7.5, 2, 10.5],
			"to": [8.5, 4, 11.5],
			"rotation": {"angle": 45, "axis": "z", "origin": [8, 1, 8]},
			"faces": {
				"north": {"uv": [7.19843, 4.08644, 8.20432, 5.37524], "texture": "#1"},
				"east": {"uv": [7.19843, 4.08644, 8.20432, 5.37524], "texture": "#1"},
				"south": {"uv": [7.19843, 4.08644, 8.20432, 5.37524], "texture": "#1"},
				"west": {"uv": [7.19843, 4.08644, 8.20432, 5.37524], "texture": "#1"},
				"up": {"uv": [7.19843, 4.08644, 8.20432, 5.37524], "texture": "#1"},
				"down": {"uv": [7.19843, 4.08644, 8.20432, 5.37524], "texture": "#1"}
			}
		},
		{
			"from": [7.5, 2, 7.5],
			"to": [8.5, 4, 8.5],
			"rotation": {"angle": -45, "axis": "z", "origin": [8, 1, 8]},
			"faces": {
				"north": {"uv": [7.19843, 4.08644, 8.20432, 5.37524], "texture": "#1"},
				"east": {"uv": [7.19843, 4.08644, 8.20432, 5.37524], "texture": "#1"},
				"south": {"uv": [7.19843, 4.08644, 8.20432, 5.37524], "texture": "#1"},
				"west": {"uv": [7.19843, 4.08644, 8.20432, 5.37524], "texture": "#1"},
				"up": {"uv": [7.19843, 4.08644, 8.20432, 5.37524], "texture": "#1"},
				"down": {"uv": [7.19843, 4.08644, 8.20432, 5.37524], "texture": "#1"}
			}
		},
		{
			"from": [7.5, 2, 10.5],
			"to": [8.5, 4, 11.5],
			"rotation": {"angle": -45, "axis": "z", "origin": [8, 1, 8]},
			"faces": {
				"north": {"uv": [7.19843, 4.08644, 8.20432, 5.37524], "texture": "#1"},
				"east": {"uv": [7.19843, 4.08644, 8.20432, 5.37524], "texture": "#1"},
				"south": {"uv": [7.19843, 4.08644, 8.20432, 5.37524], "texture": "#1"},
				"west": {"uv": [7.19843, 4.08644, 8.20432, 5.37524], "texture": "#1"},
				"up": {"uv": [7.19843, 4.08644, 8.20432, 5.37524], "texture": "#1"},
				"down": {"uv": [7.19843, 4.08644, 8.20432, 5.37524], "texture": "#1"}
			}
		},
		{
			"from": [7, 2, 7],
			"to": [9, 3, 9],
			"rotation": {"angle": 45, "axis": "z", "origin": [8, 1, 8]},
			"faces": {
				"north": {"uv": [7.19843, 4.08644, 8.20432, 5.37524], "texture": "#1"},
				"east": {"uv": [7.19843, 4.08644, 8.20432, 5.37524], "texture": "#1"},
				"south": {"uv": [7.19843, 4.08644, 8.20432, 5.37524], "texture": "#1"},
				"west": {"uv": [7.19843, 4.08644, 8.20432, 5.37524], "texture": "#1"},
				"up": {"uv": [7.19843, 4.08644, 8.20432, 5.37524], "texture": "#1"},
				"down": {"uv": [7.19843, 4.08644, 8.20432, 5.37524], "texture": "#1"}
			}
		},
		{
			"from": [7, 2, 10],
			"to": [9, 3, 12],
			"rotation": {"angle": 45, "axis": "z", "origin": [8, 1, 8]},
			"faces": {
				"north": {"uv": [7.19843, 4.08644, 8.20432, 5.37524], "texture": "#1"},
				"east": {"uv": [7.19843, 4.08644, 8.20432, 5.37524], "texture": "#1"},
				"south": {"uv": [7.19843, 4.08644, 8.20432, 5.37524], "texture": "#1"},
				"west": {"uv": [7.19843, 4.08644, 8.20432, 5.37524], "texture": "#1"},
				"up": {"uv": [7.19843, 4.08644, 8.20432, 5.37524], "texture": "#1"},
				"down": {"uv": [7.19843, 4.08644, 8.20432, 5.37524], "texture": "#1"}
			}
		},
		{
			"from": [7, 2, 7],
			"to": [9, 3, 9],
			"rotation": {"angle": -45, "axis": "z", "origin": [8, 1, 8]},
			"faces": {
				"north": {"uv": [7.19843, 4.08644, 8.20432, 5.37524], "texture": "#1"},
				"east": {"uv": [7.19843, 4.08644, 8.20432, 5.37524], "texture": "#1"},
				"south": {"uv": [7.19843, 4.08644, 8.20432, 5.37524], "texture": "#1"},
				"west": {"uv": [7.19843, 4.08644, 8.20432, 5.37524], "texture": "#1"},
				"up": {"uv": [7.19843, 4.08644, 8.20432, 5.37524], "texture": "#1"},
				"down": {"uv": [7.19843, 4.08644, 8.20432, 5.37524], "texture": "#1"}
			}
		},
		{
			"from": [7, 2, 10],
			"to": [9, 3, 12],
			"rotation": {"angle": -45, "axis": "z", "origin": [8, 1, 8]},
			"faces": {
				"north": {"uv": [7.19843, 4.08644, 8.20432, 5.37524], "texture": "#1"},
				"east": {"uv": [7.19843, 4.08644, 8.20432, 5.37524], "texture": "#1"},
				"south": {"uv": [7.19843, 4.08644, 8.20432, 5.37524], "texture": "#1"},
				"west": {"uv": [7.19843, 4.08644, 8.20432, 5.37524], "texture": "#1"},
				"up": {"uv": [7.19843, 4.08644, 8.20432, 5.37524], "texture": "#1"},
				"down": {"uv": [7.19843, 4.08644, 8.20432, 5.37524], "texture": "#1"}
			}
		},
		{
			"from": [7, 3, 7],
			"to": [9, 4, 9],
			"rotation": {"angle": 45, "axis": "z", "origin": [8, 1, 8]},
			"faces": {
				"north": {"uv": [7.19843, 4.08644, 8.20432, 5.37524], "texture": "#1"},
				"east": {"uv": [7.19843, 4.08644, 8.20432, 5.37524], "texture": "#1"},
				"south": {"uv": [7.19843, 4.08644, 8.20432, 5.37524], "texture": "#1"},
				"west": {"uv": [7.19843, 4.08644, 8.20432, 5.37524], "texture": "#1"},
				"up": {"uv": [7.19843, 4.08644, 8.20432, 5.37524], "texture": "#1"},
				"down": {"uv": [7.19843, 4.08644, 8.20432, 5.37524], "texture": "#1"}
			}
		},
		{
			"from": [7, 3, 10],
			"to": [9, 4, 12],
			"rotation": {"angle": 45, "axis": "z", "origin": [8, 1, 8]},
			"faces": {
				"north": {"uv": [7.19843, 4.08644, 8.20432, 5.37524], "texture": "#1"},
				"east": {"uv": [7.19843, 4.08644, 8.20432, 5.37524], "texture": "#1"},
				"south": {"uv": [7.19843, 4.08644, 8.20432, 5.37524], "texture": "#1"},
				"west": {"uv": [7.19843, 4.08644, 8.20432, 5.37524], "texture": "#1"},
				"up": {"uv": [7.19843, 4.08644, 8.20432, 5.37524], "texture": "#1"},
				"down": {"uv": [7.19843, 4.08644, 8.20432, 5.37524], "texture": "#1"}
			}
		},
		{
			"from": [7, 3, 7],
			"to": [9, 4, 9],
			"rotation": {"angle": -45, "axis": "z", "origin": [8, 1, 8]},
			"faces": {
				"north": {"uv": [7.19843, 4.08644, 8.20432, 5.37524], "texture": "#1"},
				"east": {"uv": [7.19843, 4.08644, 8.20432, 5.37524], "texture": "#1"},
				"south": {"uv": [7.19843, 4.08644, 8.20432, 5.37524], "texture": "#1"},
				"west": {"uv": [7.19843, 4.08644, 8.20432, 5.37524], "texture": "#1"},
				"up": {"uv": [7.19843, 4.08644, 8.20432, 5.37524], "texture": "#1"},
				"down": {"uv": [7.19843, 4.08644, 8.20432, 5.37524], "texture": "#1"}
			}
		},
		{
			"from": [7, 3, 10],
			"to": [9, 4, 12],
			"rotation": {"angle": -45, "axis": "z", "origin": [8, 1, 8]},
			"faces": {
				"north": {"uv": [7.19843, 4.08644, 8.20432, 5.37524], "texture": "#1"},
				"east": {"uv": [7.19843, 4.08644, 8.20432, 5.37524], "texture": "#1"},
				"south": {"uv": [7.19843, 4.08644, 8.20432, 5.37524], "texture": "#1"},
				"west": {"uv": [7.19843, 4.08644, 8.20432, 5.37524], "texture": "#1"},
				"up": {"uv": [7.19843, 4.08644, 8.20432, 5.37524], "texture": "#1"},
				"down": {"uv": [7.19843, 4.08644, 8.20432, 5.37524], "texture": "#1"}
			}
		},
		{
			"from": [7, 4, 7],
			"to": [9, 5, 9],
			"rotation": {"angle": 45, "axis": "z", "origin": [8, 1, 8]},
			"faces": {
				"north": {"uv": [7.19843, 4.08644, 8.20432, 5.37524], "texture": "#1"},
				"east": {"uv": [7.19843, 4.08644, 8.20432, 5.37524], "texture": "#1"},
				"south": {"uv": [7.19843, 4.08644, 8.20432, 5.37524], "texture": "#1"},
				"west": {"uv": [7.19843, 4.08644, 8.20432, 5.37524], "texture": "#1"},
				"up": {"uv": [7.19843, 4.08644, 8.20432, 5.37524], "texture": "#1"},
				"down": {"uv": [7.19843, 4.08644, 8.20432, 5.37524], "texture": "#1"}
			}
		},
		{
			"from": [7, 4, 10],
			"to": [9, 5, 12],
			"rotation": {"angle": 45, "axis": "z", "origin": [8, 1, 8]},
			"faces": {
				"north": {"uv": [7.19843, 4.08644, 8.20432, 5.37524], "texture": "#1"},
				"east": {"uv": [7.19843, 4.08644, 8.20432, 5.37524], "texture": "#1"},
				"south": {"uv": [7.19843, 4.08644, 8.20432, 5.37524], "texture": "#1"},
				"west": {"uv": [7.19843, 4.08644, 8.20432, 5.37524], "texture": "#1"},
				"up": {"uv": [7.19843, 4.08644, 8.20432, 5.37524], "texture": "#1"},
				"down": {"uv": [7.19843, 4.08644, 8.20432, 5.37524], "texture": "#1"}
			}
		},
		{
			"from": [7, 4, 7],
			"to": [9, 5, 9],
			"rotation": {"angle": -45, "axis": "z", "origin": [8, 1, 8]},
			"faces": {
				"north": {"uv": [7.19843, 4.08644, 8.20432, 5.37524], "texture": "#1"},
				"east": {"uv": [7.19843, 4.08644, 8.20432, 5.37524], "texture": "#1"},
				"south": {"uv": [7.19843, 4.08644, 8.20432, 5.37524], "texture": "#1"},
				"west": {"uv": [7.19843, 4.08644, 8.20432, 5.37524], "texture": "#1"},
				"up": {"uv": [7.19843, 4.08644, 8.20432, 5.37524], "texture": "#1"},
				"down": {"uv": [7.19843, 4.08644, 8.20432, 5.37524], "texture": "#1"}
			}
		},
		{
			"from": [7, 4, 10],
			"to": [9, 5, 12],
			"rotation": {"angle": -45, "axis": "z", "origin": [8, 1, 8]},
			"faces": {
				"north": {"uv": [7.19843, 4.08644, 8.20432, 5.37524], "texture": "#1"},
				"east": {"uv": [7.19843, 4.08644, 8.20432, 5.37524], "texture": "#1"},
				"south": {"uv": [7.19843, 4.08644, 8.20432, 5.37524], "texture": "#1"},
				"west": {"uv": [7.19843, 4.08644, 8.20432, 5.37524], "texture": "#1"},
				"up": {"uv": [7.19843, 4.08644, 8.20432, 5.37524], "texture": "#1"},
				"down": {"uv": [7.19843, 4.08644, 8.20432, 5.37524], "texture": "#1"}
			}
		}
	],
	"display": {
		"thirdperson_righthand": {
			"translation": [0, 8, 0]
		},
		"thirdperson_lefthand": {
			"translation": [0, 8, 0]
		},
		"firstperson_righthand": {
			"translation": [0, 9, 0]
		},
		"firstperson_lefthand": {
			"translation": [0, 9.25, 0]
		},
		"ground": {
			"translation": [0, 5, 0]
		},
		"gui": {
			"rotation": [34, 134, 0],
			"translation": [-2.5, 10.25, 0],
			"scale": [2.5, 2.5, 2.5]
		},
		"head": {
			"translation": [-3.5, -5, -3.75]
		},
		"fixed": {
			"rotation": [-90, 0, 0],
			"translation": [0, -3.5, -16],
			"scale": [2, 2, 2]
		}
	}
}