{
	"credit": "Made with Blockbench",
	"textures": {
		"particle": "item/cod/12",
		"block": "item/cod/12"
	},
	"elements": [
		{
			"name": "Bottom left to top right",
			"from": [3, 1, 7.5],
			"to": [6, 2, 8.5],
			"faces": {
				"north": {"uv": [3.01, 14.01, 5.99, 14.99], "rotation": 180, "texture": "#block"},
				"east": {"uv": [5.01, 14.01, 5.99, 14.99], "texture": "#block"},
				"south": {"uv": [3.01, 14.01, 5.99, 14.99], "texture": "#block"},
				"west": {"uv": [3.01, 14.01, 3.99, 14.99], "texture": "#block"},
				"up": {"uv": [3.01, 14.01, 5.99, 14.99], "texture": "#block"},
				"down": {"uv": [3.01, 14.01, 5.99, 14.99], "texture": "#block"}
			}
		},
		{
			"name": "Bottom left to top right",
			"from": [2, 2, 7.5],
			"to": [3, 3, 8.5],
			"faces": {
				"north": {"uv": [2.01, 13.01, 2.99, 13.99], "texture": "#block"},
				"east": {"uv": [2.01, 13.01, 2.99, 13.99], "texture": "#block"},
				"south": {"uv": [2.01, 13.01, 2.99, 13.99], "texture": "#block"},
				"west": {"uv": [2.01, 13.01, 2.99, 13.99], "texture": "#block"},
				"up": {"uv": [2.01, 13.01, 2.99, 13.99], "texture": "#block"},
				"down": {"uv": [2.01, 13.01, 2.99, 13.99], "texture": "#block"}
			}
		},
		{
			"name": "Bottom left to top right",
			"from": [1, 1, 7.5],
			"to": [3, 3, 8.5],
			"faces": {
				"north": {"uv": [1, 13, 3, 15], "texture": "#block"},
				"east": {"uv": [1, 13, 3, 15], "texture": "#block"},
				"south": {"uv": [1, 13, 3, 15], "texture": "#block"},
				"west": {"uv": [1, 13, 3, 15], "texture": "#block"},
				"up": {"uv": [1, 13, 3, 15], "texture": "#block"},
				"down": {"uv": [1, 13, 3, 15], "texture": "#block"}
			}
		},
		{
			"name": "Bottom left to top right",
			"from": [3, 2, 7.25],
			"to": [6, 3, 8.75],
			"faces": {
				"north": {"uv": [3.01, 13.01, 5.99, 13.99], "rotation": 180, "texture": "#block"},
				"east": {"uv": [5.01, 13.01, 5.99, 13.99], "texture": "#block"},
				"south": {"uv": [3.01, 13.01, 5.99, 13.99], "texture": "#block"},
				"west": {"uv": [3.01, 13.01, 3.99, 13.99], "texture": "#block"},
				"up": {"uv": [3.01, 13.01, 5.99, 13.99], "texture": "#block"},
				"down": {"uv": [3.01, 13.01, 5.99, 13.99], "texture": "#block"}
			}
		},
		{
			"name": "Bottom left to top right",
			"from": [6, 2, 7.5],
			"to": [8, 3, 8.5],
			"faces": {
				"north": {"uv": [6.01, 13.01, 7.99, 13.99], "rotation": 180, "texture": "#block"},
				"east": {"uv": [7.01, 13.01, 7.99, 13.99], "texture": "#block"},
				"south": {"uv": [6.01, 13.01, 7.99, 13.99], "texture": "#block"},
				"west": {"uv": [6.01, 13.01, 6.99, 13.99], "texture": "#block"},
				"up": {"uv": [6.01, 13.01, 7.99, 13.99], "texture": "#block"},
				"down": {"uv": [6.01, 13.01, 7.99, 13.99], "texture": "#block"}
			}
		},
		{
			"name": "Bottom left to top right",
			"from": [2, 3, 6.75],
			"to": [5, 4, 9.25],
			"faces": {
				"north": {"uv": [2.01, 12.01, 4.99, 12.99], "rotation": 180, "texture": "#block"},
				"east": {"uv": [4.01, 12.01, 4.99, 12.99], "texture": "#block"},
				"south": {"uv": [2.01, 12.01, 4.99, 12.99], "texture": "#block"},
				"west": {"uv": [2.01, 12.01, 2.99, 12.99], "texture": "#block"},
				"up": {"uv": [2.01, 12.01, 4.99, 12.99], "texture": "#block"},
				"down": {"uv": [2.01, 12.01, 4.99, 12.99], "texture": "#block"}
			}
		},
		{
			"name": "Bottom left to top right",
			"from": [5, 3, 7.25],
			"to": [6, 4, 8.75],
			"faces": {
				"north": {"uv": [5.01, 12.01, 5.99, 12.99], "texture": "#block"},
				"east": {"uv": [5.01, 12.01, 5.99, 12.99], "texture": "#block"},
				"south": {"uv": [5.01, 12.01, 5.99, 12.99], "texture": "#block"},
				"west": {"uv": [5.01, 12.01, 5.99, 12.99], "texture": "#block"},
				"up": {"uv": [5.01, 12.01, 5.99, 12.99], "texture": "#block"},
				"down": {"uv": [5.01, 12.01, 5.99, 12.99], "texture": "#block"}
			}
		},
		{
			"name": "Bottom left to top right",
			"from": [6, 3, 7],
			"to": [7, 4, 9],
			"faces": {
				"north": {"uv": [6.01, 12.01, 6.99, 12.99], "texture": "#block"},
				"east": {"uv": [6.01, 12.01, 6.99, 12.99], "texture": "#block"},
				"south": {"uv": [6.01, 12.01, 6.99, 12.99], "texture": "#block"},
				"west": {"uv": [6.01, 12.01, 6.99, 12.99], "texture": "#block"},
				"up": {"uv": [6.01, 12.01, 6.99, 12.99], "texture": "#block"},
				"down": {"uv": [6.01, 12.01, 6.99, 12.99], "texture": "#block"}
			}
		},
		{
			"name": "Bottom left to top right",
			"from": [7, 3, 7.25],
			"to": [8, 4, 8.75],
			"faces": {
				"north": {"uv": [7.01, 12.01, 7.99, 12.99], "texture": "#block"},
				"east": {"uv": [7.01, 12.01, 7.99, 12.99], "texture": "#block"},
				"south": {"uv": [7.01, 12.01, 7.99, 12.99], "texture": "#block"},
				"west": {"uv": [7.01, 12.01, 7.99, 12.99], "texture": "#block"},
				"up": {"uv": [7.01, 12.01, 7.99, 12.99], "texture": "#block"},
				"down": {"uv": [7.01, 12.01, 7.99, 12.99], "texture": "#block"}
			}
		},
		{
			"name": "Bottom left to top right",
			"from": [8, 3, 7.5],
			"to": [9, 4, 8.5],
			"faces": {
				"north": {"uv": [8.01, 12.01, 8.99, 12.99], "texture": "#block"},
				"east": {"uv": [8.01, 12.01, 8.99, 12.99], "texture": "#block"},
				"south": {"uv": [8.01, 12.01, 8.99, 12.99], "texture": "#block"},
				"west": {"uv": [8.01, 12.01, 8.99, 12.99], "texture": "#block"},
				"up": {"uv": [8.01, 12.01, 8.99, 12.99], "texture": "#block"},
				"down": {"uv": [8.01, 12.01, 8.99, 12.99], "texture": "#block"}
			}
		},
		{
			"name": "Bottom left to top right",
			"from": [2, 4, 6.75],
			"to": [3, 5, 9.25],
			"faces": {
				"north": {"uv": [2.01, 11.01, 2.99, 11.99], "texture": "#block"},
				"east": {"uv": [2.01, 11.01, 2.99, 11.99], "texture": "#block"},
				"south": {"uv": [2.01, 11.01, 2.99, 11.99], "texture": "#block"},
				"west": {"uv": [2.01, 11.01, 2.99, 11.99], "texture": "#block"},
				"up": {"uv": [2.01, 11.01, 2.99, 11.99], "texture": "#block"},
				"down": {"uv": [2.01, 11.01, 2.99, 11.99], "texture": "#block"}
			}
		},
		{
			"name": "Bottom left to top right",
			"from": [3, 4, 7],
			"to": [4, 5, 9],
			"faces": {
				"north": {"uv": [3.01, 11.01, 3.99, 11.99], "texture": "#block"},
				"east": {"uv": [3.01, 11.01, 3.99, 11.99], "texture": "#block"},
				"south": {"uv": [3.01, 11.01, 3.99, 11.99], "texture": "#block"},
				"west": {"uv": [3.01, 11.01, 3.99, 11.99], "texture": "#block"},
				"up": {"uv": [3.01, 11.01, 3.99, 11.99], "texture": "#block"},
				"down": {"uv": [3.01, 11.01, 3.99, 11.99], "texture": "#block"}
			}
		},
		{
			"name": "Bottom left to top right",
			"from": [4, 4, 6.75],
			"to": [5, 5, 9.25],
			"faces": {
				"north": {"uv": [4.01, 11.01, 4.99, 11.99], "texture": "#block"},
				"east": {"uv": [4.01, 11.01, 4.99, 11.99], "texture": "#block"},
				"south": {"uv": [4.01, 11.01, 4.99, 11.99], "texture": "#block"},
				"west": {"uv": [4.01, 11.01, 4.99, 11.99], "texture": "#block"},
				"up": {"uv": [4.01, 11.01, 4.99, 11.99], "texture": "#block"},
				"down": {"uv": [4.01, 11.01, 4.99, 11.99], "texture": "#block"}
			}
		},
		{
			"name": "Bottom left to top right",
			"from": [5, 4, 6.5],
			"to": [6, 5, 9.5],
			"faces": {
				"north": {"uv": [5.01, 11.01, 5.99, 11.99], "texture": "#block"},
				"east": {"uv": [5.01, 11.01, 5.99, 11.99], "texture": "#block"},
				"south": {"uv": [5.01, 11.01, 5.99, 11.99], "texture": "#block"},
				"west": {"uv": [5.01, 11.01, 5.99, 11.99], "texture": "#block"},
				"up": {"uv": [5.01, 11.01, 5.99, 11.99], "texture": "#block"},
				"down": {"uv": [5.01, 11.01, 5.99, 11.99], "texture": "#block"}
			}
		},
		{
			"name": "Bottom left to top right",
			"from": [6, 4, 6.75],
			"to": [7, 5, 9.25],
			"faces": {
				"north": {"uv": [6.01, 11.01, 6.99, 11.99], "texture": "#block"},
				"east": {"uv": [6.01, 11.01, 6.99, 11.99], "texture": "#block"},
				"south": {"uv": [6.01, 11.01, 6.99, 11.99], "texture": "#block"},
				"west": {"uv": [6.01, 11.01, 6.99, 11.99], "texture": "#block"},
				"up": {"uv": [6.01, 11.01, 6.99, 11.99], "texture": "#block"},
				"down": {"uv": [6.01, 11.01, 6.99, 11.99], "texture": "#block"}
			}
		},
		{
			"name": "Bottom left to top right",
			"from": [7, 4, 7],
			"to": [8, 5, 9],
			"faces": {
				"north": {"uv": [7.01, 11.01, 7.99, 11.99], "texture": "#block"},
				"east": {"uv": [7.01, 11.01, 7.99, 11.99], "texture": "#block"},
				"south": {"uv": [7.01, 11.01, 7.99, 11.99], "texture": "#block"},
				"west": {"uv": [7.01, 11.01, 7.99, 11.99], "texture": "#block"},
				"up": {"uv": [7.01, 11.01, 7.99, 11.99], "texture": "#block"},
				"down": {"uv": [7.01, 11.01, 7.99, 11.99], "texture": "#block"}
			}
		},
		{
			"name": "Bottom left to top right",
			"from": [8, 4, 7.25],
			"to": [9, 5, 8.75],
			"faces": {
				"north": {"uv": [8.01, 11.01, 8.99, 11.99], "texture": "#block"},
				"east": {"uv": [8.01, 11.01, 8.99, 11.99], "texture": "#block"},
				"south": {"uv": [8.01, 11.01, 8.99, 11.99], "texture": "#block"},
				"west": {"uv": [8.01, 11.01, 8.99, 11.99], "texture": "#block"},
				"up": {"uv": [8.01, 11.01, 8.99, 11.99], "texture": "#block"},
				"down": {"uv": [8.01, 11.01, 8.99, 11.99], "texture": "#block"}
			}
		},
		{
			"name": "Bottom left to top right",
			"from": [9, 4, 7.5],
			"to": [10, 5, 8.5],
			"faces": {
				"north": {"uv": [9.01, 11.01, 9.99, 11.99], "texture": "#block"},
				"east": {"uv": [9.01, 11.01, 9.99, 11.99], "texture": "#block"},
				"south": {"uv": [9.01, 11.01, 9.99, 11.99], "texture": "#block"},
				"west": {"uv": [9.01, 11.01, 9.99, 11.99], "texture": "#block"},
				"up": {"uv": [9.01, 11.01, 9.99, 11.99], "texture": "#block"},
				"down": {"uv": [9.01, 11.01, 9.99, 11.99], "texture": "#block"}
			}
		},
		{
			"name": "Bottom left to top right",
			"from": [3, 5, 6.75],
			"to": [4, 6, 9.25],
			"faces": {
				"north": {"uv": [3, 10, 3.98, 10.98], "texture": "#block"},
				"east": {"uv": [3, 10, 3.98, 10.98], "texture": "#block"},
				"south": {"uv": [3, 10, 3.98, 10.98], "texture": "#block"},
				"west": {"uv": [3, 10, 3.98, 10.98], "texture": "#block"},
				"up": {"uv": [3, 10, 3.98, 10.98], "texture": "#block"},
				"down": {"uv": [3, 10, 3.98, 10.98], "texture": "#block"}
			}
		},
		{
			"name": "Bottom left to top right",
			"from": [4, 5, 6.5],
			"to": [5, 6, 9.5],
			"faces": {
				"north": {"uv": [4.01, 10.01, 4.99, 10.99], "texture": "#block"},
				"east": {"uv": [4.01, 10.01, 4.99, 10.99], "texture": "#block"},
				"south": {"uv": [4.01, 10.01, 4.99, 10.99], "texture": "#block"},
				"west": {"uv": [4.01, 10.01, 4.99, 10.99], "texture": "#block"},
				"up": {"uv": [4.01, 10.01, 4.99, 10.99], "texture": "#block"},
				"down": {"uv": [4.01, 10.01, 4.99, 10.99], "texture": "#block"}
			}
		},
		{
			"name": "Bottom left to top right",
			"from": [5, 5, 6.75],
			"to": [6, 6, 9.25],
			"faces": {
				"north": {"uv": [5.01, 10.01, 5.99, 10.99], "texture": "#block"},
				"east": {"uv": [5.01, 10.01, 5.99, 10.99], "texture": "#block"},
				"south": {"uv": [5.01, 10.01, 5.99, 10.99], "texture": "#block"},
				"west": {"uv": [5.01, 10.01, 5.99, 10.99], "texture": "#block"},
				"up": {"uv": [5.01, 10.01, 5.99, 10.99], "texture": "#block"},
				"down": {"uv": [5.01, 10.01, 5.99, 10.99], "texture": "#block"}
			}
		},
		{
			"name": "Bottom left to top right",
			"from": [6, 5, 6.5],
			"to": [7, 6, 9.5],
			"faces": {
				"north": {"uv": [6.01, 10.01, 6.99, 10.99], "texture": "#block"},
				"east": {"uv": [6.01, 10.01, 6.99, 10.99], "texture": "#block"},
				"south": {"uv": [6.01, 10.01, 6.99, 10.99], "texture": "#block"},
				"west": {"uv": [6.01, 10.01, 6.99, 10.99], "texture": "#block"},
				"up": {"uv": [6.01, 10.01, 6.99, 10.99], "texture": "#block"},
				"down": {"uv": [6.01, 10.01, 6.99, 10.99], "texture": "#block"}
			}
		},
		{
			"name": "Bottom left to top right",
			"from": [7, 5, 6.75],
			"to": [8, 6, 9.25],
			"faces": {
				"north": {"uv": [7.01, 10.01, 7.99, 10.99], "texture": "#block"},
				"east": {"uv": [7.01, 10.01, 7.99, 10.99], "texture": "#block"},
				"south": {"uv": [7.01, 10.01, 7.99, 10.99], "texture": "#block"},
				"west": {"uv": [7.01, 10.01, 7.99, 10.99], "texture": "#block"},
				"up": {"uv": [7.01, 10.01, 7.99, 10.99], "texture": "#block"},
				"down": {"uv": [7.01, 10.01, 7.99, 10.99], "texture": "#block"}
			}
		},
		{
			"name": "Bottom left to top right",
			"from": [8, 5, 7],
			"to": [9, 6, 9],
			"faces": {
				"north": {"uv": [8.01, 10.01, 8.99, 10.99], "texture": "#block"},
				"east": {"uv": [8.01, 10.01, 8.99, 10.99], "texture": "#block"},
				"south": {"uv": [8.01, 10.01, 8.99, 10.99], "texture": "#block"},
				"west": {"uv": [8.01, 10.01, 8.99, 10.99], "texture": "#block"},
				"up": {"uv": [8.01, 10.01, 8.99, 10.99], "texture": "#block"},
				"down": {"uv": [8.01, 10.01, 8.99, 10.99], "texture": "#block"}
			}
		},
		{
			"name": "Bottom left to top right",
			"from": [9, 5, 7.25],
			"to": [10, 6, 8.75],
			"faces": {
				"north": {"uv": [9.01, 10.01, 9.99, 10.99], "texture": "#block"},
				"east": {"uv": [9.01, 10.01, 9.99, 10.99], "texture": "#block"},
				"south": {"uv": [9.01, 10.01, 9.99, 10.99], "texture": "#block"},
				"west": {"uv": [9.01, 10.01, 9.99, 10.99], "texture": "#block"},
				"up": {"uv": [9.01, 10.01, 9.99, 10.99], "texture": "#block"},
				"down": {"uv": [9.01, 10.01, 9.99, 10.99], "texture": "#block"}
			}
		},
		{
			"name": "Bottom left to top right",
			"from": [10, 5, 7.5],
			"to": [11, 6, 8.5],
			"faces": {
				"north": {"uv": [10.01, 10.01, 10.99, 10.99], "texture": "#block"},
				"east": {"uv": [10.01, 10.01, 10.99, 10.99], "texture": "#block"},
				"south": {"uv": [10.01, 10.01, 10.99, 10.99], "texture": "#block"},
				"west": {"uv": [10.01, 10.01, 10.99, 10.99], "texture": "#block"},
				"up": {"uv": [10.01, 10.01, 10.99, 10.99], "texture": "#block"},
				"down": {"uv": [10.01, 10.01, 10.99, 10.99], "texture": "#block"}
			}
		},
		{
			"name": "Bottom left to top right",
			"from": [3, 6, 6.5],
			"to": [4, 7, 9.5],
			"faces": {
				"north": {"uv": [3.01, 9.01, 3.99, 9.99], "texture": "#block"},
				"east": {"uv": [3.01, 9.01, 3.99, 9.99], "texture": "#block"},
				"south": {"uv": [3.01, 9.01, 3.99, 9.99], "texture": "#block"},
				"west": {"uv": [3.01, 9.01, 3.99, 9.99], "texture": "#block"},
				"up": {"uv": [3.01, 9.01, 3.99, 9.99], "texture": "#block"},
				"down": {"uv": [3.01, 9.01, 3.99, 9.99], "texture": "#block"}
			}
		},
		{
			"name": "Bottom left to top right",
			"from": [4, 6, 6.75],
			"to": [5, 7, 9.25],
			"faces": {
				"north": {"uv": [4.01, 9.01, 4.99, 9.99], "texture": "#block"},
				"east": {"uv": [4.01, 9.01, 4.99, 9.99], "texture": "#block"},
				"south": {"uv": [4.01, 9.01, 4.99, 9.99], "texture": "#block"},
				"west": {"uv": [4.01, 9.01, 4.99, 9.99], "texture": "#block"},
				"up": {"uv": [4.01, 9.01, 4.99, 9.99], "texture": "#block"},
				"down": {"uv": [4.01, 9.01, 4.99, 9.99], "texture": "#block"}
			}
		},
		{
			"name": "Bottom left to top right",
			"from": [5, 6, 6.5],
			"to": [6, 7, 9.5],
			"faces": {
				"north": {"uv": [5.01, 9.01, 5.99, 9.99], "texture": "#block"},
				"east": {"uv": [5.01, 9.01, 5.99, 9.99], "texture": "#block"},
				"south": {"uv": [5.01, 9.01, 5.99, 9.99], "texture": "#block"},
				"west": {"uv": [5.01, 9.01, 5.99, 9.99], "texture": "#block"},
				"up": {"uv": [5.01, 9.01, 5.99, 9.99], "texture": "#block"},
				"down": {"uv": [5.01, 9.01, 5.99, 9.99], "texture": "#block"}
			}
		},
		{
			"name": "Bottom left to top right",
			"from": [6, 6, 6],
			"to": [7, 7, 10],
			"faces": {
				"north": {"uv": [6.01, 9.01, 6.99, 9.99], "texture": "#block"},
				"east": {"uv": [6.01, 9.01, 6.99, 9.99], "texture": "#block"},
				"south": {"uv": [6.01, 9.01, 6.99, 9.99], "texture": "#block"},
				"west": {"uv": [6.01, 9.01, 6.99, 9.99], "texture": "#block"},
				"up": {"uv": [6.01, 9.01, 6.99, 9.99], "texture": "#block"},
				"down": {"uv": [6.01, 9.01, 6.99, 9.99], "texture": "#block"}
			}
		},
		{
			"name": "Bottom left to top right",
			"from": [7, 6, 6.25],
			"to": [9, 7, 9.75],
			"faces": {
				"north": {"uv": [7.01, 9.01, 8.99, 9.99], "rotation": 180, "texture": "#block"},
				"east": {"uv": [8.01, 9.01, 8.99, 9.99], "texture": "#block"},
				"south": {"uv": [7.01, 9.01, 8.99, 9.99], "texture": "#block"},
				"west": {"uv": [7.01, 9.01, 7.99, 9.99], "texture": "#block"},
				"up": {"uv": [7.01, 9.01, 8.99, 9.99], "texture": "#block"},
				"down": {"uv": [7.01, 9.01, 8.99, 9.99], "texture": "#block"}
			}
		},
		{
			"name": "Bottom left to top right",
			"from": [9, 6, 7],
			"to": [10, 7, 9],
			"faces": {
				"north": {"uv": [9.01, 9.01, 9.99, 9.99], "texture": "#block"},
				"east": {"uv": [9.01, 9.01, 9.99, 9.99], "texture": "#block"},
				"south": {"uv": [9.01, 9.01, 9.99, 9.99], "texture": "#block"},
				"west": {"uv": [9.01, 9.01, 9.99, 9.99], "texture": "#block"},
				"up": {"uv": [9.01, 9.01, 9.99, 9.99], "texture": "#block"},
				"down": {"uv": [9.01, 9.01, 9.99, 9.99], "texture": "#block"}
			}
		},
		{
			"name": "Bottom left to top right",
			"from": [10, 6, 7.25],
			"to": [11, 7, 8.75],
			"faces": {
				"north": {"uv": [10.01, 9.01, 10.99, 9.99], "texture": "#block"},
				"east": {"uv": [10.01, 9.01, 10.99, 9.99], "texture": "#block"},
				"south": {"uv": [10.01, 9.01, 10.99, 9.99], "texture": "#block"},
				"west": {"uv": [10.01, 9.01, 10.99, 9.99], "texture": "#block"},
				"up": {"uv": [10.01, 9.01, 10.99, 9.99], "texture": "#block"},
				"down": {"uv": [10.01, 9.01, 10.99, 9.99], "texture": "#block"}
			}
		},
		{
			"name": "Bottom left to top right",
			"from": [3, 7, 6.75],
			"to": [4, 8, 9.25],
			"faces": {
				"north": {"uv": [3.01, 8.01, 3.99, 8.99], "texture": "#block"},
				"east": {"uv": [3.01, 8.01, 3.99, 8.99], "texture": "#block"},
				"south": {"uv": [3.01, 8.01, 3.99, 8.99], "texture": "#block"},
				"west": {"uv": [3.01, 8.01, 3.99, 8.99], "texture": "#block"},
				"up": {"uv": [3.01, 8.01, 3.99, 8.99], "texture": "#block"},
				"down": {"uv": [3.01, 8.01, 3.99, 8.99], "texture": "#block"}
			}
		},
		{
			"name": "Bottom left to top right",
			"from": [4, 7, 6.5],
			"to": [5, 8, 9.5],
			"faces": {
				"north": {"uv": [4.01, 8.01, 4.99, 8.99], "texture": "#block"},
				"east": {"uv": [4.01, 8.01, 4.99, 8.99], "texture": "#block"},
				"south": {"uv": [4.01, 8.01, 4.99, 8.99], "texture": "#block"},
				"west": {"uv": [4.01, 8.01, 4.99, 8.99], "texture": "#block"},
				"up": {"uv": [4.01, 8.01, 4.99, 8.99], "texture": "#block"},
				"down": {"uv": [4.01, 8.01, 4.99, 8.99], "texture": "#block"}
			}
		},
		{
			"name": "Bottom left to top right",
			"from": [5, 7, 6.75],
			"to": [6, 8, 9.25],
			"faces": {
				"north": {"uv": [5.01, 8.01, 5.99, 8.99], "texture": "#block"},
				"east": {"uv": [5.01, 8.01, 5.99, 8.99], "texture": "#block"},
				"south": {"uv": [5.01, 8.01, 5.99, 8.99], "texture": "#block"},
				"west": {"uv": [5.01, 8.01, 5.99, 8.99], "texture": "#block"},
				"up": {"uv": [5.01, 8.01, 5.99, 8.99], "texture": "#block"},
				"down": {"uv": [5.01, 8.01, 5.99, 8.99], "texture": "#block"}
			}
		},
		{
			"name": "Bottom left to top right",
			"from": [6, 7, 6.5],
			"to": [7, 8, 9.5],
			"faces": {
				"north": {"uv": [6.01, 8.01, 6.99, 8.99], "texture": "#block"},
				"east": {"uv": [6.01, 8.01, 6.99, 8.99], "texture": "#block"},
				"south": {"uv": [6.01, 8.01, 6.99, 8.99], "texture": "#block"},
				"west": {"uv": [6.01, 8.01, 6.99, 8.99], "texture": "#block"},
				"up": {"uv": [6.01, 8.01, 6.99, 8.99], "texture": "#block"},
				"down": {"uv": [6.01, 8.01, 6.99, 8.99], "texture": "#block"}
			}
		},
		{
			"name": "Bottom left to top right",
			"from": [7, 7, 6],
			"to": [9, 8, 10],
			"faces": {
				"north": {"uv": [7.01, 8.01, 8.99, 8.99], "rotation": 180, "texture": "#block"},
				"east": {"uv": [8.01, 8.01, 8.99, 8.99], "texture": "#block"},
				"south": {"uv": [7.01, 8.01, 8.99, 8.99], "texture": "#block"},
				"west": {"uv": [7.01, 8.01, 7.99, 8.99], "texture": "#block"},
				"up": {"uv": [7.01, 8.01, 8.99, 8.99], "texture": "#block"},
				"down": {"uv": [7.01, 8.01, 8.99, 8.99], "texture": "#block"}
			}
		},
		{
			"name": "Bottom left to top right",
			"from": [9, 7, 6.25],
			"to": [10, 8, 9.75],
			"faces": {
				"north": {"uv": [9.01, 8.01, 9.99, 8.99], "texture": "#block"},
				"east": {"uv": [9.01, 8.01, 9.99, 8.99], "texture": "#block"},
				"south": {"uv": [9.01, 8.01, 9.99, 8.99], "texture": "#block"},
				"west": {"uv": [9.01, 8.01, 9.99, 8.99], "texture": "#block"},
				"up": {"uv": [9.01, 8.01, 9.99, 8.99], "texture": "#block"},
				"down": {"uv": [9.01, 8.01, 9.99, 8.99], "texture": "#block"}
			}
		},
		{
			"name": "Bottom left to top right",
			"from": [10, 7, 7],
			"to": [11, 8, 9],
			"faces": {
				"north": {"uv": [10.01, 8.01, 10.99, 8.99], "texture": "#block"},
				"east": {"uv": [10.01, 8.01, 10.99, 8.99], "texture": "#block"},
				"south": {"uv": [10.01, 8.01, 10.99, 8.99], "texture": "#block"},
				"west": {"uv": [10.01, 8.01, 10.99, 8.99], "texture": "#block"},
				"up": {"uv": [10.01, 8.01, 10.99, 8.99], "texture": "#block"},
				"down": {"uv": [10.01, 8.01, 10.99, 8.99], "texture": "#block"}
			}
		},
		{
			"name": "Bottom left to top right",
			"from": [11, 7, 7.5],
			"to": [12, 8, 8.5],
			"faces": {
				"north": {"uv": [11.01, 8.01, 11.99, 8.99], "texture": "#block"},
				"east": {"uv": [11.01, 8.01, 11.99, 8.99], "texture": "#block"},
				"south": {"uv": [11.01, 8.01, 11.99, 8.99], "texture": "#block"},
				"west": {"uv": [11.01, 8.01, 11.99, 8.99], "texture": "#block"},
				"up": {"uv": [11.01, 8.01, 11.99, 8.99], "texture": "#block"},
				"down": {"uv": [11.01, 8.01, 11.99, 8.99], "texture": "#block"}
			}
		},
		{
			"name": "Bottom left to top right",
			"from": [4, 8, 6.75],
			"to": [5, 9, 9.25],
			"faces": {
				"north": {"uv": [4.01, 7.01, 4.99, 7.99], "texture": "#block"},
				"east": {"uv": [4.01, 7.01, 4.99, 7.99], "texture": "#block"},
				"south": {"uv": [4.01, 7.01, 4.99, 7.99], "texture": "#block"},
				"west": {"uv": [4.01, 7.01, 4.99, 7.99], "texture": "#block"},
				"up": {"uv": [4.01, 7.01, 4.99, 7.99], "texture": "#block"},
				"down": {"uv": [4.01, 7.01, 4.99, 7.99], "texture": "#block"}
			}
		},
		{
			"name": "Bottom left to top right",
			"from": [5, 8, 6.5],
			"to": [6, 9, 9.5],
			"faces": {
				"north": {"uv": [5.01, 7.01, 5.99, 7.99], "texture": "#block"},
				"east": {"uv": [5.01, 7.01, 5.99, 7.99], "texture": "#block"},
				"south": {"uv": [5.01, 7.01, 5.99, 7.99], "texture": "#block"},
				"west": {"uv": [5.01, 7.01, 5.99, 7.99], "texture": "#block"},
				"up": {"uv": [5.01, 7.01, 5.99, 7.99], "texture": "#block"},
				"down": {"uv": [5.01, 7.01, 5.99, 7.99], "texture": "#block"}
			}
		},
		{
			"name": "Bottom left to top right",
			"from": [6, 8, 6.75],
			"to": [7, 9, 9.25],
			"faces": {
				"north": {"uv": [6.01, 7.01, 6.99, 7.99], "texture": "#block"},
				"east": {"uv": [6.01, 7.01, 6.99, 7.99], "texture": "#block"},
				"south": {"uv": [6.01, 7.01, 6.99, 7.99], "texture": "#block"},
				"west": {"uv": [6.01, 7.01, 6.99, 7.99], "texture": "#block"},
				"up": {"uv": [6.01, 7.01, 6.99, 7.99], "texture": "#block"},
				"down": {"uv": [6.01, 7.01, 6.99, 7.99], "texture": "#block"}
			}
		},
		{
			"name": "Bottom left to top right",
			"from": [7, 8, 6.5],
			"to": [8, 9, 9.5],
			"faces": {
				"north": {"uv": [7.01, 7.01, 7.99, 7.99], "texture": "#block"},
				"east": {"uv": [7.01, 7.01, 7.99, 7.99], "texture": "#block"},
				"south": {"uv": [7.01, 7.01, 7.99, 7.99], "texture": "#block"},
				"west": {"uv": [7.01, 7.01, 7.99, 7.99], "texture": "#block"},
				"up": {"uv": [7.01, 7.01, 7.99, 7.99], "texture": "#block"},
				"down": {"uv": [7.01, 7.01, 7.99, 7.99], "texture": "#block"}
			}
		},
		{
			"name": "Bottom left to top right",
			"from": [8, 8, 6.75],
			"to": [9, 9, 9.25],
			"faces": {
				"north": {"uv": [8.01, 7.01, 8.99, 7.99], "texture": "#block"},
				"east": {"uv": [8.01, 7.01, 8.99, 7.99], "texture": "#block"},
				"south": {"uv": [8.01, 7.01, 8.99, 7.99], "texture": "#block"},
				"west": {"uv": [8.01, 7.01, 8.99, 7.99], "texture": "#block"},
				"up": {"uv": [8.01, 7.01, 8.99, 7.99], "texture": "#block"},
				"down": {"uv": [8.01, 7.01, 8.99, 7.99], "texture": "#block"}
			}
		},
		{
			"name": "Bottom left to top right",
			"from": [9, 8, 6.5],
			"to": [10, 9, 9.5],
			"faces": {
				"north": {"uv": [9.01, 7.01, 9.99, 7.99], "texture": "#block"},
				"east": {"uv": [9.01, 7.01, 9.99, 7.99], "texture": "#block"},
				"south": {"uv": [9.01, 7.01, 9.99, 7.99], "texture": "#block"},
				"west": {"uv": [9.01, 7.01, 9.99, 7.99], "texture": "#block"},
				"up": {"uv": [9.01, 7.01, 9.99, 7.99], "texture": "#block"},
				"down": {"uv": [9.01, 7.01, 9.99, 7.99], "texture": "#block"}
			}
		},
		{
			"name": "Bottom left to top right",
			"from": [10, 8, 7.25],
			"to": [11, 9, 8.75],
			"faces": {
				"north": {"uv": [10.01, 7.01, 10.99, 7.99], "texture": "#block"},
				"east": {"uv": [10.01, 7.01, 10.99, 7.99], "texture": "#block"},
				"south": {"uv": [10.01, 7.01, 10.99, 7.99], "texture": "#block"},
				"west": {"uv": [10.01, 7.01, 10.99, 7.99], "texture": "#block"},
				"up": {"uv": [10.01, 7.01, 10.99, 7.99], "texture": "#block"},
				"down": {"uv": [10.01, 7.01, 10.99, 7.99], "texture": "#block"}
			}
		},
		{
			"name": "Bottom left to top right",
			"from": [11, 8, 7],
			"to": [14, 9, 9],
			"faces": {
				"north": {"uv": [11, 7, 14, 8], "texture": "#block"},
				"east": {"uv": [11, 7, 14, 8], "texture": "#block"},
				"south": {"uv": [11, 7, 14, 8], "texture": "#block"},
				"west": {"uv": [11, 7, 14, 8], "texture": "#block"},
				"up": {"uv": [11, 7, 14, 8], "texture": "#block"},
				"down": {"uv": [11, 7, 14, 8], "texture": "#block"}
			}
		},
		{
			"name": "Bottom left to top right",
			"from": [12, 9, 7],
			"to": [15, 10, 9],
			"faces": {
				"north": {"uv": [12, 6, 15, 7], "texture": "#block"},
				"east": {"uv": [12, 6, 15, 7], "texture": "#block"},
				"south": {"uv": [12, 6, 15, 7], "texture": "#block"},
				"west": {"uv": [12, 6, 15, 7], "texture": "#block"},
				"up": {"uv": [12, 6, 15, 7], "texture": "#block"},
				"down": {"uv": [12, 6, 15, 7], "texture": "#block"}
			}
		},
		{
			"name": "Bottom left to top right",
			"from": [4, 9, 6.25],
			"to": [5, 10, 9.75],
			"faces": {
				"north": {"uv": [4.01, 6.01, 4.99, 6.99], "texture": "#block"},
				"east": {"uv": [4.01, 6.01, 4.99, 6.99], "texture": "#block"},
				"south": {"uv": [4.01, 6.01, 4.99, 6.99], "texture": "#block"},
				"west": {"uv": [4.01, 6.01, 4.99, 6.99], "texture": "#block"},
				"up": {"uv": [4.01, 6.01, 4.99, 6.99], "texture": "#block"},
				"down": {"uv": [4.01, 6.01, 4.99, 6.99], "texture": "#block"}
			}
		},
		{
			"name": "Bottom left to top right",
			"from": [5, 9, 6.75],
			"to": [6, 10, 9.25],
			"faces": {
				"north": {"uv": [5.01, 6.01, 5.99, 6.99], "texture": "#block"},
				"east": {"uv": [5.01, 6.01, 5.99, 6.99], "texture": "#block"},
				"south": {"uv": [5.01, 6.01, 5.99, 6.99], "texture": "#block"},
				"west": {"uv": [5.01, 6.01, 5.99, 6.99], "texture": "#block"},
				"up": {"uv": [5.01, 6.01, 5.99, 6.99], "texture": "#block"},
				"down": {"uv": [5.01, 6.01, 5.99, 6.99], "texture": "#block"}
			}
		},
		{
			"name": "Bottom left to top right",
			"from": [6, 9, 6.5],
			"to": [7, 10, 9.5],
			"faces": {
				"north": {"uv": [6.01, 6.01, 6.99, 6.99], "texture": "#block"},
				"east": {"uv": [6.01, 6.01, 6.99, 6.99], "texture": "#block"},
				"south": {"uv": [6.01, 6.01, 6.99, 6.99], "texture": "#block"},
				"west": {"uv": [6.01, 6.01, 6.99, 6.99], "texture": "#block"},
				"up": {"uv": [6.01, 6.01, 6.99, 6.99], "texture": "#block"},
				"down": {"uv": [6.01, 6.01, 6.99, 6.99], "texture": "#block"}
			}
		},
		{
			"name": "Bottom left to top right",
			"from": [7, 9, 6.75],
			"to": [8, 10, 9.25],
			"faces": {
				"north": {"uv": [7.01, 6.01, 7.99, 6.99], "texture": "#block"},
				"east": {"uv": [7.01, 6.01, 7.99, 6.99], "texture": "#block"},
				"south": {"uv": [7.01, 6.01, 7.99, 6.99], "texture": "#block"},
				"west": {"uv": [7.01, 6.01, 7.99, 6.99], "texture": "#block"},
				"up": {"uv": [7.01, 6.01, 7.99, 6.99], "texture": "#block"},
				"down": {"uv": [7.01, 6.01, 7.99, 6.99], "texture": "#block"}
			}
		},
		{
			"name": "Bottom left to top right",
			"from": [8, 9, 6.5],
			"to": [9, 10, 9.5],
			"faces": {
				"north": {"uv": [8.01, 6.01, 8.99, 6.99], "texture": "#block"},
				"east": {"uv": [8.01, 6.01, 8.99, 6.99], "texture": "#block"},
				"south": {"uv": [8.01, 6.01, 8.99, 6.99], "texture": "#block"},
				"west": {"uv": [8.01, 6.01, 8.99, 6.99], "texture": "#block"},
				"up": {"uv": [8.01, 6.01, 8.99, 6.99], "texture": "#block"},
				"down": {"uv": [8.01, 6.01, 8.99, 6.99], "texture": "#block"}
			}
		},
		{
			"name": "Bottom left to top right",
			"from": [9, 9, 6.75],
			"to": [10, 10, 9.25],
			"faces": {
				"north": {"uv": [9.01, 6.01, 9.99, 6.99], "texture": "#block"},
				"east": {"uv": [9.01, 6.01, 9.99, 6.99], "texture": "#block"},
				"south": {"uv": [9.01, 6.01, 9.99, 6.99], "texture": "#block"},
				"west": {"uv": [9.01, 6.01, 9.99, 6.99], "texture": "#block"},
				"up": {"uv": [9.01, 6.01, 9.99, 6.99], "texture": "#block"},
				"down": {"uv": [9.01, 6.01, 9.99, 6.99], "texture": "#block"}
			}
		},
		{
			"name": "Bottom left to top right",
			"from": [10, 9, 6.5],
			"to": [11, 10, 9.5],
			"faces": {
				"north": {"uv": [10.01, 6.01, 10.99, 6.99], "texture": "#block"},
				"east": {"uv": [10.01, 6.01, 10.99, 6.99], "texture": "#block"},
				"south": {"uv": [10.01, 6.01, 10.99, 6.99], "texture": "#block"},
				"west": {"uv": [10.01, 6.01, 10.99, 6.99], "texture": "#block"},
				"up": {"uv": [10.01, 6.01, 10.99, 6.99], "texture": "#block"},
				"down": {"uv": [10.01, 6.01, 10.99, 6.99], "texture": "#block"}
			}
		},
		{
			"name": "Bottom left to top right",
			"from": [11, 9, 7.25],
			"to": [12, 10, 8.75],
			"faces": {
				"north": {"uv": [11.01, 6.01, 11.99, 6.99], "texture": "#block"},
				"east": {"uv": [11.01, 6.01, 11.99, 6.99], "texture": "#block"},
				"south": {"uv": [11.01, 6.01, 11.99, 6.99], "texture": "#block"},
				"west": {"uv": [11.01, 6.01, 11.99, 6.99], "texture": "#block"},
				"up": {"uv": [11.01, 6.01, 11.99, 6.99], "texture": "#block"},
				"down": {"uv": [11.01, 6.01, 11.99, 6.99], "texture": "#block"}
			}
		},
		{
			"name": "Bottom left to top right",
			"from": [4, 10, 6.25],
			"to": [6, 11, 9.75],
			"faces": {
				"north": {"uv": [4.01, 5.01, 5.99, 5.99], "rotation": 180, "texture": "#block"},
				"east": {"uv": [5.01, 5.01, 5.99, 5.99], "texture": "#block"},
				"south": {"uv": [4.01, 5.01, 5.99, 5.99], "texture": "#block"},
				"west": {"uv": [4.01, 5.01, 4.99, 5.99], "texture": "#block"},
				"up": {"uv": [4.01, 5.01, 5.99, 5.99], "texture": "#block"},
				"down": {"uv": [4.01, 5.01, 5.99, 5.99], "texture": "#block"}
			}
		},
		{
			"name": "Bottom left to top right",
			"from": [6, 10, 6.75],
			"to": [7, 11, 9.25],
			"faces": {
				"north": {"uv": [6.01, 5.01, 6.99, 5.99], "texture": "#block"},
				"east": {"uv": [6.01, 5.01, 6.99, 5.99], "texture": "#block"},
				"south": {"uv": [6.01, 5.01, 6.99, 5.99], "texture": "#block"},
				"west": {"uv": [6.01, 5.01, 6.99, 5.99], "texture": "#block"},
				"up": {"uv": [6.01, 5.01, 6.99, 5.99], "texture": "#block"},
				"down": {"uv": [6.01, 5.01, 6.99, 5.99], "texture": "#block"}
			}
		},
		{
			"name": "Bottom left to top right",
			"from": [7, 10, 6.5],
			"to": [8, 11, 9.5],
			"faces": {
				"north": {"uv": [7.01, 5.01, 7.99, 5.99], "texture": "#block"},
				"east": {"uv": [7.01, 5.01, 7.99, 5.99], "texture": "#block"},
				"south": {"uv": [7.01, 5.01, 7.99, 5.99], "texture": "#block"},
				"west": {"uv": [7.01, 5.01, 7.99, 5.99], "texture": "#block"},
				"up": {"uv": [7.01, 5.01, 7.99, 5.99], "texture": "#block"},
				"down": {"uv": [7.01, 5.01, 7.99, 5.99], "texture": "#block"}
			}
		},
		{
			"name": "Bottom left to top right",
			"from": [8, 10, 6.75],
			"to": [9, 11, 9.25],
			"faces": {
				"north": {"uv": [8.01, 5.01, 8.99, 5.99], "texture": "#block"},
				"east": {"uv": [8.01, 5.01, 8.99, 5.99], "texture": "#block"},
				"south": {"uv": [8.01, 5.01, 8.99, 5.99], "texture": "#block"},
				"west": {"uv": [8.01, 5.01, 8.99, 5.99], "texture": "#block"},
				"up": {"uv": [8.01, 5.01, 8.99, 5.99], "texture": "#block"},
				"down": {"uv": [8.01, 5.01, 8.99, 5.99], "texture": "#block"}
			}
		},
		{
			"name": "Bottom left to top right",
			"from": [9, 10, 6.5],
			"to": [10, 11, 9.5],
			"faces": {
				"north": {"uv": [9.01, 5.01, 9.99, 5.99], "texture": "#block"},
				"east": {"uv": [9.01, 5.01, 9.99, 5.99], "texture": "#block"},
				"south": {"uv": [9.01, 5.01, 9.99, 5.99], "texture": "#block"},
				"west": {"uv": [9.01, 5.01, 9.99, 5.99], "texture": "#block"},
				"up": {"uv": [9.01, 5.01, 9.99, 5.99], "texture": "#block"},
				"down": {"uv": [9.01, 5.01, 9.99, 5.99], "texture": "#block"}
			}
		},
		{
			"name": "Bottom left to top right",
			"from": [10, 10, 6.75],
			"to": [11, 11, 9.25],
			"faces": {
				"north": {"uv": [10.01, 5.01, 10.99, 5.99], "texture": "#block"},
				"east": {"uv": [10.01, 5.01, 10.99, 5.99], "texture": "#block"},
				"south": {"uv": [10.01, 5.01, 10.99, 5.99], "texture": "#block"},
				"west": {"uv": [10.01, 5.01, 10.99, 5.99], "texture": "#block"},
				"up": {"uv": [10.01, 5.01, 10.99, 5.99], "texture": "#block"},
				"down": {"uv": [10.01, 5.01, 10.99, 5.99], "texture": "#block"}
			}
		},
		{
			"name": "Bottom left to top right",
			"from": [11, 10, 6],
			"to": [12, 11, 9],
			"faces": {
				"north": {"uv": [11.01, 5.01, 11.99, 5.99], "texture": "#block"},
				"east": {"uv": [11.01, 5.01, 11.99, 5.99], "texture": "#block"},
				"south": {"uv": [11.01, 5.01, 11.99, 5.99], "texture": "#block"},
				"west": {"uv": [11.01, 5.01, 11.99, 5.99], "texture": "#block"},
				"up": {"uv": [11.01, 5.01, 11.99, 5.99], "texture": "#block"},
				"down": {"uv": [11.01, 5.01, 11.99, 5.99], "texture": "#block"}
			}
		},
		{
			"name": "Bottom left to top right",
			"from": [12, 10, 7.25],
			"to": [13, 11, 8.75],
			"faces": {
				"north": {"uv": [12, 5, 13, 6], "texture": "#block"},
				"east": {"uv": [12, 5, 13, 6], "texture": "#block"},
				"south": {"uv": [12, 5, 13, 6], "texture": "#block"},
				"west": {"uv": [12, 5, 13, 6], "texture": "#block"},
				"up": {"uv": [12, 5, 13, 6], "texture": "#block"},
				"down": {"uv": [12, 5, 13, 6], "texture": "#block"}
			}
		},
		{
			"name": "Bottom left to top right",
			"from": [5, 11, 6.25],
			"to": [7, 12, 9.75],
			"faces": {
				"north": {"uv": [5.01, 4.01, 6.99, 4.99], "rotation": 180, "texture": "#block"},
				"east": {"uv": [6.01, 4.01, 6.99, 4.99], "texture": "#block"},
				"south": {"uv": [5.01, 4.01, 6.99, 4.99], "texture": "#block"},
				"west": {"uv": [5.01, 4.01, 5.99, 4.99], "texture": "#block"},
				"up": {"uv": [5.01, 4.01, 6.99, 4.99], "texture": "#block"},
				"down": {"uv": [5.01, 4.01, 6.99, 4.99], "texture": "#block"}
			}
		},
		{
			"name": "Bottom left to top right",
			"from": [8, 11, 6.5],
			"to": [9, 12, 9.5],
			"faces": {
				"north": {"uv": [8.01, 4.01, 8.99, 4.99], "texture": "#block"},
				"east": {"uv": [8.01, 4.01, 8.99, 4.99], "texture": "#block"},
				"south": {"uv": [8.01, 4.01, 8.99, 4.99], "texture": "#block"},
				"west": {"uv": [8.01, 4.01, 8.99, 4.99], "texture": "#block"},
				"up": {"uv": [8.01, 4.01, 8.99, 4.99], "texture": "#block"},
				"down": {"uv": [8.01, 4.01, 8.99, 4.99], "texture": "#block"}
			}
		},
		{
			"name": "Bottom left to top right",
			"from": [8, 12, 7.5],
			"to": [10, 14, 8.5],
			"faces": {
				"north": {"uv": [8, 2, 10, 4], "texture": "#block"},
				"east": {"uv": [8, 2, 10, 4], "texture": "#block"},
				"south": {"uv": [8, 2, 10, 4], "texture": "#block"},
				"west": {"uv": [8, 2, 10, 4], "texture": "#block"},
				"up": {"uv": [8, 2, 10, 4], "texture": "#block"},
				"down": {"uv": [8, 2, 10, 4], "texture": "#block"}
			}
		},
		{
			"name": "Bottom left to top right",
			"from": [9, 14, 7.5],
			"to": [10, 15, 8.5],
			"faces": {
				"north": {"uv": [9, 2, 10, 3], "texture": "#block"},
				"east": {"uv": [9, 2, 10, 3], "texture": "#block"},
				"south": {"uv": [9, 2, 10, 3], "texture": "#block"},
				"west": {"uv": [9, 2, 10, 3], "texture": "#block"},
				"up": {"uv": [9, 2, 10, 3], "texture": "#block"},
				"down": {"uv": [9, 2, 10, 3], "texture": "#block"}
			}
		},
		{
			"name": "Bottom left to top right",
			"from": [9, 11, 6.75],
			"to": [10, 12, 9.25],
			"faces": {
				"north": {"uv": [9.01, 4.01, 9.99, 4.99], "texture": "#block"},
				"east": {"uv": [9.01, 4.01, 9.99, 4.99], "texture": "#block"},
				"south": {"uv": [9.01, 4.01, 9.99, 4.99], "texture": "#block"},
				"west": {"uv": [9.01, 4.01, 9.99, 4.99], "texture": "#block"},
				"up": {"uv": [9.01, 4.01, 9.99, 4.99], "texture": "#block"},
				"down": {"uv": [9.01, 4.01, 9.99, 4.99], "texture": "#block"}
			}
		},
		{
			"name": "Bottom left to top right",
			"from": [10, 11, 6.5],
			"to": [11, 12, 9.5],
			"faces": {
				"north": {"uv": [10.01, 4.01, 10.99, 4.99], "texture": "#block"},
				"east": {"uv": [10.01, 4.01, 10.99, 4.99], "texture": "#block"},
				"south": {"uv": [10.01, 4.01, 10.99, 4.99], "texture": "#block"},
				"west": {"uv": [10.01, 4.01, 10.99, 4.99], "texture": "#block"},
				"up": {"uv": [10.01, 4.01, 10.99, 4.99], "texture": "#block"},
				"down": {"uv": [10.01, 4.01, 10.99, 4.99], "texture": "#block"}
			}
		},
		{
			"name": "Bottom left to top right",
			"from": [10, 12, 6.5],
			"to": [11, 13, 9.5],
			"faces": {
				"north": {"uv": [10, 3, 10.98, 3.98], "texture": "#block"},
				"east": {"uv": [10, 3, 10.98, 3.98], "texture": "#block"},
				"south": {"uv": [10, 3, 10.98, 3.98], "texture": "#block"},
				"west": {"uv": [10, 3, 10.98, 3.98], "texture": "#block"},
				"up": {"uv": [10, 3, 10.98, 3.98], "texture": "#block"},
				"down": {"uv": [10, 3, 10.98, 3.98], "texture": "#block"}
			}
		},
		{
			"name": "Bottom left to top right",
			"from": [11, 11, 7.25],
			"to": [12, 12, 8.75],
			"faces": {
				"north": {"uv": [11.01, 4.01, 11.99, 4.99], "texture": "#block"},
				"east": {"uv": [11.01, 4.01, 11.99, 4.99], "texture": "#block"},
				"south": {"uv": [11.01, 4.01, 11.99, 4.99], "texture": "#block"},
				"west": {"uv": [11.01, 4.01, 11.99, 4.99], "texture": "#block"},
				"up": {"uv": [11.01, 4.01, 11.99, 4.99], "texture": "#block"},
				"down": {"uv": [11.01, 4.01, 11.99, 4.99], "texture": "#block"}
			}
		},
		{
			"name": "Bottom left to top right",
			"from": [12, 11, 7],
			"to": [13, 12, 9],
			"faces": {
				"north": {"uv": [12.01, 4.01, 12.99, 4.99], "texture": "#block"},
				"east": {"uv": [12.01, 4.01, 12.99, 4.99], "texture": "#block"},
				"south": {"uv": [12.01, 4.01, 12.99, 4.99], "texture": "#block"},
				"west": {"uv": [12.01, 4.01, 12.99, 4.99], "texture": "#block"},
				"up": {"uv": [12.01, 4.01, 12.99, 4.99], "texture": "#block"},
				"down": {"uv": [12.01, 4.01, 12.99, 4.99], "texture": "#block"}
			}
		},
		{
			"name": "Bottom left to top right",
			"from": [13, 11, 6.75],
			"to": [14, 12, 9.25],
			"faces": {
				"north": {"uv": [13, 4, 14, 5], "texture": "#block"},
				"east": {"uv": [13, 4, 14, 5], "texture": "#block"},
				"south": {"uv": [13, 4, 14, 5], "texture": "#block"},
				"west": {"uv": [13, 4, 14, 5], "texture": "#block"},
				"up": {"uv": [13, 4, 14, 5], "texture": "#block"},
				"down": {"uv": [13, 4, 14, 5], "texture": "#block"}
			}
		},
		{
			"name": "Bottom left to top right",
			"from": [11, 12, 6.5],
			"to": [12, 13, 9.5],
			"faces": {
				"north": {"uv": [11.01, 3.01, 11.99, 3.99], "texture": "#block"},
				"east": {"uv": [11.01, 3.01, 11.99, 3.99], "texture": "#block"},
				"south": {"uv": [11.01, 3.01, 11.99, 3.99], "texture": "#block"},
				"west": {"uv": [11.01, 3.01, 11.99, 3.99], "texture": "#block"},
				"up": {"uv": [11.01, 3.01, 11.99, 3.99], "texture": "#block"},
				"down": {"uv": [11.01, 3.01, 11.99, 3.99], "texture": "#block"}
			}
		},
		{
			"name": "Bottom left to top right",
			"from": [12, 12, 6.75],
			"to": [13, 13, 9.25],
			"faces": {
				"north": {"uv": [12.01, 3.01, 12.99, 3.99], "texture": "#block"},
				"east": {"uv": [12.01, 3.01, 12.99, 3.99], "texture": "#block"},
				"south": {"uv": [12.01, 3.01, 12.99, 3.99], "texture": "#block"},
				"west": {"uv": [12.01, 3.01, 12.99, 3.99], "texture": "#block"},
				"up": {"uv": [12.01, 3.01, 12.99, 3.99], "texture": "#block"},
				"down": {"uv": [12.01, 3.01, 12.99, 3.99], "texture": "#block"}
			}
		},
		{
			"name": "Bottom left to top right",
			"from": [13, 12, 7],
			"to": [15, 13, 9],
			"faces": {
				"north": {"uv": [13.01, 3.01, 14.99, 3.99], "rotation": 180, "texture": "#block"},
				"east": {"uv": [14.01, 3.01, 14.99, 3.99], "texture": "#block"},
				"south": {"uv": [13.01, 3.01, 14.99, 3.99], "texture": "#block"},
				"west": {"uv": [13.01, 3.01, 13.99, 3.99], "texture": "#block"},
				"up": {"uv": [13.01, 3.01, 14.99, 3.99], "texture": "#block"},
				"down": {"uv": [13.01, 3.01, 14.99, 3.99], "texture": "#block"}
			}
		},
		{
			"name": "Bottom left to top right",
			"from": [11, 13, 6.25],
			"to": [12, 15, 9.75],
			"faces": {
				"north": {"uv": [11.01, 1.01, 11.99, 2.99], "texture": "#block"},
				"east": {"uv": [11.01, 1.01, 11.99, 2.99], "texture": "#block"},
				"south": {"uv": [11.01, 1.01, 11.99, 2.99], "texture": "#block"},
				"west": {"uv": [11.01, 1.01, 11.99, 2.99], "texture": "#block"},
				"up": {"uv": [11.01, 1.01, 11.99, 1.99], "texture": "#block"},
				"down": {"uv": [11.01, 2.01, 11.99, 2.99], "texture": "#block"}
			}
		},
		{
			"name": "Bottom left to top right",
			"from": [12, 13, 6.5],
			"to": [13, 15, 9.5],
			"faces": {
				"north": {"uv": [12.01, 1.01, 12.99, 2.99], "texture": "#block"},
				"east": {"uv": [12.01, 1.01, 12.99, 2.99], "texture": "#block"},
				"south": {"uv": [12.01, 1.01, 12.99, 2.99], "texture": "#block"},
				"west": {"uv": [12.01, 1.01, 12.99, 2.99], "texture": "#block"},
				"up": {"uv": [12.01, 1.01, 12.99, 1.99], "texture": "#block"},
				"down": {"uv": [12.01, 2.01, 12.99, 2.99], "texture": "#block"}
			}
		},
		{
			"name": "Bottom left to top right",
			"from": [12, 14, 6.5],
			"to": [13, 16, 9.5],
			"faces": {
				"north": {"uv": [12, 0, 12.98, 1.98], "texture": "#block"},
				"east": {"uv": [12, 0, 12.98, 1.98], "texture": "#block"},
				"south": {"uv": [12, 0, 12.98, 1.98], "texture": "#block"},
				"west": {"uv": [12, 0, 12.98, 1.98], "texture": "#block"},
				"up": {"uv": [12, 0, 12.98, 1.98], "texture": "#block"},
				"down": {"uv": [12, 0, 12.98, 1.98], "texture": "#block"}
			}
		},
		{
			"name": "Bottom left to top right",
			"from": [13, 14, 6.5],
			"to": [14, 16, 9.5],
			"faces": {
				"north": {"uv": [13, 0, 13.98, 1.98], "texture": "#block"},
				"east": {"uv": [13, 0, 13.98, 1.98], "texture": "#block"},
				"south": {"uv": [13, 0, 13.98, 1.98], "texture": "#block"},
				"west": {"uv": [13, 0, 13.98, 1.98], "texture": "#block"},
				"up": {"uv": [13, 0, 13.98, 1.98], "texture": "#block"},
				"down": {"uv": [13, 0, 13.98, 1.98], "texture": "#block"}
			}
		},
		{
			"name": "Bottom left to top right",
			"from": [14, 13, 6.5],
			"to": [15, 15, 9.5],
			"faces": {
				"north": {"uv": [14, 1, 14.98, 2.98], "texture": "#block"},
				"east": {"uv": [14, 1, 14.98, 2.98], "texture": "#block"},
				"south": {"uv": [14, 1, 14.98, 2.98], "texture": "#block"},
				"west": {"uv": [14, 1, 14.98, 2.98], "texture": "#block"},
				"up": {"uv": [14, 1, 14.98, 2.98], "texture": "#block"},
				"down": {"uv": [14, 1, 14.98, 2.98], "texture": "#block"}
			}
		},
		{
			"name": "Bottom left to top right",
			"from": [15, 12, 6.5],
			"to": [16, 14, 9.5],
			"faces": {
				"north": {"uv": [15, 2, 15.98, 3.98], "texture": "#block"},
				"east": {"uv": [15, 2, 15.98, 3.98], "texture": "#block"},
				"south": {"uv": [15, 2, 15.98, 3.98], "texture": "#block"},
				"west": {"uv": [15, 2, 15.98, 3.98], "texture": "#block"},
				"up": {"uv": [15, 2, 15.98, 3.98], "texture": "#block"},
				"down": {"uv": [15, 2, 15.98, 3.98], "texture": "#block"}
			}
		},
		{
			"name": "Bottom left to top right",
			"from": [13, 13, 6.25],
			"to": [14, 14, 9.75],
			"faces": {
				"north": {"uv": [13.01, 2.01, 13.99, 2.99], "texture": "#block"},
				"east": {"uv": [13.01, 2.01, 13.99, 2.99], "texture": "#block"},
				"south": {"uv": [13.01, 2.01, 13.99, 2.99], "texture": "#block"},
				"west": {"uv": [13.01, 2.01, 13.99, 2.99], "texture": "#block"},
				"up": {"uv": [13.01, 2.01, 13.99, 2.99], "texture": "#block"},
				"down": {"uv": [13.01, 2.01, 13.99, 2.99], "texture": "#block"}
			}
		}
	],
	"display": {
		"thirdperson_righthand": {
			"translation": [0, 2.75, 1.5],
			"scale": [0.68, 0.68, 0.68]
		},
		"thirdperson_lefthand": {
			"rotation": [0, 180, 0],
			"translation": [0, 2.75, 1.5],
			"scale": [0.68, 0.68, 0.68]
		},
		"firstperson_righthand": {
			"rotation": [0, -90, 25],
			"translation": [1.39, 3.25, 1.13],
			"scale": [0.68, 0.68, 0.68]
		},
		"firstperson_lefthand": {
			"rotation": [0, 90, -25],
			"translation": [1.39, 3.25, 1.13],
			"scale": [0.68, 0.68, 0.68]
		},
		"ground": {
			"translation": [0, 3, 0],
			"scale": [0.5, 0.5, 0.5]
		},
		"gui": {
			"rotation": [15, 15, 0],
			"translation": [-0.5, -0.5, 0]
		},
		"head": {
			"rotation": [0, 180, 0],
			"translation": [0, 13, 7]
		},
		"fixed": {
			"rotation": [-20, 180, 0],
			"translation": [0, 0, -2.75],
			"scale": [1.02, 1.02, 1.02]
		}
	}
}