{
	"credit": "Made with Blockbench",
	"textures": {
		"0": "item/diamond_chestplate/34",
		"particle": "item/diamond_chestplate/34"
	},
	"elements": [
		{
			"from": [0, 0, 9],
			"to": [16, 16, 9],
			"faces": {
				"north": {"uv": [0, 0, 16, 16], "texture": "#0"},
				"east": {"uv": [0, 0, 0, 16], "texture": "#0"},
				"south": {"uv": [0, 0, 0.25263, 1.26316], "texture": "#0"},
				"west": {"uv": [0, 0, 0, 16], "texture": "#0"},
				"up": {"uv": [0, 0, 16, 0], "texture": "#0"},
				"down": {"uv": [0, 0, 16, 0], "texture": "#0"}
			}
		}
	],
	"display": {
		"gui": {
			"rotation": [0, -180, 0]
		},
		"fixed": {
			"translation": [0, 0, -1.5]
		}
	}
}