{
	"credit": "Made with Blockbench",
	"textures": {
		"texture": "item/colour/15"
	},
	"elements": [
		{
			"from": [0.25, 12, 2],
			"to": [0.75, 14, 14.0625],
			"faces": {
				"north": {"uv": [15.75, 0, 15.75, 0], "texture": "#texture"},
				"east": {"uv": [15.75, 0, 15.75, 0], "texture": "#texture"},
				"south": {"uv": [15.75, 0, 15.75, 0], "texture": "#texture"},
				"west": {"uv": [15.75, 0, 15.75, 0], "texture": "#texture"},
				"up": {"uv": [15.75, 0, 15.75, 0], "texture": "#texture"},
				"down": {"uv": [15.75, 0, 15.75, 0], "texture": "#texture"}
			}
		},
		{
			"from": [15.25, 12, 2],
			"to": [15.75, 14, 14.0625],
			"faces": {
				"north": {"uv": [15.75, 0, 15.75, 0], "texture": "#texture"},
				"east": {"uv": [15.75, 0, 15.75, 0], "texture": "#texture"},
				"south": {"uv": [15.75, 0, 15.75, 0], "texture": "#texture"},
				"west": {"uv": [15.75, 0, 15.75, 0], "texture": "#texture"},
				"up": {"uv": [15.75, 0, 15.75, 0], "texture": "#texture"},
				"down": {"uv": [15.75, 0, 15.75, 0], "texture": "#texture"}
			}
		},
		{
			"from": [15.25, 12, 6.5],
			"to": [16.25, 14, 9.5],
			"faces": {
				"north": {"uv": [15.75, 0, 15.75, 0], "texture": "#texture"},
				"east": {"uv": [15.75, 0, 15.75, 0], "texture": "#texture"},
				"south": {"uv": [15.75, 0, 15.75, 0], "texture": "#texture"},
				"west": {"uv": [15.75, 0, 15.75, 0], "texture": "#texture"},
				"up": {"uv": [15.75, 0, 15.75, 0], "texture": "#texture"},
				"down": {"uv": [15.75, 0, 15.75, 0], "texture": "#texture"}
			}
		},
		{
			"from": [15.25, 11.5, 7],
			"to": [16.25, 14.5, 9],
			"faces": {
				"north": {"uv": [15.75, 0, 15.75, 0], "texture": "#texture"},
				"east": {"uv": [15.75, 0, 15.75, 0], "texture": "#texture"},
				"south": {"uv": [15.75, 0, 15.75, 0], "texture": "#texture"},
				"west": {"uv": [15.75, 0, 15.75, 0], "texture": "#texture"},
				"up": {"uv": [15.75, 0, 15.75, 0], "texture": "#texture"},
				"down": {"uv": [15.75, 0, 15.75, 0], "texture": "#texture"}
			}
		},
		{
			"from": [15.25, 12, 7],
			"to": [16.55, 14, 9],
			"faces": {
				"north": {"uv": [15.75, 0, 15.75, 0], "texture": "#texture"},
				"east": {"uv": [15.75, 0, 15.75, 0], "texture": "#texture"},
				"south": {"uv": [15.75, 0, 15.75, 0], "texture": "#texture"},
				"west": {"uv": [15.75, 0, 15.75, 0], "texture": "#texture"},
				"up": {"uv": [15.75, 0, 15.75, 0], "texture": "#texture"},
				"down": {"uv": [15.75, 0, 15.75, 0], "texture": "#texture"}
			}
		},
		{
			"from": [16.3, 9, 1.25],
			"to": [16.4, 15, 2.75],
			"rotation": {"angle": 22.5, "axis": "x", "origin": [0, 0, 0]},
			"faces": {
				"north": {"uv": [15.75, 0, 15.75, 0], "texture": "#texture"},
				"east": {"uv": [15.75, 0, 15.75, 0], "texture": "#texture"},
				"south": {"uv": [15.75, 0, 15.75, 0], "texture": "#texture"},
				"west": {"uv": [15.75, 0, 15.75, 0], "texture": "#texture"},
				"up": {"uv": [15.75, 0, 15.75, 0], "texture": "#texture"},
				"down": {"uv": [15.75, 0, 15.75, 0], "texture": "#texture"}
			}
		},
		{
			"from": [16.4, 3, 11.8],
			"to": [16.5, 9, 13.3],
			"rotation": {"angle": -22.5, "axis": "x", "origin": [0, 0, 0]},
			"faces": {
				"north": {"uv": [15.75, 0, 15.75, 0], "texture": "#texture"},
				"east": {"uv": [15.75, 0, 15.75, 0], "texture": "#texture"},
				"south": {"uv": [15.75, 0, 15.75, 0], "texture": "#texture"},
				"west": {"uv": [15.75, 0, 15.75, 0], "texture": "#texture"},
				"up": {"uv": [15.75, 0, 15.75, 0], "texture": "#texture"},
				"down": {"uv": [15.75, 0, 15.75, 0], "texture": "#texture"}
			}
		},
		{
			"from": [2, 12, -0.5],
			"to": [14, 14, 0],
			"faces": {
				"north": {"uv": [15.75, 0, 15.75, 0], "texture": "#texture"},
				"east": {"uv": [15.75, 0, 15.75, 0], "texture": "#texture"},
				"south": {"uv": [15.75, 0, 15.75, 0], "texture": "#texture"},
				"west": {"uv": [15.75, 0, 15.75, 0], "texture": "#texture"},
				"up": {"uv": [15.75, 0, 15.75, 0], "texture": "#texture"},
				"down": {"uv": [15.75, 0, 15.75, 0], "texture": "#texture"}
			}
		},
		{
			"from": [2, 12, 16],
			"to": [14, 14, 16.5],
			"faces": {
				"north": {"uv": [15.75, 0, 15.75, 0], "texture": "#texture"},
				"east": {"uv": [15.75, 0, 15.75, 0], "texture": "#texture"},
				"south": {"uv": [15.75, 0, 15.75, 0], "texture": "#texture"},
				"west": {"uv": [15.75, 0, 15.75, 0], "texture": "#texture"},
				"up": {"uv": [15.75, 0, 15.75, 0], "texture": "#texture"},
				"down": {"uv": [15.75, 0, 15.75, 0], "texture": "#texture"}
			}
		},
		{
			"from": [13.5, 12, 15.5],
			"to": [15, 14, 16],
			"faces": {
				"north": {"uv": [15.75, 0, 15.75, 0], "texture": "#texture"},
				"east": {"uv": [15.75, 0, 15.75, 0], "texture": "#texture"},
				"south": {"uv": [15.75, 0, 15.75, 0], "texture": "#texture"},
				"west": {"uv": [15.75, 0, 15.75, 0], "texture": "#texture"},
				"up": {"uv": [15.75, 0, 15.75, 0], "texture": "#texture"},
				"down": {"uv": [15.75, 0, 15.75, 0], "texture": "#texture"}
			}
		},
		{
			"from": [13.5, 12, 0],
			"to": [15, 14, 0.5],
			"faces": {
				"north": {"uv": [15.75, 0, 15.75, 0], "texture": "#texture"},
				"east": {"uv": [15.75, 0, 15.75, 0], "texture": "#texture"},
				"south": {"uv": [15.75, 0, 15.75, 0], "texture": "#texture"},
				"west": {"uv": [15.75, 0, 15.75, 0], "texture": "#texture"},
				"up": {"uv": [15.75, 0, 15.75, 0], "texture": "#texture"},
				"down": {"uv": [15.75, 0, 15.75, 0], "texture": "#texture"}
			}
		},
		{
			"from": [1, 12, 0],
			"to": [2.5, 14, 0.5],
			"faces": {
				"north": {"uv": [15.75, 0, 15.75, 0], "texture": "#texture"},
				"east": {"uv": [15.75, 0, 15.75, 0], "texture": "#texture"},
				"south": {"uv": [15.75, 0, 15.75, 0], "texture": "#texture"},
				"west": {"uv": [15.75, 0, 15.75, 0], "texture": "#texture"},
				"up": {"uv": [15.75, 0, 15.75, 0], "texture": "#texture"},
				"down": {"uv": [15.75, 0, 15.75, 0], "texture": "#texture"}
			}
		},
		{
			"from": [0.625, 12, 15.5],
			"to": [2.125, 14, 16],
			"faces": {
				"north": {"uv": [15.75, 0, 15.75, 0], "texture": "#texture"},
				"east": {"uv": [15.75, 0, 15.75, 0], "texture": "#texture"},
				"south": {"uv": [15.75, 0, 15.75, 0], "texture": "#texture"},
				"west": {"uv": [15.75, 0, 15.75, 0], "texture": "#texture"},
				"up": {"uv": [15.75, 0, 15.75, 0], "texture": "#texture"},
				"down": {"uv": [15.75, 0, 15.75, 0], "texture": "#texture"}
			}
		},
		{
			"from": [14.7, 12, 14],
			"to": [15.2, 14, 15.5],
			"faces": {
				"north": {"uv": [15.75, 0, 15.75, 0], "texture": "#texture"},
				"east": {"uv": [15.75, 0, 15.75, 0], "texture": "#texture"},
				"south": {"uv": [15.75, 0, 15.75, 0], "texture": "#texture"},
				"west": {"uv": [15.75, 0, 15.75, 0], "texture": "#texture"},
				"up": {"uv": [15.75, 0, 15.75, 0], "texture": "#texture"},
				"down": {"uv": [15.75, 0, 15.75, 0], "texture": "#texture"}
			}
		},
		{
			"from": [14.8, 12, 0.5],
			"to": [15.3, 14, 2],
			"faces": {
				"north": {"uv": [15.75, 0, 15.75, 0], "texture": "#texture"},
				"east": {"uv": [15.75, 0, 15.75, 0], "texture": "#texture"},
				"south": {"uv": [15.75, 0, 15.75, 0], "texture": "#texture"},
				"west": {"uv": [15.75, 0, 15.75, 0], "texture": "#texture"},
				"up": {"uv": [15.75, 0, 15.75, 0], "texture": "#texture"},
				"down": {"uv": [15.75, 0, 15.75, 0], "texture": "#texture"}
			}
		},
		{
			"from": [0.5, 12, 0.5],
			"to": [1, 14, 2],
			"faces": {
				"north": {"uv": [15.75, 0, 15.75, 0], "texture": "#texture"},
				"east": {"uv": [15.75, 0, 15.75, 0], "texture": "#texture"},
				"south": {"uv": [15.75, 0, 15.75, 0], "texture": "#texture"},
				"west": {"uv": [15.75, 0, 15.75, 0], "texture": "#texture"},
				"up": {"uv": [15.75, 0, 15.75, 0], "texture": "#texture"},
				"down": {"uv": [15.75, 0, 15.75, 0], "texture": "#texture"}
			}
		},
		{
			"from": [0.7, 12, 14],
			"to": [1.2, 14, 15.5],
			"faces": {
				"north": {"uv": [15.75, 0, 15.75, 0], "texture": "#texture"},
				"east": {"uv": [15.75, 0, 15.75, 0], "texture": "#texture"},
				"south": {"uv": [15.75, 0, 15.75, 0], "texture": "#texture"},
				"west": {"uv": [15.75, 0, 15.75, 0], "texture": "#texture"},
				"up": {"uv": [15.75, 0, 15.75, 0], "texture": "#texture"},
				"down": {"uv": [15.75, 0, 15.75, 0], "texture": "#texture"}
			}
		}
	],
	"display": {
		"thirdperson_righthand": {
			"rotation": [90, 180, 0],
			"translation": [0.25, -2.25, 7.5],
			"scale": [0.25, 0.4, 0.32]
		},
		"thirdperson_lefthand": {
			"rotation": [-90, 180, 180],
			"translation": [0.25, -2.25, 7.5],
			"scale": [0.25, 0.4, 0.32]
		},
		"firstperson_righthand": {
			"scale": [0.0001, 0.0001, 0.0001]
		},
		"firstperson_lefthand": {
			"scale": [0.0001, 0.0001, 0.0001]
		},
		"ground": {
			"scale": [0.3, 0.3, 0.3]
		},
		"gui": {
			"rotation": [-10, -22, 12],
			"translation": [0.25, -4.25, 0],
			"scale": [0.7, 0.7, 0.7]
		},
		"head": {
			"rotation": [0, -90, 0],
			"translation": [0, -3, 0],
			"scale": [1, 1, 0.95]
		},
		"fixed": {
			"rotation": [0, -90, 90],
			"translation": [0, -0.5, 4.5]
		}
	}
}