{
	"credit": "Made with Blockbench",
	"textures": {
		"0": "item/boat/boat_side_back",
		"1": "item/colour/20",
		"2": "item/boat/21",
		"particle": "item/boat/boat_side_back"
	},
	"elements": [
		{
			"name": "Center",
			"from": [3, 1, 7.5],
			"to": [13, 21, 8.5],
			"faces": {
				"north": {"uv": [1, 1, 5, 12], "texture": "#0"},
				"east": {"uv": [1, 1, 5, 12], "texture": "#0"},
				"south": {"uv": [1, 1, 5, 12], "texture": "#0"},
				"west": {"uv": [1, 1, 5, 12], "texture": "#0"},
				"up": {"uv": [1, 1, 5, 12], "texture": "#0"},
				"down": {"uv": [1, 1, 5, 12], "texture": "#0"}
			}
		},
		{
			"name": "Rim top",
			"from": [2, 21, 7],
			"to": [14, 22, 9],
			"faces": {
				"north": {"uv": [7, 2, 8, 3], "rotation": 180, "texture": "#2"},
				"east": {"uv": [7, 2, 8, 3], "rotation": 180, "texture": "#2"},
				"south": {"uv": [7, 2, 8, 3], "rotation": 180, "texture": "#2"},
				"west": {"uv": [7, 2, 8, 3], "rotation": 180, "texture": "#2"},
				"up": {"uv": [7, 2, 8, 3], "rotation": 180, "texture": "#2"},
				"down": {"uv": [7, 2, 8, 3], "rotation": 180, "texture": "#2"}
			}
		},
		{
			"name": "Rim right",
			"from": [13, 1, 7],
			"to": [14, 21, 9],
			"faces": {
				"north": {"uv": [7, 2, 8, 3], "texture": "#2"},
				"east": {"uv": [7, 2, 8, 3], "texture": "#2"},
				"south": {"uv": [7, 2, 8, 3], "texture": "#2"},
				"west": {"uv": [7, 2, 8, 3], "texture": "#2"},
				"up": {"uv": [7, 2, 8, 3], "texture": "#2"},
				"down": {"uv": [7, 2, 8, 3], "texture": "#2"}
			}
		},
		{
			"name": "Rim bottom",
			"from": [2, 0, 7],
			"to": [14, 1, 9],
			"faces": {
				"north": {"uv": [7, 2, 8, 3], "rotation": 180, "texture": "#2"},
				"east": {"uv": [7, 2, 8, 3], "rotation": 180, "texture": "#2"},
				"south": {"uv": [7, 2, 8, 3], "rotation": 180, "texture": "#2"},
				"west": {"uv": [7, 2, 8, 3], "rotation": 180, "texture": "#2"},
				"up": {"uv": [7, 2, 8, 3], "rotation": 180, "texture": "#2"},
				"down": {"uv": [7, 2, 8, 3], "rotation": 180, "texture": "#2"}
			}
		},
		{
			"name": "Rim left",
			"from": [2, 1, 7],
			"to": [3, 21, 9],
			"faces": {
				"north": {"uv": [7, 2, 8, 3], "texture": "#2"},
				"east": {"uv": [7, 2, 8, 3], "texture": "#2"},
				"south": {"uv": [7, 2, 8, 3], "texture": "#2"},
				"west": {"uv": [7, 2, 8, 3], "texture": "#2"},
				"up": {"uv": [7, 2, 8, 3], "texture": "#2"},
				"down": {"uv": [7, 2, 8, 3], "texture": "#2"}
			}
		},
		{
			"name": "Grip front",
			"from": [7, 8, 8.5],
			"to": [9, 14, 9.5],
			"faces": {
				"north": {"uv": [13.312, 3.328, 13.312, 3.328], "texture": "#1"},
				"east": {"uv": [13.312, 3.328, 13.312, 3.328], "texture": "#1"},
				"south": {"uv": [13.312, 3.328, 13.312, 3.328], "texture": "#1"},
				"west": {"uv": [13.312, 3.328, 13.312, 3.328], "texture": "#1"},
				"up": {"uv": [13.312, 3.328, 13.312, 3.328], "texture": "#1"},
				"down": {"uv": [13.312, 3.328, 13.312, 3.328], "texture": "#1"}
			}
		},
		{
			"name": "Grip top",
			"from": [7, 13, 9.5],
			"to": [9, 14, 13.5],
			"faces": {
				"north": {"uv": [13.312, 3.328, 13.312, 3.328], "texture": "#1"},
				"east": {"uv": [13.312, 3.328, 13.312, 3.328], "texture": "#1"},
				"south": {"uv": [13.312, 3.328, 13.312, 3.328], "texture": "#1"},
				"west": {"uv": [13.312, 3.328, 13.312, 3.328], "texture": "#1"},
				"up": {"uv": [13.312, 3.328, 13.312, 3.328], "texture": "#1"},
				"down": {"uv": [13.312, 3.328, 13.312, 3.328], "texture": "#1"}
			}
		},
		{
			"name": "Grip back",
			"from": [7, 8, 13.5],
			"to": [9, 14, 14.5],
			"faces": {
				"north": {"uv": [13.312, 3.328, 13.312, 3.328], "texture": "#1"},
				"east": {"uv": [13.312, 3.328, 13.312, 3.328], "texture": "#1"},
				"south": {"uv": [13.312, 3.328, 13.312, 3.328], "texture": "#1"},
				"west": {"uv": [13.312, 3.328, 13.312, 3.328], "texture": "#1"},
				"up": {"uv": [13.312, 3.328, 13.312, 3.328], "texture": "#1"},
				"down": {"uv": [13.312, 3.328, 13.312, 3.328], "texture": "#1"}
			}
		},
		{
			"name": "Grip bottom",
			"from": [7, 8, 9.5],
			"to": [9, 9, 13.5],
			"faces": {
				"north": {"uv": [13.312, 3.328, 13.312, 3.328], "texture": "#1"},
				"east": {"uv": [13.312, 3.328, 13.312, 3.328], "texture": "#1"},
				"south": {"uv": [13.312, 3.328, 13.312, 3.328], "texture": "#1"},
				"west": {"uv": [13.312, 3.328, 13.312, 3.328], "texture": "#1"},
				"up": {"uv": [13.312, 3.328, 13.312, 3.328], "texture": "#1"},
				"down": {"uv": [13.312, 3.328, 13.312, 3.328], "texture": "#1"}
			}
		},
		{
			"name": "Decoration top left to bottom right",
			"from": [11, 18, 7],
			"to": [12, 19, 7.5],
			"faces": {
				"north": {"uv": [7, 5, 8, 6], "rotation": 180, "texture": "#2"},
				"east": {"uv": [7, 5, 8, 6], "rotation": 180, "texture": "#2"},
				"south": {"uv": [7, 5, 8, 6], "rotation": 180, "texture": "#2"},
				"west": {"uv": [7, 5, 8, 6], "rotation": 180, "texture": "#2"},
				"up": {"uv": [7, 5, 8, 6], "rotation": 180, "texture": "#2"},
				"down": {"uv": [7, 5, 8, 6], "rotation": 180, "texture": "#2"}
			}
		},
		{
			"name": "Decoration top left to bottom right",
			"from": [4, 18, 7],
			"to": [5, 19, 7.5],
			"faces": {
				"north": {"uv": [7, 5, 8, 6], "rotation": 180, "texture": "#2"},
				"east": {"uv": [7, 5, 8, 6], "rotation": 180, "texture": "#2"},
				"south": {"uv": [7, 5, 8, 6], "rotation": 180, "texture": "#2"},
				"west": {"uv": [7, 5, 8, 6], "rotation": 180, "texture": "#2"},
				"up": {"uv": [7, 5, 8, 6], "rotation": 180, "texture": "#2"},
				"down": {"uv": [7, 5, 8, 6], "rotation": 180, "texture": "#2"}
			}
		},
		{
			"name": "Decoration top left to bottom right",
			"from": [11, 13, 7],
			"to": [12, 14, 7.5],
			"faces": {
				"north": {"uv": [7, 5, 8, 6], "rotation": 180, "texture": "#2"},
				"east": {"uv": [7, 5, 8, 6], "rotation": 180, "texture": "#2"},
				"south": {"uv": [7, 5, 8, 6], "rotation": 180, "texture": "#2"},
				"west": {"uv": [7, 5, 8, 6], "rotation": 180, "texture": "#2"},
				"up": {"uv": [7, 5, 8, 6], "rotation": 180, "texture": "#2"},
				"down": {"uv": [7, 5, 8, 6], "rotation": 180, "texture": "#2"}
			}
		},
		{
			"name": "Decoration top left to bottom right",
			"from": [4, 13, 7],
			"to": [5, 14, 7.5],
			"faces": {
				"north": {"uv": [7, 5, 8, 6], "rotation": 180, "texture": "#2"},
				"east": {"uv": [7, 5, 8, 6], "rotation": 180, "texture": "#2"},
				"south": {"uv": [7, 5, 8, 6], "rotation": 180, "texture": "#2"},
				"west": {"uv": [7, 5, 8, 6], "rotation": 180, "texture": "#2"},
				"up": {"uv": [7, 5, 8, 6], "rotation": 180, "texture": "#2"},
				"down": {"uv": [7, 5, 8, 6], "rotation": 180, "texture": "#2"}
			}
		},
		{
			"name": "Decoration top left to bottom right",
			"from": [11, 8, 7],
			"to": [12, 9, 7.5],
			"faces": {
				"north": {"uv": [7, 5, 8, 6], "rotation": 180, "texture": "#2"},
				"east": {"uv": [7, 5, 8, 6], "rotation": 180, "texture": "#2"},
				"south": {"uv": [7, 5, 8, 6], "rotation": 180, "texture": "#2"},
				"west": {"uv": [7, 5, 8, 6], "rotation": 180, "texture": "#2"},
				"up": {"uv": [7, 5, 8, 6], "rotation": 180, "texture": "#2"},
				"down": {"uv": [7, 5, 8, 6], "rotation": 180, "texture": "#2"}
			}
		},
		{
			"name": "Decoration top left to bottom right",
			"from": [4, 8, 7],
			"to": [5, 9, 7.5],
			"faces": {
				"north": {"uv": [7, 5, 8, 6], "rotation": 180, "texture": "#2"},
				"east": {"uv": [7, 5, 8, 6], "rotation": 180, "texture": "#2"},
				"south": {"uv": [7, 5, 8, 6], "rotation": 180, "texture": "#2"},
				"west": {"uv": [7, 5, 8, 6], "rotation": 180, "texture": "#2"},
				"up": {"uv": [7, 5, 8, 6], "rotation": 180, "texture": "#2"},
				"down": {"uv": [7, 5, 8, 6], "rotation": 180, "texture": "#2"}
			}
		},
		{
			"name": "Decoration top left to bottom right",
			"from": [11, 3, 7],
			"to": [12, 4, 7.5],
			"faces": {
				"north": {"uv": [7, 5, 8, 6], "rotation": 180, "texture": "#2"},
				"east": {"uv": [7, 5, 8, 6], "rotation": 180, "texture": "#2"},
				"south": {"uv": [7, 5, 8, 6], "rotation": 180, "texture": "#2"},
				"west": {"uv": [7, 5, 8, 6], "rotation": 180, "texture": "#2"},
				"up": {"uv": [7, 5, 8, 6], "rotation": 180, "texture": "#2"},
				"down": {"uv": [7, 5, 8, 6], "rotation": 180, "texture": "#2"}
			}
		},
		{
			"name": "Decoration top left to bottom right",
			"from": [4, 3, 7],
			"to": [5, 4, 7.5],
			"faces": {
				"north": {"uv": [7, 5, 8, 6], "rotation": 180, "texture": "#2"},
				"east": {"uv": [7, 5, 8, 6], "rotation": 180, "texture": "#2"},
				"south": {"uv": [7, 5, 8, 6], "rotation": 180, "texture": "#2"},
				"west": {"uv": [7, 5, 8, 6], "rotation": 180, "texture": "#2"},
				"up": {"uv": [7, 5, 8, 6], "rotation": 180, "texture": "#2"},
				"down": {"uv": [7, 5, 8, 6], "rotation": 180, "texture": "#2"}
			}
		}
	],
	"overrides": [
		{
			"predicate": {
				"blocking": 1
			},
			"model": "item/shield_blocking"
		},
		{
			"predicate": {
				"damaged": 1
			},
			"model": "item/shield_durability_1"
		},
		{
			"predicate": {
				"blocking": 1,
				"damaged": 1
			},
			"model": "item/shield_blocking_durability_1"
		},
		{
			"predicate": {
				"damaged": 1,
				"damage": 0.5
			},
			"model": "item/shield_durability_2"
		},
		{
			"predicate": {
				"blocking": 1,
				"damaged": 1,
				"damage": 0.5
			},
			"model": "item/shield_blocking_durability_2"
		},
		{
			"predicate": {
				"damaged": 1,
				"damage": 0.65
			},
			"model": "item/shield_durability_3"
		},
		{
			"predicate": {
				"blocking": 1,
				"damaged": 1,
				"damage": 0.65
			},
			"model": "item/shield_blocking_durability_3"
		},
		{
			"predicate": {
				"damaged": 1,
				"damage": 0.8
			},
			"model": "item/shield_durability_4"
		},
		{
			"predicate": {
				"blocking": 1,
				"damaged": 1,
				"damage": 0.8
			},
			"model": "item/shield_blocking_durability_4"
		},
		{
			"predicate": {
				"damaged": 1,
				"damage": 0.95
			},
			"model": "item/shield_durability_5"
		},
		{
			"predicate": {
				"blocking": 1,
				"damaged": 1,
				"damage": 0.95
			},
			"model": "item/shield_blocking_durability_5"
		},
		{
			"predicate": {
				"damaged": 1,
				"damage": 0.99
			},
			"model": "item/shield_durability_6"
		},
		{
			"predicate": {
				"blocking": 1,
				"damaged": 1,
				"damage": 0.99
			},
			"model": "item/shield_blocking_durability_6"
		}
	],
	"display": {
		"thirdperson_righthand": {
			"rotation": [0, 270, 0],
			"translation": [3.5, -5, 2]
		},
		"thirdperson_lefthand": {
			"rotation": [0, 270, 0],
			"translation": [3.5, -5, 2]
		},
		"firstperson_righthand": {
			"rotation": [0, 0, -5],
			"translation": [2.5, -15, -5],
			"scale": [1.25, 1.25, 1.25]
		},
		"firstperson_lefthand": {
			"rotation": [0, 0, -5],
			"translation": [2.5, -15, -5],
			"scale": [1.25, 1.25, 1.25]
		},
		"ground": {
			"translation": [0, 2, 0],
			"scale": [0.275, 0.275, 0.275]
		},
		"gui": {
			"rotation": [15, 155, 5],
			"translation": [0, -1.5, 0],
			"scale": [0.65, 0.65, 0.65]
		},
		"head": {
			"translation": [0, -16.5, 2]
		},
		"fixed": {
			"rotation": [-15, 0, 0],
			"translation": [0, -2, -2],
			"scale": [0.75, 0.75, 0.75]
		}
	}
}