{
	"credit": "Made with Blockbench",
	"textures": {
		"0": "item/brick/3",
		"particle": "item/brick/3"
	},
	"elements": [
		{
			"from": [0, 0, 0],
			"to": [16, 1, 3],
			"faces": {
				"north": {"uv": [5.67018, 8.58947, 10.1614, 10.52632], "texture": "#0"},
				"east": {"uv": [5.67018, 8.58947, 10.1614, 10.52632], "texture": "#0"},
				"south": {"uv": [5.67018, 8.58947, 10.1614, 10.52632], "texture": "#0"},
				"west": {"uv": [5.67018, 8.58947, 10.1614, 10.52632], "texture": "#0"},
				"up": {"uv": [5.67018, 8.58947, 10.1614, 10.52632], "texture": "#0"},
				"down": {"uv": [5.67018, 8.58947, 10.1614, 10.52632], "texture": "#0"}
			}
		},
		{
			"from": [0.25, -0.25, 0.25],
			"to": [15.75, 1.25, 2.75],
			"faces": {
				"north": {"uv": [5.89474, 8.64561, 10.58246, 10.52632], "rotation": 90, "texture": "#0"},
				"east": {"uv": [5.89474, 8.64561, 10.58246, 10.52632], "rotation": 90, "texture": "#0"},
				"south": {"uv": [5.89474, 8.64561, 10.58246, 10.52632], "rotation": 90, "texture": "#0"},
				"west": {"uv": [5.89474, 8.64561, 10.58246, 10.52632], "rotation": 90, "texture": "#0"},
				"up": {"uv": [5.89474, 8.64561, 10.58246, 10.52632], "rotation": 90, "texture": "#0"},
				"down": {"uv": [5.89474, 8.64561, 10.58246, 10.52632], "rotation": 90, "texture": "#0"}
			}
		}
	],
	"display": {
		"thirdperson_righthand": {
			"translation": [3, 4, 3.25],
			"scale": [0.5, 0.5, 0.5]
		},
		"thirdperson_lefthand": {
			"translation": [-2.75, 4, 3.25],
			"scale": [0.5, 0.5, 0.5]
		},
		"firstperson_righthand": {
			"rotation": [0, -126, 0],
			"translation": [0, 4, 0],
			"scale": [0.5, 0.5, 0.5]
		},
		"firstperson_lefthand": {
			"translation": [2.25, 1.5, 0.75],
			"scale": [0.5, 0.5, 0.5]
		},
		"ground": {
			"scale": [0.5, 0.5, 0.5]
		},
		"gui": {
			"rotation": [-66, -41, 0],
			"translation": [-0.25, 22, 0],
			"scale": [2, 2, 2]
		},
		"head": {
			"translation": [6, 14, 6.5]
		},
		"fixed": {
			"rotation": [90, 0, 0],
			"translation": [12, -13, 14.5],
			"scale": [2, 2, 2]
		}
	}
}