{
	"credit": "Made with Blockbench",
	"textures": {
		"0": "item/diamond/x2"
	},
	"elements": [
		{
			"name": "head",
			"from": [5.17868, 11.90949, 5.17868],
			"to": [10.82132, 17.55213, 10.82132],
			"rotation": {"angle": 45, "axis": "y", "origin": [8, 10.4383, 7.8615]},
			"faces": {
				"north": {"uv": [2, 2, 4, 4], "texture": "#0"},
				"east": {"uv": [0, 2, 2, 4], "texture": "#0"},
				"south": {"uv": [6, 2, 8, 4], "texture": "#0"},
				"west": {"uv": [4, 2, 6, 4], "texture": "#0"},
				"up": {"uv": [4, 2, 2, 0], "texture": "#0"},
				"down": {"uv": [6, 0, 4, 2], "texture": "#0"}
			}
		},
		{
			"name": "body",
			"from": [6.24792, 7.86956, 6.63571],
			"to": [9.75208, 11.95398, 9.36429],
			"rotation": {"angle": 45, "axis": "y", "origin": [8, 10.4383, 7.8615]},
			"faces": {
				"north": {"uv": [5, 5, 7, 8], "texture": "#0"},
				"east": {"uv": [4, 5, 5, 8], "texture": "#0"},
				"south": {"uv": [8, 5, 10, 8], "texture": "#0"},
				"west": {"uv": [7, 5, 8, 8], "texture": "#0"},
				"up": {"uv": [7, 5, 5, 4], "texture": "#0"},
				"down": {"uv": [9, 4, 7, 5], "texture": "#0"}
			}
		},
		{
			"name": "right_arm",
			"from": [8.9448, 9.8285, 3.83286],
			"to": [9.83537, 11.01592, 7.39513],
			"rotation": {"angle": -22.5, "axis": "x", "origin": [8.89009, 9.42221, 5.614]},
			"faces": {
				"north": {"uv": [12.5, 4, 11.75, 5], "rotation": 180, "texture": "#0"},
				"east": {"uv": [10, 5, 11, 8], "rotation": 270, "texture": "#0"},
				"south": {"uv": [11.75, 5, 11, 4], "texture": "#0"},
				"west": {"uv": [11.75, 5, 12.75, 8], "rotation": 90, "texture": "#0"},
				"up": {"uv": [11, 5, 11.75, 8], "rotation": 180, "texture": "#0"},
				"down": {"uv": [12.75, 5, 13.5, 8], "texture": "#0"}
			}
		},
		{
			"name": "left_arm",
			"from": [4.86, 9.70608, 9.63482],
			"to": [8.42227, 10.89351, 10.52539],
			"rotation": {"angle": -45, "axis": "y", "origin": [8, 10.4383, 7.8615]},
			"faces": {
				"north": {"uv": [8, 13, 9, 16], "rotation": 270, "texture": "#0"},
				"east": {"uv": [9.75, 13, 9, 12], "texture": "#0"},
				"south": {"uv": [9.75, 13, 10.75, 16], "rotation": 90, "texture": "#0"},
				"west": {"uv": [10.5, 12, 9.75, 13], "rotation": 180, "texture": "#0"},
				"up": {"uv": [9, 13, 9.75, 16], "rotation": 90, "texture": "#0"},
				"down": {"uv": [10.75, 13, 11.5, 16], "rotation": 90, "texture": "#0"}
			}
		},
		{
			"name": "right_leg",
			"from": [5.95083, 6.60415, 4.5],
			"to": [7.13826, 7.79157, 8.06228],
			"rotation": {"angle": 45, "axis": "y", "origin": [8.146, 7.74703, 7.13472]},
			"faces": {
				"north": {"uv": [7, 12, 6, 13], "rotation": 180, "texture": "#0"},
				"east": {"uv": [4, 13, 5, 16], "rotation": 270, "texture": "#0"},
				"south": {"uv": [6, 13, 5, 12], "texture": "#0"},
				"west": {"uv": [6, 13, 7, 16], "rotation": 90, "texture": "#0"},
				"up": {"uv": [5, 13, 6, 16], "rotation": 180, "texture": "#0"},
				"down": {"uv": [7, 13, 8, 16], "texture": "#0"}
			}
		},
		{
			"name": "left_leg",
			"from": [8.3906, 6.6, 4.8],
			"to": [9.57802, 7.78742, 8.36228],
			"rotation": {"angle": 45, "axis": "y", "origin": [8, 10.4383, 7.8615]},
			"faces": {
				"north": {"uv": [3, 4, 2, 5], "rotation": 180, "texture": "#0"},
				"east": {"uv": [0, 5, 1, 8], "rotation": 270, "texture": "#0"},
				"south": {"uv": [2, 5, 1, 4], "texture": "#0"},
				"west": {"uv": [2, 5, 3, 8], "rotation": 90, "texture": "#0"},
				"up": {"uv": [1, 5, 2, 8], "rotation": 180, "texture": "#0"},
				"down": {"uv": [3, 5, 4, 8], "texture": "#0"}
			}
		},
		{
			"name": "head_2nd_layer",
			"from": [4.82602, 11.55682, 4.82602],
			"to": [11.17398, 17.90479, 11.17398],
			"rotation": {"angle": 45, "axis": "y", "origin": [8, 10.4383, 7.8615]},
			"faces": {
				"north": {"uv": [10, 2, 12, 4], "texture": "#0"},
				"east": {"uv": [8, 2, 10, 4], "texture": "#0"},
				"south": {"uv": [14, 2, 16, 4], "texture": "#0"},
				"west": {"uv": [12, 2, 14, 4], "texture": "#0"},
				"up": {"uv": [12, 2, 10, 0], "texture": "#0"},
				"down": {"uv": [14, 0, 12, 2], "texture": "#0"}
			}
		},
		{
			"name": "body_2nd_layer",
			"from": [6.24792, 7.63587, 6.38742],
			"to": [9.75208, 11.82141, 9.60284],
			"rotation": {"angle": 45, "axis": "y", "origin": [8, 10.4383, 7.8615]},
			"faces": {
				"north": {"uv": [5, 9, 7, 12], "texture": "#0"},
				"east": {"uv": [4, 9, 5, 12], "texture": "#0"},
				"south": {"uv": [8, 9, 10, 12], "texture": "#0"},
				"west": {"uv": [7, 9, 8, 12], "texture": "#0"},
				"up": {"uv": [7, 9, 5, 8], "texture": "#0"},
				"down": {"uv": [9, 8, 7, 9], "texture": "#0"}
			}
		},
		{
			"name": "right_arm_2nd_layer",
			"from": [8.79637, 9.68007, 3.68443],
			"to": [9.9838, 11.16435, 7.54356],
			"rotation": {"angle": -22.5, "axis": "x", "origin": [8.89009, 9.42221, 5.614]},
			"faces": {
				"north": {"uv": [12.5, 8, 11.75, 9], "rotation": 180, "texture": "#0"},
				"east": {"uv": [10, 9, 11, 12], "rotation": 270, "texture": "#0"},
				"south": {"uv": [11.75, 9, 11, 8], "texture": "#0"},
				"west": {"uv": [11.75, 9, 12.75, 12], "rotation": 90, "texture": "#0"},
				"up": {"uv": [10.75, 9, 11.5, 12], "rotation": 180, "texture": "#0"},
				"down": {"uv": [12.75, 9, 13.5, 12], "texture": "#0"}
			}
		},
		{
			"name": "left_arm_2nd_layer",
			"from": [4.71157, 9.55765, 9.48639],
			"to": [8.5707, 11.04193, 10.67382],
			"rotation": {"angle": -45, "axis": "y", "origin": [8, 10.4383, 7.8615]},
			"faces": {
				"north": {"uv": [12, 13, 13, 16], "rotation": 270, "texture": "#0"},
				"east": {"uv": [13.75, 13, 13, 12], "texture": "#0"},
				"south": {"uv": [13.75, 13, 14.75, 16], "rotation": 90, "texture": "#0"},
				"west": {"uv": [12.75, 9, 11.75, 12], "rotation": 90, "texture": "#0"},
				"up": {"uv": [13, 13, 13.75, 16], "rotation": 90, "texture": "#0"},
				"down": {"uv": [14.75, 13, 15.5, 16], "rotation": 90, "texture": "#0"}
			}
		},
		{
			"name": "right_leg_2nd_layer",
			"from": [8.2, 6.6, 4.5],
			"to": [9.68428, 8.08428, 8.35912],
			"rotation": {"angle": 45, "axis": "y", "origin": [8, 10.4383, 7.8615]},
			"faces": {
				"north": {"uv": [3, 8, 2, 9], "rotation": 180, "texture": "#0"},
				"east": {"uv": [0, 9, 1, 12], "rotation": 270, "texture": "#0"},
				"south": {"uv": [2, 9, 1, 8], "texture": "#0"},
				"west": {"uv": [0, 9, 1, 12], "rotation": 90, "texture": "#0"},
				"up": {"uv": [1, 9, 2, 12], "rotation": 180, "texture": "#0"},
				"down": {"uv": [3, 9, 4, 12], "texture": "#0"}
			}
		},
		{
			"name": "left_leg_2nd_layer",
			"from": [6.27355, 6.55766, 4.5],
			"to": [7.75783, 8.04194, 8.35912],
			"rotation": {"angle": 45, "axis": "y", "origin": [8, 10.4383, 7.8615]},
			"faces": {
				"north": {"uv": [3, 12, 2, 13], "rotation": 180, "texture": "#0"},
				"east": {"uv": [0, 13, 1, 16], "rotation": 270, "texture": "#0"},
				"south": {"uv": [2, 13, 1, 12], "texture": "#0"},
				"west": {"uv": [2, 13, 3, 16], "rotation": 90, "texture": "#0"},
				"up": {"uv": [1, 13, 2, 16], "rotation": 180, "texture": "#0"},
				"down": {"uv": [3, 13, 4, 16], "texture": "#0"}
			}
		}
	],
	"display": {
		"thirdperson_righthand": {
			"rotation": [47, -36, -13],
			"translation": [0, 0, -1.25],
			"scale": [0.5, 0.5, 0.5]
		},
		"thirdperson_lefthand": {
			"rotation": [66, 61, 0],
			"translation": [2.5, 0, 16],
			"scale": [0.5, 0.5, 0.5]
		},
		"firstperson_righthand": {
			"rotation": [0, -23, 0],
			"scale": [0.5, 0.5, 0.5]
		},
		"firstperson_lefthand": {
			"rotation": [0, 50.75, 0],
			"scale": [0.5, 0.5, 0.5]
		},
		"ground": {
			"translation": [0, 0, -6.5],
			"scale": [0.5, 0.5, 0.5]
		},
		"gui": {
			"rotation": [-2, 133, 0],
			"translation": [0, -4.25, 0]
		},
		"head": {
			"rotation": [0, -36, 0],
			"translation": [10, -5.5, 0],
			"scale": [0.5, 0.5, 0.5]
		},
		"fixed": {
			"rotation": [0.5, -45, 1.5],
			"translation": [0, -4.5, -2.5]
		}
	},
	"groups": [
		{
			"name": "alex",
			"origin": [8, 8, 8],
			"color": 0,
			"children": [0, 1, 2, 3, 4, 5, 6, 7, 8, 9, 10, 11]
		}
	]
}