{
	"credit": "Made with Blockbench",
	"textures": {
		"0": "item/diamond/101",
		"1": "item/brick/949",
		"particle": "item/brick/949"
	},
	"elements": [
		{
			"name": "head",
			"from": [5.17868, 11.90949, 5.17868],
			"to": [10.82132, 17.55213, 10.82132],
			"rotation": {"angle": 45, "axis": "y", "origin": [8, 10.4383, 7.8615]},
			"faces": {
				"north": {"uv": [2, 2, 4, 4], "texture": "#0"},
				"east": {"uv": [0, 2, 2, 4], "texture": "#0"},
				"south": {"uv": [6, 2, 8, 4], "texture": "#0"},
				"west": {"uv": [4, 2, 6, 4], "texture": "#0"},
				"up": {"uv": [4, 2, 2, 0], "texture": "#0"},
				"down": {"uv": [6, 0, 4, 2], "texture": "#0"}
			}
		},
		{
			"name": "body",
			"from": [6.24792, 7.86956, 6.63571],
			"to": [9.75208, 11.95398, 9.36429],
			"rotation": {"angle": 45, "axis": "y", "origin": [8, 10.4383, 7.8615]},
			"faces": {
				"north": {"uv": [5, 5, 7, 8], "texture": "#0"},
				"east": {"uv": [4, 5, 5, 8], "texture": "#0"},
				"south": {"uv": [8, 5, 10, 8], "texture": "#0"},
				"west": {"uv": [7, 5, 8, 8], "texture": "#0"},
				"up": {"uv": [7, 5, 5, 4], "texture": "#0"},
				"down": {"uv": [9, 4, 7, 5], "texture": "#0"}
			}
		},
		{
			"name": "right_arm",
			"from": [8.9448, 9.8285, 3.83286],
			"to": [9.83537, 11.01592, 7.39513],
			"rotation": {"angle": -22.5, "axis": "x", "origin": [8.89009, 9.42221, 5.614]},
			"faces": {
				"north": {"uv": [12.5, 4, 11.75, 5], "rotation": 180, "texture": "#0"},
				"east": {"uv": [10, 5, 11, 8], "rotation": 270, "texture": "#0"},
				"south": {"uv": [11.75, 5, 11, 4], "texture": "#0"},
				"west": {"uv": [11.75, 5, 12.75, 8], "rotation": 90, "texture": "#0"},
				"up": {"uv": [11, 5, 11.75, 8], "rotation": 180, "texture": "#0"},
				"down": {"uv": [12.75, 5, 13.5, 8], "texture": "#0"}
			}
		},
		{
			"name": "head_2nd_layer",
			"from": [4.82602, 11.55682, 4.82602],
			"to": [11.17398, 17.90479, 11.17398],
			"rotation": {"angle": 45, "axis": "y", "origin": [8, 10.4383, 7.8615]},
			"faces": {
				"north": {"uv": [10, 2, 12, 4], "texture": "#0"},
				"east": {"uv": [8, 2, 10, 4], "texture": "#0"},
				"south": {"uv": [14, 2, 16, 4], "texture": "#0"},
				"west": {"uv": [12, 2, 14, 4], "texture": "#0"},
				"up": {"uv": [12, 2, 10, 0], "texture": "#0"},
				"down": {"uv": [14, 0, 12, 2], "texture": "#0"}
			}
		},
		{
			"name": "body_2nd_layer",
			"from": [6.24792, 7.63587, 6.38742],
			"to": [9.75208, 11.82141, 9.60284],
			"rotation": {"angle": 45, "axis": "y", "origin": [8, 10.4383, 7.8615]},
			"faces": {
				"north": {"uv": [5, 9, 7, 12], "texture": "#0"},
				"east": {"uv": [4, 9, 5, 12], "texture": "#0"},
				"south": {"uv": [8, 9, 10, 12], "texture": "#0"},
				"west": {"uv": [7, 9, 8, 12], "texture": "#0"},
				"up": {"uv": [7, 9, 5, 8], "texture": "#0"},
				"down": {"uv": [9, 8, 7, 9], "texture": "#0"}
			}
		},
		{
			"name": "right_arm_2nd_layer",
			"from": [8.79637, 9.68007, 3.68443],
			"to": [9.9838, 11.16435, 7.54356],
			"rotation": {"angle": -22.5, "axis": "x", "origin": [8.89009, 9.42221, 5.614]},
			"faces": {
				"north": {"uv": [12.5, 8, 11.75, 9], "rotation": 180, "texture": "#0"},
				"east": {"uv": [10, 9, 11, 12], "rotation": 270, "texture": "#0"},
				"south": {"uv": [11.75, 9, 11, 8], "texture": "#0"},
				"west": {"uv": [11.75, 9, 12.75, 12], "rotation": 90, "texture": "#0"},
				"up": {"uv": [10.75, 9, 11.5, 12], "rotation": 180, "texture": "#0"},
				"down": {"uv": [12.75, 9, 13.5, 12], "texture": "#0"}
			}
		},
		{
			"name": "left_arm_2nd_layer",
			"from": [3.71157, 10.55765, 8.48639],
			"to": [7.5707, 12.04193, 9.67382],
			"rotation": {"angle": 22.5, "axis": "z", "origin": [8, 10.4383, 7.8615]},
			"faces": {
				"north": {"uv": [12, 13, 13, 16], "rotation": 270, "texture": "#0"},
				"east": {"uv": [13.75, 13, 13, 12], "texture": "#0"},
				"south": {"uv": [13.75, 13, 14.75, 16], "rotation": 90, "texture": "#0"},
				"west": {"uv": [14.5, 12, 13.75, 13], "rotation": 180, "texture": "#0"},
				"up": {"uv": [13, 13, 13.75, 16], "rotation": 90, "texture": "#0"},
				"down": {"uv": [14.75, 13, 15.5, 16], "rotation": 90, "texture": "#0"}
			}
		},
		{
			"name": "right_leg_2nd_layer",
			"from": [8.24217, 4.2268, 7.25786],
			"to": [9.72645, 8.08592, 8.74214],
			"rotation": {"angle": 45, "axis": "y", "origin": [8, 10.4383, 7.8615]},
			"faces": {
				"north": {"uv": [1, 5, 2, 8], "texture": "#0"},
				"east": {"uv": [0, 5, 1, 8], "texture": "#0"},
				"south": {"uv": [2, 5, 3, 8], "texture": "#0"},
				"west": {"uv": [0, 5, 1, 8], "texture": "#0"},
				"up": {"uv": [2, 5, 1, 4], "texture": "#0"},
				"down": {"uv": [3, 4, 2, 5], "texture": "#0"}
			}
		},
		{
			"name": "left_leg_2nd_layer",
			"from": [6.27355, 4.1268, 7.25786],
			"to": [7.75783, 7.98592, 8.74214],
			"rotation": {"angle": 45, "axis": "y", "origin": [8, 10.4383, 7.8615]},
			"faces": {
				"north": {"uv": [5, 13, 6, 16], "texture": "#0"},
				"east": {"uv": [4, 13, 5, 16], "texture": "#0"},
				"south": {"uv": [4, 13, 5, 16], "texture": "#0"},
				"west": {"uv": [4, 13, 5, 16], "texture": "#0"},
				"up": {"uv": [4, 13, 5, 16], "texture": "#0"},
				"down": {"uv": [4, 13, 5, 16], "texture": "#0"}
			}
		},
		{
			"from": [6, 8, 2],
			"to": [9, 11, 5],
			"faces": {
				"north": {"uv": [0, 4, 2, 6.25], "texture": "#1"},
				"east": {"uv": [10, 5.25, 12, 8], "texture": "#1"},
				"south": {"uv": [0, 4, 2, 6.25], "texture": "#1"},
				"west": {"uv": [10, 5.25, 12, 8], "texture": "#1"},
				"up": {"uv": [0, 4, 2, 6], "texture": "#1"},
				"down": {"uv": [0, 4, 1.5, 6.25], "texture": "#1"}
			}
		}
	],
	"display": {
		"thirdperson_righthand": {
			"translation": [0, 2.75, 1.5],
			"scale": [0.68, 0.68, 0.68]
		},
		"thirdperson_lefthand": {
			"rotation": [0, 180, 0],
			"translation": [0, 2.75, 1.5],
			"scale": [0.68, 0.68, 0.68]
		},
		"firstperson_righthand": {
			"rotation": [0, -90, 25],
			"translation": [1.39, 3, 1.13],
			"scale": [0.68, 0.68, 0.68]
		},
		"firstperson_lefthand": {
			"rotation": [0, 90, -25],
			"translation": [1.39, 3, 1.13],
			"scale": [0.68, 0.68, 0.68]
		},
		"ground": {
			"translation": [0, 3, 0],
			"scale": [0.5, 0.5, 0.5]
		},
		"gui": {
			"rotation": [19, 125.5, 0],
			"translation": [0, -3.5, 0]
		},
		"head": {
			"rotation": [0, 180, 0],
			"translation": [0, 13, 7]
		},
		"fixed": {
			"rotation": [-20, 180, 0],
			"translation": [0, 0, -2.75],
			"scale": [1.02, 1.02, 1.02]
		}
	},
	"groups": [
		{
			"name": "alex",
			"origin": [8, 8, 8],
			"color": 0,
			"children": [0, 1, 2, 3, 4, 5, 6, 7, 8]
		}, 9]
}