{
	"credit": "Made with Blockbench",
	"textures": {
		"0": "item/brick/985",
		"particle": "item/brick/985"
	},
	"elements": [
		{
			"from": [1, 1, 9],
			"to": [2, 2, 10],
			"faces": {
				"north": {"uv": [10.5, 9.66667, 11.5, 10.33333], "texture": "#0"},
				"east": {"uv": [10.5, 9.66667, 11.5, 10.33333], "texture": "#0"},
				"south": {"uv": [10.5, 9.66667, 11.5, 10.33333], "texture": "#0"},
				"west": {"uv": [10.5, 9.66667, 11.5, 10.33333], "texture": "#0"},
				"up": {"uv": [10.5, 9.66667, 11.5, 10.33333], "texture": "#0"},
				"down": {"uv": [10.5, 9.66667, 11.5, 10.33333], "texture": "#0"}
			}
		},
		{
			"from": [1, 5, 9],
			"to": [2, 6, 10],
			"faces": {
				"north": {"uv": [10.5, 9.66667, 11.5, 10.33333], "texture": "#0"},
				"east": {"uv": [10.5, 9.66667, 11.5, 10.33333], "texture": "#0"},
				"south": {"uv": [10.5, 9.66667, 11.5, 10.33333], "texture": "#0"},
				"west": {"uv": [10.5, 9.66667, 11.5, 10.33333], "texture": "#0"},
				"up": {"uv": [10.5, 9.66667, 11.5, 10.33333], "texture": "#0"},
				"down": {"uv": [10.5, 9.66667, 11.5, 10.33333], "texture": "#0"}
			}
		},
		{
			"from": [7, 5, 9],
			"to": [8, 6, 10],
			"faces": {
				"north": {"uv": [10.5, 9.66667, 11.5, 10.33333], "texture": "#0"},
				"east": {"uv": [10.5, 9.66667, 11.5, 10.33333], "texture": "#0"},
				"south": {"uv": [10.5, 9.66667, 11.5, 10.33333], "texture": "#0"},
				"west": {"uv": [10.5, 9.66667, 11.5, 10.33333], "texture": "#0"},
				"up": {"uv": [10.5, 9.66667, 11.5, 10.33333], "texture": "#0"},
				"down": {"uv": [10.5, 9.66667, 11.5, 10.33333], "texture": "#0"}
			}
		},
		{
			"from": [7, 1, 9],
			"to": [8, 2, 10],
			"faces": {
				"north": {"uv": [10.5, 9.66667, 11.5, 10.33333], "texture": "#0"},
				"east": {"uv": [10.5, 9.66667, 11.5, 10.33333], "texture": "#0"},
				"south": {"uv": [10.5, 9.66667, 11.5, 10.33333], "texture": "#0"},
				"west": {"uv": [10.5, 9.66667, 11.5, 10.33333], "texture": "#0"},
				"up": {"uv": [10.5, 9.66667, 11.5, 10.33333], "texture": "#0"},
				"down": {"uv": [10.5, 9.66667, 11.5, 10.33333], "texture": "#0"}
			}
		},
		{
			"from": [0, 2, 9],
			"to": [1, 5, 10],
			"faces": {
				"north": {"uv": [10.5, 9.66667, 11.5, 10.33333], "texture": "#0"},
				"east": {"uv": [10.5, 9.66667, 11.5, 10.33333], "texture": "#0"},
				"south": {"uv": [10.5, 9.66667, 11.5, 10.33333], "texture": "#0"},
				"west": {"uv": [10.5, 9.66667, 11.5, 10.33333], "texture": "#0"},
				"up": {"uv": [10.5, 9.66667, 11.5, 10.33333], "texture": "#0"},
				"down": {"uv": [10.5, 9.66667, 11.5, 10.33333], "texture": "#0"}
			}
		},
		{
			"from": [8, 2, 9],
			"to": [9, 5, 10],
			"faces": {
				"north": {"uv": [10.5, 9.66667, 11.5, 10.33333], "texture": "#0"},
				"east": {"uv": [10.5, 9.66667, 11.5, 10.33333], "texture": "#0"},
				"south": {"uv": [10.5, 9.66667, 11.5, 10.33333], "texture": "#0"},
				"west": {"uv": [10.5, 9.66667, 11.5, 10.33333], "texture": "#0"},
				"up": {"uv": [10.5, 9.66667, 11.5, 10.33333], "texture": "#0"},
				"down": {"uv": [10.5, 9.66667, 11.5, 10.33333], "texture": "#0"}
			}
		},
		{
			"from": [1, 1, 9.05],
			"to": [8, 6, 9.95],
			"faces": {
				"north": {"uv": [7.16667, 8.5, 8.33333, 9], "texture": "#0"},
				"east": {"uv": [10.5, 9.66667, 11.5, 10.33333], "texture": "#0"},
				"south": {"uv": [7.33333, 8.16667, 8.5, 9], "texture": "#0"},
				"west": {"uv": [10.5, 9.66667, 11.5, 10.33333], "texture": "#0"},
				"up": {"uv": [10.5, 9.66667, 11.5, 10.33333], "texture": "#0"},
				"down": {"uv": [10.5, 9.66667, 11.5, 10.33333], "texture": "#0"}
			}
		},
		{
			"from": [2, 0, 9],
			"to": [7, 1, 10],
			"faces": {
				"north": {"uv": [10.5, 9.66667, 11.5, 10.33333], "texture": "#0"},
				"east": {"uv": [10.5, 9.66667, 11.5, 10.33333], "texture": "#0"},
				"south": {"uv": [10.5, 9.66667, 11.5, 10.33333], "texture": "#0"},
				"west": {"uv": [10.5, 9.66667, 11.5, 10.33333], "texture": "#0"},
				"up": {"uv": [10.5, 9.66667, 11.5, 10.33333], "texture": "#0"},
				"down": {"uv": [10.5, 9.66667, 11.5, 10.33333], "texture": "#0"}
			}
		},
		{
			"from": [2, 6, 9],
			"to": [7, 7, 10],
			"faces": {
				"north": {"uv": [10.5, 9.66667, 11.5, 10.33333], "texture": "#0"},
				"east": {"uv": [10.5, 9.66667, 11.5, 10.33333], "texture": "#0"},
				"south": {"uv": [10.5, 9.66667, 11.5, 10.33333], "texture": "#0"},
				"west": {"uv": [10.5, 9.66667, 11.5, 10.33333], "texture": "#0"},
				"up": {"uv": [10.5, 9.66667, 11.5, 10.33333], "texture": "#0"},
				"down": {"uv": [10.5, 9.66667, 11.5, 10.33333], "texture": "#0"}
			}
		}
	],
	"display": {
		"thirdperson_righthand": {
			"translation": [0, 1.5, 0],
			"scale": [0.2, 0.2, 0.2]
		},
		"thirdperson_lefthand": {
			"translation": [0, 2, 0],
			"scale": [0.2, 0.2, 0.2]
		},
		"firstperson_righthand": {
			"rotation": [0, -180, 0],
			"translation": [0, 4, 0],
			"scale": [0.6, 0.6, 0.6]
		},
		"ground": {
			"translation": [0, 1.5, 0],
			"scale": [0.5, 0.5, 0.5]
		},
		"gui": {
			"rotation": [0, -180, 0],
			"translation": [-3, 3.5, 0]
		},
		"fixed": {
			"translation": [3.5, 3.5, -1.5]
		}
	}
}