{
	"credit": "Made with Blockbench",
	"textures": {
		"0": "item/brick/980",
		"particle": "item/brick/980"
	},
	"elements": [
		{
			"from": [1, 1, 8],
			"to": [8, 6, 9],
			"faces": {
				"north": {"uv": [4, 5, 11, 9.66667], "texture": "#0"},
				"east": {"uv": [4, 5, 5, 6], "texture": "#0"},
				"south": {"uv": [4, 5, 11, 10], "texture": "#0"},
				"west": {"uv": [4, 5, 5, 6], "texture": "#0"},
				"up": {"uv": [4, 5, 5, 6], "texture": "#0"},
				"down": {"uv": [4, 5, 5, 6], "texture": "#0"}
			}
		},
		{
			"from": [0, 2, 8],
			"to": [9, 5, 9],
			"faces": {
				"north": {"uv": [3, 6, 12, 9], "texture": "#0"},
				"east": {"uv": [4, 5, 5, 6], "texture": "#0"},
				"south": {"uv": [3, 6, 12, 9], "texture": "#0"},
				"west": {"uv": [4, 5, 5, 6], "texture": "#0"},
				"up": {"uv": [4, 5, 5, 6], "texture": "#0"},
				"down": {"uv": [4, 5, 5, 6], "texture": "#0"}
			}
		},
		{
			"from": [2, 0, 8],
			"to": [7, 7, 9],
			"faces": {
				"north": {"uv": [5, 4, 10, 11], "texture": "#0"},
				"east": {"uv": [5, 4, 6, 5], "texture": "#0"},
				"south": {"uv": [5, 4, 10, 11], "texture": "#0"},
				"west": {"uv": [5, 4, 6, 5], "texture": "#0"},
				"up": {"uv": [5, 4, 6, 5], "texture": "#0"},
				"down": {"uv": [5, 4, 6, 5], "texture": "#0"}
			}
		},
		{
			"from": [1, 2.5, 9],
			"to": [8, 7.5, 10],
			"faces": {
				"north": {"uv": [4, 5, 11, 9.66667], "texture": "#0"},
				"east": {"uv": [4, 5, 5, 6], "texture": "#0"},
				"south": {"uv": [4, 5, 11, 10], "texture": "#0"},
				"west": {"uv": [4, 5, 5, 6], "texture": "#0"},
				"up": {"uv": [4, 5, 5, 6], "texture": "#0"},
				"down": {"uv": [4, 5, 5, 6], "texture": "#0"}
			}
		},
		{
			"from": [0, 3.5, 9],
			"to": [9, 6.5, 10],
			"faces": {
				"north": {"uv": [3, 6, 12, 9], "texture": "#0"},
				"east": {"uv": [4, 5, 5, 6], "texture": "#0"},
				"south": {"uv": [3, 6, 12, 9], "texture": "#0"},
				"west": {"uv": [4, 5, 5, 6], "texture": "#0"},
				"up": {"uv": [4, 5, 5, 6], "texture": "#0"},
				"down": {"uv": [4, 5, 5, 6], "texture": "#0"}
			}
		},
		{
			"from": [2, 1.5, 9],
			"to": [7, 8.5, 10],
			"faces": {
				"north": {"uv": [5, 4, 10, 11], "texture": "#0"},
				"east": {"uv": [5, 4, 6, 5], "texture": "#0"},
				"south": {"uv": [5, 4, 10, 11], "texture": "#0"},
				"west": {"uv": [5, 4, 6, 5], "texture": "#0"},
				"up": {"uv": [5, 4, 6, 5], "texture": "#0"},
				"down": {"uv": [5, 4, 6, 5], "texture": "#0"}
			}
		},
		{
			"from": [1, 4.5, 10],
			"to": [8, 9.5, 11],
			"faces": {
				"north": {"uv": [4, 5, 11, 9.66667], "texture": "#0"},
				"east": {"uv": [4, 5, 5, 6], "texture": "#0"},
				"south": {"uv": [4, 5, 11, 10], "texture": "#0"},
				"west": {"uv": [4, 5, 5, 6], "texture": "#0"},
				"up": {"uv": [4, 5, 5, 6], "texture": "#0"},
				"down": {"uv": [4, 5, 5, 6], "texture": "#0"}
			}
		},
		{
			"from": [0, 5.5, 10],
			"to": [9, 8.5, 11],
			"faces": {
				"north": {"uv": [3, 6, 12, 9], "texture": "#0"},
				"east": {"uv": [4, 5, 5, 6], "texture": "#0"},
				"south": {"uv": [3, 6, 12, 9], "texture": "#0"},
				"west": {"uv": [4, 5, 5, 6], "texture": "#0"},
				"up": {"uv": [4, 5, 5, 6], "texture": "#0"},
				"down": {"uv": [4, 5, 5, 6], "texture": "#0"}
			}
		},
		{
			"from": [2, 3.5, 10],
			"to": [7, 10.5, 11],
			"faces": {
				"north": {"uv": [5, 4, 10, 11], "texture": "#0"},
				"east": {"uv": [5, 4, 6, 5], "texture": "#0"},
				"south": {"uv": [5, 4, 10, 11], "texture": "#0"},
				"west": {"uv": [5, 4, 6, 5], "texture": "#0"},
				"up": {"uv": [5, 4, 6, 5], "texture": "#0"},
				"down": {"uv": [5, 4, 6, 5], "texture": "#0"}
			}
		},
		{
			"from": [7, 1.5, 11],
			"to": [14, 6.5, 12],
			"faces": {
				"north": {"uv": [4, 5, 11, 9.66667], "texture": "#0"},
				"east": {"uv": [4, 5, 5, 6], "texture": "#0"},
				"south": {"uv": [4, 5, 11, 10], "texture": "#0"},
				"west": {"uv": [4, 5, 5, 6], "texture": "#0"},
				"up": {"uv": [4, 5, 5, 6], "texture": "#0"},
				"down": {"uv": [4, 5, 5, 6], "texture": "#0"}
			}
		},
		{
			"from": [6, 2.5, 11],
			"to": [15, 5.5, 12],
			"faces": {
				"north": {"uv": [3, 6, 12, 9], "texture": "#0"},
				"east": {"uv": [4, 5, 5, 6], "texture": "#0"},
				"south": {"uv": [3, 6, 12, 9], "texture": "#0"},
				"west": {"uv": [4, 5, 5, 6], "texture": "#0"},
				"up": {"uv": [4, 5, 5, 6], "texture": "#0"},
				"down": {"uv": [4, 5, 5, 6], "texture": "#0"}
			}
		},
		{
			"from": [8, 0.5, 11],
			"to": [13, 7.5, 12],
			"faces": {
				"north": {"uv": [5, 4, 10, 11], "texture": "#0"},
				"east": {"uv": [5, 4, 6, 5], "texture": "#0"},
				"south": {"uv": [5, 4, 10, 11], "texture": "#0"},
				"west": {"uv": [5, 4, 6, 5], "texture": "#0"},
				"up": {"uv": [5, 4, 6, 5], "texture": "#0"},
				"down": {"uv": [5, 4, 6, 5], "texture": "#0"}
			}
		}
	],
	"display": {
		"thirdperson_righthand": {
			"translation": [0, 1.5, 0],
			"scale": [0.2, 0.2, 0.2]
		},
		"thirdperson_lefthand": {
			"translation": [0, 1.5, 0],
			"scale": [0.2, 0.2, 0.2]
		},
		"firstperson_righthand": {
			"rotation": [0, -180, 0],
			"translation": [0, 4, 0],
			"scale": [0.6, 0.6, 0.6]
		},
		"ground": {
			"translation": [0, 1.5, 0],
			"scale": [0.5, 0.5, 0.5]
		},
		"gui": {
			"rotation": [0, -180, 0],
			"translation": [-0.5, 2, 0]
		},
		"fixed": {
			"translation": [1, 2, -3.5]
		}
	},
	"groups": [0, 1, 2,
		{
			"name": "109",
			"origin": [8, 8, 8],
			"color": 0,
			"children": [3, 4, 5]
		},
		{
			"name": "109",
			"origin": [8, 8, 8],
			"color": 0,
			"children": [6, 7, 8]
		},
		{
			"name": "109",
			"origin": [8, 8, 8],
			"color": 0,
			"children": [9, 10, 11]
		}
	]
}