{
	"credit": "Made with Blockbench",
	"textures": {
		"0": "item/charcoal/12",
		"1": "item/charcoal/15",
		"particle": "item/charcoal/12"
	},
	"elements": [
		{
			"from": [7, 0, 2],
			"to": [9, 1, 3],
			"faces": {
				"north": {"uv": [0, 0, 2, 1], "texture": "#1"},
				"east": {"uv": [0, 0, 3, 11.75], "rotation": 270, "texture": "#1"},
				"south": {"uv": [14.27, 0, 15.946, 1.973], "texture": "#1"},
				"west": {"uv": [0, 0, 3, 11.75], "rotation": 90, "texture": "#1"},
				"up": {"uv": [0, 0, 2, 10], "texture": "#1"},
				"down": {"uv": [0, 0.865, 6.696, 4.757], "texture": "#1"}
			}
		},
		{
			"from": [7, 0, 3],
			"to": [9, 1, 4],
			"faces": {
				"north": {"uv": [0, 0, 2, 1], "texture": "#1"},
				"east": {"uv": [0, 0, 3, 11.75], "rotation": 270, "texture": "#1"},
				"south": {"uv": [14.27, 0, 15.946, 1.973], "texture": "#1"},
				"west": {"uv": [0, 0, 3, 11.75], "rotation": 90, "texture": "#1"},
				"up": {"uv": [0, 0, 2, 10], "texture": "#1"},
				"down": {"uv": [0.432, 12.108, 7.128, 16], "texture": "#1"}
			}
		},
		{
			"from": [6, 0, 4],
			"to": [10, 1, 7],
			"faces": {
				"north": {"uv": [0, 0, 2, 1], "texture": "#1"},
				"east": {"uv": [0, 0, 3, 11.75], "rotation": 270, "texture": "#1"},
				"south": {"uv": [14.27, 0, 15.946, 1.973], "texture": "#1"},
				"west": {"uv": [0, 0, 3, 11.75], "rotation": 90, "texture": "#1"},
				"up": {"uv": [0, 0, 2, 10], "texture": "#1"},
				"down": {"uv": [0.432, 12.108, 7.128, 16], "texture": "#1"}
			}
		},
		{
			"from": [7, 0, 10],
			"to": [9, 1, 12],
			"faces": {
				"north": {"uv": [15.946, 2.622, 14.27, 0], "texture": "#1"},
				"east": {"uv": [7.676, 12, 9.593, 15.965], "rotation": 270, "texture": "#1"},
				"south": {"uv": [0, 0, 2, 1], "texture": "#1"},
				"west": {"uv": [7.676, 12, 9.593, 15.965], "rotation": 90, "texture": "#1"},
				"up": {"uv": [0, 0, 2, 10], "texture": "#1"},
				"down": {"uv": [0.432, 12.108, 7.128, 15.895], "texture": "#1"}
			}
		},
		{
			"from": [6, 0, 12],
			"to": [10, 1.5, 13.04],
			"faces": {
				"north": {"uv": [0, 12.757, 0.486, 13.243], "texture": "#1"},
				"east": {"uv": [15.568, 5.946, 16, 6.432], "texture": "#1"},
				"south": {"uv": [14.27, 5.946, 15.983, 16], "rotation": 90, "texture": "#1"},
				"west": {"uv": [15.568, 6.378, 16, 6.864], "texture": "#1"},
				"up": {"uv": [15.135, 6.054, 15.621, 6.513], "texture": "#1"},
				"down": {"uv": [0.432, 13.946, 7.08, 16], "texture": "#1"}
			}
		},
		{
			"from": [7, 1, 4],
			"to": [9, 2, 12],
			"faces": {
				"north": {"uv": [0, 0, 2, 1], "texture": "#1"},
				"east": {"uv": [0, 0, 2.135, 9.375], "rotation": 270, "texture": "#1"},
				"south": {"uv": [0, 0, 2, 1], "texture": "#1"},
				"west": {"uv": [0, 0, 3, 0.402], "rotation": 90, "texture": "#1"},
				"up": {"uv": [0, 0, 0.405, 9.375], "rotation": 180, "texture": "#1"},
				"down": {"uv": [7.784, 9.73, 9.568, 15.566], "rotation": 180, "texture": "#1"}
			}
		},
		{
			"from": [9, 1, 7],
			"to": [9.5, 2, 12],
			"faces": {
				"north": {"uv": [0, 0, 2, 1], "texture": "#1"},
				"east": {"uv": [0, 0, 2.135, 9.375], "rotation": 270, "texture": "#1"},
				"south": {"uv": [0, 0, 2, 1], "texture": "#1"},
				"west": {"uv": [0, 0, 3, 0.402], "rotation": 90, "texture": "#1"},
				"up": {"uv": [0, 0, 0.405, 9.375], "rotation": 180, "texture": "#1"},
				"down": {"uv": [7.784, 9.73, 9.568, 15.566], "rotation": 180, "texture": "#1"}
			}
		},
		{
			"from": [6.5, 0.6, 7],
			"to": [7, 2.1, 12],
			"faces": {
				"north": {"uv": [2, 0, 0, 1], "texture": "#1"},
				"east": {"uv": [0, 0.402, 3, 0], "rotation": 90, "texture": "#1"},
				"south": {"uv": [2, 0, 0, 1], "texture": "#1"},
				"west": {"uv": [0, 9.375, 2.135, 0], "rotation": 270, "texture": "#1"},
				"up": {"uv": [0.405, 0, 0, 9.375], "rotation": 180, "texture": "#1"},
				"down": {"uv": [9.568, 9.73, 7.784, 15.566], "rotation": 180, "texture": "#1"}
			}
		},
		{
			"from": [7, 1.4, 12.02],
			"to": [9, 2.4, 13.02],
			"faces": {
				"north": {"uv": [15.946, 0, 14.27, 2.189], "texture": "#1"},
				"east": {"uv": [6.35, 9.48, 0.973, 6.703], "rotation": 180, "texture": "#1"},
				"south": {"uv": [15.837, 5.946, 15.351, 6.405], "texture": "#1"},
				"west": {"uv": [7.539, 9.481, 2.162, 6.703], "rotation": 180, "texture": "#1"},
				"up": {"uv": [0.405, 0, 0, 0.402], "rotation": 180, "texture": "#1"},
				"down": {"uv": [0.486, 0, 0, 0.432], "texture": "#1"}
			}
		},
		{
			"from": [7.27, 3, 9.02],
			"to": [8.75, 3.4, 13.04],
			"faces": {
				"north": {"uv": [14.27, 0, 15.946, 0.892], "texture": "#1"},
				"east": {"uv": [0, 0, 0.405, 0.402], "rotation": 270, "texture": "#1"},
				"south": {"uv": [7.784, 11.892, 9.568, 13.324], "texture": "#1"},
				"west": {"uv": [0, 0, 0.405, 0.402], "rotation": 90, "texture": "#1"},
				"up": {"uv": [1.405, 4, 7.213, 10.455], "texture": "#1"},
				"down": {"uv": [0, 0, 0.486, 0.432], "texture": "#1"}
			}
		},
		{
			"from": [7.27, 3, 8],
			"to": [8.75, 3.4, 9],
			"rotation": {"angle": -22.5, "axis": "x", "origin": [8, 3.4, 9]},
			"faces": {
				"north": {"uv": [15.243, 5.405, 16, 5.864], "texture": "#1"},
				"east": {"uv": [15.135, 5.405, 15.54, 5.864], "rotation": 270, "texture": "#1"},
				"south": {"uv": [15.027, 5.297, 15.469, 5.756], "texture": "#1"},
				"west": {"uv": [14.919, 5.405, 15.432, 5.864], "rotation": 90, "texture": "#1"},
				"up": {"uv": [15.135, 5.297, 15.537, 5.78], "rotation": 180, "texture": "#1"},
				"down": {"uv": [14.595, 5.081, 14.997, 5.563], "texture": "#1"}
			}
		},
		{
			"from": [7.6, 1.7, 8.5],
			"to": [8.6, 3.1, 10.5],
			"rotation": {"angle": -22.5, "axis": "z", "origin": [7.6, 4, 10]},
			"faces": {
				"north": {"uv": [15.243, 5.405, 16, 5.864], "rotation": 270, "texture": "#1"},
				"east": {"uv": [15.135, 5.405, 15.54, 5.864], "rotation": 90, "texture": "#1"},
				"south": {"uv": [15.027, 5.297, 15.469, 5.756], "rotation": 90, "texture": "#1"},
				"west": {"uv": [14.919, 5.405, 15.432, 5.864], "rotation": 90, "texture": "#1"},
				"up": {"uv": [15.135, 5.297, 15.537, 5.78], "rotation": 90, "texture": "#1"},
				"down": {"uv": [14.595, 5.081, 14.997, 5.563], "rotation": 90, "texture": "#1"}
			}
		},
		{
			"from": [7.4, 1.7, 8.5],
			"to": [8.4, 3.1, 10.5],
			"rotation": {"angle": 22.5, "axis": "z", "origin": [8.4, 4, 10]},
			"faces": {
				"north": {"uv": [15.243, 5.864, 16, 5.405], "rotation": 270, "texture": "#1"},
				"east": {"uv": [14.919, 5.864, 15.432, 5.405], "rotation": 90, "texture": "#1"},
				"south": {"uv": [15.027, 5.756, 15.469, 5.297], "rotation": 90, "texture": "#1"},
				"west": {"uv": [15.135, 5.864, 15.54, 5.405], "rotation": 90, "texture": "#1"},
				"up": {"uv": [15.135, 5.78, 15.537, 5.297], "rotation": 90, "texture": "#1"},
				"down": {"uv": [14.595, 5.563, 14.997, 5.081], "rotation": 90, "texture": "#1"}
			}
		},
		{
			"from": [7.4, 2, 7.5],
			"to": [8.2, 2.6, 9.5],
			"rotation": {"angle": 22.5, "axis": "z", "origin": [8.4, 4, 10]},
			"faces": {
				"north": {"uv": [15.243, 5.405, 16, 5.864], "rotation": 270, "texture": "#1"},
				"east": {"uv": [15.135, 5.405, 15.54, 5.864], "rotation": 90, "texture": "#1"},
				"south": {"uv": [15.027, 5.297, 15.469, 5.756], "rotation": 90, "texture": "#1"},
				"west": {"uv": [14.919, 5.405, 15.432, 5.864], "rotation": 90, "texture": "#1"},
				"up": {"uv": [15.135, 5.297, 15.537, 5.78], "rotation": 90, "texture": "#1"},
				"down": {"uv": [14.595, 5.081, 14.997, 5.563], "rotation": 90, "texture": "#1"}
			}
		},
		{
			"from": [7.8, 2, 7.5],
			"to": [8.6, 2.6, 9.5],
			"rotation": {"angle": -22.5, "axis": "z", "origin": [7.6, 4, 9]},
			"faces": {
				"north": {"uv": [15.243, 5.405, 16, 5.864], "rotation": 270, "texture": "#1"},
				"east": {"uv": [15.135, 5.405, 15.54, 5.864], "rotation": 90, "texture": "#1"},
				"south": {"uv": [15.027, 5.297, 15.469, 5.756], "rotation": 90, "texture": "#1"},
				"west": {"uv": [14.919, 5.405, 15.432, 5.864], "rotation": 90, "texture": "#1"},
				"up": {"uv": [15.135, 5.297, 15.537, 5.78], "rotation": 90, "texture": "#1"},
				"down": {"uv": [14.595, 5.081, 14.997, 5.563], "rotation": 90, "texture": "#1"}
			}
		},
		{
			"from": [7.4, 2, 5.4],
			"to": [8.6, 3, 8.6],
			"rotation": {"angle": -22.5, "axis": "x", "origin": [8, 3, 8.4]},
			"faces": {
				"north": {"uv": [15.243, 5.405, 16, 5.864], "texture": "#1"},
				"east": {"uv": [15.135, 5.405, 15.54, 5.864], "texture": "#1"},
				"south": {"uv": [15.027, 5.297, 15.469, 5.756], "texture": "#1"},
				"west": {"uv": [14.919, 5.405, 15.432, 5.864], "texture": "#1"},
				"up": {"uv": [15.135, 5.297, 15.537, 5.78], "texture": "#1"},
				"down": {"uv": [14.595, 5.081, 14.997, 5.563], "texture": "#1"}
			}
		},
		{
			"from": [9, 1, 2],
			"to": [9.3, 2, 4],
			"rotation": {"angle": -22.5, "axis": "x", "origin": [8, 2, 4]},
			"faces": {
				"north": {"uv": [2, 0, 0, 1], "texture": "#1"},
				"east": {"uv": [0, 0, 0.405, 0.402], "texture": "#1"},
				"south": {"uv": [5.5, 9.5, 3.5, 10.5], "texture": "#1"},
				"west": {"uv": [0, 0, 0.405, 0.402], "texture": "#1"},
				"up": {"uv": [0, 0, 0.405, 9.375], "texture": "#1"},
				"down": {"uv": [0, 0, 0.486, 0.432], "texture": "#1"}
			}
		},
		{
			"from": [9.3, 0.9, 2.3],
			"to": [9.6, 1.9, 4],
			"rotation": {"angle": -45, "axis": "x", "origin": [8, 2, 4]},
			"faces": {
				"north": {"uv": [2, 0, 0, 1], "texture": "#1"},
				"east": {"uv": [0, 0, 0.405, 0.402], "texture": "#1"},
				"south": {"uv": [5.5, 9.5, 3.5, 10.5], "texture": "#1"},
				"west": {"uv": [0, 0, 0.405, 0.402], "texture": "#1"},
				"up": {"uv": [0, 0, 0.405, 9.375], "texture": "#1"},
				"down": {"uv": [0, 0, 0.486, 0.432], "texture": "#1"}
			}
		},
		{
			"from": [8, 2, 10],
			"to": [10, 3, 13],
			"rotation": {"angle": -22.5, "axis": "z", "origin": [9, 3, 13]},
			"faces": {
				"north": {"uv": [15.946, 2.622, 14.27, 0], "texture": "#1"},
				"east": {"uv": [0, 0, 0.405, 0.402], "rotation": 270, "texture": "#1"},
				"south": {"uv": [3.375, 5.75, 5.375, 6.75], "texture": "#1"},
				"west": {"uv": [0, 0, 0.405, 0.402], "rotation": 90, "texture": "#1"},
				"up": {"uv": [0, 0, 0.405, 9.375], "rotation": 180, "texture": "#1"},
				"down": {"uv": [0, 0, 0.486, 0.432], "texture": "#1"}
			}
		},
		{
			"from": [7, 0, 10],
			"to": [9, 1, 13],
			"rotation": {"angle": -45, "axis": "z", "origin": [9, -1, 13]},
			"faces": {
				"north": {"uv": [15.946, 2.622, 14.27, 0], "rotation": 90, "texture": "#1"},
				"east": {"uv": [0.405, 0.402, 0, 0], "rotation": 90, "texture": "#1"},
				"south": {"uv": [16, 6.838, 15.568, 5.946], "rotation": 270, "texture": "#1"},
				"west": {"uv": [0.405, 0.402, 0, 0], "rotation": 270, "texture": "#1"},
				"up": {"uv": [0.486, 1.297, 0, 0], "rotation": 180, "texture": "#1"},
				"down": {"uv": [9.485, 15.968, 7.784, 11.784], "texture": "#1"}
			}
		},
		{
			"from": [9.6, 0.7, 2.5],
			"to": [10, 1.7, 3.7],
			"rotation": {"angle": -45, "axis": "x", "origin": [8, 2, 4]},
			"faces": {
				"north": {"uv": [2, 0, 0, 1], "texture": "#1"},
				"east": {"uv": [0, 0, 0.405, 0.402], "texture": "#1"},
				"south": {"uv": [5.5, 9.5, 3.5, 10.5], "texture": "#1"},
				"west": {"uv": [0, 0, 0.405, 0.402], "texture": "#1"},
				"up": {"uv": [0, 0, 0.405, 9.375], "texture": "#1"},
				"down": {"uv": [0, 0, 0.486, 0.432], "texture": "#1"}
			}
		},
		{
			"from": [10, 0, 0.95],
			"to": [11, 1, 3.75],
			"rotation": {"angle": 45, "axis": "y", "origin": [11, 1, 4]},
			"faces": {
				"north": {"uv": [2, 0, 0, 1], "texture": "#1"},
				"east": {"uv": [0, 0, 0.405, 0.402], "texture": "#1"},
				"south": {"uv": [5.5, 9.5, 3.5, 10.5], "texture": "#1"},
				"west": {"uv": [0, 0, 0.405, 0.402], "texture": "#1"},
				"up": {"uv": [0, 0, 0.405, 9.375], "texture": "#1"},
				"down": {"uv": [0, 0, 0.486, 0.432], "texture": "#1"}
			}
		},
		{
			"from": [5, 0, 0.95],
			"to": [6, 1, 3.75],
			"rotation": {"angle": -45, "axis": "y", "origin": [5, 1, 4]},
			"faces": {
				"north": {"uv": [2, 0, 0, 1], "texture": "#1"},
				"east": {"uv": [0, 0, 0.405, 0.402], "texture": "#1"},
				"south": {"uv": [5.5, 9.5, 3.5, 10.5], "texture": "#1"},
				"west": {"uv": [0, 0, 0.405, 0.402], "texture": "#1"},
				"up": {"uv": [0, 0, 0.405, 9.375], "texture": "#1"},
				"down": {"uv": [0, 0, 0.486, 0.432], "texture": "#1"}
			}
		},
		{
			"from": [6.7, 1, 2],
			"to": [7, 2, 4],
			"rotation": {"angle": -22.5, "axis": "x", "origin": [8, 2, 4]},
			"faces": {
				"north": {"uv": [2, 0, 0, 1], "texture": "#1"},
				"east": {"uv": [0, 0, 0.405, 0.402], "texture": "#1"},
				"south": {"uv": [5.5, 9.5, 3.5, 10.5], "texture": "#1"},
				"west": {"uv": [0, 0, 0.405, 0.402], "texture": "#1"},
				"up": {"uv": [0, 0, 0.405, 9.375], "texture": "#1"},
				"down": {"uv": [0, 0, 0.486, 0.432], "texture": "#1"}
			}
		},
		{
			"from": [6.4, 0.9, 2.3],
			"to": [6.7, 1.9, 4],
			"rotation": {"angle": -45, "axis": "x", "origin": [8, 2, 4]},
			"faces": {
				"north": {"uv": [2, 0, 0, 1], "texture": "#1"},
				"east": {"uv": [0, 0, 0.405, 0.402], "texture": "#1"},
				"south": {"uv": [5.5, 9.5, 3.5, 10.5], "texture": "#1"},
				"west": {"uv": [0, 0, 0.405, 0.402], "texture": "#1"},
				"up": {"uv": [0, 0, 0.405, 9.375], "texture": "#1"},
				"down": {"uv": [0, 0, 0.486, 0.432], "texture": "#1"}
			}
		},
		{
			"from": [6, 0.7, 2.5],
			"to": [6.4, 1.7, 3.7],
			"rotation": {"angle": -45, "axis": "x", "origin": [8, 2, 4]},
			"faces": {
				"north": {"uv": [2, 0, 0, 1], "texture": "#1"},
				"east": {"uv": [0, 0, 0.405, 0.402], "texture": "#1"},
				"south": {"uv": [5.5, 9.5, 3.5, 10.5], "texture": "#1"},
				"west": {"uv": [0, 0, 0.405, 0.402], "texture": "#1"},
				"up": {"uv": [0, 0, 0.405, 9.375], "texture": "#1"},
				"down": {"uv": [0, 0, 0.486, 0.432], "texture": "#1"}
			}
		},
		{
			"from": [5, 1, 4],
			"to": [7, 2, 7],
			"rotation": {"angle": 22.5, "axis": "z", "origin": [7, 2, 8]},
			"faces": {
				"north": {"uv": [0, 0, 2, 1], "texture": "#1"},
				"east": {"uv": [0, 0, 0.405, 0.943], "rotation": 90, "texture": "#1"},
				"south": {"uv": [14.27, 0, 15.946, 1.649], "texture": "#1"},
				"west": {"uv": [0, 0, 0.405, 1.807], "rotation": 270, "texture": "#1"},
				"up": {"uv": [13.162, 0, 9.946, 15.97], "rotation": 180, "texture": "#1"},
				"down": {"uv": [0, 0, 0.486, 0.432], "texture": "#1"}
			}
		},
		{
			"from": [9, 1, 4],
			"to": [11, 2, 7],
			"rotation": {"angle": -22.5, "axis": "z", "origin": [9, 2, 8]},
			"faces": {
				"north": {"uv": [0, 0, 2, 1], "texture": "#1"},
				"east": {"uv": [0, 0, 0.405, 0.943], "rotation": 270, "texture": "#1"},
				"south": {"uv": [14.27, 0, 15.946, 1.649], "texture": "#1"},
				"west": {"uv": [0, 0, 0.405, 1.807], "rotation": 90, "texture": "#1"},
				"up": {"uv": [9.946, 0, 13.162, 15.97], "rotation": 180, "texture": "#1"},
				"down": {"uv": [0, 0, 0.486, 0.432], "texture": "#1"}
			}
		},
		{
			"from": [5, 1, 9.98],
			"to": [7, 2, 13],
			"rotation": {"angle": 22.5, "axis": "z", "origin": [7, 2, 13]},
			"faces": {
				"north": {"uv": [15.946, 0, 14.27, 2.189], "texture": "#1"},
				"east": {"uv": [6.35, 9.48, 0.973, 6.703], "rotation": 180, "texture": "#1"},
				"south": {"uv": [15.837, 5.946, 15.351, 6.405], "texture": "#1"},
				"west": {"uv": [7.539, 9.481, 2.162, 6.703], "rotation": 180, "texture": "#1"},
				"up": {"uv": [14.242, 3.568, 10.378, 15.968], "rotation": 180, "texture": "#1"},
				"down": {"uv": [0.486, 0, 0, 0.432], "texture": "#1"}
			}
		},
		{
			"from": [9, 1, 9.98],
			"to": [11, 2, 13],
			"rotation": {"angle": -22.5, "axis": "z", "origin": [9, 2, 13]},
			"faces": {
				"north": {"uv": [14.27, 0, 15.946, 2.189], "texture": "#1"},
				"east": {"uv": [6.566, 9.48, 1.189, 6.703], "rotation": 180, "texture": "#1"},
				"south": {"uv": [15.351, 5.946, 15.837, 6.405], "texture": "#1"},
				"west": {"uv": [0.973, 9.48, 6.35, 6.703], "rotation": 180, "texture": "#1"},
				"up": {"uv": [10.378, 3.568, 14.242, 15.968], "rotation": 180, "texture": "#1"},
				"down": {"uv": [0, 0, 0.486, 0.432], "texture": "#1"}
			}
		},
		{
			"from": [6, 2, 10],
			"to": [8, 3, 13],
			"rotation": {"angle": 22.5, "axis": "z", "origin": [7, 3, 13]},
			"faces": {
				"north": {"uv": [15.946, 2.622, 14.27, 0], "texture": "#1"},
				"east": {"uv": [0, 0, 0.405, 0.402], "rotation": 90, "texture": "#1"},
				"south": {"uv": [5.375, 5.75, 3.375, 6.75], "texture": "#1"},
				"west": {"uv": [0, 0, 0.405, 0.402], "rotation": 270, "texture": "#1"},
				"up": {"uv": [0, 0, 0.405, 9.375], "rotation": 180, "texture": "#1"},
				"down": {"uv": [0, 0, 0.486, 0.432], "texture": "#1"}
			}
		},
		{
			"from": [5, -1, 10],
			"to": [6, 1, 13],
			"rotation": {"angle": -45, "axis": "z", "origin": [7, -1, 13]},
			"faces": {
				"north": {"uv": [15.946, 2.622, 14.27, 0], "texture": "#1"},
				"east": {"uv": [9.485, 11.892, 7.784, 15.968], "rotation": 90, "texture": "#1"},
				"south": {"uv": [16, 6.838, 15.568, 5.946], "texture": "#1"},
				"west": {"uv": [0.405, 0.402, 0, 0], "rotation": 270, "texture": "#1"},
				"up": {"uv": [0.486, 1.297, 0, 0], "texture": "#1"},
				"down": {"uv": [0.405, 0.402, 0, 0], "rotation": 180, "texture": "#1"}
			}
		},
		{
			"from": [7, 1, 1.2],
			"to": [9, 2, 4],
			"rotation": {"angle": -22.5, "axis": "x", "origin": [8, 2, 4]},
			"faces": {
				"north": {"uv": [0, 0, 2.25, 1.625], "texture": "#1"},
				"east": {"uv": [3.135, 0.216, 5.935, 1.216], "texture": "#1"},
				"south": {"uv": [0.324, 0, 0.824, 3.25], "texture": "#1"},
				"west": {"uv": [1.405, 0, 4.205, 1], "texture": "#1"},
				"up": {"uv": [1.081, 3.568, 7.762, 10.411], "rotation": 180, "texture": "#1"},
				"down": {"uv": [0, 0, 2, 2.8], "texture": "#1"}
			}
		},
		{
			"from": [9.5, 0.5, 13],
			"to": [10.5, 1.5, 17],
			"rotation": {"angle": 0, "axis": "y", "origin": [10, 1, 17]},
			"faces": {
				"north": {"uv": [0, 15.787, 0.431, 16], "texture": "#0"},
				"east": {"uv": [0, 0, 12.889, 15.934], "rotation": 90, "texture": "#0"},
				"south": {"uv": [0, 15.645, 0.431, 16], "texture": "#0"},
				"west": {"uv": [0, 0, 15.946, 15.934], "rotation": 270, "texture": "#0"},
				"up": {"uv": [0, 0, 15.934, 15.947], "texture": "#0"},
				"down": {"uv": [0, 0, 15.934, 15.947], "rotation": 180, "texture": "#0"}
			}
		},
		{
			"from": [9.5, 0.5, 13],
			"to": [10.5, 1.5, 17],
			"rotation": {"angle": -22.5, "axis": "z", "origin": [10, 1, 17]},
			"faces": {
				"north": {"uv": [0, 15.787, 0.431, 16], "texture": "#0"},
				"east": {"uv": [0, 0, 12.889, 15.934], "rotation": 90, "texture": "#0"},
				"south": {"uv": [0, 15.645, 0.431, 16], "texture": "#0"},
				"west": {"uv": [0, 0, 15.946, 15.934], "rotation": 270, "texture": "#0"},
				"up": {"uv": [0, 0, 15.934, 15.947], "texture": "#0"},
				"down": {"uv": [0, 0, 15.934, 15.947], "rotation": 180, "texture": "#0"}
			}
		},
		{
			"from": [9.5, 0.5, 13],
			"to": [10.5, 1.5, 17],
			"rotation": {"angle": -45, "axis": "z", "origin": [10, 1, 17]},
			"faces": {
				"north": {"uv": [0, 15.787, 0.431, 16], "texture": "#0"},
				"east": {"uv": [0, 0, 12.889, 15.934], "rotation": 90, "texture": "#0"},
				"south": {"uv": [0, 15.645, 0.431, 16], "texture": "#0"},
				"west": {"uv": [0, 0, 15.946, 15.934], "rotation": 270, "texture": "#0"},
				"up": {"uv": [0, 0, 15.934, 15.947], "texture": "#0"},
				"down": {"uv": [0, 0, 15.934, 15.947], "rotation": 180, "texture": "#0"}
			}
		},
		{
			"from": [9.5, 0.5, 13],
			"to": [10.5, 1.5, 17],
			"rotation": {"angle": 22.5, "axis": "z", "origin": [10, 1, 17]},
			"faces": {
				"north": {"uv": [0, 15.787, 0.431, 16], "rotation": 270, "texture": "#0"},
				"east": {"uv": [0, 0, 15.934, 15.947], "rotation": 90, "texture": "#0"},
				"south": {"uv": [0, 15.645, 0.431, 16], "rotation": 90, "texture": "#0"},
				"west": {"uv": [0, 0, 15.934, 15.947], "rotation": 270, "texture": "#0"},
				"up": {"uv": [0, 0, 15.946, 15.934], "texture": "#0"},
				"down": {"uv": [0, 0, 12.889, 15.934], "rotation": 180, "texture": "#0"}
			}
		},
		{
			"from": [10, 0.5, 13],
			"to": [10, 1.5, 19],
			"rotation": {"angle": 22.5, "axis": "z", "origin": [10, 1, 17]},
			"faces": {
				"north": {"uv": [0, 15.787, 0.431, 16], "rotation": 180, "texture": "#0"},
				"east": {"uv": [0, 0, 15.946, 15.934], "rotation": 90, "texture": "#0"},
				"south": {"uv": [0, 15.645, 0.431, 16], "rotation": 180, "texture": "#0"},
				"west": {"uv": [0, 0, 12.889, 15.934], "rotation": 270, "texture": "#0"},
				"up": {"uv": [0, 0, 15.934, 15.947], "rotation": 180, "texture": "#0"},
				"down": {"uv": [0, 0, 15.934, 15.947], "rotation": 180, "texture": "#0"}
			}
		},
		{
			"from": [9.5, 1, 13],
			"to": [10.5, 1, 19],
			"rotation": {"angle": -45, "axis": "z", "origin": [10, 1, 17]},
			"faces": {
				"north": {"uv": [0, 15.787, 0.431, 16], "rotation": 270, "texture": "#0"},
				"east": {"uv": [0, 0, 15.934, 15.947], "rotation": 90, "texture": "#0"},
				"south": {"uv": [0, 15.645, 0.431, 16], "rotation": 90, "texture": "#0"},
				"west": {"uv": [0, 0, 15.934, 15.947], "rotation": 90, "texture": "#0"},
				"up": {"uv": [0, 0, 15.946, 15.934], "texture": "#0"},
				"down": {"uv": [0, 0, 12.889, 15.934], "rotation": 180, "texture": "#0"}
			}
		},
		{
			"from": [9.5, 1, 13],
			"to": [10.5, 1, 19],
			"rotation": {"angle": -22.5, "axis": "z", "origin": [10, 1, 17]},
			"faces": {
				"north": {"uv": [0, 15.787, 0.431, 16], "rotation": 270, "texture": "#0"},
				"east": {"uv": [0, 0, 15.934, 15.947], "rotation": 90, "texture": "#0"},
				"south": {"uv": [0, 15.645, 0.431, 16], "rotation": 90, "texture": "#0"},
				"west": {"uv": [0, 0, 15.934, 15.947], "rotation": 90, "texture": "#0"},
				"up": {"uv": [0, 0, 15.946, 15.934], "texture": "#0"},
				"down": {"uv": [0, 0, 12.889, 15.934], "rotation": 180, "texture": "#0"}
			}
		},
		{
			"from": [10, 0.5, 13],
			"to": [10, 1.5, 19],
			"rotation": {"angle": -45, "axis": "z", "origin": [10, 1, 17]},
			"faces": {
				"north": {"uv": [0, 15.787, 0.431, 16], "texture": "#0"},
				"east": {"uv": [0, 0, 12.889, 15.934], "rotation": 90, "texture": "#0"},
				"south": {"uv": [0, 15.645, 0.431, 16], "texture": "#0"},
				"west": {"uv": [0, 0, 15.946, 15.934], "rotation": 270, "texture": "#0"},
				"up": {"uv": [0, 0, 15.934, 15.947], "texture": "#0"},
				"down": {"uv": [0, 0, 15.934, 15.947], "texture": "#0"}
			}
		},
		{
			"from": [9.5, 1, 13],
			"to": [10.5, 1, 19],
			"rotation": {"angle": 0, "axis": "z", "origin": [10, 1, 17]},
			"faces": {
				"north": {"uv": [0, 15.787, 0.431, 16], "rotation": 270, "texture": "#0"},
				"east": {"uv": [0, 0, 15.934, 15.947], "rotation": 90, "texture": "#0"},
				"south": {"uv": [0, 15.645, 0.431, 16], "rotation": 90, "texture": "#0"},
				"west": {"uv": [0, 0, 15.934, 15.947], "rotation": 90, "texture": "#0"},
				"up": {"uv": [0, 0, 15.946, 15.934], "texture": "#0"},
				"down": {"uv": [0, 0, 12.889, 15.934], "rotation": 180, "texture": "#0"}
			}
		},
		{
			"from": [10, 0.5, 13],
			"to": [10, 1.5, 19],
			"rotation": {"angle": -22.5, "axis": "z", "origin": [10, 1, 17]},
			"faces": {
				"north": {"uv": [0, 15.787, 0.431, 16], "texture": "#0"},
				"east": {"uv": [0, 0, 12.889, 15.934], "rotation": 90, "texture": "#0"},
				"south": {"uv": [0, 15.645, 0.431, 16], "texture": "#0"},
				"west": {"uv": [0, 0, 15.946, 15.934], "rotation": 270, "texture": "#0"},
				"up": {"uv": [0, 0, 15.934, 15.947], "texture": "#0"},
				"down": {"uv": [0, 0, 15.934, 15.947], "texture": "#0"}
			}
		},
		{
			"from": [10, 0.5, 13],
			"to": [10, 1.5, 19],
			"rotation": {"angle": 0, "axis": "y", "origin": [10, 1, 17]},
			"faces": {
				"north": {"uv": [0, 15.787, 0.431, 16], "texture": "#0"},
				"east": {"uv": [0, 0, 12.889, 15.934], "rotation": 90, "texture": "#0"},
				"south": {"uv": [0, 15.645, 0.431, 16], "texture": "#0"},
				"west": {"uv": [0, 0, 15.946, 15.934], "rotation": 270, "texture": "#0"},
				"up": {"uv": [0, 0, 15.934, 15.947], "texture": "#0"},
				"down": {"uv": [0, 0, 15.934, 15.947], "texture": "#0"}
			}
		},
		{
			"from": [9.5, 1, 13],
			"to": [10.5, 1, 19],
			"rotation": {"angle": 22.5, "axis": "z", "origin": [10, 1, 17]},
			"faces": {
				"north": {"uv": [0, 15.787, 0.431, 16], "rotation": 270, "texture": "#0"},
				"east": {"uv": [0, 0, 15.934, 15.947], "rotation": 90, "texture": "#0"},
				"south": {"uv": [0, 15.645, 0.431, 16], "rotation": 90, "texture": "#0"},
				"west": {"uv": [0, 0, 15.934, 15.947], "rotation": 90, "texture": "#0"},
				"up": {"uv": [0, 0, 15.946, 15.934], "texture": "#0"},
				"down": {"uv": [0, 0, 12.889, 15.934], "rotation": 180, "texture": "#0"}
			}
		},
		{
			"from": [8.25, 0.5, 13],
			"to": [9.25, 1.5, 17],
			"rotation": {"angle": 0, "axis": "y", "origin": [8.75, 1, 17]},
			"faces": {
				"north": {"uv": [0, 15.787, 0.431, 16], "texture": "#0"},
				"east": {"uv": [0, 0, 12.889, 15.934], "rotation": 90, "texture": "#0"},
				"south": {"uv": [0, 15.645, 0.431, 16], "texture": "#0"},
				"west": {"uv": [0, 0, 15.946, 15.934], "rotation": 270, "texture": "#0"},
				"up": {"uv": [0, 0, 15.934, 15.947], "texture": "#0"},
				"down": {"uv": [0, 0, 15.934, 15.947], "rotation": 180, "texture": "#0"}
			}
		},
		{
			"from": [8.25, 0.5, 13],
			"to": [9.25, 1.5, 17],
			"rotation": {"angle": -22.5, "axis": "z", "origin": [8.75, 1, 17]},
			"faces": {
				"north": {"uv": [0, 15.787, 0.431, 16], "texture": "#0"},
				"east": {"uv": [0, 0, 12.889, 15.934], "rotation": 90, "texture": "#0"},
				"south": {"uv": [0, 15.645, 0.431, 16], "texture": "#0"},
				"west": {"uv": [0, 0, 15.946, 15.934], "rotation": 270, "texture": "#0"},
				"up": {"uv": [0, 0, 15.934, 15.947], "texture": "#0"},
				"down": {"uv": [0, 0, 15.934, 15.947], "rotation": 180, "texture": "#0"}
			}
		},
		{
			"from": [8.25, 0.5, 13],
			"to": [9.25, 1.5, 17],
			"rotation": {"angle": -45, "axis": "z", "origin": [8.75, 1, 17]},
			"faces": {
				"north": {"uv": [0, 15.787, 0.431, 16], "texture": "#0"},
				"east": {"uv": [0, 0, 12.889, 15.934], "rotation": 90, "texture": "#0"},
				"south": {"uv": [0, 15.645, 0.431, 16], "texture": "#0"},
				"west": {"uv": [0, 0, 15.946, 15.934], "rotation": 270, "texture": "#0"},
				"up": {"uv": [0, 0, 15.934, 15.947], "texture": "#0"},
				"down": {"uv": [0, 0, 15.934, 15.947], "rotation": 180, "texture": "#0"}
			}
		},
		{
			"from": [8.25, 0.5, 13],
			"to": [9.25, 1.5, 17],
			"rotation": {"angle": 22.5, "axis": "z", "origin": [8.75, 1, 17]},
			"faces": {
				"north": {"uv": [0, 15.787, 0.431, 16], "rotation": 270, "texture": "#0"},
				"east": {"uv": [0, 0, 15.934, 15.947], "rotation": 90, "texture": "#0"},
				"south": {"uv": [0, 15.645, 0.431, 16], "rotation": 90, "texture": "#0"},
				"west": {"uv": [0, 0, 15.934, 15.947], "rotation": 270, "texture": "#0"},
				"up": {"uv": [0, 0, 15.946, 15.934], "texture": "#0"},
				"down": {"uv": [0, 0, 12.889, 15.934], "rotation": 180, "texture": "#0"}
			}
		},
		{
			"from": [8.25, 1, 13],
			"to": [9.25, 1, 19],
			"rotation": {"angle": 0, "axis": "z", "origin": [8.75, 1, 17]},
			"faces": {
				"north": {"uv": [0, 15.787, 0.431, 16], "rotation": 270, "texture": "#0"},
				"east": {"uv": [0, 0, 15.934, 15.947], "rotation": 90, "texture": "#0"},
				"south": {"uv": [0, 15.645, 0.431, 16], "rotation": 90, "texture": "#0"},
				"west": {"uv": [0, 0, 15.934, 15.947], "rotation": 90, "texture": "#0"},
				"up": {"uv": [0, 0, 15.946, 15.934], "texture": "#0"},
				"down": {"uv": [0, 0, 12.889, 15.934], "rotation": 180, "texture": "#0"}
			}
		},
		{
			"from": [8.75, 0.5, 13],
			"to": [8.75, 1.5, 19],
			"rotation": {"angle": 0, "axis": "z", "origin": [8.75, 1, 17]},
			"faces": {
				"north": {"uv": [0, 15.787, 0.431, 16], "rotation": 180, "texture": "#0"},
				"east": {"uv": [0, 0, 15.946, 15.934], "rotation": 90, "texture": "#0"},
				"south": {"uv": [0, 15.645, 0.431, 16], "rotation": 180, "texture": "#0"},
				"west": {"uv": [0, 0, 12.889, 15.934], "rotation": 270, "texture": "#0"},
				"up": {"uv": [0, 0, 15.934, 15.947], "rotation": 180, "texture": "#0"},
				"down": {"uv": [0, 0, 15.934, 15.947], "rotation": 180, "texture": "#0"}
			}
		},
		{
			"from": [8.25, 1, 13],
			"to": [9.25, 1, 19],
			"rotation": {"angle": -45, "axis": "z", "origin": [8.75, 1, 17]},
			"faces": {
				"north": {"uv": [0, 15.787, 0.431, 16], "rotation": 270, "texture": "#0"},
				"east": {"uv": [0, 0, 15.934, 15.947], "rotation": 90, "texture": "#0"},
				"south": {"uv": [0, 15.645, 0.431, 16], "rotation": 90, "texture": "#0"},
				"west": {"uv": [0, 0, 15.934, 15.947], "rotation": 90, "texture": "#0"},
				"up": {"uv": [0, 0, 15.946, 15.934], "texture": "#0"},
				"down": {"uv": [0, 0, 12.889, 15.934], "rotation": 180, "texture": "#0"}
			}
		},
		{
			"from": [8.75, 0.5, 13],
			"to": [8.75, 1.5, 19],
			"rotation": {"angle": -45, "axis": "z", "origin": [8.75, 1, 17]},
			"faces": {
				"north": {"uv": [0, 15.787, 0.431, 16], "rotation": 180, "texture": "#0"},
				"east": {"uv": [0, 0, 15.946, 15.934], "rotation": 90, "texture": "#0"},
				"south": {"uv": [0, 15.645, 0.431, 16], "rotation": 180, "texture": "#0"},
				"west": {"uv": [0, 0, 12.889, 15.934], "rotation": 270, "texture": "#0"},
				"up": {"uv": [0, 0, 15.934, 15.947], "rotation": 180, "texture": "#0"},
				"down": {"uv": [0, 0, 15.934, 15.947], "rotation": 180, "texture": "#0"}
			}
		},
		{
			"from": [8.25, 1, 13],
			"to": [9.25, 1, 19],
			"rotation": {"angle": -22.5, "axis": "z", "origin": [8.75, 1, 17]},
			"faces": {
				"north": {"uv": [0, 15.787, 0.431, 16], "rotation": 270, "texture": "#0"},
				"east": {"uv": [0, 0, 15.934, 15.947], "rotation": 90, "texture": "#0"},
				"south": {"uv": [0, 15.645, 0.431, 16], "rotation": 90, "texture": "#0"},
				"west": {"uv": [0, 0, 15.934, 15.947], "rotation": 90, "texture": "#0"},
				"up": {"uv": [0, 0, 15.946, 15.934], "texture": "#0"},
				"down": {"uv": [0, 0, 12.889, 15.934], "rotation": 180, "texture": "#0"}
			}
		},
		{
			"from": [8.75, 0.5, 13],
			"to": [8.75, 1.5, 19],
			"rotation": {"angle": -22.5, "axis": "z", "origin": [8.75, 1, 17]},
			"faces": {
				"north": {"uv": [0, 15.787, 0.431, 16], "rotation": 180, "texture": "#0"},
				"east": {"uv": [0, 0, 15.946, 15.934], "rotation": 90, "texture": "#0"},
				"south": {"uv": [0, 15.645, 0.431, 16], "rotation": 180, "texture": "#0"},
				"west": {"uv": [0, 0, 12.889, 15.934], "rotation": 270, "texture": "#0"},
				"up": {"uv": [0, 0, 15.934, 15.947], "rotation": 180, "texture": "#0"},
				"down": {"uv": [0, 0, 15.934, 15.947], "rotation": 180, "texture": "#0"}
			}
		},
		{
			"from": [8.75, 0.5, 13],
			"to": [8.75, 1.5, 19],
			"rotation": {"angle": 22.5, "axis": "z", "origin": [8.75, 1, 17]},
			"faces": {
				"north": {"uv": [0, 15.787, 0.431, 16], "rotation": 180, "texture": "#0"},
				"east": {"uv": [0, 0, 15.946, 15.934], "rotation": 90, "texture": "#0"},
				"south": {"uv": [0, 15.645, 0.431, 16], "rotation": 180, "texture": "#0"},
				"west": {"uv": [0, 0, 12.889, 15.934], "rotation": 270, "texture": "#0"},
				"up": {"uv": [0, 0, 15.934, 15.947], "rotation": 180, "texture": "#0"},
				"down": {"uv": [0, 0, 15.934, 15.947], "rotation": 180, "texture": "#0"}
			}
		},
		{
			"from": [8.25, 1, 13],
			"to": [9.25, 1, 19],
			"rotation": {"angle": 22.5, "axis": "z", "origin": [8.75, 1, 17]},
			"faces": {
				"north": {"uv": [0, 15.787, 0.431, 16], "rotation": 90, "texture": "#0"},
				"east": {"uv": [0, 0, 15.934, 15.947], "rotation": 270, "texture": "#0"},
				"south": {"uv": [0, 15.645, 0.431, 16], "rotation": 270, "texture": "#0"},
				"west": {"uv": [0, 0, 15.934, 15.947], "rotation": 270, "texture": "#0"},
				"up": {"uv": [0, 0, 12.889, 15.934], "texture": "#0"},
				"down": {"uv": [0, 0, 15.946, 15.934], "rotation": 180, "texture": "#0"}
			}
		},
		{
			"from": [5.5, 0.5, 13],
			"to": [6.5, 1.5, 17],
			"rotation": {"angle": 0, "axis": "y", "origin": [6, 1, 17]},
			"faces": {
				"north": {"uv": [0.431, 15.787, 0, 16], "texture": "#0"},
				"east": {"uv": [0, 15.934, 15.946, 0], "rotation": 270, "texture": "#0"},
				"south": {"uv": [0.431, 15.645, 0, 16], "texture": "#0"},
				"west": {"uv": [0, 15.934, 12.889, 0], "rotation": 90, "texture": "#0"},
				"up": {"uv": [15.934, 0, 0, 15.947], "texture": "#0"},
				"down": {"uv": [15.934, 0, 0, 15.947], "rotation": 180, "texture": "#0"}
			}
		},
		{
			"from": [5.5, 0.5, 13],
			"to": [6.5, 1.5, 17],
			"rotation": {"angle": 22.5, "axis": "z", "origin": [6, 1, 17]},
			"faces": {
				"north": {"uv": [0.431, 15.787, 0, 16], "texture": "#0"},
				"east": {"uv": [0, 15.934, 15.946, 0], "rotation": 270, "texture": "#0"},
				"south": {"uv": [0.431, 15.645, 0, 16], "texture": "#0"},
				"west": {"uv": [0, 15.934, 12.889, 0], "rotation": 90, "texture": "#0"},
				"up": {"uv": [15.934, 0, 0, 15.947], "texture": "#0"},
				"down": {"uv": [15.934, 0, 0, 15.947], "rotation": 180, "texture": "#0"}
			}
		},
		{
			"from": [5.5, 0.5, 13],
			"to": [6.5, 1.5, 17],
			"rotation": {"angle": 45, "axis": "z", "origin": [6, 1, 17]},
			"faces": {
				"north": {"uv": [0.431, 15.787, 0, 16], "texture": "#0"},
				"east": {"uv": [0, 15.934, 15.946, 0], "rotation": 270, "texture": "#0"},
				"south": {"uv": [0.431, 15.645, 0, 16], "texture": "#0"},
				"west": {"uv": [0, 15.934, 12.889, 0], "rotation": 90, "texture": "#0"},
				"up": {"uv": [15.934, 0, 0, 15.947], "texture": "#0"},
				"down": {"uv": [15.934, 0, 0, 15.947], "rotation": 180, "texture": "#0"}
			}
		},
		{
			"from": [5.5, 0.5, 13],
			"to": [6.5, 1.5, 17],
			"rotation": {"angle": -22.5, "axis": "z", "origin": [6, 1, 17]},
			"faces": {
				"north": {"uv": [0, 16, 0.431, 15.787], "rotation": 270, "texture": "#0"},
				"east": {"uv": [0, 15.947, 15.934, 0], "rotation": 270, "texture": "#0"},
				"south": {"uv": [0, 16, 0.431, 15.645], "rotation": 90, "texture": "#0"},
				"west": {"uv": [0, 15.947, 15.934, 0], "rotation": 90, "texture": "#0"},
				"up": {"uv": [15.946, 0, 0, 15.934], "texture": "#0"},
				"down": {"uv": [12.889, 0, 0, 15.934], "rotation": 180, "texture": "#0"}
			}
		},
		{
			"from": [6, 0.5, 13],
			"to": [6, 1.5, 19],
			"rotation": {"angle": -22.5, "axis": "z", "origin": [6, 1, 17]},
			"faces": {
				"north": {"uv": [0.431, 15.787, 0, 16], "rotation": 180, "texture": "#0"},
				"east": {"uv": [0, 15.934, 12.889, 0], "rotation": 270, "texture": "#0"},
				"south": {"uv": [0.431, 15.645, 0, 16], "rotation": 180, "texture": "#0"},
				"west": {"uv": [0, 15.934, 15.946, 0], "rotation": 90, "texture": "#0"},
				"up": {"uv": [15.934, 0, 0, 15.947], "rotation": 180, "texture": "#0"},
				"down": {"uv": [15.934, 0, 0, 15.947], "rotation": 180, "texture": "#0"}
			}
		},
		{
			"from": [5.5, 1, 13],
			"to": [6.5, 1, 19],
			"rotation": {"angle": 45, "axis": "z", "origin": [6, 1, 17]},
			"faces": {
				"north": {"uv": [0, 16, 0.431, 15.787], "rotation": 270, "texture": "#0"},
				"east": {"uv": [0, 15.947, 15.934, 0], "rotation": 90, "texture": "#0"},
				"south": {"uv": [0, 16, 0.431, 15.645], "rotation": 90, "texture": "#0"},
				"west": {"uv": [0, 15.947, 15.934, 0], "rotation": 90, "texture": "#0"},
				"up": {"uv": [15.946, 0, 0, 15.934], "texture": "#0"},
				"down": {"uv": [12.889, 0, 0, 15.934], "rotation": 180, "texture": "#0"}
			}
		},
		{
			"from": [5.5, 1, 13],
			"to": [6.5, 1, 19],
			"rotation": {"angle": 22.5, "axis": "z", "origin": [6, 1, 17]},
			"faces": {
				"north": {"uv": [0, 16, 0.431, 15.787], "rotation": 270, "texture": "#0"},
				"east": {"uv": [0, 15.947, 15.934, 0], "rotation": 90, "texture": "#0"},
				"south": {"uv": [0, 16, 0.431, 15.645], "rotation": 90, "texture": "#0"},
				"west": {"uv": [0, 15.947, 15.934, 0], "rotation": 90, "texture": "#0"},
				"up": {"uv": [15.946, 0, 0, 15.934], "texture": "#0"},
				"down": {"uv": [12.889, 0, 0, 15.934], "rotation": 180, "texture": "#0"}
			}
		},
		{
			"from": [6, 0.5, 13],
			"to": [6, 1.5, 19],
			"rotation": {"angle": 45, "axis": "z", "origin": [6, 1, 17]},
			"faces": {
				"north": {"uv": [0.431, 15.787, 0, 16], "texture": "#0"},
				"east": {"uv": [0, 15.934, 15.946, 0], "rotation": 270, "texture": "#0"},
				"south": {"uv": [0.431, 15.645, 0, 16], "texture": "#0"},
				"west": {"uv": [0, 15.934, 12.889, 0], "rotation": 90, "texture": "#0"},
				"up": {"uv": [15.934, 0, 0, 15.947], "texture": "#0"},
				"down": {"uv": [15.934, 0, 0, 15.947], "texture": "#0"}
			}
		},
		{
			"from": [5.5, 1, 13],
			"to": [6.5, 1, 19],
			"rotation": {"angle": 0, "axis": "z", "origin": [6, 1, 17]},
			"faces": {
				"north": {"uv": [0, 16, 0.431, 15.787], "rotation": 270, "texture": "#0"},
				"east": {"uv": [0, 15.947, 15.934, 0], "rotation": 90, "texture": "#0"},
				"south": {"uv": [0, 16, 0.431, 15.645], "rotation": 90, "texture": "#0"},
				"west": {"uv": [0, 15.947, 15.934, 0], "rotation": 90, "texture": "#0"},
				"up": {"uv": [15.946, 0, 0, 15.934], "texture": "#0"},
				"down": {"uv": [12.889, 0, 0, 15.934], "rotation": 180, "texture": "#0"}
			}
		},
		{
			"from": [6, 0.5, 13],
			"to": [6, 1.5, 19],
			"rotation": {"angle": 22.5, "axis": "z", "origin": [6, 1, 17]},
			"faces": {
				"north": {"uv": [0.431, 15.787, 0, 16], "texture": "#0"},
				"east": {"uv": [0, 15.934, 15.946, 0], "rotation": 270, "texture": "#0"},
				"south": {"uv": [0.431, 15.645, 0, 16], "texture": "#0"},
				"west": {"uv": [0, 15.934, 12.889, 0], "rotation": 90, "texture": "#0"},
				"up": {"uv": [15.934, 0, 0, 15.947], "texture": "#0"},
				"down": {"uv": [15.934, 0, 0, 15.947], "texture": "#0"}
			}
		},
		{
			"from": [6, 0.5, 13],
			"to": [6, 1.5, 19],
			"rotation": {"angle": 0, "axis": "y", "origin": [6, 1, 17]},
			"faces": {
				"north": {"uv": [0.431, 15.787, 0, 16], "texture": "#0"},
				"east": {"uv": [0, 15.934, 15.946, 0], "rotation": 270, "texture": "#0"},
				"south": {"uv": [0.431, 15.645, 0, 16], "texture": "#0"},
				"west": {"uv": [0, 15.934, 12.889, 0], "rotation": 90, "texture": "#0"},
				"up": {"uv": [15.934, 0, 0, 15.947], "texture": "#0"},
				"down": {"uv": [15.934, 0, 0, 15.947], "texture": "#0"}
			}
		},
		{
			"from": [5.5, 1, 13],
			"to": [6.5, 1, 19],
			"rotation": {"angle": -22.5, "axis": "z", "origin": [6, 1, 17]},
			"faces": {
				"north": {"uv": [0, 16, 0.431, 15.787], "rotation": 270, "texture": "#0"},
				"east": {"uv": [0, 15.947, 15.934, 0], "rotation": 90, "texture": "#0"},
				"south": {"uv": [0, 16, 0.431, 15.645], "rotation": 90, "texture": "#0"},
				"west": {"uv": [0, 15.947, 15.934, 0], "rotation": 90, "texture": "#0"},
				"up": {"uv": [15.946, 0, 0, 15.934], "texture": "#0"},
				"down": {"uv": [12.889, 0, 0, 15.934], "rotation": 180, "texture": "#0"}
			}
		},
		{
			"from": [6.75, 0.5, 13],
			"to": [7.75, 1.5, 17],
			"rotation": {"angle": 0, "axis": "y", "origin": [7.25, 1, 17]},
			"faces": {
				"north": {"uv": [0.431, 15.787, 0, 16], "texture": "#0"},
				"east": {"uv": [0, 15.934, 15.946, 0], "rotation": 270, "texture": "#0"},
				"south": {"uv": [0.431, 15.645, 0, 16], "texture": "#0"},
				"west": {"uv": [0, 15.934, 12.889, 0], "rotation": 90, "texture": "#0"},
				"up": {"uv": [15.934, 0, 0, 15.947], "texture": "#0"},
				"down": {"uv": [15.934, 0, 0, 15.947], "rotation": 180, "texture": "#0"}
			}
		},
		{
			"from": [6.75, 0.5, 13],
			"to": [7.75, 1.5, 17],
			"rotation": {"angle": 22.5, "axis": "z", "origin": [7.25, 1, 17]},
			"faces": {
				"north": {"uv": [0.431, 15.787, 0, 16], "texture": "#0"},
				"east": {"uv": [0, 15.934, 15.946, 0], "rotation": 270, "texture": "#0"},
				"south": {"uv": [0.431, 15.645, 0, 16], "texture": "#0"},
				"west": {"uv": [0, 15.934, 12.889, 0], "rotation": 90, "texture": "#0"},
				"up": {"uv": [15.934, 0, 0, 15.947], "texture": "#0"},
				"down": {"uv": [15.934, 0, 0, 15.947], "rotation": 180, "texture": "#0"}
			}
		},
		{
			"from": [6.75, 0.5, 13],
			"to": [7.75, 1.5, 17],
			"rotation": {"angle": 45, "axis": "z", "origin": [7.25, 1, 17]},
			"faces": {
				"north": {"uv": [0.431, 15.787, 0, 16], "texture": "#0"},
				"east": {"uv": [0, 15.934, 15.946, 0], "rotation": 270, "texture": "#0"},
				"south": {"uv": [0.431, 15.645, 0, 16], "texture": "#0"},
				"west": {"uv": [0, 15.934, 12.889, 0], "rotation": 90, "texture": "#0"},
				"up": {"uv": [15.934, 0, 0, 15.947], "texture": "#0"},
				"down": {"uv": [15.934, 0, 0, 15.947], "rotation": 180, "texture": "#0"}
			}
		},
		{
			"from": [6.75, 0.5, 13],
			"to": [7.75, 1.5, 17],
			"rotation": {"angle": -22.5, "axis": "z", "origin": [7.25, 1, 17]},
			"faces": {
				"north": {"uv": [0, 16, 0.431, 15.787], "rotation": 270, "texture": "#0"},
				"east": {"uv": [0, 15.947, 15.934, 0], "rotation": 270, "texture": "#0"},
				"south": {"uv": [0, 16, 0.431, 15.645], "rotation": 90, "texture": "#0"},
				"west": {"uv": [0, 15.947, 15.934, 0], "rotation": 90, "texture": "#0"},
				"up": {"uv": [15.946, 0, 0, 15.934], "texture": "#0"},
				"down": {"uv": [12.889, 0, 0, 15.934], "rotation": 180, "texture": "#0"}
			}
		},
		{
			"from": [6.75, 1, 13],
			"to": [7.75, 1, 19],
			"rotation": {"angle": 0, "axis": "z", "origin": [7.25, 1, 17]},
			"faces": {
				"north": {"uv": [0, 16, 0.431, 15.787], "rotation": 270, "texture": "#0"},
				"east": {"uv": [0, 15.947, 15.934, 0], "rotation": 90, "texture": "#0"},
				"south": {"uv": [0, 16, 0.431, 15.645], "rotation": 90, "texture": "#0"},
				"west": {"uv": [0, 15.947, 15.934, 0], "rotation": 90, "texture": "#0"},
				"up": {"uv": [15.946, 0, 0, 15.934], "texture": "#0"},
				"down": {"uv": [12.889, 0, 0, 15.934], "rotation": 180, "texture": "#0"}
			}
		},
		{
			"from": [7.25, 0.5, 13],
			"to": [7.25, 1.5, 19],
			"rotation": {"angle": 0, "axis": "z", "origin": [7.25, 1, 17]},
			"faces": {
				"north": {"uv": [0.431, 15.787, 0, 16], "rotation": 180, "texture": "#0"},
				"east": {"uv": [0, 15.934, 12.889, 0], "rotation": 270, "texture": "#0"},
				"south": {"uv": [0.431, 15.645, 0, 16], "rotation": 180, "texture": "#0"},
				"west": {"uv": [0, 15.934, 15.946, 0], "rotation": 90, "texture": "#0"},
				"up": {"uv": [15.934, 0, 0, 15.947], "rotation": 180, "texture": "#0"},
				"down": {"uv": [15.934, 0, 0, 15.947], "rotation": 180, "texture": "#0"}
			}
		},
		{
			"from": [6.75, 1, 13],
			"to": [7.75, 1, 19],
			"rotation": {"angle": 45, "axis": "z", "origin": [7.25, 1, 17]},
			"faces": {
				"north": {"uv": [0, 16, 0.431, 15.787], "rotation": 270, "texture": "#0"},
				"east": {"uv": [0, 15.947, 15.934, 0], "rotation": 90, "texture": "#0"},
				"south": {"uv": [0, 16, 0.431, 15.645], "rotation": 90, "texture": "#0"},
				"west": {"uv": [0, 15.947, 15.934, 0], "rotation": 90, "texture": "#0"},
				"up": {"uv": [15.946, 0, 0, 15.934], "texture": "#0"},
				"down": {"uv": [12.889, 0, 0, 15.934], "rotation": 180, "texture": "#0"}
			}
		},
		{
			"from": [7.25, 0.5, 13],
			"to": [7.25, 1.5, 19],
			"rotation": {"angle": 45, "axis": "z", "origin": [7.25, 1, 17]},
			"faces": {
				"north": {"uv": [0.431, 15.787, 0, 16], "rotation": 180, "texture": "#0"},
				"east": {"uv": [0, 15.934, 12.889, 0], "rotation": 270, "texture": "#0"},
				"south": {"uv": [0.431, 15.645, 0, 16], "rotation": 180, "texture": "#0"},
				"west": {"uv": [0, 15.934, 15.946, 0], "rotation": 90, "texture": "#0"},
				"up": {"uv": [15.934, 0, 0, 15.947], "rotation": 180, "texture": "#0"},
				"down": {"uv": [15.934, 0, 0, 15.947], "rotation": 180, "texture": "#0"}
			}
		},
		{
			"from": [6.75, 1, 13],
			"to": [7.75, 1, 19],
			"rotation": {"angle": 22.5, "axis": "z", "origin": [7.25, 1, 17]},
			"faces": {
				"north": {"uv": [0, 16, 0.431, 15.787], "rotation": 270, "texture": "#0"},
				"east": {"uv": [0, 15.947, 15.934, 0], "rotation": 90, "texture": "#0"},
				"south": {"uv": [0, 16, 0.431, 15.645], "rotation": 90, "texture": "#0"},
				"west": {"uv": [0, 15.947, 15.934, 0], "rotation": 90, "texture": "#0"},
				"up": {"uv": [15.946, 0, 0, 15.934], "texture": "#0"},
				"down": {"uv": [12.889, 0, 0, 15.934], "rotation": 180, "texture": "#0"}
			}
		},
		{
			"from": [7.25, 0.5, 13],
			"to": [7.25, 1.5, 19],
			"rotation": {"angle": 22.5, "axis": "z", "origin": [7.25, 1, 17]},
			"faces": {
				"north": {"uv": [0.431, 15.787, 0, 16], "rotation": 180, "texture": "#0"},
				"east": {"uv": [0, 15.934, 12.889, 0], "rotation": 270, "texture": "#0"},
				"south": {"uv": [0.431, 15.645, 0, 16], "rotation": 180, "texture": "#0"},
				"west": {"uv": [0, 15.934, 15.946, 0], "rotation": 90, "texture": "#0"},
				"up": {"uv": [15.934, 0, 0, 15.947], "rotation": 180, "texture": "#0"},
				"down": {"uv": [15.934, 0, 0, 15.947], "rotation": 180, "texture": "#0"}
			}
		},
		{
			"from": [7.25, 0.5, 13],
			"to": [7.25, 1.5, 19],
			"rotation": {"angle": -22.5, "axis": "z", "origin": [7.25, 1, 17]},
			"faces": {
				"north": {"uv": [0.431, 15.787, 0, 16], "rotation": 180, "texture": "#0"},
				"east": {"uv": [0, 15.934, 12.889, 0], "rotation": 270, "texture": "#0"},
				"south": {"uv": [0.431, 15.645, 0, 16], "rotation": 180, "texture": "#0"},
				"west": {"uv": [0, 15.934, 15.946, 0], "rotation": 90, "texture": "#0"},
				"up": {"uv": [15.934, 0, 0, 15.947], "rotation": 180, "texture": "#0"},
				"down": {"uv": [15.934, 0, 0, 15.947], "rotation": 180, "texture": "#0"}
			}
		},
		{
			"from": [6.75, 1, 13],
			"to": [7.75, 1, 19],
			"rotation": {"angle": -22.5, "axis": "z", "origin": [7.25, 1, 17]},
			"faces": {
				"north": {"uv": [0, 16, 0.431, 15.787], "rotation": 90, "texture": "#0"},
				"east": {"uv": [0, 15.947, 15.934, 0], "rotation": 270, "texture": "#0"},
				"south": {"uv": [0, 16, 0.431, 15.645], "rotation": 270, "texture": "#0"},
				"west": {"uv": [0, 15.947, 15.934, 0], "rotation": 270, "texture": "#0"},
				"up": {"uv": [12.889, 0, 0, 15.934], "texture": "#0"},
				"down": {"uv": [15.946, 0, 0, 15.934], "rotation": 180, "texture": "#0"}
			}
		}
	],
	"display": {
		"thirdperson_righthand": {
			"translation": [0, 8, 0]
		},
		"thirdperson_lefthand": {
			"translation": [0, 8, 0]
		},
		"firstperson_righthand": {
			"translation": [0, 8.5, 0]
		},
		"ground": {
			"translation": [0, 4.5, 0]
		},
		"gui": {
			"rotation": [28, 139, 0],
			"translation": [0, 4, 0]
		},
		"head": {
			"translation": [0, 14.5, 0]
		},
		"fixed": {
			"rotation": [-90, 0, 0],
			"translation": [0, 0.75, -11.5],
			"scale": [1.5, 1.5, 1.5]
		}
	},
	"groups": [0, 1, 2, 3, 4, 5, 6, 7, 8, 9, 10, 11, 12, 13, 14, 15, 16, 17, 18, 19, 20, 21, 22, 23, 24, 25, 26, 27, 28, 29, 30, 31, 32,
		{
			"name": "Jet",
			"origin": [8, 1, 17],
			"color": 0,
			"children": [33, 34, 35, 36, 37, 38, 39, 40, 41, 42, 43, 44]
		},
		{
			"name": "Jet",
			"origin": [8, 1, 17],
			"color": 0,
			"children": [45, 46, 47, 48, 49, 50, 51, 52, 53, 54, 55, 56]
		},
		{
			"name": "Jet",
			"origin": [8, 1, 17],
			"color": 0,
			"children": [57, 58, 59, 60, 61, 62, 63, 64, 65, 66, 67, 68]
		},
		{
			"name": "Jet",
			"origin": [8, 1, 17],
			"color": 0,
			"children": [69, 70, 71, 72, 73, 74, 75, 76, 77, 78, 79, 80]
		}
	]
}