{
	"credit": "Made with Blockbench",
	"textures": {
		"1": "item/charcoal/2"
	},
	"elements": [
		{
			"from": [6, 0, 6.5],
			"to": [7, 1, 8.5],
			"rotation": {"angle": 0, "axis": "y", "origin": [9, 8, 8]},
			"faces": {
				"north": {"uv": [0, 4, 1, 7], "texture": "#1"},
				"east": {"uv": [0, 4, 1, 7], "texture": "#1"},
				"south": {"uv": [0, 4, 1, 7], "texture": "#1"},
				"west": {"uv": [0, 4, 1, 7], "texture": "#1"},
				"up": {"uv": [0, 4, 1, 5], "texture": "#1"},
				"down": {"uv": [0, 6, 1, 7], "texture": "#1"}
			}
		},
		{
			"from": [8, 0, 6.5],
			"to": [9, 1, 8.5],
			"rotation": {"angle": 0, "axis": "y", "origin": [11, 8, 8]},
			"faces": {
				"north": {"uv": [0, 4, 1, 7], "texture": "#1"},
				"east": {"uv": [0, 4, 1, 7], "texture": "#1"},
				"south": {"uv": [0, 4, 1, 7], "texture": "#1"},
				"west": {"uv": [0, 4, 1, 7], "texture": "#1"},
				"up": {"uv": [0, 4, 1, 5], "texture": "#1"},
				"down": {"uv": [0, 6, 1, 7], "texture": "#1"}
			}
		},
		{
			"from": [6, 1, 7.5],
			"to": [7, 6, 8.5],
			"rotation": {"angle": 0, "axis": "y", "origin": [9, 8, 8]},
			"faces": {
				"north": {"uv": [15, 0, 16, 8], "texture": "#1"},
				"east": {"uv": [15, 0, 16, 8], "texture": "#1"},
				"south": {"uv": [15, 0, 16, 8], "texture": "#1"},
				"west": {"uv": [15, 0, 16, 8], "texture": "#1"},
				"up": {"uv": [15, 0, 16, 1], "texture": "#1"},
				"down": {"uv": [15, 7, 16, 8], "texture": "#1"}
			}
		},
		{
			"from": [8, 1, 7.5],
			"to": [9, 6, 8.5],
			"rotation": {"angle": 0, "axis": "y", "origin": [11, 8, 8]},
			"faces": {
				"north": {"uv": [15, 0, 16, 8], "texture": "#1"},
				"east": {"uv": [15, 0, 16, 8], "texture": "#1"},
				"south": {"uv": [15, 0, 16, 8], "texture": "#1"},
				"west": {"uv": [15, 0, 16, 8], "texture": "#1"},
				"up": {"uv": [15, 0, 16, 1], "texture": "#1"},
				"down": {"uv": [15, 7, 16, 8], "texture": "#1"}
			}
		},
		{
			"from": [6, 6, 7],
			"to": [9, 8, 9],
			"faces": {
				"north": {"uv": [0, 0, 1, 4], "texture": "#1"},
				"east": {"uv": [0, 0, 1, 4], "texture": "#1"},
				"south": {"uv": [0, 0, 1, 4], "texture": "#1"},
				"west": {"uv": [0, 0, 1, 4], "texture": "#1"},
				"up": {"uv": [0, 0, 1, 1], "texture": "#1"},
				"down": {"uv": [0, 0, 1, 1], "texture": "#1"}
			}
		},
		{
			"from": [6, 8, 7],
			"to": [9, 12, 9],
			"faces": {
				"north": {"uv": [1, 0, 6, 7], "texture": "#1"},
				"east": {"uv": [13, 0, 15, 7], "texture": "#1"},
				"south": {"uv": [8, 0, 13, 7], "texture": "#1"},
				"west": {"uv": [6, 0, 8, 7], "texture": "#1"},
				"up": {"uv": [2, 0, 5, 1], "texture": "#1"},
				"down": {"uv": [1, 0, 2, 1], "texture": "#1"}
			}
		},
		{
			"from": [6, 10.4, 6.6],
			"to": [7.3, 11.7, 7],
			"faces": {
				"north": {"uv": [4, 0, 6, 2], "texture": "#1"},
				"east": {"uv": [4, 0, 6, 2], "texture": "#1"},
				"south": {"uv": [4, 0, 6, 2], "texture": "#1"},
				"west": {"uv": [4, 0, 6, 2], "texture": "#1"},
				"up": {"uv": [4, 0, 6, 2], "texture": "#1"},
				"down": {"uv": [4, 0, 6, 2], "texture": "#1"}
			}
		},
		{
			"from": [7.7, 10.4, 6.6],
			"to": [9, 11.7, 7],
			"faces": {
				"north": {"uv": [3, 0, 1, 2], "texture": "#1"},
				"east": {"uv": [3, 0, 1, 2], "texture": "#1"},
				"south": {"uv": [3, 0, 1, 2], "texture": "#1"},
				"west": {"uv": [3, 0, 1, 2], "texture": "#1"},
				"up": {"uv": [3, 0, 1, 2], "texture": "#1"},
				"down": {"uv": [3, 0, 1, 2], "texture": "#1"}
			}
		},
		{
			"from": [7, 12, 7.7],
			"to": [8, 12.5, 8.7],
			"faces": {
				"north": {"uv": [4, 13, 5, 13.5], "texture": "#1"},
				"east": {"uv": [4, 13, 5, 13.5], "texture": "#1"},
				"south": {"uv": [4, 12, 5, 12.5], "texture": "#1"},
				"west": {"uv": [4, 13, 5, 13.5], "texture": "#1"},
				"up": {"uv": [4, 13, 5, 14], "texture": "#1"},
				"down": {"uv": [4, 13, 5, 14], "texture": "#1"}
			}
		},
		{
			"from": [6, 12.5, 6.7],
			"to": [9, 14.7, 8.7],
			"faces": {
				"north": {"uv": [0, 7, 9, 16], "texture": "#1"},
				"east": {"uv": [2, 13, 4, 15.2], "texture": "#1"},
				"south": {"uv": [5, 13, 7, 15.2], "texture": "#1"},
				"west": {"uv": [5, 13, 7, 15.2], "texture": "#1"},
				"up": {"uv": [3, 10, 6, 11], "texture": "#1"},
				"down": {"uv": [3, 15, 6, 16], "texture": "#1"}
			}
		},
		{
			"from": [7.7, 13.2, 6.9],
			"to": [9.4, 13.4, 6.9],
			"rotation": {"angle": -22.5, "axis": "y", "origin": [8, 15, 8]},
			"faces": {
				"north": {"uv": [4, 11, 5, 12.2], "texture": "#1"},
				"east": {"uv": [0, 0, 3, 2.2], "texture": "#missing"},
				"south": {"uv": [11, 9, 10, 10.2], "texture": "#1"},
				"west": {"uv": [0, 0, 3, 2.2], "texture": "#missing"},
				"up": {"uv": [0, 0, 3, 2], "rotation": 270, "texture": "#missing"},
				"down": {"uv": [0, 0, 3, 2], "rotation": 90, "texture": "#missing"}
			}
		},
		{
			"from": [5.6, 13.2, 6.9],
			"to": [7.3, 13.4, 6.9],
			"rotation": {"angle": 22.5, "axis": "y", "origin": [7, 15, 8]},
			"faces": {
				"north": {"uv": [4, 11, 5, 12.2], "texture": "#1"},
				"east": {"uv": [3, 0, 0, 2.2], "texture": "#missing"},
				"south": {"uv": [11, 9, 10, 10.2], "texture": "#1"},
				"west": {"uv": [3, 0, 0, 2.2], "texture": "#missing"},
				"up": {"uv": [0, 2, 3, 0], "rotation": 270, "texture": "#missing"},
				"down": {"uv": [0, 2, 3, 0], "rotation": 90, "texture": "#missing"}
			}
		},
		{
			"from": [7.7, 13.4, 6.9],
			"to": [9.8, 13.6, 6.9],
			"rotation": {"angle": -22.5, "axis": "y", "origin": [8, 15, 8]},
			"faces": {
				"north": {"uv": [4, 11, 5, 12.2], "texture": "#1"},
				"east": {"uv": [0, 0, 3, 2.2], "texture": "#missing"},
				"south": {"uv": [11, 9, 10, 10.2], "texture": "#1"},
				"west": {"uv": [0, 0, 3, 2.2], "texture": "#missing"},
				"up": {"uv": [0, 0, 3, 2], "rotation": 270, "texture": "#missing"},
				"down": {"uv": [0, 0, 3, 2], "rotation": 90, "texture": "#missing"}
			}
		},
		{
			"from": [5.2, 13.4, 6.9],
			"to": [7.3, 13.6, 6.9],
			"rotation": {"angle": 22.5, "axis": "y", "origin": [7, 15, 8]},
			"faces": {
				"north": {"uv": [4, 11, 5, 12.2], "texture": "#1"},
				"east": {"uv": [3, 0, 0, 2.2], "texture": "#missing"},
				"south": {"uv": [11, 9, 10, 10.2], "texture": "#1"},
				"west": {"uv": [3, 0, 0, 2.2], "texture": "#missing"},
				"up": {"uv": [0, 2, 3, 0], "rotation": 270, "texture": "#missing"},
				"down": {"uv": [0, 2, 3, 0], "rotation": 90, "texture": "#missing"}
			}
		},
		{
			"from": [7.7, 13.6, 6.9],
			"to": [10.1, 13.8, 6.9],
			"rotation": {"angle": -22.5, "axis": "y", "origin": [8, 15, 8]},
			"faces": {
				"north": {"uv": [4, 11, 5, 12.2], "texture": "#1"},
				"east": {"uv": [0, 0, 3, 2.2], "texture": "#missing"},
				"south": {"uv": [11, 9, 10, 10.2], "texture": "#1"},
				"west": {"uv": [0, 0, 3, 2.2], "texture": "#missing"},
				"up": {"uv": [0, 0, 3, 2], "rotation": 270, "texture": "#missing"},
				"down": {"uv": [0, 0, 3, 2], "rotation": 90, "texture": "#missing"}
			}
		},
		{
			"from": [4.9, 13.6, 6.9],
			"to": [7.3, 13.8, 6.9],
			"rotation": {"angle": 22.5, "axis": "y", "origin": [7, 15, 8]},
			"faces": {
				"north": {"uv": [4, 11, 5, 12.2], "texture": "#1"},
				"east": {"uv": [3, 0, 0, 2.2], "texture": "#missing"},
				"south": {"uv": [11, 9, 10, 10.2], "texture": "#1"},
				"west": {"uv": [3, 0, 0, 2.2], "texture": "#missing"},
				"up": {"uv": [0, 2, 3, 0], "rotation": 270, "texture": "#missing"},
				"down": {"uv": [0, 2, 3, 0], "rotation": 90, "texture": "#missing"}
			}
		},
		{
			"from": [5, 6, 7.5],
			"to": [6, 12, 8.5],
			"rotation": {"angle": 0, "axis": "x", "origin": [8, 12, 8]},
			"faces": {
				"north": {"uv": [0, 7, 1, 16], "texture": "#1"},
				"east": {"uv": [0, 7, 1, 16], "texture": "#1"},
				"south": {"uv": [0, 7, 1, 16], "texture": "#1"},
				"west": {"uv": [0, 7, 1, 16], "texture": "#1"},
				"up": {"uv": [0, 7, 1, 8], "texture": "#1"},
				"down": {"uv": [0, 15, 1, 16], "texture": "#1"}
			}
		},
		{
			"from": [9, 6, 7.5],
			"to": [10, 12, 8.5],
			"faces": {
				"north": {"uv": [1, 7, 2, 16], "texture": "#1"},
				"east": {"uv": [1, 7, 2, 16], "texture": "#1"},
				"south": {"uv": [1, 7, 2, 16], "texture": "#1"},
				"west": {"uv": [1, 7, 2, 16], "texture": "#1"},
				"up": {"uv": [1, 7, 2, 8], "texture": "#1"},
				"down": {"uv": [1, 15, 2, 16], "texture": "#1"}
			}
		},
		{
			"from": [5.8, 12, 6.5],
			"to": [6.8, 14, 7],
			"faces": {
				"north": {"uv": [2, 8, 2.649, 9], "texture": "#1"},
				"east": {"uv": [2, 8, 3.5, 9], "texture": "#1"},
				"south": {"uv": [3, 8, 4.4, 9], "texture": "#1"},
				"west": {"uv": [3, 8, 4.5, 9], "texture": "#1"},
				"up": {"uv": [2, 7, 3.4, 8.5], "texture": "#1"},
				"down": {"uv": [3, 8, 4.4, 9.5], "texture": "#1"}
			}
		},
		{
			"from": [8.2, 12, 6.5],
			"to": [9.2, 14, 7],
			"rotation": {"angle": 0, "axis": "y", "origin": [7, 8, 8]},
			"faces": {
				"north": {"uv": [2, 8, 2.649, 9], "texture": "#1"},
				"east": {"uv": [2, 8, 3.5, 9], "texture": "#1"},
				"south": {"uv": [3, 8, 4.4, 9], "texture": "#1"},
				"west": {"uv": [3, 8, 4.5, 9], "texture": "#1"},
				"up": {"uv": [2, 7, 3.4, 8.5], "texture": "#1"},
				"down": {"uv": [3, 8, 4.4, 9.5], "texture": "#1"}
			}
		},
		{
			"from": [5.95, 14, 6.5],
			"to": [7.35, 15, 8],
			"faces": {
				"north": {"uv": [2, 8, 2.649, 9], "texture": "#1"},
				"east": {"uv": [2, 8, 3.5, 9], "texture": "#1"},
				"south": {"uv": [3, 8, 4.4, 9], "texture": "#1"},
				"west": {"uv": [3, 8, 4.5, 9], "texture": "#1"},
				"up": {"uv": [2, 7, 3.4, 8.5], "texture": "#1"},
				"down": {"uv": [3, 8, 4.4, 9.5], "texture": "#1"}
			}
		},
		{
			"from": [5.8, 13, 7.6],
			"to": [9.2, 14, 9.3],
			"faces": {
				"north": {"uv": [2, 8, 2.649, 9], "texture": "#1"},
				"east": {"uv": [2, 8, 3.5, 9], "texture": "#1"},
				"south": {"uv": [3, 8, 4.4, 9], "texture": "#1"},
				"west": {"uv": [3, 8, 4.5, 9], "texture": "#1"},
				"up": {"uv": [2, 7, 3.4, 8.5], "texture": "#1"},
				"down": {"uv": [3, 8, 4.4, 9.5], "texture": "#1"}
			}
		},
		{
			"from": [5.8, 14, 7.2],
			"to": [9.2, 15.1, 8.9],
			"faces": {
				"north": {"uv": [2, 8, 2.649, 9], "texture": "#1"},
				"east": {"uv": [2, 8, 3.5, 9], "texture": "#1"},
				"south": {"uv": [3, 8, 4.4, 9], "texture": "#1"},
				"west": {"uv": [3, 8, 4.5, 9], "texture": "#1"},
				"up": {"uv": [2, 7, 3.4, 8.5], "texture": "#1"},
				"down": {"uv": [3, 8, 4.4, 9.5], "texture": "#1"}
			}
		},
		{
			"from": [6.8, 14, 6.6],
			"to": [8.2, 15.1, 7.3],
			"faces": {
				"north": {"uv": [2, 8, 2.649, 9], "texture": "#1"},
				"east": {"uv": [2, 8, 3.5, 9], "texture": "#1"},
				"south": {"uv": [3, 8, 4.4, 9], "texture": "#1"},
				"west": {"uv": [3, 8, 4.5, 9], "texture": "#1"},
				"up": {"uv": [2, 7, 3.4, 8.5], "texture": "#1"},
				"down": {"uv": [3, 8, 4.4, 9.5], "texture": "#1"}
			}
		},
		{
			"from": [5.8, 12, 7.8],
			"to": [9.2, 13, 9.5],
			"faces": {
				"north": {"uv": [2, 8, 2.649, 9], "texture": "#1"},
				"east": {"uv": [2, 8, 3.5, 9], "texture": "#1"},
				"south": {"uv": [3, 8, 4.4, 9], "texture": "#1"},
				"west": {"uv": [3, 8, 4.5, 9], "texture": "#1"},
				"up": {"uv": [2, 7, 3.4, 8.5], "texture": "#1"},
				"down": {"uv": [3, 8, 4.4, 9.5], "texture": "#1"}
			}
		},
		{
			"from": [5.8, 9, 8],
			"to": [9.2, 12, 9.7],
			"faces": {
				"north": {"uv": [2, 8, 2.649, 9], "texture": "#1"},
				"east": {"uv": [2, 8, 3.5, 9], "texture": "#1"},
				"south": {"uv": [3, 8, 4.4, 9], "texture": "#1"},
				"west": {"uv": [3, 8, 4.5, 9], "texture": "#1"},
				"up": {"uv": [2, 7, 3.4, 8.5], "texture": "#1"},
				"down": {"uv": [3, 8, 4.4, 9.5], "texture": "#1"}
			}
		},
		{
			"from": [5.8, 7, 8],
			"to": [9.2, 9, 9.7],
			"faces": {
				"north": {"uv": [2, 8, 2.649, 9], "texture": "#1"},
				"east": {"uv": [2, 8, 3.5, 9], "texture": "#1"},
				"south": {"uv": [3, 8, 4.4, 9], "texture": "#1"},
				"west": {"uv": [3, 8, 4.5, 9], "texture": "#1"},
				"up": {"uv": [2, 7, 3.4, 8.5], "texture": "#1"},
				"down": {"uv": [3, 8, 4.4, 9.5], "texture": "#1"}
			}
		},
		{
			"from": [6.1, 5, 8.6],
			"to": [7.5, 7, 9.7],
			"faces": {
				"north": {"uv": [4, 8, 3, 9], "texture": "#1"},
				"east": {"uv": [3, 8, 4, 9], "texture": "#1"},
				"south": {"uv": [3, 8, 4, 9], "texture": "#1"},
				"west": {"uv": [3, 8, 4, 9], "texture": "#1"},
				"up": {"uv": [2, 7, 3, 8], "texture": "#1"},
				"down": {"uv": [3, 8, 4, 9], "texture": "#1"}
			}
		},
		{
			"from": [7.5, 5, 8.6],
			"to": [8.9, 7, 9.7],
			"rotation": {"angle": 0, "axis": "y", "origin": [2, 8, 8]},
			"faces": {
				"north": {"uv": [4, 8, 3, 9], "texture": "#1"},
				"east": {"uv": [3, 8, 4, 9], "texture": "#1"},
				"south": {"uv": [3, 8, 4, 9], "texture": "#1"},
				"west": {"uv": [3, 8, 4, 9], "texture": "#1"},
				"up": {"uv": [2, 7, 3, 8], "texture": "#1"},
				"down": {"uv": [3, 8, 4, 9], "texture": "#1"}
			}
		},
		{
			"from": [7.65, 14, 6.5],
			"to": [9.05, 15, 8],
			"rotation": {"angle": 0, "axis": "y", "origin": [7, 8, 8]},
			"faces": {
				"north": {"uv": [2, 8, 2.649, 9], "texture": "#1"},
				"east": {"uv": [2, 8, 3.5, 9], "texture": "#1"},
				"south": {"uv": [3, 8, 4.4, 9], "texture": "#1"},
				"west": {"uv": [3, 8, 4.5, 9], "texture": "#1"},
				"up": {"uv": [2, 7, 3.4, 8.5], "texture": "#1"},
				"down": {"uv": [3, 8, 4.4, 9.5], "texture": "#1"}
			}
		}
	],
	"display": {
		"thirdperson_righthand": {
			"scale": [0.5, 0.5, 0.5]
		},
		"thirdperson_lefthand": {
			"scale": [0.5, 0.5, 0.5]
		},
		"ground": {
			"translation": [0, 1, 0],
			"scale": [0.5, 0.5, 0.5]
		},
		"gui": {
			"rotation": [28, 139, 0]
		},
		"head": {
			"translation": [0, 14.5, 0]
		},
		"fixed": {
			"rotation": [-90, 0, 0],
			"translation": [0.5, 0.5, -8]
		}
	}
}