{
	"credit": "Made with Blockbench",
	"textures": {
		"1": "item/colour/stone/1",
		"particle": "item/colour/stone/15",
		"block": "item/colour/stone/15"
	},
	"elements": [
		{
			"name": "Bottom end thin",
			"from": [2, 0, 7.5],
			"to": [3, 1, 8.5],
			"faces": {
				"north": {"uv": [0, 0, 16, 16], "texture": "#block"},
				"east": {"uv": [0, 0, 16, 16], "texture": "#block"},
				"south": {"uv": [0, 0, 16, 16], "texture": "#block"},
				"west": {"uv": [0, 0, 16, 16], "texture": "#block"},
				"up": {"uv": [0, 0, 16, 16], "texture": "#block"},
				"down": {"uv": [0, 0, 16, 16], "texture": "#block"}
			}
		},
		{
			"name": "Bottom bottom end fat",
			"from": [2, 1, 7],
			"to": [3, 5, 9],
			"faces": {
				"north": {"uv": [0, 0, 16, 16], "texture": "#block"},
				"east": {"uv": [0, 0, 16, 16], "texture": "#block"},
				"south": {"uv": [0, 0, 16, 16], "texture": "#block"},
				"west": {"uv": [0, 0, 16, 16], "texture": "#block"},
				"up": {"uv": [0, 0, 16, 16], "texture": "#block"},
				"down": {"uv": [0, 0, 16, 16], "texture": "#block"}
			}
		},
		{
			"name": "Bottom bottom end thin front",
			"from": [1, 1, 7.5],
			"to": [2, 5, 8.5],
			"faces": {
				"north": {"uv": [0, 0, 16, 16], "texture": "#block"},
				"east": {"uv": [0, 0, 16, 16], "texture": "#block"},
				"south": {"uv": [0, 0, 16, 16], "texture": "#block"},
				"west": {"uv": [0, 0, 16, 16], "texture": "#block"},
				"up": {"uv": [0, 0, 16, 16], "texture": "#block"},
				"down": {"uv": [0, 0, 16, 16], "texture": "#block"}
			}
		},
		{
			"name": "Bottom bottom end thin back",
			"from": [3, 1, 7.5],
			"to": [4, 5, 8.5],
			"faces": {
				"north": {"uv": [0, 0, 16, 16], "texture": "#block"},
				"east": {"uv": [0, 0, 16, 16], "texture": "#block"},
				"south": {"uv": [0, 0, 16, 16], "texture": "#block"},
				"west": {"uv": [0, 0, 16, 16], "texture": "#block"},
				"up": {"uv": [0, 0, 16, 16], "texture": "#block"},
				"down": {"uv": [0, 0, 16, 16], "texture": "#block"}
			}
		},
		{
			"name": "Bottom middle fat",
			"from": [3, 5, 7],
			"to": [4, 8, 9],
			"faces": {
				"north": {"uv": [0, 0, 16, 16], "texture": "#block"},
				"east": {"uv": [0, 0, 16, 16], "texture": "#block"},
				"south": {"uv": [0, 0, 16, 16], "texture": "#block"},
				"west": {"uv": [0, 0, 16, 16], "texture": "#block"},
				"up": {"uv": [0, 0, 16, 16], "texture": "#block"},
				"down": {"uv": [0, 0, 16, 16], "texture": "#block"}
			}
		},
		{
			"name": "Bottom middle thin front",
			"from": [2, 5, 7.5],
			"to": [3, 8, 8.5],
			"faces": {
				"north": {"uv": [0, 0, 16, 16], "texture": "#block"},
				"east": {"uv": [0, 0, 16, 16], "texture": "#block"},
				"south": {"uv": [0, 0, 16, 16], "texture": "#block"},
				"west": {"uv": [0, 0, 16, 16], "texture": "#block"},
				"up": {"uv": [0, 0, 16, 16], "texture": "#block"},
				"down": {"uv": [0, 0, 16, 16], "texture": "#block"}
			}
		},
		{
			"name": "Bottom middle thin back",
			"from": [4, 5, 7.5],
			"to": [5, 9, 8.5],
			"faces": {
				"north": {"uv": [0, 0, 16, 16], "texture": "#block"},
				"east": {"uv": [0, 0, 16, 16], "texture": "#block"},
				"south": {"uv": [0, 0, 16, 16], "texture": "#block"},
				"west": {"uv": [0, 0, 16, 16], "texture": "#block"},
				"up": {"uv": [0, 0, 16, 16], "texture": "#block"},
				"down": {"uv": [0, 0, 16, 16], "texture": "#block"}
			}
		},
		{
			"name": "Bottom top end thin front",
			"from": [3, 8, 7.5],
			"to": [4, 10, 8.5],
			"faces": {
				"north": {"uv": [0, 0, 16, 16], "texture": "#block"},
				"east": {"uv": [0, 0, 16, 16], "texture": "#block"},
				"south": {"uv": [0, 0, 16, 16], "texture": "#block"},
				"west": {"uv": [0, 0, 16, 16], "texture": "#block"},
				"up": {"uv": [0, 0, 16, 16], "texture": "#block"},
				"down": {"uv": [0, 0, 16, 16], "texture": "#block"}
			}
		},
		{
			"name": "Bottom top top end thin front",
			"from": [4, 10, 7.5],
			"to": [5, 11, 8.5],
			"faces": {
				"north": {"uv": [0, 0, 16, 16], "texture": "#block"},
				"east": {"uv": [0, 0, 16, 16], "texture": "#block"},
				"south": {"uv": [0, 0, 16, 16], "texture": "#block"},
				"west": {"uv": [0, 0, 16, 16], "texture": "#block"},
				"up": {"uv": [0, 0, 16, 16], "texture": "#block"},
				"down": {"uv": [0, 0, 16, 16], "texture": "#block"}
			}
		},
		{
			"name": "Bottom handle center",
			"from": [5, 9, 7.5],
			"to": [6, 10, 8.5],
			"faces": {
				"north": {"uv": [0, 0, 16, 16], "texture": "#block"},
				"east": {"uv": [0, 0, 16, 16], "texture": "#block"},
				"south": {"uv": [0, 0, 16, 16], "texture": "#block"},
				"west": {"uv": [0, 0, 16, 16], "texture": "#block"},
				"up": {"uv": [0, 0, 16, 16], "texture": "#block"},
				"down": {"uv": [0, 0, 16, 16], "texture": "#block"}
			}
		},
		{
			"name": "Bottom handle bottom",
			"from": [5, 8, 7],
			"to": [6, 9, 9],
			"faces": {
				"north": {"uv": [0, 0, 16, 16], "texture": "#block"},
				"east": {"uv": [0, 0, 16, 16], "texture": "#block"},
				"south": {"uv": [0, 0, 16, 16], "texture": "#block"},
				"west": {"uv": [0, 0, 16, 16], "texture": "#block"},
				"up": {"uv": [0, 0, 16, 16], "texture": "#block"},
				"down": {"uv": [0, 0, 16, 16], "texture": "#block"}
			}
		},
		{
			"name": "Bottom handle front",
			"from": [4, 9, 7],
			"to": [5, 10, 9],
			"faces": {
				"north": {"uv": [0, 0, 16, 16], "texture": "#block"},
				"east": {"uv": [0, 0, 16, 16], "texture": "#block"},
				"south": {"uv": [0, 0, 16, 16], "texture": "#block"},
				"west": {"uv": [0, 0, 16, 16], "texture": "#block"},
				"up": {"uv": [0, 0, 16, 16], "texture": "#block"},
				"down": {"uv": [0, 0, 16, 16], "texture": "#block"}
			}
		},
		{
			"name": "Bottom handle middle front",
			"from": [5, 10, 7],
			"to": [6, 11, 9],
			"faces": {
				"north": {"uv": [0, 0, 16, 16], "texture": "#block"},
				"east": {"uv": [0, 0, 16, 16], "texture": "#block"},
				"south": {"uv": [0, 0, 16, 16], "texture": "#block"},
				"west": {"uv": [0, 0, 16, 16], "texture": "#block"},
				"up": {"uv": [0, 0, 16, 16], "texture": "#block"},
				"down": {"uv": [0, 0, 16, 16], "texture": "#block"}
			}
		},
		{
			"name": "Bottom handle middle back",
			"from": [6, 9, 7],
			"to": [7, 10, 9],
			"faces": {
				"north": {"uv": [0, 0, 16, 16], "texture": "#block"},
				"east": {"uv": [0, 0, 16, 16], "texture": "#block"},
				"south": {"uv": [0, 0, 16, 16], "texture": "#block"},
				"west": {"uv": [0, 0, 16, 16], "texture": "#block"},
				"up": {"uv": [0, 0, 16, 16], "texture": "#block"},
				"down": {"uv": [0, 0, 16, 16], "texture": "#block"}
			}
		},
		{
			"name": "Top handle center",
			"from": [6, 10, 7.5],
			"to": [7, 11, 8.5],
			"faces": {
				"north": {"uv": [0, 0, 16, 16], "texture": "#block"},
				"east": {"uv": [0, 0, 16, 16], "texture": "#block"},
				"south": {"uv": [0, 0, 16, 16], "texture": "#block"},
				"west": {"uv": [0, 0, 16, 16], "texture": "#block"},
				"up": {"uv": [0, 0, 16, 16], "texture": "#block"},
				"down": {"uv": [0, 0, 16, 16], "texture": "#block"}
			}
		},
		{
			"name": "Top handle top",
			"from": [6, 11, 7],
			"to": [7, 12, 9],
			"faces": {
				"north": {"uv": [0, 0, 16, 16], "texture": "#block"},
				"east": {"uv": [0, 0, 16, 16], "texture": "#block"},
				"south": {"uv": [0, 0, 16, 16], "texture": "#block"},
				"west": {"uv": [0, 0, 16, 16], "texture": "#block"},
				"up": {"uv": [0, 0, 16, 16], "texture": "#block"},
				"down": {"uv": [0, 0, 16, 16], "texture": "#block"}
			}
		},
		{
			"name": "Top handle back",
			"from": [7, 10, 7],
			"to": [8, 11, 9],
			"faces": {
				"north": {"uv": [0, 0, 16, 16], "texture": "#block"},
				"east": {"uv": [0, 0, 16, 16], "texture": "#block"},
				"south": {"uv": [0, 0, 16, 16], "texture": "#block"},
				"west": {"uv": [0, 0, 16, 16], "texture": "#block"},
				"up": {"uv": [0, 0, 16, 16], "texture": "#block"},
				"down": {"uv": [0, 0, 16, 16], "texture": "#block"}
			}
		},
		{
			"name": "Top front front end thin top",
			"from": [5, 11, 7.5],
			"to": [6, 12, 8.5],
			"faces": {
				"north": {"uv": [0, 0, 16, 16], "texture": "#block"},
				"east": {"uv": [0, 0, 16, 16], "texture": "#block"},
				"south": {"uv": [0, 0, 16, 16], "texture": "#block"},
				"west": {"uv": [0, 0, 16, 16], "texture": "#block"},
				"up": {"uv": [0, 0, 16, 16], "texture": "#block"},
				"down": {"uv": [0, 0, 16, 16], "texture": "#block"}
			}
		},
		{
			"name": "Top front end thin top",
			"from": [6, 12, 7.5],
			"to": [8, 13, 8.5],
			"faces": {
				"north": {"uv": [0, 0, 16, 16], "rotation": 180, "texture": "#block"},
				"east": {"uv": [0, 0, 16, 16], "rotation": 180, "texture": "#block"},
				"south": {"uv": [0, 0, 16, 16], "rotation": 180, "texture": "#block"},
				"west": {"uv": [0, 0, 16, 16], "rotation": 180, "texture": "#block"},
				"up": {"uv": [0, 0, 16, 16], "rotation": 180, "texture": "#block"},
				"down": {"uv": [0, 0, 16, 16], "rotation": 180, "texture": "#block"}
			}
		},
		{
			"name": "Top middle fat",
			"from": [8, 12, 7],
			"to": [11, 13, 9],
			"faces": {
				"north": {"uv": [0, 0, 16, 16], "rotation": 180, "texture": "#block"},
				"east": {"uv": [0, 0, 16, 16], "rotation": 180, "texture": "#block"},
				"south": {"uv": [0, 0, 16, 16], "rotation": 180, "texture": "#block"},
				"west": {"uv": [0, 0, 16, 16], "rotation": 180, "texture": "#block"},
				"up": {"uv": [0, 0, 16, 16], "rotation": 180, "texture": "#block"},
				"down": {"uv": [0, 0, 16, 16], "rotation": 180, "texture": "#block"}
			}
		},
		{
			"name": "Top middle thin top",
			"from": [8, 13, 7.5],
			"to": [11, 14, 8.5],
			"faces": {
				"north": {"uv": [0, 0, 16, 16], "rotation": 180, "texture": "#block"},
				"east": {"uv": [0, 0, 16, 16], "rotation": 180, "texture": "#block"},
				"south": {"uv": [0, 0, 16, 16], "rotation": 180, "texture": "#block"},
				"west": {"uv": [0, 0, 16, 16], "rotation": 180, "texture": "#block"},
				"up": {"uv": [0, 0, 16, 16], "rotation": 180, "texture": "#block"},
				"down": {"uv": [0, 0, 16, 16], "rotation": 180, "texture": "#block"}
			}
		},
		{
			"name": "Top middle thin bottom",
			"from": [7, 11, 7.5],
			"to": [11, 12, 8.5],
			"faces": {
				"north": {"uv": [0, 0, 16, 16], "rotation": 180, "texture": "#block"},
				"east": {"uv": [0, 0, 16, 16], "rotation": 180, "texture": "#block"},
				"south": {"uv": [0, 0, 16, 16], "rotation": 180, "texture": "#block"},
				"west": {"uv": [0, 0, 16, 16], "rotation": 180, "texture": "#block"},
				"up": {"uv": [0, 0, 16, 16], "rotation": 180, "texture": "#block"},
				"down": {"uv": [0, 0, 16, 16], "rotation": 180, "texture": "#block"}
			}
		},
		{
			"name": "Top end fat",
			"from": [11, 13, 7],
			"to": [15, 14, 9],
			"faces": {
				"north": {"uv": [0, 0, 16, 16], "rotation": 180, "texture": "#block"},
				"east": {"uv": [0, 0, 16, 16], "rotation": 180, "texture": "#block"},
				"south": {"uv": [0, 0, 16, 16], "rotation": 180, "texture": "#block"},
				"west": {"uv": [0, 0, 16, 16], "rotation": 180, "texture": "#block"},
				"up": {"uv": [0, 0, 16, 16], "rotation": 180, "texture": "#block"},
				"down": {"uv": [0, 0, 16, 16], "rotation": 180, "texture": "#block"}
			}
		},
		{
			"name": "Top end thin top",
			"from": [11, 14, 7.5],
			"to": [15, 15, 8.5],
			"faces": {
				"north": {"uv": [0, 0, 16, 16], "rotation": 180, "texture": "#block"},
				"east": {"uv": [0, 0, 16, 16], "rotation": 180, "texture": "#block"},
				"south": {"uv": [0, 0, 16, 16], "rotation": 180, "texture": "#block"},
				"west": {"uv": [0, 0, 16, 16], "rotation": 180, "texture": "#block"},
				"up": {"uv": [0, 0, 16, 16], "rotation": 180, "texture": "#block"},
				"down": {"uv": [0, 0, 16, 16], "rotation": 180, "texture": "#block"}
			}
		},
		{
			"name": "Top end thin bottom",
			"from": [11, 12, 7.5],
			"to": [15, 13, 8.5],
			"faces": {
				"north": {"uv": [0, 0, 16, 16], "rotation": 180, "texture": "#block"},
				"east": {"uv": [0, 0, 16, 16], "rotation": 180, "texture": "#block"},
				"south": {"uv": [0, 0, 16, 16], "rotation": 180, "texture": "#block"},
				"west": {"uv": [0, 0, 16, 16], "rotation": 180, "texture": "#block"},
				"up": {"uv": [0, 0, 16, 16], "rotation": 180, "texture": "#block"},
				"down": {"uv": [0, 0, 16, 16], "rotation": 180, "texture": "#block"}
			}
		},
		{
			"name": "Top end thin end",
			"from": [15, 13, 7.5],
			"to": [16, 14, 8.5],
			"faces": {
				"north": {"uv": [0, 0, 16, 16], "texture": "#block"},
				"east": {"uv": [0, 0, 16, 16], "texture": "#block"},
				"south": {"uv": [0, 0, 16, 16], "texture": "#block"},
				"west": {"uv": [0, 0, 16, 16], "texture": "#block"},
				"up": {"uv": [0, 0, 16, 16], "texture": "#block"},
				"down": {"uv": [0, 0, 16, 16], "texture": "#block"}
			}
		},
		{
			"name": "String top to bottom",
			"from": [13, 11, 7.75],
			"to": [14, 12, 8.25],
			"faces": {
				"north": {"uv": [0, 0, 1, 1], "texture": "#1"},
				"east": {"uv": [0, 0, 1, 1], "texture": "#1"},
				"south": {"uv": [0, 0, 1, 1], "texture": "#1"},
				"west": {"uv": [0, 0, 1, 1], "texture": "#1"},
				"up": {"uv": [0, 0, 1, 1], "texture": "#1"},
				"down": {"uv": [0, 0, 1, 1], "texture": "#1"}
			}
		},
		{
			"name": "String top to bottom",
			"from": [12, 10, 7.75],
			"to": [13, 11, 8.25],
			"faces": {
				"north": {"uv": [0, 0, 1, 1], "texture": "#1"},
				"east": {"uv": [0, 0, 1, 1], "texture": "#1"},
				"south": {"uv": [0, 0, 1, 1], "texture": "#1"},
				"west": {"uv": [0, 0, 1, 1], "texture": "#1"},
				"up": {"uv": [0, 0, 1, 1], "texture": "#1"},
				"down": {"uv": [0, 0, 1, 1], "texture": "#1"}
			}
		},
		{
			"name": "String top to bottom",
			"from": [11, 9, 7.75],
			"to": [12, 10, 8.25],
			"faces": {
				"north": {"uv": [0, 0, 1, 1], "texture": "#1"},
				"east": {"uv": [0, 0, 1, 1], "texture": "#1"},
				"south": {"uv": [0, 0, 1, 1], "texture": "#1"},
				"west": {"uv": [0, 0, 1, 1], "texture": "#1"},
				"up": {"uv": [0, 0, 1, 1], "texture": "#1"},
				"down": {"uv": [0, 0, 1, 1], "texture": "#1"}
			}
		},
		{
			"name": "String top to bottom",
			"from": [10, 8, 7.75],
			"to": [11, 9, 8.25],
			"faces": {
				"north": {"uv": [0, 0, 1, 1], "texture": "#1"},
				"east": {"uv": [0, 0, 1, 1], "texture": "#1"},
				"south": {"uv": [0, 0, 1, 1], "texture": "#1"},
				"west": {"uv": [0, 0, 1, 1], "texture": "#1"},
				"up": {"uv": [0, 0, 1, 1], "texture": "#1"},
				"down": {"uv": [0, 0, 1, 1], "texture": "#1"}
			}
		},
		{
			"name": "String top to bottom",
			"from": [9, 7, 7.75],
			"to": [10, 8, 8.25],
			"faces": {
				"north": {"uv": [0, 0, 1, 1], "texture": "#1"},
				"east": {"uv": [0, 0, 1, 1], "texture": "#1"},
				"south": {"uv": [0, 0, 1, 1], "texture": "#1"},
				"west": {"uv": [0, 0, 1, 1], "texture": "#1"},
				"up": {"uv": [0, 0, 1, 1], "texture": "#1"},
				"down": {"uv": [0, 0, 1, 1], "texture": "#1"}
			}
		},
		{
			"name": "String top to bottom",
			"from": [8, 6, 7.75],
			"to": [9, 7, 8.25],
			"faces": {
				"north": {"uv": [0, 0, 1, 1], "texture": "#1"},
				"east": {"uv": [0, 0, 1, 1], "texture": "#1"},
				"south": {"uv": [0, 0, 1, 1], "texture": "#1"},
				"west": {"uv": [0, 0, 1, 1], "texture": "#1"},
				"up": {"uv": [0, 0, 1, 1], "texture": "#1"},
				"down": {"uv": [0, 0, 1, 1], "texture": "#1"}
			}
		},
		{
			"name": "String top to bottom",
			"from": [7, 5, 7.75],
			"to": [8, 6, 8.25],
			"faces": {
				"north": {"uv": [0, 0, 1, 1], "texture": "#1"},
				"east": {"uv": [0, 0, 1, 1], "texture": "#1"},
				"south": {"uv": [0, 0, 1, 1], "texture": "#1"},
				"west": {"uv": [0, 0, 1, 1], "texture": "#1"},
				"up": {"uv": [0, 0, 1, 1], "texture": "#1"},
				"down": {"uv": [0, 0, 1, 1], "texture": "#1"}
			}
		},
		{
			"name": "String top to bottom",
			"from": [6, 4, 7.75],
			"to": [7, 5, 8.25],
			"faces": {
				"north": {"uv": [0, 0, 1, 1], "texture": "#1"},
				"east": {"uv": [0, 0, 1, 1], "texture": "#1"},
				"south": {"uv": [0, 0, 1, 1], "texture": "#1"},
				"west": {"uv": [0, 0, 1, 1], "texture": "#1"},
				"up": {"uv": [0, 0, 1, 1], "texture": "#1"},
				"down": {"uv": [0, 0, 1, 1], "texture": "#1"}
			}
		},
		{
			"name": "String top to bottom",
			"from": [5, 3, 7.75],
			"to": [6, 4, 8.25],
			"faces": {
				"north": {"uv": [0, 0, 1, 1], "texture": "#1"},
				"east": {"uv": [0, 0, 1, 1], "texture": "#1"},
				"south": {"uv": [0, 0, 1, 1], "texture": "#1"},
				"west": {"uv": [0, 0, 1, 1], "texture": "#1"},
				"up": {"uv": [0, 0, 1, 1], "texture": "#1"},
				"down": {"uv": [0, 0, 1, 1], "texture": "#1"}
			}
		},
		{
			"name": "String top to bottom",
			"from": [4, 2, 7.75],
			"to": [5, 3, 8.25],
			"faces": {
				"north": {"uv": [0, 0, 1, 1], "texture": "#1"},
				"east": {"uv": [0, 0, 1, 1], "texture": "#1"},
				"south": {"uv": [0, 0, 1, 1], "texture": "#1"},
				"west": {"uv": [0, 0, 1, 1], "texture": "#1"},
				"up": {"uv": [0, 0, 1, 1], "texture": "#1"},
				"down": {"uv": [0, 0, 1, 1], "texture": "#1"}
			}
		}
	],
	"overrides": [
		{
			"predicate": {
				"pulling": 1
			},
			"model": "item/bow_pulling_0"
		},
		{
			"predicate": {
				"pulling": 1,
				"pull": 0.65
			},
			"model": "item/bow_pulling_1"
		},
		{
			"predicate": {
				"pulling": 1,
				"pull": 0.9
			},
			"model": "item/bow_pulling_2"
		}
	],
	"display": {
		"thirdperson_righthand": {
			"rotation": [0, -90, 40],
			"translation": [0, -0.5, 2.25],
			"scale": [0.85, 0.85, 0.85]
		},
		"thirdperson_lefthand": {
			"rotation": [0, 90, -40],
			"translation": [0, -2, 2.5],
			"scale": [0.85, 0.85, 0.85]
		},
		"firstperson_righthand": {
			"rotation": [0, -90, 25],
			"translation": [1.13, 2.5, 1.13],
			"scale": [0.68, 0.68, 0.68]
		},
		"firstperson_lefthand": {
			"rotation": [0, 90, -25],
			"translation": [1.13, 2.5, 1.13],
			"scale": [0.68, 0.68, 0.68]
		},
		"ground": {
			"translation": [0, 3, 0],
			"scale": [0.5, 0.5, 0.5]
		},
		"gui": {
			"rotation": [10, 10, 10],
			"translation": [0, 0.5, 0],
			"scale": [0.85, 0.85, 0.85]
		},
		"head": {
			"rotation": [0, 180, 0],
			"translation": [0, 13, 7]
		},
		"fixed": {
			"rotation": [1, 0, 0],
			"translation": [0, 0, -1.25],
			"scale": [1.02, 1.02, 1.02]
		}
	}
}