{
	"credit": "Made with Blockbench",
	"textures": {
		"0": "item/brick/978",
		"particle": "item/brick/978"
	},
	"elements": [
		{
			"from": [0, 0, 9],
			"to": [16, 8.5, 9.5],
			"faces": {
				"north": {"uv": [0, 3.5, 16, 12], "texture": "#0"},
				"east": {"uv": [0, 4, 0.5, 11.5], "texture": "#0"},
				"south": {"uv": [16, 3.5, 0, 12], "texture": "#0"},
				"west": {"uv": [0, 4, 0.5, 11.5], "texture": "#0"},
				"up": {"uv": [0, 4, 0.5, 11.5], "texture": "#0"},
				"down": {"uv": [0, 4, 0.5, 11.5], "texture": "#0"}
			}
		}
	],
	"display": {
		"thirdperson_righthand": {
			"translation": [0, 2, 0],
			"scale": [0.3, 0.3, 0.3]
		},
		"thirdperson_lefthand": {
			"translation": [0, 2, 0],
			"scale": [0.3, 0.3, 0.3]
		},
		"firstperson_righthand": {
			"rotation": [0, -180, 0],
			"translation": [0, 4, 0],
			"scale": [0.6, 0.6, 0.6]
		},
		"ground": {
			"translation": [0, 1.5, 0],
			"scale": [0.5, 0.5, 0.5]
		},
		"gui": {
			"rotation": [0, -180, 0],
			"translation": [0, 3.5, 0]
		},
		"fixed": {
			"translation": [0, 3.5, -1.5]
		}
	}
}