{
	"credit": "Made with Blockbench",
	"textures": {
		"particle": "item/bow/19_2",
		"texture": "item/bow/19_2"
	},
	"elements": [
		{
			"name": "Voxels",
			"from": [2.5, -8, 5.5],
			"to": [5, -6.5, 6],
			"faces": {
				"north": {"uv": [3.25, 15.25, 2, 16], "texture": "#texture"},
				"east": {"uv": [4.5, 10, 4.25, 10.75], "texture": "#texture"},
				"south": {"uv": [2, 14.5, 3.25, 15.25], "texture": "#texture"},
				"west": {"uv": [4, 10, 4.25, 10.75], "texture": "#texture"},
				"up": {"uv": [0, 8.25, 1.25, 8], "texture": "#texture"},
				"down": {"uv": [13.75, 15.25, 15, 15.5], "texture": "#texture"}
			}
		},
		{
			"name": "Voxels",
			"from": [2.5, -7, 5],
			"to": [5, -6, 5.5],
			"faces": {
				"north": {"uv": [3.25, 9.75, 2, 10.25], "texture": "#texture"},
				"east": {"uv": [10.5, 11, 10.25, 11.5], "texture": "#texture"},
				"south": {"uv": [2, 9.25, 3.25, 9.75], "texture": "#texture"},
				"west": {"uv": [10.25, 11.5, 10.5, 12], "texture": "#texture"},
				"up": {"uv": [10, 16, 11.25, 15.75], "texture": "#texture"},
				"down": {"uv": [8.75, 15.75, 10, 16], "texture": "#texture"}
			}
		},
		{
			"name": "Voxels",
			"from": [2.5, -0.5, 8.5],
			"to": [5, 0.5, 9],
			"faces": {
				"north": {"uv": [3.25, 10.25, 2, 10.75], "texture": "#texture"},
				"east": {"uv": [10.5, 10, 10.25, 10.5], "texture": "#texture"},
				"south": {"uv": [2, 8.25, 3.25, 8.75], "texture": "#texture"},
				"west": {"uv": [10.25, 10.5, 10.5, 11], "texture": "#texture"},
				"up": {"uv": [12.5, 16, 13.75, 15.75], "texture": "#texture"},
				"down": {"uv": [11.25, 15.75, 12.5, 16], "texture": "#texture"}
			}
		},
		{
			"name": "Voxels",
			"from": [2.5, 0, 9],
			"to": [5, 2.5, 9.5],
			"faces": {
				"north": {"uv": [1.25, 13.5, 0, 14.75], "texture": "#texture"},
				"east": {"uv": [7, 8.75, 6.75, 10], "texture": "#texture"},
				"south": {"uv": [0, 12.25, 1.25, 13.5], "texture": "#texture"},
				"west": {"uv": [5, 8, 5.25, 9.25], "texture": "#texture"},
				"up": {"uv": [7.5, 15.75, 8.75, 15.5], "texture": "#texture"},
				"down": {"uv": [13.75, 15.75, 15, 16], "texture": "#texture"}
			}
		},
		{
			"name": "Voxels",
			"from": [2.5, 2, 8.5],
			"to": [5, 3, 9],
			"faces": {
				"north": {"uv": [4.5, 15, 3.25, 15.5], "texture": "#texture"},
				"east": {"uv": [10.5, 9, 10.25, 9.5], "texture": "#texture"},
				"south": {"uv": [3.25, 14.5, 4.5, 15], "texture": "#texture"},
				"west": {"uv": [10.25, 9.5, 10.5, 10], "texture": "#texture"},
				"up": {"uv": [10, 15.75, 11.25, 15.5], "texture": "#texture"},
				"down": {"uv": [8.75, 15.5, 10, 15.75], "texture": "#texture"}
			}
		},
		{
			"name": "Voxels",
			"from": [2.5, 12.5, 8.5],
			"to": [5, 13.5, 9],
			"faces": {
				"north": {"uv": [4.5, 15.5, 3.25, 16], "texture": "#texture"},
				"east": {"uv": [10.5, 8, 10.25, 8.5], "texture": "#texture"},
				"south": {"uv": [2, 8.75, 3.25, 9.25], "texture": "#texture"},
				"west": {"uv": [10.25, 8.5, 10.5, 9], "texture": "#texture"},
				"up": {"uv": [12.5, 15.75, 13.75, 15.5], "texture": "#texture"},
				"down": {"uv": [11.25, 15.5, 12.5, 15.75], "texture": "#texture"}
			}
		},
		{
			"name": "Voxels",
			"from": [2.5, 13, 9],
			"to": [5, 15.5, 9.5],
			"faces": {
				"north": {"uv": [1.25, 14.75, 0, 16], "texture": "#texture"},
				"east": {"uv": [7.75, 12.75, 7.5, 14], "texture": "#texture"},
				"south": {"uv": [0, 11, 1.25, 12.25], "texture": "#texture"},
				"west": {"uv": [7.5, 14, 7.75, 15.25], "texture": "#texture"},
				"up": {"uv": [7.5, 15.5, 8.75, 15.25], "texture": "#texture"},
				"down": {"uv": [13.75, 15.5, 15, 15.75], "texture": "#texture"}
			}
		},
		{
			"name": "Voxels",
			"from": [2.5, 15, 8.5],
			"to": [5, 16, 9],
			"faces": {
				"north": {"uv": [4.5, 14, 3.25, 14.5], "texture": "#texture"},
				"east": {"uv": [10.75, 11, 10.5, 11.5], "texture": "#texture"},
				"south": {"uv": [3.25, 13.5, 4.5, 14], "texture": "#texture"},
				"west": {"uv": [10.5, 11.5, 10.75, 12], "texture": "#texture"},
				"up": {"uv": [10, 15.5, 11.25, 15.25], "texture": "#texture"},
				"down": {"uv": [8.75, 15.25, 10, 15.5], "texture": "#texture"}
			}
		},
		{
			"name": "Voxels",
			"from": [2.5, 21.5, 5],
			"to": [5, 22.5, 5.5],
			"faces": {
				"north": {"uv": [4.5, 13, 3.25, 13.5], "texture": "#texture"},
				"east": {"uv": [10.75, 10, 10.5, 10.5], "texture": "#texture"},
				"south": {"uv": [2, 10.75, 3.25, 11.25], "texture": "#texture"},
				"west": {"uv": [10.5, 10.5, 10.75, 11], "texture": "#texture"},
				"up": {"uv": [12.5, 15.5, 13.75, 15.25], "texture": "#texture"},
				"down": {"uv": [11.25, 15.25, 12.5, 15.5], "texture": "#texture"}
			}
		},
		{
			"name": "Voxels",
			"from": [2.5, 22, 5.5],
			"to": [5, 23.5, 6],
			"faces": {
				"north": {"uv": [1.25, 8.25, 0, 9], "texture": "#texture"},
				"east": {"uv": [4.5, 8.5, 4.25, 9.25], "texture": "#texture"},
				"south": {"uv": [2, 13.75, 3.25, 14.5], "texture": "#texture"},
				"west": {"uv": [4, 8.5, 4.25, 9.25], "texture": "#texture"},
				"up": {"uv": [7.5, 16, 8.75, 15.75], "texture": "#texture"},
				"down": {"uv": [2, 8, 3.25, 8.25], "texture": "#texture"}
			}
		},
		{
			"name": "Voxels",
			"from": [3, -9, 5.5],
			"to": [4.5, -8, 6],
			"faces": {
				"north": {"uv": [6, 8.25, 5.25, 8.75], "texture": "#texture"},
				"east": {"uv": [11, 11, 10.75, 11.5], "texture": "#texture"},
				"south": {"uv": [6, 8.25, 6.75, 8.75], "texture": "#texture"},
				"west": {"uv": [10.75, 12.5, 11, 13], "texture": "#texture"},
				"up": {"uv": [15, 15.5, 15.75, 15.25], "texture": "#texture"},
				"down": {"uv": [15, 15.5, 15.75, 15.75], "texture": "#texture"}
			}
		},
		{
			"name": "Voxels",
			"from": [3, -6, 5],
			"to": [4.5, -5, 5.5],
			"faces": {
				"north": {"uv": [7.5, 13.5, 6.75, 14], "texture": "#texture"},
				"east": {"uv": [11, 10, 10.75, 10.5], "texture": "#texture"},
				"south": {"uv": [6.75, 13, 7.5, 13.5], "texture": "#texture"},
				"west": {"uv": [10.75, 10.5, 11, 11], "texture": "#texture"},
				"up": {"uv": [11.25, 14.5, 12, 14.25], "texture": "#texture"},
				"down": {"uv": [11.25, 14.5, 12, 14.75], "texture": "#texture"}
			}
		},
		{
			"name": "Voxels",
			"from": [3, -5.5, 5.5],
			"to": [4.5, -4, 6],
			"faces": {
				"north": {"uv": [4, 11.5, 3.25, 12.25], "texture": "#texture"},
				"east": {"uv": [6.75, 9.25, 6.5, 10], "texture": "#texture"},
				"south": {"uv": [3.25, 10, 4, 10.75], "texture": "#texture"},
				"west": {"uv": [6.25, 9.25, 6.5, 10], "texture": "#texture"},
				"up": {"uv": [12, 14.5, 12.75, 14.25], "texture": "#texture"},
				"down": {"uv": [12, 14.5, 12.75, 14.75], "texture": "#texture"}
			}
		},
		{
			"name": "Voxels",
			"from": [3, -4.5, 6],
			"to": [4.5, -3, 6.5],
			"faces": {
				"north": {"uv": [6, 15, 5.25, 15.75], "texture": "#texture"},
				"east": {"uv": [14, 14.5, 13.75, 15.25], "texture": "#texture"},
				"south": {"uv": [5.25, 14.25, 6, 15], "texture": "#texture"},
				"west": {"uv": [13.5, 14.5, 13.75, 15.25], "texture": "#texture"},
				"up": {"uv": [12.75, 15, 13.5, 14.75], "texture": "#texture"},
				"down": {"uv": [12.75, 15, 13.5, 15.25], "texture": "#texture"}
			}
		},
		{
			"name": "Voxels",
			"from": [3, -3.5, 6.5],
			"to": [4.5, -2.5, 7],
			"faces": {
				"north": {"uv": [6.25, 11, 5.5, 11.5], "texture": "#texture"},
				"east": {"uv": [4.25, 8, 4, 8.5], "texture": "#texture"},
				"south": {"uv": [5.5, 10.5, 6.25, 11], "texture": "#texture"},
				"west": {"uv": [10.75, 9.5, 11, 10], "texture": "#texture"},
				"up": {"uv": [12.75, 14.5, 13.5, 14.25], "texture": "#texture"},
				"down": {"uv": [12.75, 14.5, 13.5, 14.75], "texture": "#texture"}
			}
		},
		{
			"name": "Voxels",
			"from": [3, -3, 7],
			"to": [4.5, -2, 7.5],
			"faces": {
				"north": {"uv": [7.5, 15.5, 6.75, 16], "texture": "#texture"},
				"east": {"uv": [6.75, 12.75, 6.5, 13.25], "texture": "#texture"},
				"south": {"uv": [6.75, 15, 7.5, 15.5], "texture": "#texture"},
				"west": {"uv": [4.25, 8, 4.5, 8.5], "texture": "#texture"},
				"up": {"uv": [14, 14.5, 14.75, 14.25], "texture": "#texture"},
				"down": {"uv": [14, 14.5, 14.75, 14.75], "texture": "#texture"}
			}
		},
		{
			"name": "Voxels",
			"from": [3, -2.5, 7.5],
			"to": [4.5, -1.5, 8],
			"faces": {
				"north": {"uv": [7.5, 11.5, 6.75, 12], "texture": "#texture"},
				"east": {"uv": [5.5, 11, 5.25, 11.5], "texture": "#texture"},
				"south": {"uv": [6.75, 11, 7.5, 11.5], "texture": "#texture"},
				"west": {"uv": [5, 11, 5.25, 11.5], "texture": "#texture"},
				"up": {"uv": [14.75, 15, 15.5, 14.75], "texture": "#texture"},
				"down": {"uv": [14.75, 15, 15.5, 15.25], "texture": "#texture"}
			}
		},
		{
			"name": "Voxels",
			"from": [3, -2, 8],
			"to": [4.5, -0.5, 8.5],
			"faces": {
				"north": {"uv": [6, 13.5, 5.25, 14.25], "texture": "#texture"},
				"east": {"uv": [9.75, 12.75, 9.5, 13.5], "texture": "#texture"},
				"south": {"uv": [3.25, 12.25, 4, 13], "texture": "#texture"},
				"west": {"uv": [9.5, 13.5, 9.75, 14.25], "texture": "#texture"},
				"up": {"uv": [14.75, 14.5, 15.5, 14.25], "texture": "#texture"},
				"down": {"uv": [13.75, 13.25, 14.5, 13.5], "texture": "#texture"}
			}
		},
		{
			"name": "Voxels",
			"from": [3, -1, 8.5],
			"to": [4.5, -0.5, 9],
			"faces": {
				"north": {"uv": [12, 14, 11.25, 14.25], "texture": "#texture"},
				"east": {"uv": [11.25, 12, 11, 12.25], "texture": "#texture"},
				"south": {"uv": [11, 13, 11.75, 13.25], "texture": "#texture"},
				"west": {"uv": [11, 11.75, 11.25, 12], "texture": "#texture"},
				"up": {"uv": [10.5, 14.25, 11.25, 14], "texture": "#texture"},
				"down": {"uv": [9.75, 14, 10.5, 14.25], "texture": "#texture"}
			}
		},
		{
			"name": "Voxels",
			"from": [3, 3, 8],
			"to": [4.5, 4.5, 8.5],
			"faces": {
				"north": {"uv": [5.75, 12.5, 5, 13.25], "texture": "#texture"},
				"east": {"uv": [9.75, 11.25, 9.5, 12], "texture": "#texture"},
				"south": {"uv": [4.5, 13.5, 5.25, 14.25], "texture": "#texture"},
				"west": {"uv": [9.5, 9.75, 9.75, 10.5], "texture": "#texture"},
				"up": {"uv": [12, 13.75, 12.75, 13.5], "texture": "#texture"},
				"down": {"uv": [11.5, 13.25, 12.25, 13.5], "texture": "#texture"}
			}
		},
		{
			"name": "Voxels",
			"from": [3, 3, 8.5],
			"to": [4.5, 3.5, 9],
			"faces": {
				"north": {"uv": [10.75, 13.25, 10, 13.5], "texture": "#texture"},
				"east": {"uv": [15.75, 12.75, 15.5, 13], "texture": "#texture"},
				"south": {"uv": [12.75, 14, 13.5, 14.25], "texture": "#texture"},
				"west": {"uv": [15.75, 12.75, 16, 13], "texture": "#texture"},
				"up": {"uv": [13.5, 14.25, 14.25, 14], "texture": "#texture"},
				"down": {"uv": [9.75, 13.75, 10.5, 14], "texture": "#texture"}
			}
		},
		{
			"name": "Voxels",
			"from": [3, 4, 7.5],
			"to": [4.5, 8, 8],
			"faces": {
				"north": {"uv": [0.75, 9, 0, 11], "texture": "#texture"},
				"east": {"uv": [5, 9, 4.75, 11], "texture": "#texture"},
				"south": {"uv": [1.25, 14, 2, 16], "texture": "#texture"},
				"west": {"uv": [4.5, 9, 4.75, 11], "texture": "#texture"},
				"up": {"uv": [13, 13.5, 13.75, 13.25], "texture": "#texture"},
				"down": {"uv": [14.25, 13.5, 15, 13.75], "texture": "#texture"}
			}
		},
		{
			"name": "Voxels",
			"from": [3, 4.5, 7],
			"to": [4.5, 8, 7.5],
			"faces": {
				"north": {"uv": [2, 12.25, 1.25, 14], "texture": "#texture"},
				"east": {"uv": [5.5, 9.25, 5.25, 11], "texture": "#texture"},
				"south": {"uv": [1.25, 10.5, 2, 12.25], "texture": "#texture"},
				"west": {"uv": [5, 9.25, 5.25, 11], "texture": "#texture"},
				"up": {"uv": [14.25, 14.25, 15, 14], "texture": "#texture"},
				"down": {"uv": [14.25, 13.75, 15, 14], "texture": "#texture"}
			}
		},
		{
			"name": "Voxels",
			"from": [3, 6, 8],
			"to": [4.5, 8, 8.5],
			"faces": {
				"north": {"uv": [2.75, 11.25, 2, 12.25], "texture": "#texture"},
				"east": {"uv": [7.75, 8, 7.5, 9], "texture": "#texture"},
				"south": {"uv": [1.25, 8, 2, 9], "texture": "#texture"},
				"west": {"uv": [4.5, 8, 4.75, 9], "texture": "#texture"},
				"up": {"uv": [11.25, 14, 12, 13.75], "texture": "#texture"},
				"down": {"uv": [10.5, 13.75, 11.25, 14], "texture": "#texture"}
			}
		},
		{
			"name": "Voxels",
			"from": [3, 8, 1],
			"to": [4.5, 8.5, 2.5],
			"faces": {
				"north": {"uv": [12.5, 13, 11.75, 13.25], "texture": "#texture"},
				"east": {"uv": [12.75, 14, 12, 14.25], "texture": "#texture"},
				"south": {"uv": [13.5, 13.5, 14.25, 13.75], "texture": "#texture"},
				"west": {"uv": [12.5, 13, 13.25, 13.25], "texture": "#texture"},
				"up": {"uv": [6, 15.75, 6.75, 15], "texture": "#texture"},
				"down": {"uv": [4.5, 14.25, 5.25, 15], "texture": "#texture"}
			}
		},
		{
			"name": "Voxels",
			"from": [3, 8, 7],
			"to": [4, 11, 8],
			"faces": {
				"north": {"uv": [3, 12.25, 2.5, 13.75], "texture": "#texture"},
				"east": {"uv": [1.25, 9.5, 0.75, 11], "texture": "#texture"},
				"south": {"uv": [2, 12.25, 2.5, 13.75], "texture": "#texture"},
				"west": {"uv": [1.25, 9, 1.75, 10.5], "texture": "#texture"},
				"up": {"uv": [4, 11.5, 4.5, 11], "texture": "#texture"},
				"down": {"uv": [0.75, 9, 1.25, 9.5], "texture": "#texture"}
			}
		},
		{
			"name": "Voxels",
			"from": [3, 8, 8],
			"to": [4, 10, 8.5],
			"faces": {
				"north": {"uv": [3.25, 11.25, 2.75, 12.25], "texture": "#texture"},
				"east": {"uv": [9.5, 8.25, 9.25, 9.25], "texture": "#texture"},
				"south": {"uv": [5, 11.5, 5.5, 12.5], "texture": "#texture"},
				"west": {"uv": [9.25, 9.25, 9.5, 10.25], "texture": "#texture"},
				"up": {"uv": [4, 11, 4.5, 10.75], "texture": "#texture"},
				"down": {"uv": [15.5, 14.75, 16, 15], "texture": "#texture"}
			}
		},
		{
			"name": "Voxels",
			"from": [3, 11, 7.5],
			"to": [4.5, 11.5, 8.5],
			"faces": {
				"north": {"uv": [12.75, 13.75, 12, 14], "texture": "#texture"},
				"east": {"uv": [6.75, 12, 6.25, 12.25], "texture": "#texture"},
				"south": {"uv": [12.75, 13.75, 13.5, 14], "texture": "#texture"},
				"west": {"uv": [6.25, 12.25, 6.75, 12.5], "texture": "#texture"},
				"up": {"uv": [6, 9.25, 6.75, 8.75], "texture": "#texture"},
				"down": {"uv": [5.25, 8.75, 6, 9.25], "texture": "#texture"}
			}
		},
		{
			"name": "Voxels",
			"from": [3, 11.5, 8],
			"to": [4.5, 12.5, 8.5],
			"faces": {
				"north": {"uv": [6.25, 10, 5.5, 10.5], "texture": "#texture"},
				"east": {"uv": [6.75, 11.5, 6.5, 12], "texture": "#texture"},
				"south": {"uv": [6.75, 12, 7.5, 12.5], "texture": "#texture"},
				"west": {"uv": [6.25, 11.5, 6.5, 12], "texture": "#texture"},
				"up": {"uv": [14.5, 13.5, 15.25, 13.25], "texture": "#texture"},
				"down": {"uv": [15, 13.75, 15.75, 14], "texture": "#texture"}
			}
		},
		{
			"name": "Voxels",
			"from": [3, 12, 8.5],
			"to": [4.5, 12.5, 9],
			"faces": {
				"north": {"uv": [6.25, 9.25, 5.5, 9.5], "texture": "#texture"},
				"east": {"uv": [8.25, 8, 8, 8.25], "texture": "#texture"},
				"south": {"uv": [5.25, 8, 6, 8.25], "texture": "#texture"},
				"west": {"uv": [8.25, 8, 8.5, 8.25], "texture": "#texture"},
				"up": {"uv": [12.75, 13.75, 13.5, 13.5], "texture": "#texture"},
				"down": {"uv": [11.25, 13.5, 12, 13.75], "texture": "#texture"}
			}
		},
		{
			"name": "Voxels",
			"from": [3, 16, 8],
			"to": [4.5, 17.5, 8.5],
			"faces": {
				"north": {"uv": [4, 10.75, 3.25, 11.5], "texture": "#texture"},
				"east": {"uv": [4.5, 9.25, 4.25, 10], "texture": "#texture"},
				"south": {"uv": [6, 14.25, 6.75, 15], "texture": "#texture"},
				"west": {"uv": [4, 9.25, 4.25, 10], "texture": "#texture"},
				"up": {"uv": [6.75, 8.75, 7.5, 8.5], "texture": "#texture"},
				"down": {"uv": [6, 8, 6.75, 8.25], "texture": "#texture"}
			}
		},
		{
			"name": "Voxels",
			"from": [3, 16, 8.5],
			"to": [4.5, 16.5, 9],
			"faces": {
				"north": {"uv": [12, 15, 11.25, 15.25], "texture": "#texture"},
				"east": {"uv": [16, 15.5, 15.75, 15.75], "texture": "#texture"},
				"south": {"uv": [11.25, 14.75, 12, 15], "texture": "#texture"},
				"west": {"uv": [15.75, 15.25, 16, 15.5], "texture": "#texture"},
				"up": {"uv": [6.75, 8.25, 7.5, 8], "texture": "#texture"},
				"down": {"uv": [6.75, 8.25, 7.5, 8.5], "texture": "#texture"}
			}
		},
		{
			"name": "Voxels",
			"from": [3, 17, 7.5],
			"to": [4.5, 18, 8],
			"faces": {
				"north": {"uv": [7.5, 14.5, 6.75, 15], "texture": "#texture"},
				"east": {"uv": [6.75, 10, 6.5, 10.5], "texture": "#texture"},
				"south": {"uv": [6.75, 14, 7.5, 14.5], "texture": "#texture"},
				"west": {"uv": [6.25, 10, 6.5, 10.5], "texture": "#texture"},
				"up": {"uv": [14, 15, 14.75, 14.75], "texture": "#texture"},
				"down": {"uv": [14, 15, 14.75, 15.25], "texture": "#texture"}
			}
		},
		{
			"name": "Voxels",
			"from": [3, 17.5, 7],
			"to": [4.5, 18.5, 7.5],
			"faces": {
				"north": {"uv": [7.5, 12.5, 6.75, 13], "texture": "#texture"},
				"east": {"uv": [16, 14.25, 15.75, 14.75], "texture": "#texture"},
				"south": {"uv": [6.75, 10, 7.5, 10.5], "texture": "#texture"},
				"west": {"uv": [15.5, 14.25, 15.75, 14.75], "texture": "#texture"},
				"up": {"uv": [13.5, 14, 14.25, 13.75], "texture": "#texture"},
				"down": {"uv": [15, 14, 15.75, 14.25], "texture": "#texture"}
			}
		},
		{
			"name": "Voxels",
			"from": [3, 18, 6.5],
			"to": [4.5, 19, 7],
			"faces": {
				"north": {"uv": [7.5, 10.5, 6.75, 11], "texture": "#texture"},
				"east": {"uv": [10.5, 12, 10.25, 12.5], "texture": "#texture"},
				"south": {"uv": [5.5, 9.5, 6.25, 10], "texture": "#texture"},
				"west": {"uv": [10.25, 12.5, 10.5, 13], "texture": "#texture"},
				"up": {"uv": [12.25, 13.5, 13, 13.25], "texture": "#texture"},
				"down": {"uv": [14.75, 14.5, 15.5, 14.75], "texture": "#texture"}
			}
		},
		{
			"name": "Voxels",
			"from": [3, 18.5, 6],
			"to": [4.5, 20, 6.5],
			"faces": {
				"north": {"uv": [5.25, 15, 4.5, 15.75], "texture": "#texture"},
				"east": {"uv": [9.75, 12, 9.5, 12.75], "texture": "#texture"},
				"south": {"uv": [3.25, 8.5, 4, 9.25], "texture": "#texture"},
				"west": {"uv": [9.75, 10.5, 10, 11.25], "texture": "#texture"},
				"up": {"uv": [12, 15.25, 12.75, 15], "texture": "#texture"},
				"down": {"uv": [12, 14.75, 12.75, 15], "texture": "#texture"}
			}
		},
		{
			"name": "Voxels",
			"from": [3, 19.5, 5.5],
			"to": [4.5, 21, 6],
			"faces": {
				"north": {"uv": [4, 9.25, 3.25, 10], "texture": "#texture"},
				"east": {"uv": [9.75, 10.5, 9.5, 11.25], "texture": "#texture"},
				"south": {"uv": [6, 13.5, 6.75, 14.25], "texture": "#texture"},
				"west": {"uv": [9.5, 9, 9.75, 9.75], "texture": "#texture"},
				"up": {"uv": [10.25, 13.25, 11, 13], "texture": "#texture"},
				"down": {"uv": [15.25, 13.25, 16, 13.5], "texture": "#texture"}
			}
		},
		{
			"name": "Voxels",
			"from": [3, 20.5, 5],
			"to": [4.5, 21.5, 5.5],
			"faces": {
				"north": {"uv": [4, 8, 3.25, 8.5], "texture": "#texture"},
				"east": {"uv": [10.75, 12, 10.5, 12.5], "texture": "#texture"},
				"south": {"uv": [5.75, 12.75, 6.5, 13.25], "texture": "#texture"},
				"west": {"uv": [10.5, 12.5, 10.75, 13], "texture": "#texture"},
				"up": {"uv": [10.5, 13.75, 11.25, 13.5], "texture": "#texture"},
				"down": {"uv": [9.75, 13.5, 10.5, 13.75], "texture": "#texture"}
			}
		},
		{
			"name": "Voxels",
			"from": [3, 23.5, 5.5],
			"to": [4.5, 24.5, 6],
			"faces": {
				"north": {"uv": [6.25, 12, 5.5, 12.5], "texture": "#texture"},
				"east": {"uv": [10.75, 8, 10.5, 8.5], "texture": "#texture"},
				"south": {"uv": [5.5, 11.5, 6.25, 12], "texture": "#texture"},
				"west": {"uv": [10.5, 8.5, 10.75, 9], "texture": "#texture"},
				"up": {"uv": [10.75, 13.5, 11.5, 13.25], "texture": "#texture"},
				"down": {"uv": [15, 13.5, 15.75, 13.75], "texture": "#texture"}
			}
		},
		{
			"name": "Voxels",
			"from": [3.5, -9.5, 5.5],
			"to": [4, -9, 6],
			"faces": {
				"north": {"uv": [11.25, 9, 11, 9.25], "texture": "#texture"},
				"east": {"uv": [14.5, 12.5, 14.25, 12.75], "texture": "#texture"},
				"south": {"uv": [11, 8.75, 11.25, 9], "texture": "#texture"},
				"west": {"uv": [14, 12.5, 14.25, 12.75], "texture": "#texture"},
				"up": {"uv": [11, 10, 11.25, 9.75], "texture": "#texture"},
				"down": {"uv": [11, 10, 11.25, 10.25], "texture": "#texture"}
			}
		},
		{
			"name": "Voxels",
			"from": [3.5, -5, 4.5],
			"to": [4, -3, 5],
			"faces": {
				"north": {"uv": [8, 13, 7.75, 14], "texture": "#texture"},
				"east": {"uv": [8, 10, 7.75, 11], "texture": "#texture"},
				"south": {"uv": [7.75, 12, 8, 13], "texture": "#texture"},
				"west": {"uv": [7.75, 11, 8, 12], "texture": "#texture"},
				"up": {"uv": [14.75, 12.75, 15, 12.5], "texture": "#texture"},
				"down": {"uv": [14.5, 12.5, 14.75, 12.75], "texture": "#texture"}
			}
		},
		{
			"name": "Voxels",
			"from": [3.5, -5, 5],
			"to": [4, -4.5, 5.5],
			"faces": {
				"north": {"uv": [14.75, 13, 14.5, 13.25], "texture": "#texture"},
				"east": {"uv": [11, 9, 10.75, 9.25], "texture": "#texture"},
				"south": {"uv": [14.75, 13, 15, 13.25], "texture": "#texture"},
				"west": {"uv": [10.75, 9.25, 11, 9.5], "texture": "#texture"},
				"up": {"uv": [14.25, 13.25, 14.5, 13], "texture": "#texture"},
				"down": {"uv": [14, 13, 14.25, 13.25], "texture": "#texture"}
			}
		},
		{
			"name": "Voxels",
			"from": [3.5, -3.5, 4],
			"to": [4, -1.5, 4.5],
			"faces": {
				"north": {"uv": [8, 9, 7.75, 10], "texture": "#texture"},
				"east": {"uv": [8.25, 13.25, 8, 14.25], "texture": "#texture"},
				"south": {"uv": [7.75, 8, 8, 9], "texture": "#texture"},
				"west": {"uv": [8, 14.25, 8.25, 15.25], "texture": "#texture"},
				"up": {"uv": [10.75, 8.25, 11, 8], "texture": "#texture"},
				"down": {"uv": [10.75, 8.25, 11, 8.5], "texture": "#texture"}
			}
		},
		{
			"name": "Voxels",
			"from": [3.5, -2, 3.5],
			"to": [4, 0, 4],
			"faces": {
				"north": {"uv": [8.25, 12.25, 8, 13.25], "texture": "#texture"},
				"east": {"uv": [8.25, 9.25, 8, 10.25], "texture": "#texture"},
				"south": {"uv": [8, 11.25, 8.25, 12.25], "texture": "#texture"},
				"west": {"uv": [8, 10.25, 8.25, 11.25], "texture": "#texture"},
				"up": {"uv": [11, 10.5, 11.25, 10.25], "texture": "#texture"},
				"down": {"uv": [11, 10.5, 11.25, 10.75], "texture": "#texture"}
			}
		},
		{
			"name": "Voxels",
			"from": [3.5, -0.5, 3],
			"to": [4, 2, 3.5],
			"faces": {
				"north": {"uv": [7.75, 9, 7.5, 10.25], "texture": "#texture"},
				"east": {"uv": [7.75, 11.5, 7.5, 12.75], "texture": "#texture"},
				"south": {"uv": [7, 8.75, 7.25, 10], "texture": "#texture"},
				"west": {"uv": [7.5, 10.25, 7.75, 11.5], "texture": "#texture"},
				"up": {"uv": [11.75, 12.75, 12, 12.5], "texture": "#texture"},
				"down": {"uv": [11.5, 12.5, 11.75, 12.75], "texture": "#texture"}
			}
		},
		{
			"name": "Voxels",
			"from": [3.5, 1.5, 2.5],
			"to": [4, 3.5, 3],
			"faces": {
				"north": {"uv": [8.25, 8.25, 8, 9.25], "texture": "#texture"},
				"east": {"uv": [8.5, 12.25, 8.25, 13.25], "texture": "#texture"},
				"south": {"uv": [8.25, 14.25, 8.5, 15.25], "texture": "#texture"},
				"west": {"uv": [8.25, 13.25, 8.5, 14.25], "texture": "#texture"},
				"up": {"uv": [15.25, 12.75, 15.5, 12.5], "texture": "#texture"},
				"down": {"uv": [15, 12.5, 15.25, 12.75], "texture": "#texture"}
			}
		},
		{
			"name": "Voxels",
			"from": [3.5, 3, 2],
			"to": [4, 5, 2.5],
			"faces": {
				"north": {"uv": [8.5, 11.25, 8.25, 12.25], "texture": "#texture"},
				"east": {"uv": [8.5, 8.25, 8.25, 9.25], "texture": "#texture"},
				"south": {"uv": [8.25, 10.25, 8.5, 11.25], "texture": "#texture"},
				"west": {"uv": [8.25, 9.25, 8.5, 10.25], "texture": "#texture"},
				"up": {"uv": [9.25, 8.25, 9.5, 8], "texture": "#texture"},
				"down": {"uv": [9, 8, 9.25, 8.25], "texture": "#texture"}
			}
		},
		{
			"name": "Voxels",
			"from": [3.5, 4.5, 1.5],
			"to": [4, 6.5, 2],
			"faces": {
				"north": {"uv": [8.75, 14.25, 8.5, 15.25], "texture": "#texture"},
				"east": {"uv": [8.75, 11.25, 8.5, 12.25], "texture": "#texture"},
				"south": {"uv": [8.5, 13.25, 8.75, 14.25], "texture": "#texture"},
				"west": {"uv": [8.5, 12.25, 8.75, 13.25], "texture": "#texture"},
				"up": {"uv": [15.25, 13.25, 15.5, 13], "texture": "#texture"},
				"down": {"uv": [15, 13, 15.25, 13.25], "texture": "#texture"}
			}
		},
		{
			"name": "Voxels",
			"from": [3.5, 5.5, 8],
			"to": [4, 6, 8.5],
			"faces": {
				"north": {"uv": [13.75, 12.75, 13.5, 13], "texture": "#texture"},
				"east": {"uv": [14.5, 12.75, 14.25, 13], "texture": "#texture"},
				"south": {"uv": [13.75, 12.75, 14, 13], "texture": "#texture"},
				"west": {"uv": [14, 12.75, 14.25, 13], "texture": "#texture"},
				"up": {"uv": [11.25, 13, 11.5, 12.75], "texture": "#texture"},
				"down": {"uv": [11, 12.75, 11.25, 13], "texture": "#texture"}
			}
		},
		{
			"name": "Voxels",
			"from": [3.5, 6, 1],
			"to": [4, 8, 1.5],
			"faces": {
				"north": {"uv": [8.75, 10.25, 8.5, 11.25], "texture": "#texture"},
				"east": {"uv": [9, 14.25, 8.75, 15.25], "texture": "#texture"},
				"south": {"uv": [8.5, 9.25, 8.75, 10.25], "texture": "#texture"},
				"west": {"uv": [8.5, 8.25, 8.75, 9.25], "texture": "#texture"},
				"up": {"uv": [15.25, 13, 15.5, 12.75], "texture": "#texture"},
				"down": {"uv": [15, 12.75, 15.25, 13], "texture": "#texture"}
			}
		},
		{
			"name": "Voxels",
			"from": [3.5, 7.5, 0.5],
			"to": [4, 9, 1],
			"faces": {
				"north": {"uv": [9.75, 8.25, 9.5, 9], "texture": "#texture"},
				"east": {"uv": [10, 11.25, 9.75, 12], "texture": "#texture"},
				"south": {"uv": [9.75, 12.75, 10, 13.5], "texture": "#texture"},
				"west": {"uv": [9.75, 12, 10, 12.75], "texture": "#texture"},
				"up": {"uv": [11, 11.5, 11.25, 11.25], "texture": "#texture"},
				"down": {"uv": [11, 11.5, 11.25, 11.75], "texture": "#texture"}
			}
		},
		{
			"name": "Voxels",
			"from": [3.5, 7.5, 1.5],
			"to": [4, 8, 2.5],
			"faces": {
				"north": {"uv": [11.25, 8.5, 11, 8.75], "texture": "#texture"},
				"east": {"uv": [16, 15, 15.5, 15.25], "texture": "#texture"},
				"south": {"uv": [11, 8.25, 11.25, 8.5], "texture": "#texture"},
				"west": {"uv": [13.25, 13, 13.75, 13.25], "texture": "#texture"},
				"up": {"uv": [10.5, 9.5, 10.75, 9], "texture": "#texture"},
				"down": {"uv": [10.5, 9.5, 10.75, 10], "texture": "#texture"}
			}
		},
		{
			"name": "Voxels",
			"from": [3.5, 7.5, 10.5],
			"to": [4, 9, 11],
			"faces": {
				"north": {"uv": [10.25, 8, 10, 8.75], "texture": "#texture"},
				"east": {"uv": [10, 8.25, 9.75, 9], "texture": "#texture"},
				"south": {"uv": [9.75, 9.75, 10, 10.5], "texture": "#texture"},
				"west": {"uv": [9.75, 9, 10, 9.75], "texture": "#texture"},
				"up": {"uv": [12.25, 12.75, 12.5, 12.5], "texture": "#texture"},
				"down": {"uv": [12, 12.5, 12.25, 12.75], "texture": "#texture"}
			}
		},
		{
			"name": "Voxels",
			"from": [3.5, 8, 2.5],
			"to": [4, 8.5, 7],
			"faces": {
				"north": {"uv": [2, 9, 1.75, 9.25], "texture": "#texture"},
				"east": {"uv": [6.75, 15.75, 4.5, 16], "texture": "#texture"},
				"south": {"uv": [3, 12.25, 3.25, 12.5], "texture": "#texture"},
				"west": {"uv": [4.5, 13.25, 6.75, 13.5], "texture": "#texture"},
				"up": {"uv": [4.5, 13.25, 4.75, 11], "texture": "#texture"},
				"down": {"uv": [4.75, 11, 5, 13.25], "texture": "#texture"}
			}
		},
		{
			"name": "Voxels",
			"from": [3.5, 8, 8.5],
			"to": [4, 8.5, 10.5],
			"faces": {
				"north": {"uv": [8.75, 8, 8.5, 8.25], "texture": "#texture"},
				"east": {"uv": [16, 15.75, 15, 16], "texture": "#texture"},
				"south": {"uv": [8.75, 8, 9, 8.25], "texture": "#texture"},
				"west": {"uv": [5.75, 12.5, 6.75, 12.75], "texture": "#texture"},
				"up": {"uv": [8.75, 11.25, 9, 10.25], "texture": "#texture"},
				"down": {"uv": [8.75, 11.25, 9, 12.25], "texture": "#texture"}
			}
		},
		{
			"name": "Voxels",
			"from": [3.5, 8, 11],
			"to": [4, 8.5, 11.5],
			"faces": {
				"north": {"uv": [9.75, 8, 9.5, 8.25], "texture": "#texture"},
				"east": {"uv": [16, 13.5, 15.75, 13.75], "texture": "#texture"},
				"south": {"uv": [15.75, 14, 16, 14.25], "texture": "#texture"},
				"west": {"uv": [15.75, 13.75, 16, 14], "texture": "#texture"},
				"up": {"uv": [13.75, 14.5, 14, 14.25], "texture": "#texture"},
				"down": {"uv": [13.5, 14.25, 13.75, 14.5], "texture": "#texture"}
			}
		},
		{
			"name": "Voxels",
			"from": [3.5, 8.5, 1],
			"to": [4, 10.5, 1.5],
			"faces": {
				"north": {"uv": [5, 8, 4.75, 9], "texture": "#texture"},
				"east": {"uv": [9.25, 14.25, 9, 15.25], "texture": "#texture"},
				"south": {"uv": [8.75, 9.25, 9, 10.25], "texture": "#texture"},
				"west": {"uv": [8.75, 8.25, 9, 9.25], "texture": "#texture"},
				"up": {"uv": [13.75, 13.25, 14, 13], "texture": "#texture"},
				"down": {"uv": [9.75, 8, 10, 8.25], "texture": "#texture"}
			}
		},
		{
			"name": "Voxels",
			"from": [3.5, 8.5, 1.5],
			"to": [4, 9, 2.5],
			"faces": {
				"north": {"uv": [15.75, 13, 15.5, 13.25], "texture": "#texture"},
				"east": {"uv": [6.75, 10.5, 6.25, 10.75], "texture": "#texture"},
				"south": {"uv": [15.75, 13, 16, 13.25], "texture": "#texture"},
				"west": {"uv": [6.25, 10.75, 6.75, 11], "texture": "#texture"},
				"up": {"uv": [6.5, 11.5, 6.75, 11], "texture": "#texture"},
				"down": {"uv": [6.25, 11, 6.5, 11.5], "texture": "#texture"}
			}
		},
		{
			"name": "Voxels",
			"from": [3.5, 10, 1.5],
			"to": [4, 12, 2],
			"faces": {
				"north": {"uv": [9.25, 13.25, 9, 14.25], "texture": "#texture"},
				"east": {"uv": [9.25, 10.25, 9, 11.25], "texture": "#texture"},
				"south": {"uv": [9, 12.25, 9.25, 13.25], "texture": "#texture"},
				"west": {"uv": [9, 11.25, 9.25, 12.25], "texture": "#texture"},
				"up": {"uv": [10.75, 8.75, 11, 8.5], "texture": "#texture"},
				"down": {"uv": [10.75, 8.75, 11, 9], "texture": "#texture"}
			}
		},
		{
			"name": "Voxels",
			"from": [3.5, 10, 8],
			"to": [4, 10.5, 8.5],
			"faces": {
				"north": {"uv": [12.25, 12.75, 12, 13], "texture": "#texture"},
				"east": {"uv": [13, 12.75, 12.75, 13], "texture": "#texture"},
				"south": {"uv": [12.25, 12.75, 12.5, 13], "texture": "#texture"},
				"west": {"uv": [12.5, 12.75, 12.75, 13], "texture": "#texture"},
				"up": {"uv": [11.75, 13, 12, 12.75], "texture": "#texture"},
				"down": {"uv": [11.5, 12.75, 11.75, 13], "texture": "#texture"}
			}
		},
		{
			"name": "Voxels",
			"from": [3.5, 11.5, 2],
			"to": [4, 13.5, 2.5],
			"faces": {
				"north": {"uv": [9, 13.25, 8.75, 14.25], "texture": "#texture"},
				"east": {"uv": [9.5, 14.25, 9.25, 15.25], "texture": "#texture"},
				"south": {"uv": [9, 9.25, 9.25, 10.25], "texture": "#texture"},
				"west": {"uv": [9, 8.25, 9.25, 9.25], "texture": "#texture"},
				"up": {"uv": [13.25, 13, 13.5, 12.75], "texture": "#texture"},
				"down": {"uv": [13, 12.75, 13.25, 13], "texture": "#texture"}
			}
		},
		{
			"name": "Voxels",
			"from": [3.5, 13, 2.5],
			"to": [4, 15, 3],
			"faces": {
				"north": {"uv": [9, 12.25, 8.75, 13.25], "texture": "#texture"},
				"east": {"uv": [9.5, 11.25, 9.25, 12.25], "texture": "#texture"},
				"south": {"uv": [9.25, 13.25, 9.5, 14.25], "texture": "#texture"},
				"west": {"uv": [9.25, 12.25, 9.5, 13.25], "texture": "#texture"},
				"up": {"uv": [14.75, 13, 15, 12.75], "texture": "#texture"},
				"down": {"uv": [14.5, 12.75, 14.75, 13], "texture": "#texture"}
			}
		},
		{
			"name": "Voxels",
			"from": [3.5, 14.5, 3],
			"to": [4, 16.5, 3.5],
			"faces": {
				"north": {"uv": [9.5, 10.25, 9.25, 11.25], "texture": "#texture"},
				"east": {"uv": [10.25, 14.25, 10, 15.25], "texture": "#texture"},
				"south": {"uv": [9.5, 14.25, 9.75, 15.25], "texture": "#texture"},
				"west": {"uv": [9.75, 14.25, 10, 15.25], "texture": "#texture"},
				"up": {"uv": [11, 12.5, 11.25, 12.25], "texture": "#texture"},
				"down": {"uv": [11, 12.5, 11.25, 12.75], "texture": "#texture"}
			}
		},
		{
			"name": "Voxels",
			"from": [3.5, 16, 3.5],
			"to": [4, 17.5, 4],
			"faces": {
				"north": {"uv": [10.25, 12.5, 10, 13.25], "texture": "#texture"},
				"east": {"uv": [10.25, 10.25, 10, 11], "texture": "#texture"},
				"south": {"uv": [10, 11.75, 10.25, 12.5], "texture": "#texture"},
				"west": {"uv": [10, 11, 10.25, 11.75], "texture": "#texture"},
				"up": {"uv": [11, 11, 11.25, 10.75], "texture": "#texture"},
				"down": {"uv": [11, 11, 11.25, 11.25], "texture": "#texture"}
			}
		},
		{
			"name": "Voxels",
			"from": [3.5, 17, 4],
			"to": [4, 19.5, 4.5],
			"faces": {
				"north": {"uv": [7.5, 8.75, 7.25, 10], "texture": "#texture"},
				"east": {"uv": [8, 14, 7.75, 15.25], "texture": "#texture"},
				"south": {"uv": [3, 12.5, 3.25, 13.75], "texture": "#texture"},
				"west": {"uv": [1.75, 9.25, 2, 10.5], "texture": "#texture"},
				"up": {"uv": [11, 9.5, 11.25, 9.25], "texture": "#texture"},
				"down": {"uv": [11, 9.5, 11.25, 9.75], "texture": "#texture"}
			}
		},
		{
			"name": "Voxels",
			"from": [3.5, 19, 4.5],
			"to": [4, 21, 5],
			"faces": {
				"north": {"uv": [10.5, 14.25, 10.25, 15.25], "texture": "#texture"},
				"east": {"uv": [11.25, 14.25, 11, 15.25], "texture": "#texture"},
				"south": {"uv": [10.5, 14.25, 10.75, 15.25], "texture": "#texture"},
				"west": {"uv": [10.75, 14.25, 11, 15.25], "texture": "#texture"},
				"up": {"uv": [11.25, 12.75, 11.5, 12.5], "texture": "#texture"},
				"down": {"uv": [11, 8, 11.25, 8.25], "texture": "#texture"}
			}
		},
		{
			"name": "Voxels",
			"from": [3.5, 24.5, 5.5],
			"to": [4, 25, 6],
			"faces": {
				"north": {"uv": [13.25, 12.5, 13, 12.75], "texture": "#texture"},
				"east": {"uv": [14, 12.5, 13.75, 12.75], "texture": "#texture"},
				"south": {"uv": [13.25, 12.5, 13.5, 12.75], "texture": "#texture"},
				"west": {"uv": [13.5, 12.5, 13.75, 12.75], "texture": "#texture"},
				"up": {"uv": [12.75, 12.75, 13, 12.5], "texture": "#texture"},
				"down": {"uv": [12.5, 12.5, 12.75, 12.75], "texture": "#texture"}
			}
		},
		{
			"name": "Voxels",
			"from": [4, 9.5, 7],
			"to": [4.5, 11, 8],
			"faces": {
				"north": {"uv": [10.25, 9.5, 10, 10.25], "texture": "#texture"},
				"east": {"uv": [4.5, 12.25, 4, 13], "texture": "#texture"},
				"south": {"uv": [10, 8.75, 10.25, 9.5], "texture": "#texture"},
				"west": {"uv": [4, 11.5, 4.5, 12.25], "texture": "#texture"},
				"up": {"uv": [10.75, 12, 11, 11.5], "texture": "#texture"},
				"down": {"uv": [10.75, 12, 11, 12.5], "texture": "#texture"}
			}
		},
		{
			"name": "Voxels",
			"from": [4, 9.5, 8],
			"to": [4.5, 10, 8.5],
			"faces": {
				"north": {"uv": [11.5, 12.25, 11.25, 12.5], "texture": "#texture"},
				"east": {"uv": [11.5, 11.5, 11.25, 11.75], "texture": "#texture"},
				"south": {"uv": [11.25, 12, 11.5, 12.25], "texture": "#texture"},
				"west": {"uv": [11.25, 11.75, 11.5, 12], "texture": "#texture"},
				"up": {"uv": [15.75, 12.75, 16, 12.5], "texture": "#texture"},
				"down": {"uv": [15.5, 12.5, 15.75, 12.75], "texture": "#texture"}
			}
		}
	],
	"display": {
		"thirdperson_righthand": {
			"rotation": [9, 178, 19],
			"translation": [-5.564, 2.0872, -1.389],
			"scale": [1, 1, 1.3]
		},
		"thirdperson_lefthand": {
			"rotation": [-2, 178, -26],
			"translation": [0.6968, 1.3916, -1.389],
			"scale": [1, 1, 1.3]
		},
		"firstperson_righthand": {
			"rotation": [-3, -180, 0],
			"translation": [-4.868, 0.7, 2.7826],
			"scale": [0.4, 0.4, 0.6086]
		},
		"firstperson_lefthand": {
			"rotation": [-3, -180, 0],
			"translation": [-1.389, 0.7, 2.7826],
			"scale": [0.4, 0.4, 0.5043]
		},
		"ground": {
			"rotation": [23, 0, 0],
			"translation": [0, 2.0869, 0],
			"scale": [0.7, 0.7, 1.2]
		},
		"gui": {
			"rotation": [9, 133, 122],
			"translation": [2.0869, 2.0869, 0],
			"scale": [0.6, 0.6, 0.9478]
		},
		"fixed": {
			"rotation": [-25, -143, -38],
			"translation": [-2.086, -1.391, -1],
			"scale": [0.6, 0.6, 0.9]
		}
	}
}