{
	"credit": "Made with Blockbench",
	"textures": {
		"particle": "item/charcoal/33",
		"ricky": "item/charcoal/33"
	},
	"elements": [
		{
			"from": [5, 1, 5],
			"to": [11, 2, 11],
			"faces": {
				"north": {"uv": [3.5, 12.5, 10, 13.5], "texture": "#ricky"},
				"east": {"uv": [6.5, 15.5, 8.5, 16], "texture": "#ricky"},
				"south": {"uv": [14, 15.5, 16, 16], "texture": "#ricky"},
				"west": {"uv": [14, 15.5, 16, 16], "texture": "#ricky"},
				"up": {"uv": [6.5, 15.5, 8.5, 16], "texture": "#ricky"},
				"down": {"uv": [3.5, 6, 10, 13.5], "texture": "#ricky"}
			}
		},
		{
			"from": [7, 1, 3],
			"to": [9, 2, 5],
			"faces": {
				"north": {"uv": [1, 11, 3.5, 13.5], "texture": "#ricky"},
				"east": {"uv": [1, 11, 3.5, 13.5], "texture": "#ricky"},
				"south": {"uv": [1, 11, 3.5, 13.5], "texture": "#ricky"},
				"west": {"uv": [1, 11, 3.5, 13.5], "texture": "#ricky"},
				"up": {"uv": [1, 11, 3.5, 13.5], "texture": "#ricky"},
				"down": {"uv": [1, 11, 3.5, 13.5], "texture": "#ricky"}
			}
		},
		{
			"from": [5, 1, 1],
			"to": [11, 2, 3],
			"faces": {
				"north": {"uv": [10, 12.5, 16, 13.5], "texture": "#ricky"},
				"east": {"uv": [11, 12.5, 12.5, 13.5], "texture": "#ricky"},
				"south": {"uv": [10, 12.5, 16, 13], "texture": "#ricky"},
				"west": {"uv": [13.5, 12.5, 15, 13.5], "texture": "#ricky"},
				"up": {"uv": [10, 13, 16, 13.5], "texture": "#ricky"},
				"down": {"uv": [11.5, 12.5, 14.5, 13.5], "texture": "#ricky"}
			}
		},
		{
			"from": [7, 1, 11],
			"to": [9, 2, 13],
			"faces": {
				"north": {"uv": [4, 11.5, 4.5, 12], "texture": "#ricky"},
				"east": {"uv": [3.5, 12.5, 4, 13], "texture": "#ricky"},
				"south": {"uv": [4, 11.5, 4.5, 12], "texture": "#ricky"},
				"west": {"uv": [4, 11.5, 4.5, 12], "texture": "#ricky"},
				"up": {"uv": [1, 8.5, 3.5, 10], "texture": "#ricky"},
				"down": {"uv": [1, 8.5, 3.5, 11], "texture": "#ricky"}
			}
		},
		{
			"from": [5, 0, 10],
			"to": [11, 1, 12],
			"rotation": {"angle": -22.5, "axis": "x", "origin": [8, 8, 8]},
			"faces": {
				"north": {"uv": [9.5, 14, 13, 14.5], "texture": "#ricky"},
				"east": {"uv": [10, 7.5, 11.5, 9.5], "texture": "#ricky"},
				"south": {"uv": [9.5, 14, 13, 14.5], "texture": "#ricky"},
				"west": {"uv": [10, 7.5, 11.5, 9.5], "texture": "#ricky"},
				"up": {"uv": [10, 14, 12.5, 14.5], "texture": "#ricky"},
				"down": {"uv": [9.5, 6, 16, 7.5], "texture": "#ricky"}
			}
		},
		{
			"from": [5, 0, 3],
			"to": [7, 2, 5],
			"faces": {
				"north": {"uv": [13, 9.5, 16, 12.5], "texture": "#ricky"},
				"east": {"uv": [10, 9.5, 13, 12.5], "texture": "#ricky"},
				"south": {"uv": [13, 9.5, 16, 12.5], "texture": "#ricky"},
				"west": {"uv": [10, 9.5, 13, 12.5], "texture": "#ricky"},
				"up": {"uv": [13, 9.5, 16, 12.5], "texture": "#ricky"},
				"down": {"uv": [13, 9.5, 16, 12.5], "texture": "#ricky"}
			}
		},
		{
			"from": [9, 0, 3],
			"to": [11, 2, 5],
			"faces": {
				"north": {"uv": [13, 9.5, 16, 12.5], "texture": "#ricky"},
				"east": {"uv": [10, 9.5, 13, 12.5], "texture": "#ricky"},
				"south": {"uv": [13, 9.5, 16, 12.5], "texture": "#ricky"},
				"west": {"uv": [10, 9.5, 13, 12.5], "texture": "#ricky"},
				"up": {"uv": [13, 9.5, 16, 12.5], "texture": "#ricky"},
				"down": {"uv": [13, 9.5, 16, 12.5], "texture": "#ricky"}
			}
		},
		{
			"from": [5, 0, 11],
			"to": [7, 2, 13],
			"faces": {
				"north": {"uv": [13, 9.5, 16, 12.5], "texture": "#ricky"},
				"east": {"uv": [10, 9.5, 13, 12.5], "texture": "#ricky"},
				"south": {"uv": [13, 9.5, 16, 12.5], "texture": "#ricky"},
				"west": {"uv": [10, 9.5, 13, 12.5], "texture": "#ricky"},
				"up": {"uv": [13, 9.5, 16, 12.5], "texture": "#ricky"},
				"down": {"uv": [13, 9.5, 16, 12.5], "texture": "#ricky"}
			}
		},
		{
			"from": [9, 0, 11],
			"to": [11, 2, 13],
			"faces": {
				"north": {"uv": [13, 9.5, 16, 12.5], "texture": "#ricky"},
				"east": {"uv": [10, 9.5, 13, 12.5], "texture": "#ricky"},
				"south": {"uv": [13, 9.5, 16, 12.5], "texture": "#ricky"},
				"west": {"uv": [10, 9.5, 13, 12.5], "texture": "#ricky"},
				"up": {"uv": [13, 9.5, 16, 12.5], "texture": "#ricky"},
				"down": {"uv": [13, 9.5, 16, 12.5], "texture": "#ricky"}
			}
		},
		{
			"from": [5, 2, 1],
			"to": [11, 4, 9],
			"faces": {
				"north": {"uv": [0, 13.5, 6.5, 16], "texture": "#ricky"},
				"east": {"uv": [6.5, 13.5, 11.5, 16], "texture": "#ricky"},
				"south": {"uv": [1, 13.5, 5.5, 14.5], "texture": "#ricky"},
				"west": {"uv": [11, 13.5, 16, 16], "texture": "#ricky"},
				"up": {"uv": [10, 13.5, 12.5, 15], "texture": "#ricky"},
				"down": {"uv": [9, 13.5, 13.5, 16], "texture": "#ricky"}
			}
		},
		{
			"from": [5, 7, 2],
			"to": [11, 8, 5],
			"rotation": {"angle": -45, "axis": "x", "origin": [8, 8, 8]},
			"faces": {
				"north": {"uv": [9.5, 15, 13, 15.5], "texture": "#ricky"},
				"east": {"uv": [14.5, 7.5, 16, 8], "texture": "#ricky"},
				"south": {"uv": [11, 7.5, 16, 8], "texture": "#ricky"},
				"west": {"uv": [11, 7.5, 12.5, 8], "texture": "#ricky"},
				"up": {"uv": [11, 7.5, 16, 9.5], "texture": "#ricky"},
				"down": {"uv": [11, 8, 16, 9.5], "texture": "#ricky"}
			}
		},
		{
			"from": [5, 4, 6],
			"to": [11, 5.9, 9],
			"faces": {
				"north": {"uv": [10.5, 2.5, 13.5, 3.45], "texture": "#ricky"},
				"east": {"uv": [0, 6, 3.5, 8.45], "texture": "#ricky"},
				"south": {"uv": [10.5, 3, 13.5, 3.95], "texture": "#ricky"},
				"west": {"uv": [0, 3.5, 3.5, 5.95], "texture": "#ricky"},
				"up": {"uv": [10.5, 2.5, 13.5, 4], "texture": "#ricky"},
				"down": {"uv": [10.5, 2.5, 13.5, 4], "texture": "#ricky"}
			}
		},
		{
			"from": [5, 2, 9],
			"to": [11, 4, 15],
			"faces": {
				"north": {"uv": [10.5, 0.5, 13.5, 1.5], "texture": "#ricky"},
				"east": {"uv": [8, 3.5, 12, 6], "texture": "#ricky"},
				"south": {"uv": [8, 0, 16, 4.5], "texture": "#ricky"},
				"west": {"uv": [12, 3.5, 16, 6], "texture": "#ricky"},
				"up": {"uv": [10.5, 2.5, 13.5, 4], "texture": "#ricky"},
				"down": {"uv": [2, 15, 4.5, 16], "texture": "#ricky"}
			}
		},
		{
			"from": [5, 5.4, 9.7],
			"to": [11, 6.4, 14.7],
			"rotation": {"angle": 22.5, "axis": "x", "origin": [31, 8, 8]},
			"faces": {
				"north": {"uv": [10.5, 3, 13.5, 3.5], "texture": "#ricky"},
				"east": {"uv": [10.5, 2.5, 13, 3], "texture": "#ricky"},
				"south": {"uv": [10.5, 2.5, 13.5, 3], "texture": "#ricky"},
				"west": {"uv": [11, 2.5, 13.5, 3], "texture": "#ricky"},
				"up": {"uv": [3, 0, 8, 3.5], "texture": "#ricky"},
				"down": {"uv": [3, 0, 8, 3.5], "texture": "#ricky"}
			}
		},
		{
			"from": [5, 5, 14],
			"to": [11, 5, 15],
			"faces": {
				"north": {"uv": [0, 0, 3, 0], "texture": "#ricky"},
				"east": {"uv": [0, 0, 0.5, 0], "texture": "#ricky"},
				"south": {"uv": [0, 0, 3, 0], "texture": "#ricky"},
				"west": {"uv": [0, 0, 0.5, 0], "texture": "#ricky"},
				"up": {"uv": [0.5, 1.5, 2.5, 3], "texture": "#ricky"},
				"down": {"uv": [0.5, 1.5, 2.5, 3], "texture": "#ricky"}
			}
		},
		{
			"from": [5, 4, 5],
			"to": [11, 5, 11],
			"faces": {
				"north": {"uv": [3, 0, 8, 0.5], "texture": "#ricky"},
				"east": {"uv": [0, 0, 3, 0.5], "texture": "#ricky"},
				"south": {"uv": [3.5, 3, 7.5, 3.5], "texture": "#ricky"},
				"west": {"uv": [0, 0.5, 3, 1], "texture": "#ricky"},
				"up": {"uv": [10.5, 2, 13.5, 5], "texture": "#ricky"},
				"down": {"uv": [10.5, 2, 13.5, 5], "texture": "#ricky"}
			}
		},
		{
			"from": [7, 4, 14],
			"to": [7, 5, 15],
			"faces": {
				"north": {"uv": [0.5, 1.5, 2.5, 3], "texture": "#ricky"},
				"east": {"uv": [0.5, 1.5, 2.5, 3], "texture": "#ricky"},
				"south": {"uv": [0.5, 1.5, 2.5, 3], "texture": "#ricky"},
				"west": {"uv": [0.5, 1.5, 2.5, 3], "texture": "#ricky"},
				"up": {"uv": [0, 0, 0, 0.5], "texture": "#ricky"},
				"down": {"uv": [0, 0, 0, 0.5], "texture": "#ricky"}
			}
		},
		{
			"from": [9, 4, 14],
			"to": [9, 5, 15],
			"faces": {
				"north": {"uv": [0, 0, 0, 0.5], "texture": "#ricky"},
				"east": {"uv": [0.5, 1.5, 2.5, 3], "texture": "#ricky"},
				"south": {"uv": [0, 0, 0, 0.5], "texture": "#ricky"},
				"west": {"uv": [0.5, 1.5, 2.5, 3], "texture": "#ricky"},
				"up": {"uv": [0.5, 1.5, 2.5, 3], "texture": "#ricky"},
				"down": {"uv": [0, 0, 0, 0.5], "texture": "#ricky"}
			}
		},
		{
			"from": [5, 2, 15],
			"to": [11, 3, 15.4],
			"faces": {
				"north": {"uv": [10, 12.5, 16, 13.5], "texture": "#ricky"},
				"east": {"uv": [12, 12.5, 16, 13], "texture": "#ricky"},
				"south": {"uv": [10, 12.5, 16, 13.5], "texture": "#ricky"},
				"west": {"uv": [10, 12.5, 13.7, 13], "texture": "#ricky"},
				"up": {"uv": [10, 6, 16, 6.7], "texture": "#ricky"},
				"down": {"uv": [12, 12.5, 14, 13.2], "texture": "#ricky"}
			}
		}
	],
	"display": {
		"thirdperson_righthand": {
			"rotation": [43, 0, 0],
			"translation": [0, 3, 1.5],
			"scale": [0.5, 0.5, 0.5]
		},
		"thirdperson_lefthand": {
			"rotation": [93, 13, 15],
			"translation": [-0.75, 0.5, 1.5],
			"scale": [0.5, 0.5, 0.5]
		},
		"firstperson_righthand": {
			"rotation": [20, 0, 0],
			"translation": [0, 6.5, 0]
		},
		"firstperson_lefthand": {
			"rotation": [50, 26, 0],
			"translation": [0, 3.75, 0]
		},
		"ground": {
			"scale": [0.5, 0.5, 0.5]
		},
		"gui": {
			"rotation": [26, 148, 0],
			"translation": [0, 4.5, 0]
		},
		"head": {
			"translation": [0, -11, 1],
			"scale": [4, 4, 4]
		},
		"fixed": {
			"rotation": [-90, 0, 0],
			"translation": [0, 0, -8]
		}
	}
}