{
	"credit": "Made with Blockbench",
	"textures": {
		"particle": "item/diamond_x/diamondpickaxe",
		"texture": "item/diamond_x/diamondpickaxe"
	},
	"elements": [
		{
			"name": "Voxels",
			"from": [-12, 8, 7],
			"to": [7, 9.5, 8.5],
			"faces": {
				"north": {"uv": [9.5, 13.75, 0, 14.5], "texture": "#texture"},
				"east": {"uv": [0.75, 4.25, 0, 5], "texture": "#texture"},
				"south": {"uv": [0, 13, 9.5, 13.75], "texture": "#texture"},
				"west": {"uv": [0.75, 1.25, 1.5, 2], "texture": "#texture"},
				"up": {"uv": [0, 15.25, 9.5, 14.5], "texture": "#texture"},
				"down": {"uv": [0, 15.25, 9.5, 16], "texture": "#texture"}
			}
		},
		{
			"name": "Voxels",
			"from": [-11.5, 7.5, 7],
			"to": [-10.5, 8, 8.5],
			"faces": {
				"north": {"uv": [1.75, 5, 1.25, 5.25], "texture": "#texture"},
				"east": {"uv": [16, 10.25, 15.25, 10.5], "texture": "#texture"},
				"south": {"uv": [15.5, 11.5, 16, 11.75], "texture": "#texture"},
				"west": {"uv": [1, 0, 1.75, 0.25], "texture": "#texture"},
				"up": {"uv": [2.25, 7.5, 2.75, 6.75], "texture": "#texture"},
				"down": {"uv": [1.75, 5.5, 2.25, 6.25], "texture": "#texture"}
			}
		},
		{
			"name": "Voxels",
			"from": [-11.5, 8, 6.5],
			"to": [-10.5, 9.5, 7],
			"faces": {
				"north": {"uv": [2.25, 6.75, 1.75, 7.5], "texture": "#texture"},
				"east": {"uv": [1.75, 3.5, 1.5, 4.25], "texture": "#texture"},
				"south": {"uv": [15.5, 15.25, 16, 16], "texture": "#texture"},
				"west": {"uv": [1.5, 4.25, 1.75, 5], "texture": "#texture"},
				"up": {"uv": [15.5, 9.75, 16, 9.5], "texture": "#texture"},
				"down": {"uv": [15.5, 10.75, 16, 11], "texture": "#texture"}
			}
		},
		{
			"name": "Voxels",
			"from": [-11.5, 8, 8.5],
			"to": [-10.5, 9.5, 9],
			"faces": {
				"north": {"uv": [2.75, 7.5, 2.25, 8.25], "texture": "#texture"},
				"east": {"uv": [1.75, 2, 1.5, 2.75], "texture": "#texture"},
				"south": {"uv": [1.75, 7.5, 2.25, 8.25], "texture": "#texture"},
				"west": {"uv": [1.5, 2.75, 1.75, 3.5], "texture": "#texture"},
				"up": {"uv": [15.5, 9.25, 16, 9], "texture": "#texture"},
				"down": {"uv": [15.5, 9.25, 16, 9.5], "texture": "#texture"}
			}
		},
		{
			"name": "Voxels",
			"from": [-11.5, 9.5, 7],
			"to": [-10.5, 10, 8.5],
			"faces": {
				"north": {"uv": [16, 8.75, 15.5, 9], "texture": "#texture"},
				"east": {"uv": [16, 9.75, 15.25, 10], "texture": "#texture"},
				"south": {"uv": [6.75, 7.5, 7.25, 7.75], "texture": "#texture"},
				"west": {"uv": [15.25, 10, 16, 10.25], "texture": "#texture"},
				"up": {"uv": [1.75, 10, 2.25, 9.25], "texture": "#texture"},
				"down": {"uv": [2.25, 9.25, 2.75, 10], "texture": "#texture"}
			}
		},
		{
			"name": "Voxels",
			"from": [-1, 8.5, -3],
			"to": [2.5, 9, -2.5],
			"faces": {
				"north": {"uv": [8, 12.25, 6.25, 12.5], "texture": "#texture"},
				"east": {"uv": [7.75, 1.75, 7.5, 2], "texture": "#texture"},
				"south": {"uv": [8, 12.25, 9.75, 12.5], "texture": "#texture"},
				"west": {"uv": [7.5, 0.5, 7.75, 0.75], "texture": "#texture"},
				"up": {"uv": [4.5, 12.5, 6.25, 12.25], "texture": "#texture"},
				"down": {"uv": [14.25, 12.75, 16, 13], "texture": "#texture"}
			}
		},
		{
			"name": "Voxels",
			"from": [-1, 8.5, 18],
			"to": [2.5, 9, 18.5],
			"faces": {
				"north": {"uv": [11.25, 13, 9.5, 13.25], "texture": "#texture"},
				"east": {"uv": [7.75, 5.75, 7.5, 6], "texture": "#texture"},
				"south": {"uv": [11.25, 13, 13, 13.25], "texture": "#texture"},
				"west": {"uv": [7.5, 2, 7.75, 2.25], "texture": "#texture"},
				"up": {"uv": [13.25, 12.5, 15, 12.25], "texture": "#texture"},
				"down": {"uv": [11.5, 12.25, 13.25, 12.5], "texture": "#texture"}
			}
		},
		{
			"name": "Voxels",
			"from": [-0.5, 7.5, 7],
			"to": [0, 8, 8.5],
			"faces": {
				"north": {"uv": [7.75, 6, 7.5, 6.25], "texture": "#texture"},
				"east": {"uv": [6, 0.25, 5.25, 0.5], "texture": "#texture"},
				"south": {"uv": [7.5, 7.25, 7.75, 7.5], "texture": "#texture"},
				"west": {"uv": [5.25, 0.5, 6, 0.75], "texture": "#texture"},
				"up": {"uv": [2.25, 6.25, 2.5, 5.5], "texture": "#texture"},
				"down": {"uv": [1.5, 1.25, 1.75, 2], "texture": "#texture"}
			}
		},
		{
			"name": "Voxels",
			"from": [-0.5, 8, 6.5],
			"to": [0, 9.5, 7],
			"faces": {
				"north": {"uv": [2.75, 5.5, 2.5, 6.25], "texture": "#texture"},
				"east": {"uv": [6.5, 8.25, 6.25, 9], "texture": "#texture"},
				"south": {"uv": [6.25, 1.5, 6.5, 2.25], "texture": "#texture"},
				"west": {"uv": [6.25, 9, 6.5, 9.75], "texture": "#texture"},
				"up": {"uv": [7.5, 8, 7.75, 7.75], "texture": "#texture"},
				"down": {"uv": [7.5, 7.5, 7.75, 7.75], "texture": "#texture"}
			}
		},
		{
			"name": "Voxels",
			"from": [-0.5, 8, 8.5],
			"to": [0, 9.5, 9],
			"faces": {
				"north": {"uv": [6.5, 7.5, 6.25, 8.25], "texture": "#texture"},
				"east": {"uv": [6.5, 5.25, 6.25, 6], "texture": "#texture"},
				"south": {"uv": [6.25, 6.75, 6.5, 7.5], "texture": "#texture"},
				"west": {"uv": [6.25, 6, 6.5, 6.75], "texture": "#texture"},
				"up": {"uv": [7.25, 1.25, 7.5, 1], "texture": "#texture"},
				"down": {"uv": [7.5, 8, 7.75, 8.25], "texture": "#texture"}
			}
		},
		{
			"name": "Voxels",
			"from": [-0.5, 9.5, 7],
			"to": [0, 10, 8.5],
			"faces": {
				"north": {"uv": [7.5, 2, 7.25, 2.25], "texture": "#texture"},
				"east": {"uv": [8.75, 9.5, 8, 9.75], "texture": "#texture"},
				"south": {"uv": [7.25, 2.25, 7.5, 2.5], "texture": "#texture"},
				"west": {"uv": [7.25, 9.5, 8, 9.75], "texture": "#texture"},
				"up": {"uv": [6.25, 4.5, 6.5, 3.75], "texture": "#texture"},
				"down": {"uv": [6.25, 4.5, 6.5, 5.25], "texture": "#texture"}
			}
		},
		{
			"name": "Voxels",
			"from": [0, 8.5, -2.5],
			"to": [3.5, 9, -2],
			"faces": {
				"north": {"uv": [8, 12.5, 6.25, 12.75], "texture": "#texture"},
				"east": {"uv": [7.5, 3.25, 7.25, 3.5], "texture": "#texture"},
				"south": {"uv": [8, 12.5, 9.75, 12.75], "texture": "#texture"},
				"west": {"uv": [7.25, 2.5, 7.5, 2.75], "texture": "#texture"},
				"up": {"uv": [4.5, 12.75, 6.25, 12.5], "texture": "#texture"},
				"down": {"uv": [2.75, 12.5, 4.5, 12.75], "texture": "#texture"}
			}
		},
		{
			"name": "Voxels",
			"from": [0, 8.5, 17.5],
			"to": [3.5, 9, 18],
			"faces": {
				"north": {"uv": [15, 12.5, 13.25, 12.75], "texture": "#texture"},
				"east": {"uv": [7.5, 3.75, 7.25, 4], "texture": "#texture"},
				"south": {"uv": [2.75, 12.25, 4.5, 12.5], "texture": "#texture"},
				"west": {"uv": [7.25, 3.5, 7.5, 3.75], "texture": "#texture"},
				"up": {"uv": [11.5, 12.75, 13.25, 12.5], "texture": "#texture"},
				"down": {"uv": [9.75, 12.5, 11.5, 12.75], "texture": "#texture"}
			}
		},
		{
			"name": "Voxels",
			"from": [0.5, 8, -3],
			"to": [2.5, 8.5, -2.5],
			"faces": {
				"north": {"uv": [7.25, 10.25, 6.25, 10.5], "texture": "#texture"},
				"east": {"uv": [7.5, 4.75, 7.25, 5], "texture": "#texture"},
				"south": {"uv": [4.25, 0.25, 5.25, 0.5], "texture": "#texture"},
				"west": {"uv": [7.25, 4, 7.5, 4.25], "texture": "#texture"},
				"up": {"uv": [14.25, 10, 15.25, 9.75], "texture": "#texture"},
				"down": {"uv": [4.25, 7.75, 5.25, 8], "texture": "#texture"}
			}
		},
		{
			"name": "Voxels",
			"from": [0.5, 8, 18],
			"to": [2.5, 8.5, 18.5],
			"faces": {
				"north": {"uv": [5.25, 5.25, 4.25, 5.5], "texture": "#texture"},
				"east": {"uv": [7.5, 1.25, 7.25, 1.5], "texture": "#texture"},
				"south": {"uv": [4.25, 8, 5.25, 8.25], "texture": "#texture"},
				"west": {"uv": [7.25, 5, 7.5, 5.25], "texture": "#texture"},
				"up": {"uv": [4.25, 5.25, 5.25, 5], "texture": "#texture"},
				"down": {"uv": [4.25, 0.5, 5.25, 0.75], "texture": "#texture"}
			}
		},
		{
			"name": "Voxels",
			"from": [0.5, 9, -3],
			"to": [2.5, 9.5, -2.5],
			"faces": {
				"north": {"uv": [13.75, 10.5, 12.75, 10.75], "texture": "#texture"},
				"east": {"uv": [7.5, 5.5, 7.25, 5.75], "texture": "#texture"},
				"south": {"uv": [11.75, 10.5, 12.75, 10.75], "texture": "#texture"},
				"west": {"uv": [7.25, 5.25, 7.5, 5.5], "texture": "#texture"},
				"up": {"uv": [4.25, 10.25, 5.25, 10], "texture": "#texture"},
				"down": {"uv": [4.25, 9.75, 5.25, 10], "texture": "#texture"}
			}
		},
		{
			"name": "Voxels",
			"from": [0.5, 9, 18],
			"to": [2.5, 9.5, 18.5],
			"faces": {
				"north": {"uv": [2.75, 1.25, 1.75, 1.5], "texture": "#texture"},
				"east": {"uv": [7.5, 6.5, 7.25, 6.75], "texture": "#texture"},
				"south": {"uv": [1.75, 1.5, 2.75, 1.75], "texture": "#texture"},
				"west": {"uv": [7.25, 6.25, 7.5, 6.5], "texture": "#texture"},
				"up": {"uv": [7.75, 10.75, 8.75, 10.5], "texture": "#texture"},
				"down": {"uv": [8.75, 10.5, 9.75, 10.75], "texture": "#texture"}
			}
		},
		{
			"name": "Voxels",
			"from": [1, 8, -2.5],
			"to": [3.5, 8.5, -2],
			"faces": {
				"north": {"uv": [8, 11.25, 6.75, 11.5], "texture": "#texture"},
				"east": {"uv": [7.5, 7, 7.25, 7.25], "texture": "#texture"},
				"south": {"uv": [8, 11.25, 9.25, 11.5], "texture": "#texture"},
				"west": {"uv": [7.25, 6.75, 7.5, 7], "texture": "#texture"},
				"up": {"uv": [5.5, 11.5, 6.75, 11.25], "texture": "#texture"},
				"down": {"uv": [2.75, 1.5, 4, 1.75], "texture": "#texture"}
			}
		},
		{
			"name": "Voxels",
			"from": [1, 8, 17.5],
			"to": [3.5, 8.5, 18],
			"faces": {
				"north": {"uv": [13, 11.25, 11.75, 11.5], "texture": "#texture"},
				"east": {"uv": [7.5, 8, 7.25, 8.25], "texture": "#texture"},
				"south": {"uv": [13, 11.25, 14.25, 11.5], "texture": "#texture"},
				"west": {"uv": [7.25, 7.75, 7.5, 8], "texture": "#texture"},
				"up": {"uv": [10.5, 11.5, 11.75, 11.25], "texture": "#texture"},
				"down": {"uv": [9.25, 11.25, 10.5, 11.5], "texture": "#texture"}
			}
		},
		{
			"name": "Voxels",
			"from": [1, 8.5, -2],
			"to": [4, 9, -1.5],
			"faces": {
				"north": {"uv": [4.25, 9.75, 2.75, 10], "texture": "#texture"},
				"east": {"uv": [15.75, 8.25, 15.5, 8.5], "texture": "#texture"},
				"south": {"uv": [2.75, 9.5, 4.25, 9.75], "texture": "#texture"},
				"west": {"uv": [15.75, 8.25, 16, 8.5], "texture": "#texture"},
				"up": {"uv": [2.75, 10.25, 4.25, 10], "texture": "#texture"},
				"down": {"uv": [2.75, 10.25, 4.25, 10.5], "texture": "#texture"}
			}
		},
		{
			"name": "Voxels",
			"from": [1, 8.5, 17],
			"to": [4, 9, 17.5],
			"faces": {
				"north": {"uv": [4.25, 8.5, 2.75, 8.75], "texture": "#texture"},
				"east": {"uv": [16, 8.5, 15.75, 8.75], "texture": "#texture"},
				"south": {"uv": [2.75, 8.25, 4.25, 8.5], "texture": "#texture"},
				"west": {"uv": [14.25, 8.25, 14.5, 8.5], "texture": "#texture"},
				"up": {"uv": [2.75, 9, 4.25, 8.75], "texture": "#texture"},
				"down": {"uv": [2.75, 9, 4.25, 9.25], "texture": "#texture"}
			}
		},
		{
			"name": "Voxels",
			"from": [1, 9, -2.5],
			"to": [3.5, 9.5, -2],
			"faces": {
				"north": {"uv": [9.25, 11, 8, 11.25], "texture": "#texture"},
				"east": {"uv": [7.25, 0.75, 7, 1], "texture": "#texture"},
				"south": {"uv": [9.25, 11, 10.5, 11.25], "texture": "#texture"},
				"west": {"uv": [7, 0, 7.25, 0.25], "texture": "#texture"},
				"up": {"uv": [6.75, 11.25, 8, 11], "texture": "#texture"},
				"down": {"uv": [5.5, 11, 6.75, 11.25], "texture": "#texture"}
			}
		},
		{
			"name": "Voxels",
			"from": [1, 9, 17.5],
			"to": [3.5, 9.5, 18],
			"faces": {
				"north": {"uv": [14.25, 11, 13, 11.25], "texture": "#texture"},
				"east": {"uv": [7.25, 2.25, 7, 2.5], "texture": "#texture"},
				"south": {"uv": [14.25, 11, 15.5, 11.25], "texture": "#texture"},
				"west": {"uv": [7, 1.5, 7.25, 1.75], "texture": "#texture"},
				"up": {"uv": [11.75, 11.25, 13, 11], "texture": "#texture"},
				"down": {"uv": [10.5, 11, 11.75, 11.25], "texture": "#texture"}
			}
		},
		{
			"name": "Voxels",
			"from": [2, 8, -2],
			"to": [4, 8.5, -1.5],
			"faces": {
				"north": {"uv": [6.25, 4.25, 5.25, 4.5], "texture": "#texture"},
				"east": {"uv": [7.25, 2.75, 7, 3], "texture": "#texture"},
				"south": {"uv": [5.25, 6.75, 6.25, 7], "texture": "#texture"},
				"west": {"uv": [7, 2.5, 7.25, 2.75], "texture": "#texture"},
				"up": {"uv": [5.25, 4.25, 6.25, 4], "texture": "#texture"},
				"down": {"uv": [5.25, 2.25, 6.25, 2.5], "texture": "#texture"}
			}
		},
		{
			"name": "Voxels",
			"from": [2, 8, 17],
			"to": [4, 8.5, 17.5],
			"faces": {
				"north": {"uv": [6.25, 8.5, 5.25, 8.75], "texture": "#texture"},
				"east": {"uv": [7.25, 4.25, 7, 4.5], "texture": "#texture"},
				"south": {"uv": [5.25, 8.75, 6.25, 9], "texture": "#texture"},
				"west": {"uv": [7, 4, 7.25, 4.25], "texture": "#texture"},
				"up": {"uv": [5.25, 8.5, 6.25, 8.25], "texture": "#texture"},
				"down": {"uv": [5.25, 7.5, 6.25, 7.75], "texture": "#texture"}
			}
		},
		{
			"name": "Voxels",
			"from": [2, 8.5, -1.5],
			"to": [4.5, 9, -1],
			"faces": {
				"north": {"uv": [8, 10.75, 6.75, 11], "texture": "#texture"},
				"east": {"uv": [7.25, 4.75, 7, 5], "texture": "#texture"},
				"south": {"uv": [8, 10.75, 9.25, 11], "texture": "#texture"},
				"west": {"uv": [7, 4.5, 7.25, 4.75], "texture": "#texture"},
				"up": {"uv": [5.5, 11, 6.75, 10.75], "texture": "#texture"},
				"down": {"uv": [4.25, 10.75, 5.5, 11], "texture": "#texture"}
			}
		},
		{
			"name": "Voxels",
			"from": [2, 8.5, 16.5],
			"to": [4.5, 9, 17],
			"faces": {
				"north": {"uv": [13, 10.75, 11.75, 11], "texture": "#texture"},
				"east": {"uv": [7.25, 5.75, 7, 6], "texture": "#texture"},
				"south": {"uv": [13, 10.75, 14.25, 11], "texture": "#texture"},
				"west": {"uv": [7, 5.5, 7.25, 5.75], "texture": "#texture"},
				"up": {"uv": [10.5, 11, 11.75, 10.75], "texture": "#texture"},
				"down": {"uv": [9.25, 10.75, 10.5, 11], "texture": "#texture"}
			}
		},
		{
			"name": "Voxels",
			"from": [2, 9, -2],
			"to": [4, 9.5, -1.5],
			"faces": {
				"north": {"uv": [8.25, 10, 7.25, 10.25], "texture": "#texture"},
				"east": {"uv": [7.25, 6.25, 7, 6.5], "texture": "#texture"},
				"south": {"uv": [13.25, 10.25, 14.25, 10.5], "texture": "#texture"},
				"west": {"uv": [7, 6, 7.25, 6.25], "texture": "#texture"},
				"up": {"uv": [8.25, 10.25, 9.25, 10], "texture": "#texture"},
				"down": {"uv": [13.25, 10, 14.25, 10.25], "texture": "#texture"}
			}
		},
		{
			"name": "Voxels",
			"from": [2, 9, 17],
			"to": [4, 9.5, 17.5],
			"faces": {
				"north": {"uv": [6.25, 10.25, 5.25, 10.5], "texture": "#texture"},
				"east": {"uv": [6.25, 0.25, 6, 0.5], "texture": "#texture"},
				"south": {"uv": [4.25, 0, 5.25, 0.25], "texture": "#texture"},
				"west": {"uv": [6, 0, 6.25, 0.25], "texture": "#texture"},
				"up": {"uv": [9.25, 10.5, 10.25, 10.25], "texture": "#texture"},
				"down": {"uv": [10.25, 10.25, 11.25, 10.5], "texture": "#texture"}
			}
		},
		{
			"name": "Voxels",
			"from": [2.5, 8, -1.5],
			"to": [4.5, 8.5, -1],
			"faces": {
				"north": {"uv": [5.25, 5.75, 4.25, 6], "texture": "#texture"},
				"east": {"uv": [16, 10.5, 15.75, 10.75], "texture": "#texture"},
				"south": {"uv": [5.25, 5.5, 6.25, 5.75], "texture": "#texture"},
				"west": {"uv": [6, 0.5, 6.25, 0.75], "texture": "#texture"},
				"up": {"uv": [4.25, 5.75, 5.25, 5.5], "texture": "#texture"},
				"down": {"uv": [4.25, 0.75, 5.25, 1], "texture": "#texture"}
			}
		},
		{
			"name": "Voxels",
			"from": [2.5, 8, 16.5],
			"to": [4.5, 8.5, 17],
			"faces": {
				"north": {"uv": [6.25, 6.25, 5.25, 6.5], "texture": "#texture"},
				"east": {"uv": [4.25, 0.75, 4, 1], "texture": "#texture"},
				"south": {"uv": [13.25, 9.75, 14.25, 10], "texture": "#texture"},
				"west": {"uv": [4, 0.5, 4.25, 0.75], "texture": "#texture"},
				"up": {"uv": [5.25, 6.25, 6.25, 6], "texture": "#texture"},
				"down": {"uv": [5.25, 5.75, 6.25, 6], "texture": "#texture"}
			}
		},
		{
			"name": "Voxels",
			"from": [2.5, 8.5, -1],
			"to": [5, 9, -0.5],
			"faces": {
				"north": {"uv": [6.75, 10.5, 5.5, 10.75], "texture": "#texture"},
				"east": {"uv": [4.25, 1.25, 4, 1.5], "texture": "#texture"},
				"south": {"uv": [14.75, 13, 16, 13.25], "texture": "#texture"},
				"west": {"uv": [4, 1, 4.25, 1.25], "texture": "#texture"},
				"up": {"uv": [4.25, 10.75, 5.5, 10.5], "texture": "#texture"},
				"down": {"uv": [14.25, 10.75, 15.5, 11], "texture": "#texture"}
			}
		},
		{
			"name": "Voxels",
			"from": [2.5, 8.5, 16],
			"to": [5, 9, 16.5],
			"faces": {
				"north": {"uv": [4, 7.5, 2.75, 7.75], "texture": "#texture"},
				"east": {"uv": [4.25, 2.25, 4, 2.5], "texture": "#texture"},
				"south": {"uv": [2.75, 7.25, 4, 7.5], "texture": "#texture"},
				"west": {"uv": [4, 2, 4.25, 2.25], "texture": "#texture"},
				"up": {"uv": [14.75, 12, 16, 11.75], "texture": "#texture"},
				"down": {"uv": [14.75, 12, 16, 12.25], "texture": "#texture"}
			}
		},
		{
			"name": "Voxels",
			"from": [2.5, 9, -1.5],
			"to": [4.5, 9.5, -1],
			"faces": {
				"north": {"uv": [5.25, 6.25, 4.25, 6.5], "texture": "#texture"},
				"east": {"uv": [4.25, 2.75, 4, 3], "texture": "#texture"},
				"south": {"uv": [4.25, 6.5, 5.25, 6.75], "texture": "#texture"},
				"west": {"uv": [4, 2.5, 4.25, 2.75], "texture": "#texture"},
				"up": {"uv": [4.25, 6.25, 5.25, 6], "texture": "#texture"},
				"down": {"uv": [8.25, 10.25, 9.25, 10.5], "texture": "#texture"}
			}
		},
		{
			"name": "Voxels",
			"from": [2.5, 9, 16.5],
			"to": [4.5, 9.5, 17],
			"faces": {
				"north": {"uv": [5.25, 7.25, 4.25, 7.5], "texture": "#texture"},
				"east": {"uv": [4.25, 3.75, 4, 4], "texture": "#texture"},
				"south": {"uv": [1.75, 0, 2.75, 0.25], "texture": "#texture"},
				"west": {"uv": [4, 3.5, 4.25, 3.75], "texture": "#texture"},
				"up": {"uv": [4.25, 7.25, 5.25, 7], "texture": "#texture"},
				"down": {"uv": [4.25, 6.75, 5.25, 7], "texture": "#texture"}
			}
		},
		{
			"name": "Voxels",
			"from": [3, 7.5, 7],
			"to": [6, 8, 8.5],
			"faces": {
				"north": {"uv": [8.75, 12, 7.25, 12.25], "texture": "#texture"},
				"east": {"uv": [10.25, 9.5, 9.5, 9.75], "texture": "#texture"},
				"south": {"uv": [8.75, 12, 10.25, 12.25], "texture": "#texture"},
				"west": {"uv": [8.75, 9.5, 9.5, 9.75], "texture": "#texture"},
				"up": {"uv": [9.5, 14.5, 11, 13.75], "texture": "#texture"},
				"down": {"uv": [14.5, 14.5, 16, 15.25], "texture": "#texture"}
			}
		},
		{
			"name": "Voxels",
			"from": [3, 8, -1],
			"to": [5, 8.5, -0.5],
			"faces": {
				"north": {"uv": [5.25, 1.25, 4.25, 1.5], "texture": "#texture"},
				"east": {"uv": [4.25, 4.75, 4, 5], "texture": "#texture"},
				"south": {"uv": [4.25, 1, 5.25, 1.25], "texture": "#texture"},
				"west": {"uv": [4, 4, 4.25, 4.25], "texture": "#texture"},
				"up": {"uv": [4.25, 4.75, 5.25, 4.5], "texture": "#texture"},
				"down": {"uv": [4.25, 4.75, 5.25, 5], "texture": "#texture"}
			}
		},
		{
			"name": "Voxels",
			"from": [3, 8, 6.5],
			"to": [7, 9.5, 7],
			"faces": {
				"north": {"uv": [11.5, 15.25, 9.5, 16], "texture": "#texture"},
				"east": {"uv": [6.5, 2.25, 6.25, 3], "texture": "#texture"},
				"south": {"uv": [9.5, 14.5, 11.5, 15.25], "texture": "#texture"},
				"west": {"uv": [6.25, 3, 6.5, 3.75], "texture": "#texture"},
				"up": {"uv": [8.75, 13, 10.75, 12.75], "texture": "#texture"},
				"down": {"uv": [2.75, 12.75, 4.75, 13], "texture": "#texture"}
			}
		},
		{
			"name": "Voxels",
			"from": [3, 8, 8.5],
			"to": [7, 9.5, 9],
			"faces": {
				"north": {"uv": [15.5, 15.25, 13.5, 16], "texture": "#texture"},
				"east": {"uv": [6.5, 0, 6.25, 0.75], "texture": "#texture"},
				"south": {"uv": [11.5, 15.25, 13.5, 16], "texture": "#texture"},
				"west": {"uv": [6.25, 0.75, 6.5, 1.5], "texture": "#texture"},
				"up": {"uv": [6.75, 13, 8.75, 12.75], "texture": "#texture"},
				"down": {"uv": [4.75, 12.75, 6.75, 13], "texture": "#texture"}
			}
		},
		{
			"name": "Voxels",
			"from": [3, 8, 16],
			"to": [5, 8.5, 16.5],
			"faces": {
				"north": {"uv": [16, 12.5, 15, 12.75], "texture": "#texture"},
				"east": {"uv": [4.25, 6.25, 4, 6.5], "texture": "#texture"},
				"south": {"uv": [4.25, 7.5, 5.25, 7.75], "texture": "#texture"},
				"west": {"uv": [4, 5.5, 4.25, 5.75], "texture": "#texture"},
				"up": {"uv": [1.75, 2.5, 2.75, 2.25], "texture": "#texture"},
				"down": {"uv": [1.75, 2.5, 2.75, 2.75], "texture": "#texture"}
			}
		},
		{
			"name": "Voxels",
			"from": [3, 8.5, -0.5],
			"to": [5.5, 9, 0],
			"faces": {
				"north": {"uv": [4, 4.25, 2.75, 4.5], "texture": "#texture"},
				"east": {"uv": [4.25, 6.75, 4, 7], "texture": "#texture"},
				"south": {"uv": [2.75, 4, 4, 4.25], "texture": "#texture"},
				"west": {"uv": [4, 6.5, 4.25, 6.75], "texture": "#texture"},
				"up": {"uv": [2.75, 4.75, 4, 4.5], "texture": "#texture"},
				"down": {"uv": [2.75, 4.75, 4, 5], "texture": "#texture"}
			}
		},
		{
			"name": "Voxels",
			"from": [3, 8.5, 15.5],
			"to": [5.5, 9, 16],
			"faces": {
				"north": {"uv": [4, 3.25, 2.75, 3.5], "texture": "#texture"},
				"east": {"uv": [2.75, 4, 2.5, 4.25], "texture": "#texture"},
				"south": {"uv": [2.75, 3, 4, 3.25], "texture": "#texture"},
				"west": {"uv": [4, 7.5, 4.25, 7.75], "texture": "#texture"},
				"up": {"uv": [2.75, 3.75, 4, 3.5], "texture": "#texture"},
				"down": {"uv": [2.75, 3.75, 4, 4], "texture": "#texture"}
			}
		},
		{
			"name": "Voxels",
			"from": [3, 9, -1],
			"to": [5, 9.5, -0.5],
			"faces": {
				"north": {"uv": [5.25, 3.25, 4.25, 3.5], "texture": "#texture"},
				"east": {"uv": [2.75, 4.5, 2.5, 4.75], "texture": "#texture"},
				"south": {"uv": [4.25, 3, 5.25, 3.25], "texture": "#texture"},
				"west": {"uv": [2.5, 4.25, 2.75, 4.5], "texture": "#texture"},
				"up": {"uv": [4.25, 3.75, 5.25, 3.5], "texture": "#texture"},
				"down": {"uv": [4.25, 3.75, 5.25, 4], "texture": "#texture"}
			}
		},
		{
			"name": "Voxels",
			"from": [3, 9, 16],
			"to": [5, 9.5, 16.5],
			"faces": {
				"north": {"uv": [5.25, 1.75, 4.25, 2], "texture": "#texture"},
				"east": {"uv": [2.75, 6.25, 2.5, 6.5], "texture": "#texture"},
				"south": {"uv": [4.25, 1.5, 5.25, 1.75], "texture": "#texture"},
				"west": {"uv": [2.5, 5.25, 2.75, 5.5], "texture": "#texture"},
				"up": {"uv": [4.25, 2.25, 5.25, 2], "texture": "#texture"},
				"down": {"uv": [4.25, 2.25, 5.25, 2.5], "texture": "#texture"}
			}
		},
		{
			"name": "Voxels",
			"from": [3, 9.5, 7],
			"to": [6, 10, 8.5],
			"faces": {
				"north": {"uv": [4.25, 11, 2.75, 11.25], "texture": "#texture"},
				"east": {"uv": [12.5, 9.5, 11.75, 9.75], "texture": "#texture"},
				"south": {"uv": [2.75, 11.25, 4.25, 11.5], "texture": "#texture"},
				"west": {"uv": [8, 9.25, 8.75, 9.5], "texture": "#texture"},
				"up": {"uv": [13, 15.25, 14.5, 14.5], "texture": "#texture"},
				"down": {"uv": [11.5, 14.5, 13, 15.25], "texture": "#texture"}
			}
		},
		{
			"name": "Voxels",
			"from": [3.5, 7.5, 6.5],
			"to": [4.5, 8, 7],
			"faces": {
				"north": {"uv": [7, 4.75, 6.5, 5], "texture": "#texture"},
				"east": {"uv": [2.75, 8.25, 2.5, 8.5], "texture": "#texture"},
				"south": {"uv": [6.5, 4, 7, 4.25], "texture": "#texture"},
				"west": {"uv": [2.5, 6.5, 2.75, 6.75], "texture": "#texture"},
				"up": {"uv": [6.75, 7.25, 7.25, 7], "texture": "#texture"},
				"down": {"uv": [6.75, 7.25, 7.25, 7.5], "texture": "#texture"}
			}
		},
		{
			"name": "Voxels",
			"from": [3.5, 7.5, 8.5],
			"to": [4.5, 8, 9],
			"faces": {
				"north": {"uv": [7, 3.25, 6.5, 3.5], "texture": "#texture"},
				"east": {"uv": [1.75, 10.5, 1.5, 10.75], "texture": "#texture"},
				"south": {"uv": [6.5, 2.5, 7, 2.75], "texture": "#texture"},
				"west": {"uv": [2.5, 9, 2.75, 9.25], "texture": "#texture"},
				"up": {"uv": [6.5, 3.75, 7, 3.5], "texture": "#texture"},
				"down": {"uv": [6.5, 3.75, 7, 4], "texture": "#texture"}
			}
		},
		{
			"name": "Voxels",
			"from": [3.5, 8, -0.5],
			"to": [5.5, 8.5, 0],
			"faces": {
				"north": {"uv": [12.25, 10, 11.25, 10.25], "texture": "#texture"},
				"east": {"uv": [1.75, 11, 1.5, 11.25], "texture": "#texture"},
				"south": {"uv": [12.25, 10, 13.25, 10.25], "texture": "#texture"},
				"west": {"uv": [1.5, 10.75, 1.75, 11], "texture": "#texture"},
				"up": {"uv": [10.25, 10.25, 11.25, 10], "texture": "#texture"},
				"down": {"uv": [9.25, 10, 10.25, 10.25], "texture": "#texture"}
			}
		},
		{
			"name": "Voxels",
			"from": [3.5, 8, 15.5],
			"to": [5.5, 8.5, 16],
			"faces": {
				"north": {"uv": [8.25, 9.75, 7.25, 10], "texture": "#texture"},
				"east": {"uv": [16, 8, 15.75, 8.25], "texture": "#texture"},
				"south": {"uv": [8.25, 9.75, 9.25, 10], "texture": "#texture"},
				"west": {"uv": [1.5, 12.25, 1.75, 12.5], "texture": "#texture"},
				"up": {"uv": [6.25, 10, 7.25, 9.75], "texture": "#texture"},
				"down": {"uv": [5.25, 9.75, 6.25, 10], "texture": "#texture"}
			}
		},
		{
			"name": "Voxels",
			"from": [3.5, 8.5, 0],
			"to": [6, 9, 0.5],
			"faces": {
				"north": {"uv": [4, 0.75, 2.75, 1], "texture": "#texture"},
				"east": {"uv": [8, 8, 7.75, 8.25], "texture": "#texture"},
				"south": {"uv": [2.75, 0.5, 4, 0.75], "texture": "#texture"},
				"west": {"uv": [15.5, 8, 15.75, 8.25], "texture": "#texture"},
				"up": {"uv": [2.75, 1.25, 4, 1], "texture": "#texture"},
				"down": {"uv": [2.75, 1.25, 4, 1.5], "texture": "#texture"}
			}
		},
		{
			"name": "Voxels",
			"from": [3.5, 8.5, 5.5],
			"to": [7, 9, 6.5],
			"faces": {
				"north": {"uv": [14.25, 12.75, 12.5, 13], "texture": "#texture"},
				"east": {"uv": [7, 2, 6.5, 2.25], "texture": "#texture"},
				"south": {"uv": [10.75, 12.75, 12.5, 13], "texture": "#texture"},
				"west": {"uv": [6.5, 2.25, 7, 2.5], "texture": "#texture"},
				"up": {"uv": [13, 13.75, 14.75, 13.25], "texture": "#texture"},
				"down": {"uv": [0, 12.5, 1.75, 13], "texture": "#texture"}
			}
		},
		{
			"name": "Voxels",
			"from": [3.5, 8.5, 9],
			"to": [7, 9, 10],
			"faces": {
				"north": {"uv": [14.75, 13, 13, 13.25], "texture": "#texture"},
				"east": {"uv": [7, 1, 6.5, 1.25], "texture": "#texture"},
				"south": {"uv": [9.75, 12.25, 11.5, 12.5], "texture": "#texture"},
				"west": {"uv": [6.5, 1.75, 7, 2], "texture": "#texture"},
				"up": {"uv": [11.25, 13.75, 13, 13.25], "texture": "#texture"},
				"down": {"uv": [9.5, 13.25, 11.25, 13.75], "texture": "#texture"}
			}
		},
		{
			"name": "Voxels",
			"from": [3.5, 8.5, 15],
			"to": [6, 9, 15.5],
			"faces": {
				"north": {"uv": [6.75, 11.5, 5.5, 11.75], "texture": "#texture"},
				"east": {"uv": [7.5, 0.75, 7.25, 1], "texture": "#texture"},
				"south": {"uv": [6.75, 11.5, 8, 11.75], "texture": "#texture"},
				"west": {"uv": [7.25, 0.5, 7.5, 0.75], "texture": "#texture"},
				"up": {"uv": [4.25, 11.75, 5.5, 11.5], "texture": "#texture"},
				"down": {"uv": [2.75, 0, 4, 0.25], "texture": "#texture"}
			}
		},
		{
			"name": "Voxels",
			"from": [3.5, 9, -0.5],
			"to": [5.5, 9.5, 0],
			"faces": {
				"north": {"uv": [6.25, 4.75, 5.25, 5], "texture": "#texture"},
				"east": {"uv": [7.5, 3, 7.25, 3.25], "texture": "#texture"},
				"south": {"uv": [5.25, 4.5, 6.25, 4.75], "texture": "#texture"},
				"west": {"uv": [7.25, 2.75, 7.5, 3], "texture": "#texture"},
				"up": {"uv": [5.25, 5.25, 6.25, 5], "texture": "#texture"},
				"down": {"uv": [5.25, 5.25, 6.25, 5.5], "texture": "#texture"}
			}
		},
		{
			"name": "Voxels",
			"from": [3.5, 9, 15.5],
			"to": [5.5, 9.5, 16],
			"faces": {
				"north": {"uv": [6.25, 3.25, 5.25, 3.5], "texture": "#texture"},
				"east": {"uv": [7.5, 6, 7.25, 6.25], "texture": "#texture"},
				"south": {"uv": [0, 0, 1, 0.25], "texture": "#texture"},
				"west": {"uv": [7.25, 5.75, 7.5, 6], "texture": "#texture"},
				"up": {"uv": [5.25, 3.75, 6.25, 3.5], "texture": "#texture"},
				"down": {"uv": [5.25, 3.75, 6.25, 4], "texture": "#texture"}
			}
		},
		{
			"name": "Voxels",
			"from": [3.5, 9.5, 6.5],
			"to": [4.5, 10, 7],
			"faces": {
				"north": {"uv": [7, 0.25, 6.5, 0.5], "texture": "#texture"},
				"east": {"uv": [7.5, 7.5, 7.25, 7.75], "texture": "#texture"},
				"south": {"uv": [6.5, 0, 7, 0.25], "texture": "#texture"},
				"west": {"uv": [7.25, 7.25, 7.5, 7.5], "texture": "#texture"},
				"up": {"uv": [6.5, 0.75, 7, 0.5], "texture": "#texture"},
				"down": {"uv": [6.5, 0.75, 7, 1], "texture": "#texture"}
			}
		},
		{
			"name": "Voxels",
			"from": [3.5, 9.5, 8.5],
			"to": [4.5, 10, 9],
			"faces": {
				"north": {"uv": [8.75, 8.5, 8.25, 8.75], "texture": "#texture"},
				"east": {"uv": [4.25, 5.25, 4, 5.5], "texture": "#texture"},
				"south": {"uv": [8.75, 8.5, 9.25, 8.75], "texture": "#texture"},
				"west": {"uv": [4, 5, 4.25, 5.25], "texture": "#texture"},
				"up": {"uv": [7.75, 8.75, 8.25, 8.5], "texture": "#texture"},
				"down": {"uv": [7.25, 8.5, 7.75, 8.75], "texture": "#texture"}
			}
		},
		{
			"name": "Voxels",
			"from": [4, 8, 0],
			"to": [6, 8.5, 0.5],
			"faces": {
				"north": {"uv": [6.25, 7.75, 5.25, 8], "texture": "#texture"},
				"east": {"uv": [2.75, 5, 2.5, 5.25], "texture": "#texture"},
				"south": {"uv": [5.25, 6.5, 6.25, 6.75], "texture": "#texture"},
				"west": {"uv": [2.5, 4.75, 2.75, 5], "texture": "#texture"},
				"up": {"uv": [5.25, 8.25, 6.25, 8], "texture": "#texture"},
				"down": {"uv": [6.25, 10, 7.25, 10.25], "texture": "#texture"}
			}
		},
		{
			"name": "Voxels",
			"from": [4, 8, 5.5],
			"to": [6.5, 8.5, 6.5],
			"faces": {
				"north": {"uv": [4, 5.75, 2.75, 6], "texture": "#texture"},
				"east": {"uv": [13.25, 8.25, 12.75, 8.5], "texture": "#texture"},
				"south": {"uv": [2.75, 2.25, 4, 2.5], "texture": "#texture"},
				"west": {"uv": [12.25, 8.25, 12.75, 8.5], "texture": "#texture"},
				"up": {"uv": [0, 9, 1.25, 8.5], "texture": "#texture"},
				"down": {"uv": [0, 5, 1.25, 5.5], "texture": "#texture"}
			}
		},
		{
			"name": "Voxels",
			"from": [4, 8, 9],
			"to": [7, 8.5, 9.5],
			"faces": {
				"north": {"uv": [4.25, 8, 2.75, 8.25], "texture": "#texture"},
				"east": {"uv": [7.75, 0, 7.5, 0.25], "texture": "#texture"},
				"south": {"uv": [2.75, 11.5, 4.25, 11.75], "texture": "#texture"},
				"west": {"uv": [7.5, 0.25, 7.75, 0.5], "texture": "#texture"},
				"up": {"uv": [2.75, 12.25, 4.25, 12], "texture": "#texture"},
				"down": {"uv": [2.75, 10.75, 4.25, 11], "texture": "#texture"}
			}
		},
		{
			"name": "Voxels",
			"from": [4, 8, 9.5],
			"to": [6.5, 8.5, 10],
			"faces": {
				"north": {"uv": [4, 1.75, 2.75, 2], "texture": "#texture"},
				"east": {"uv": [7.25, 6.5, 7, 6.75], "texture": "#texture"},
				"south": {"uv": [2.75, 2, 4, 2.25], "texture": "#texture"},
				"west": {"uv": [7, 6.75, 7.25, 7], "texture": "#texture"},
				"up": {"uv": [2.75, 0.5, 4, 0.25], "texture": "#texture"},
				"down": {"uv": [2.75, 7, 4, 7.25], "texture": "#texture"}
			}
		},
		{
			"name": "Voxels",
			"from": [4, 8, 15],
			"to": [6, 8.5, 15.5],
			"faces": {
				"north": {"uv": [2.75, 3, 1.75, 3.25], "texture": "#texture"},
				"east": {"uv": [7.5, 4.25, 7.25, 4.5], "texture": "#texture"},
				"south": {"uv": [1.75, 3.75, 2.75, 4], "texture": "#texture"},
				"west": {"uv": [7.25, 4.5, 7.5, 4.75], "texture": "#texture"},
				"up": {"uv": [1.75, 2, 2.75, 1.75], "texture": "#texture"},
				"down": {"uv": [7.25, 10.25, 8.25, 10.5], "texture": "#texture"}
			}
		},
		{
			"name": "Voxels",
			"from": [4, 8.5, 0.5],
			"to": [6.5, 9, 1.5],
			"faces": {
				"north": {"uv": [10.5, 11.5, 9.25, 11.75], "texture": "#texture"},
				"east": {"uv": [1.75, 10.25, 1.25, 10.5], "texture": "#texture"},
				"south": {"uv": [8, 11.5, 9.25, 11.75], "texture": "#texture"},
				"west": {"uv": [13.75, 8.25, 14.25, 8.5], "texture": "#texture"},
				"up": {"uv": [0, 10.5, 1.25, 10], "texture": "#texture"},
				"down": {"uv": [0, 9, 1.25, 9.5], "texture": "#texture"}
			}
		},
		{
			"name": "Voxels",
			"from": [4, 8.5, 5],
			"to": [7, 9, 5.5],
			"faces": {
				"north": {"uv": [14.75, 12, 13.25, 12.25], "texture": "#texture"},
				"east": {"uv": [1.75, 11.25, 1.5, 11.5], "texture": "#texture"},
				"south": {"uv": [5.75, 12, 7.25, 12.25], "texture": "#texture"},
				"west": {"uv": [1.5, 12, 1.75, 12.25], "texture": "#texture"},
				"up": {"uv": [2.75, 12, 4.25, 11.75], "texture": "#texture"},
				"down": {"uv": [8.75, 11.75, 10.25, 12], "texture": "#texture"}
			}
		},
		{
			"name": "Voxels",
			"from": [4, 8.5, 10],
			"to": [7, 9, 10.5],
			"faces": {
				"north": {"uv": [4.25, 9.25, 2.75, 9.5], "texture": "#texture"},
				"east": {"uv": [2.75, 8.5, 2.5, 8.75], "texture": "#texture"},
				"south": {"uv": [2.75, 10.5, 4.25, 10.75], "texture": "#texture"},
				"west": {"uv": [2.5, 8.75, 2.75, 9], "texture": "#texture"},
				"up": {"uv": [2.75, 8, 4.25, 7.75], "texture": "#texture"},
				"down": {"uv": [4.25, 12, 5.75, 12.25], "texture": "#texture"}
			}
		},
		{
			"name": "Voxels",
			"from": [4, 8.5, 14],
			"to": [6.5, 9, 15],
			"faces": {
				"north": {"uv": [4, 2.5, 2.75, 2.75], "texture": "#texture"},
				"east": {"uv": [1.75, 9.75, 1.25, 10], "texture": "#texture"},
				"south": {"uv": [2.75, 2.75, 4, 3], "texture": "#texture"},
				"west": {"uv": [1.25, 10, 1.75, 10.25], "texture": "#texture"},
				"up": {"uv": [0, 10, 1.25, 9.5], "texture": "#texture"},
				"down": {"uv": [0, 7.5, 1.25, 8], "texture": "#texture"}
			}
		},
		{
			"name": "Voxels",
			"from": [4, 9, 0],
			"to": [6, 9.5, 0.5],
			"faces": {
				"north": {"uv": [5.25, 4, 4.25, 4.25], "texture": "#texture"},
				"east": {"uv": [4.25, 7, 4, 7.25], "texture": "#texture"},
				"south": {"uv": [4.25, 4.25, 5.25, 4.5], "texture": "#texture"},
				"west": {"uv": [4, 7.25, 4.25, 7.5], "texture": "#texture"},
				"up": {"uv": [4.25, 3, 5.25, 2.75], "texture": "#texture"},
				"down": {"uv": [4.25, 2.5, 5.25, 2.75], "texture": "#texture"}
			}
		},
		{
			"name": "Voxels",
			"from": [4, 9, 5.5],
			"to": [6.5, 9.5, 6.5],
			"faces": {
				"north": {"uv": [4, 5, 2.75, 5.25], "texture": "#texture"},
				"east": {"uv": [1.75, 9.25, 1.25, 9.5], "texture": "#texture"},
				"south": {"uv": [2.75, 5.25, 4, 5.5], "texture": "#texture"},
				"west": {"uv": [1.25, 9.5, 1.75, 9.75], "texture": "#texture"},
				"up": {"uv": [0, 7.5, 1.25, 7], "texture": "#texture"},
				"down": {"uv": [0, 8, 1.25, 8.5], "texture": "#texture"}
			}
		},
		{
			"name": "Voxels",
			"from": [4, 9, 9],
			"to": [7, 9.5, 9.5],
			"faces": {
				"north": {"uv": [11.75, 11.75, 10.25, 12], "texture": "#texture"},
				"east": {"uv": [4.25, 3, 4, 3.25], "texture": "#texture"},
				"south": {"uv": [7.25, 11.75, 8.75, 12], "texture": "#texture"},
				"west": {"uv": [4, 3.25, 4.25, 3.5], "texture": "#texture"},
				"up": {"uv": [4.25, 12, 5.75, 11.75], "texture": "#texture"},
				"down": {"uv": [11.75, 12, 13.25, 12.25], "texture": "#texture"}
			}
		},
		{
			"name": "Voxels",
			"from": [4, 9, 9.5],
			"to": [6.5, 9.5, 10],
			"faces": {
				"north": {"uv": [4, 6.5, 2.75, 6.75], "texture": "#texture"},
				"east": {"uv": [4.25, 1.5, 4, 1.75], "texture": "#texture"},
				"south": {"uv": [2.75, 6.75, 4, 7], "texture": "#texture"},
				"west": {"uv": [4, 1.75, 4.25, 2], "texture": "#texture"},
				"up": {"uv": [2.75, 6.5, 4, 6.25], "texture": "#texture"},
				"down": {"uv": [2.75, 6, 4, 6.25], "texture": "#texture"}
			}
		},
		{
			"name": "Voxels",
			"from": [4, 9, 15],
			"to": [6, 9.5, 15.5],
			"faces": {
				"north": {"uv": [12.25, 9.75, 11.25, 10], "texture": "#texture"},
				"east": {"uv": [4.25, 0, 4, 0.25], "texture": "#texture"},
				"south": {"uv": [12.25, 9.75, 13.25, 10], "texture": "#texture"},
				"west": {"uv": [4, 0.25, 4.25, 0.5], "texture": "#texture"},
				"up": {"uv": [5.25, 10.25, 6.25, 10], "texture": "#texture"},
				"down": {"uv": [14.25, 10.25, 15.25, 10.5], "texture": "#texture"}
			}
		},
		{
			"name": "Voxels",
			"from": [4.5, 8, 0.5],
			"to": [6, 8.5, 1.5],
			"faces": {
				"north": {"uv": [11, 9.5, 10.25, 9.75], "texture": "#texture"},
				"east": {"uv": [1.75, 8.75, 1.25, 9], "texture": "#texture"},
				"south": {"uv": [11, 9.5, 11.75, 9.75], "texture": "#texture"},
				"west": {"uv": [1.25, 9, 1.75, 9.25], "texture": "#texture"},
				"up": {"uv": [1.75, 5, 2.5, 4.5], "texture": "#texture"},
				"down": {"uv": [1.75, 6.25, 2.5, 6.75], "texture": "#texture"}
			}
		},
		{
			"name": "Voxels",
			"from": [4.5, 8, 5],
			"to": [6.5, 8.5, 5.5],
			"faces": {
				"north": {"uv": [15.25, 10, 14.25, 10.25], "texture": "#texture"},
				"east": {"uv": [7.25, 5, 7, 5.25], "texture": "#texture"},
				"south": {"uv": [9.25, 9.75, 10.25, 10], "texture": "#texture"},
				"west": {"uv": [7, 5.25, 7.25, 5.5], "texture": "#texture"},
				"up": {"uv": [12.25, 10.5, 13.25, 10.25], "texture": "#texture"},
				"down": {"uv": [11.25, 10.25, 12.25, 10.5], "texture": "#texture"}
			}
		},
		{
			"name": "Voxels",
			"from": [4.5, 8, 10],
			"to": [6.5, 8.5, 10.5],
			"faces": {
				"north": {"uv": [6.25, 9.25, 5.25, 9.5], "texture": "#texture"},
				"east": {"uv": [7.25, 3, 7, 3.25], "texture": "#texture"},
				"south": {"uv": [5.25, 9, 6.25, 9.25], "texture": "#texture"},
				"west": {"uv": [7, 3.75, 7.25, 4], "texture": "#texture"},
				"up": {"uv": [5.25, 9.75, 6.25, 9.5], "texture": "#texture"},
				"down": {"uv": [10.25, 9.75, 11.25, 10], "texture": "#texture"}
			}
		},
		{
			"name": "Voxels",
			"from": [4.5, 8, 14],
			"to": [6.5, 8.5, 14.5],
			"faces": {
				"north": {"uv": [2.75, 2, 1.75, 2.25], "texture": "#texture"},
				"east": {"uv": [7.25, 1, 7, 1.25], "texture": "#texture"},
				"south": {"uv": [5.25, 2, 6.25, 2.25], "texture": "#texture"},
				"west": {"uv": [7, 1.25, 7.25, 1.5], "texture": "#texture"},
				"up": {"uv": [5.25, 7.25, 6.25, 7], "texture": "#texture"},
				"down": {"uv": [5.25, 7.25, 6.25, 7.5], "texture": "#texture"}
			}
		},
		{
			"name": "Voxels",
			"from": [4.5, 8, 14.5],
			"to": [6, 8.5, 15],
			"faces": {
				"north": {"uv": [12.5, 8.75, 11.75, 9], "texture": "#texture"},
				"east": {"uv": [15.5, 8.25, 15.25, 8.5], "texture": "#texture"},
				"south": {"uv": [12.5, 9.25, 13.25, 9.5], "texture": "#texture"},
				"west": {"uv": [14.5, 8.25, 14.75, 8.5], "texture": "#texture"},
				"up": {"uv": [8, 9, 8.75, 8.75], "texture": "#texture"},
				"down": {"uv": [12.5, 9, 13.25, 9.25], "texture": "#texture"}
			}
		},
		{
			"name": "Voxels",
			"from": [4.5, 8.5, 1.5],
			"to": [7, 9, 2.5],
			"faces": {
				"north": {"uv": [5.5, 11, 4.25, 11.25], "texture": "#texture"},
				"east": {"uv": [1.75, 8.25, 1.25, 8.5], "texture": "#texture"},
				"south": {"uv": [14.25, 11.25, 15.5, 11.5], "texture": "#texture"},
				"west": {"uv": [1.25, 8.5, 1.75, 8.75], "texture": "#texture"},
				"up": {"uv": [0, 6.5, 1.25, 6], "texture": "#texture"},
				"down": {"uv": [0, 5.5, 1.25, 6], "texture": "#texture"}
			}
		},
		{
			"name": "Voxels",
			"from": [4.5, 8.5, 4],
			"to": [7.5, 9, 5],
			"faces": {
				"north": {"uv": [14.75, 11.75, 13.25, 12], "texture": "#texture"},
				"east": {"uv": [1.75, 7.75, 1.25, 8], "texture": "#texture"},
				"south": {"uv": [11.75, 11.75, 13.25, 12], "texture": "#texture"},
				"west": {"uv": [1.25, 8, 1.75, 8.25], "texture": "#texture"},
				"up": {"uv": [0, 11, 1.5, 10.5], "texture": "#texture"},
				"down": {"uv": [0, 12, 1.5, 12.5], "texture": "#texture"}
			}
		},
		{
			"name": "Voxels",
			"from": [4.5, 8.5, 10.5],
			"to": [7.5, 9, 11.5],
			"faces": {
				"north": {"uv": [7.25, 11.75, 5.75, 12], "texture": "#texture"},
				"east": {"uv": [1.75, 6.75, 1.25, 7], "texture": "#texture"},
				"south": {"uv": [10.25, 12, 11.75, 12.25], "texture": "#texture"},
				"west": {"uv": [1.25, 7, 1.75, 7.25], "texture": "#texture"},
				"up": {"uv": [0, 11.5, 1.5, 11], "texture": "#texture"},
				"down": {"uv": [0, 11.5, 1.5, 12], "texture": "#texture"}
			}
		},
		{
			"name": "Voxels",
			"from": [4.5, 8.5, 13],
			"to": [7, 9, 14],
			"faces": {
				"north": {"uv": [15.5, 11.5, 14.25, 11.75], "texture": "#texture"},
				"east": {"uv": [1.75, 6.25, 1.25, 6.5], "texture": "#texture"},
				"south": {"uv": [13, 11.5, 14.25, 11.75], "texture": "#texture"},
				"west": {"uv": [1.25, 6.5, 1.75, 6.75], "texture": "#texture"},
				"up": {"uv": [0, 7, 1.25, 6.5], "texture": "#texture"},
				"down": {"uv": [14.75, 13.25, 16, 13.75], "texture": "#texture"}
			}
		},
		{
			"name": "Voxels",
			"from": [4.5, 9, 0.5],
			"to": [6, 9.5, 1.5],
			"faces": {
				"north": {"uv": [7.25, 9.5, 6.5, 9.75], "texture": "#texture"},
				"east": {"uv": [1.75, 5.25, 1.25, 5.5], "texture": "#texture"},
				"south": {"uv": [5.25, 0, 6, 0.25], "texture": "#texture"},
				"west": {"uv": [1.25, 5.5, 1.75, 5.75], "texture": "#texture"},
				"up": {"uv": [1.75, 5.5, 2.5, 5], "texture": "#texture"},
				"down": {"uv": [1.75, 4, 2.5, 4.5], "texture": "#texture"}
			}
		},
		{
			"name": "Voxels",
			"from": [4.5, 9, 5],
			"to": [6.5, 9.5, 5.5],
			"faces": {
				"north": {"uv": [10.75, 10.5, 9.75, 10.75], "texture": "#texture"},
				"east": {"uv": [7.75, 6.25, 7.5, 6.5], "texture": "#texture"},
				"south": {"uv": [6.75, 10.5, 7.75, 10.75], "texture": "#texture"},
				"west": {"uv": [7.5, 6.5, 7.75, 6.75], "texture": "#texture"},
				"up": {"uv": [10.75, 10.75, 11.75, 10.5], "texture": "#texture"},
				"down": {"uv": [14.75, 10.5, 15.75, 10.75], "texture": "#texture"}
			}
		},
		{
			"name": "Voxels",
			"from": [4.5, 9, 10],
			"to": [6.5, 9.5, 10.5],
			"faces": {
				"north": {"uv": [2.75, 0.5, 1.75, 0.75], "texture": "#texture"},
				"east": {"uv": [7.75, 1.25, 7.5, 1.5], "texture": "#texture"},
				"south": {"uv": [1.75, 0.75, 2.75, 1], "texture": "#texture"},
				"west": {"uv": [7.5, 1.5, 7.75, 1.75], "texture": "#texture"},
				"up": {"uv": [1.75, 0.5, 2.75, 0.25], "texture": "#texture"},
				"down": {"uv": [15, 12.25, 16, 12.5], "texture": "#texture"}
			}
		},
		{
			"name": "Voxels",
			"from": [4.5, 9, 14],
			"to": [6.5, 9.5, 14.5],
			"faces": {
				"north": {"uv": [6.25, 2.75, 5.25, 3], "texture": "#texture"},
				"east": {"uv": [15.5, 8, 15.25, 8.25], "texture": "#texture"},
				"south": {"uv": [5.25, 2.5, 6.25, 2.75], "texture": "#texture"},
				"west": {"uv": [15, 8, 15.25, 8.25], "texture": "#texture"},
				"up": {"uv": [5.25, 3.25, 6.25, 3], "texture": "#texture"},
				"down": {"uv": [1.75, 1, 2.75, 1.25], "texture": "#texture"}
			}
		},
		{
			"name": "Voxels",
			"from": [4.5, 9, 14.5],
			"to": [6, 9.5, 15],
			"faces": {
				"north": {"uv": [14.75, 9.5, 14, 9.75], "texture": "#texture"},
				"east": {"uv": [1.75, 11.5, 1.5, 11.75], "texture": "#texture"},
				"south": {"uv": [7.25, 9.25, 8, 9.5], "texture": "#texture"},
				"west": {"uv": [1.5, 11.75, 1.75, 12], "texture": "#texture"},
				"up": {"uv": [13.25, 9.75, 14, 9.5], "texture": "#texture"},
				"down": {"uv": [7.25, 8.75, 8, 9], "texture": "#texture"}
			}
		},
		{
			"name": "Voxels",
			"from": [5, 8, 1.5],
			"to": [6.5, 8.5, 2.5],
			"faces": {
				"north": {"uv": [9.5, 9.25, 8.75, 9.5], "texture": "#texture"},
				"east": {"uv": [7, 4.25, 6.5, 4.5], "texture": "#texture"},
				"south": {"uv": [13.25, 9.25, 14, 9.5], "texture": "#texture"},
				"west": {"uv": [6.5, 4.5, 7, 4.75], "texture": "#texture"},
				"up": {"uv": [1, 0.75, 1.75, 0.25], "texture": "#texture"},
				"down": {"uv": [1, 0.75, 1.75, 1.25], "texture": "#texture"}
			}
		},
		{
			"name": "Voxels",
			"from": [5, 8, 4],
			"to": [7, 8.5, 5],
			"faces": {
				"north": {"uv": [6.25, 1.75, 5.25, 2], "texture": "#texture"},
				"east": {"uv": [7, 2.75, 6.5, 3], "texture": "#texture"},
				"south": {"uv": [5.25, 1.5, 6.25, 1.75], "texture": "#texture"},
				"west": {"uv": [6.5, 3, 7, 3.25], "texture": "#texture"},
				"up": {"uv": [1.75, 12, 2.75, 11.5], "texture": "#texture"},
				"down": {"uv": [0, 0.75, 1, 1.25], "texture": "#texture"}
			}
		},
		{
			"name": "Voxels",
			"from": [5, 8, 10.5],
			"to": [7, 8.5, 11.5],
			"faces": {
				"north": {"uv": [6.25, 1.25, 5.25, 1.5], "texture": "#texture"},
				"east": {"uv": [7, 1.25, 6.5, 1.5], "texture": "#texture"},
				"south": {"uv": [5.25, 1, 6.25, 1.25], "texture": "#texture"},
				"west": {"uv": [6.5, 1.5, 7, 1.75], "texture": "#texture"},
				"up": {"uv": [1.75, 10.5, 2.75, 10], "texture": "#texture"},
				"down": {"uv": [1.75, 11, 2.75, 11.5], "texture": "#texture"}
			}
		},
		{
			"name": "Voxels",
			"from": [5, 8, 13],
			"to": [7, 8.5, 13.5],
			"faces": {
				"north": {"uv": [2.75, 3.25, 1.75, 3.5], "texture": "#texture"},
				"east": {"uv": [4.25, 5.75, 4, 6], "texture": "#texture"},
				"south": {"uv": [1.75, 2.75, 2.75, 3], "texture": "#texture"},
				"west": {"uv": [4, 6, 4.25, 6.25], "texture": "#texture"},
				"up": {"uv": [1.75, 3.75, 2.75, 3.5], "texture": "#texture"},
				"down": {"uv": [5.25, 0.75, 6.25, 1], "texture": "#texture"}
			}
		},
		{
			"name": "Voxels",
			"from": [5, 8, 13.5],
			"to": [6.5, 8.5, 14],
			"faces": {
				"north": {"uv": [11.75, 9.25, 11, 9.5], "texture": "#texture"},
				"east": {"uv": [4.25, 4.25, 4, 4.5], "texture": "#texture"},
				"south": {"uv": [11.75, 9.25, 12.5, 9.5], "texture": "#texture"},
				"west": {"uv": [4, 4.5, 4.25, 4.75], "texture": "#texture"},
				"up": {"uv": [10.25, 9.5, 11, 9.25], "texture": "#texture"},
				"down": {"uv": [9.5, 9.25, 10.25, 9.5], "texture": "#texture"}
			}
		},
		{
			"name": "Voxels",
			"from": [5, 8.5, 2.5],
			"to": [7.5, 9, 4],
			"faces": {
				"north": {"uv": [11.75, 11.5, 10.5, 11.75], "texture": "#texture"},
				"east": {"uv": [8.75, 9, 8, 9.25], "texture": "#texture"},
				"south": {"uv": [11.75, 11.5, 13, 11.75], "texture": "#texture"},
				"west": {"uv": [8.75, 9, 9.5, 9.25], "texture": "#texture"},
				"up": {"uv": [14.75, 14.5, 16, 13.75], "texture": "#texture"},
				"down": {"uv": [13.5, 13.75, 14.75, 14.5], "texture": "#texture"}
			}
		},
		{
			"name": "Voxels",
			"from": [5, 8.5, 11.5],
			"to": [7.5, 9, 13],
			"faces": {
				"north": {"uv": [4, 5.5, 2.75, 5.75], "texture": "#texture"},
				"east": {"uv": [13.25, 9.5, 12.5, 9.75], "texture": "#texture"},
				"south": {"uv": [4.25, 11.25, 5.5, 11.5], "texture": "#texture"},
				"west": {"uv": [12.5, 8.75, 13.25, 9], "texture": "#texture"},
				"up": {"uv": [12.25, 14.5, 13.5, 13.75], "texture": "#texture"},
				"down": {"uv": [11, 13.75, 12.25, 14.5], "texture": "#texture"}
			}
		},
		{
			"name": "Voxels",
			"from": [5, 9, 1.5],
			"to": [6.5, 9.5, 2.5],
			"faces": {
				"north": {"uv": [15.5, 9.5, 14.75, 9.75], "texture": "#texture"},
				"east": {"uv": [1.75, 7.25, 1.25, 7.5], "texture": "#texture"},
				"south": {"uv": [6.5, 9.25, 7.25, 9.5], "texture": "#texture"},
				"west": {"uv": [1.25, 7.5, 1.75, 7.75], "texture": "#texture"},
				"up": {"uv": [1.75, 9.25, 2.5, 8.75], "texture": "#texture"},
				"down": {"uv": [1.75, 8.25, 2.5, 8.75], "texture": "#texture"}
			}
		},
		{
			"name": "Voxels",
			"from": [5, 9, 4],
			"to": [7, 9.5, 5],
			"faces": {
				"north": {"uv": [14.75, 10.5, 13.75, 10.75], "texture": "#texture"},
				"east": {"uv": [1.75, 5.75, 1.25, 6], "texture": "#texture"},
				"south": {"uv": [4.25, 10.25, 5.25, 10.5], "texture": "#texture"},
				"west": {"uv": [1.25, 6, 1.75, 6.25], "texture": "#texture"},
				"up": {"uv": [1.75, 12.5, 2.75, 12], "texture": "#texture"},
				"down": {"uv": [1.75, 10.5, 2.75, 11], "texture": "#texture"}
			}
		},
		{
			"name": "Voxels",
			"from": [5, 9, 10.5],
			"to": [7, 9.5, 11.5],
			"faces": {
				"north": {"uv": [5.25, 9.5, 4.25, 9.75], "texture": "#texture"},
				"east": {"uv": [16, 11, 15.5, 11.25], "texture": "#texture"},
				"south": {"uv": [4.25, 9.25, 5.25, 9.5], "texture": "#texture"},
				"west": {"uv": [15.5, 11.25, 16, 11.5], "texture": "#texture"},
				"up": {"uv": [0, 0.75, 1, 0.25], "texture": "#texture"},
				"down": {"uv": [1.75, 12.5, 2.75, 13], "texture": "#texture"}
			}
		},
		{
			"name": "Voxels",
			"from": [5, 9, 13],
			"to": [7, 9.5, 13.5],
			"faces": {
				"north": {"uv": [5.25, 8.5, 4.25, 8.75], "texture": "#texture"},
				"east": {"uv": [7.25, 3.25, 7, 3.5], "texture": "#texture"},
				"south": {"uv": [4.25, 8.25, 5.25, 8.5], "texture": "#texture"},
				"west": {"uv": [7, 3.5, 7.25, 3.75], "texture": "#texture"},
				"up": {"uv": [4.25, 9, 5.25, 8.75], "texture": "#texture"},
				"down": {"uv": [4.25, 9, 5.25, 9.25], "texture": "#texture"}
			}
		},
		{
			"name": "Voxels",
			"from": [5, 9, 13.5],
			"to": [6.5, 9.5, 14],
			"faces": {
				"north": {"uv": [7.25, 9, 6.5, 9.25], "texture": "#texture"},
				"east": {"uv": [7.25, 1.75, 7, 2], "texture": "#texture"},
				"south": {"uv": [7.25, 9, 8, 9.25], "texture": "#texture"},
				"west": {"uv": [7, 2, 7.25, 2.25], "texture": "#texture"},
				"up": {"uv": [14.75, 9.5, 15.5, 9.25], "texture": "#texture"},
				"down": {"uv": [14, 9.25, 14.75, 9.5], "texture": "#texture"}
			}
		},
		{
			"name": "Voxels",
			"from": [5.5, 7.5, 6.5],
			"to": [6.5, 8, 7],
			"faces": {
				"north": {"uv": [7, 6.25, 6.5, 6.5], "texture": "#texture"},
				"east": {"uv": [7.25, 0.25, 7, 0.5], "texture": "#texture"},
				"south": {"uv": [6.5, 6, 7, 6.25], "texture": "#texture"},
				"west": {"uv": [7, 0.5, 7.25, 0.75], "texture": "#texture"},
				"up": {"uv": [6.5, 6.75, 7, 6.5], "texture": "#texture"},
				"down": {"uv": [6.5, 6.75, 7, 7], "texture": "#texture"}
			}
		},
		{
			"name": "Voxels",
			"from": [5.5, 7.5, 8.5],
			"to": [6.5, 8, 9],
			"faces": {
				"north": {"uv": [7, 5.25, 6.5, 5.5], "texture": "#texture"},
				"east": {"uv": [15.25, 8.25, 15, 8.5], "texture": "#texture"},
				"south": {"uv": [6.5, 5, 7, 5.25], "texture": "#texture"},
				"west": {"uv": [14.75, 8.25, 15, 8.5], "texture": "#texture"},
				"up": {"uv": [6.5, 5.75, 7, 5.5], "texture": "#texture"},
				"down": {"uv": [6.5, 5.75, 7, 6], "texture": "#texture"}
			}
		},
		{
			"name": "Voxels",
			"from": [5.5, 8, 2.5],
			"to": [7, 8.5, 4],
			"faces": {
				"north": {"uv": [10.25, 9, 9.5, 9.25], "texture": "#texture"},
				"east": {"uv": [12.5, 9, 11.75, 9.25], "texture": "#texture"},
				"south": {"uv": [10.25, 9, 11, 9.25], "texture": "#texture"},
				"west": {"uv": [11, 9, 11.75, 9.25], "texture": "#texture"},
				"up": {"uv": [0, 3.5, 0.75, 2.75], "texture": "#texture"},
				"down": {"uv": [0, 3.5, 0.75, 4.25], "texture": "#texture"}
			}
		},
		{
			"name": "Voxels",
			"from": [5.5, 8, 11.5],
			"to": [7, 8.5, 13],
			"faces": {
				"north": {"uv": [14, 9, 13.25, 9.25], "texture": "#texture"},
				"east": {"uv": [7.25, 8.75, 6.5, 9], "texture": "#texture"},
				"south": {"uv": [14, 9, 14.75, 9.25], "texture": "#texture"},
				"west": {"uv": [14.75, 9, 15.5, 9.25], "texture": "#texture"},
				"up": {"uv": [0.75, 3.5, 1.5, 2.75], "texture": "#texture"},
				"down": {"uv": [0.75, 3.5, 1.5, 4.25], "texture": "#texture"}
			}
		},
		{
			"name": "Voxels",
			"from": [5.5, 9, 2.5],
			"to": [7, 9.5, 4],
			"faces": {
				"north": {"uv": [9.5, 8.75, 8.75, 9], "texture": "#texture"},
				"east": {"uv": [11.75, 8.75, 11, 9], "texture": "#texture"},
				"south": {"uv": [9.5, 8.75, 10.25, 9], "texture": "#texture"},
				"west": {"uv": [10.25, 8.75, 11, 9], "texture": "#texture"},
				"up": {"uv": [0.75, 5, 1.5, 4.25], "texture": "#texture"},
				"down": {"uv": [0, 2, 0.75, 2.75], "texture": "#texture"}
			}
		},
		{
			"name": "Voxels",
			"from": [5.5, 9, 11.5],
			"to": [7, 9.5, 13],
			"faces": {
				"north": {"uv": [14, 8.75, 13.25, 9], "texture": "#texture"},
				"east": {"uv": [7.25, 8.5, 6.5, 8.75], "texture": "#texture"},
				"south": {"uv": [14, 8.75, 14.75, 9], "texture": "#texture"},
				"west": {"uv": [14.75, 8.75, 15.5, 9], "texture": "#texture"},
				"up": {"uv": [0, 2, 0.75, 1.25], "texture": "#texture"},
				"down": {"uv": [0.75, 2, 1.5, 2.75], "texture": "#texture"}
			}
		},
		{
			"name": "Voxels",
			"from": [5.5, 9.5, 6.5],
			"to": [6.5, 10, 7],
			"faces": {
				"north": {"uv": [10.75, 8.5, 10.25, 8.75], "texture": "#texture"},
				"east": {"uv": [7.5, 1.5, 7.25, 1.75], "texture": "#texture"},
				"south": {"uv": [10.75, 8.5, 11.25, 8.75], "texture": "#texture"},
				"west": {"uv": [7.25, 1.75, 7.5, 2], "texture": "#texture"},
				"up": {"uv": [9.75, 8.75, 10.25, 8.5], "texture": "#texture"},
				"down": {"uv": [9.25, 8.5, 9.75, 8.75], "texture": "#texture"}
			}
		},
		{
			"name": "Voxels",
			"from": [5.5, 9.5, 8.5],
			"to": [6.5, 10, 9],
			"faces": {
				"north": {"uv": [12.25, 8.5, 11.75, 8.75], "texture": "#texture"},
				"east": {"uv": [7.5, 0, 7.25, 0.25], "texture": "#texture"},
				"south": {"uv": [12.25, 8.5, 12.75, 8.75], "texture": "#texture"},
				"west": {"uv": [7.25, 0.25, 7.5, 0.5], "texture": "#texture"},
				"up": {"uv": [11.25, 8.75, 11.75, 8.5], "texture": "#texture"},
				"down": {"uv": [13.25, 8.25, 13.75, 8.5], "texture": "#texture"}
			}
		},
		{
			"name": "Voxels",
			"from": [6, 7.5, 6],
			"to": [7, 8, 6.5],
			"faces": {
				"north": {"uv": [14.25, 8.5, 13.75, 8.75], "texture": "#texture"},
				"east": {"uv": [7.75, 6.75, 7.5, 7], "texture": "#texture"},
				"south": {"uv": [14.25, 8.5, 14.75, 8.75], "texture": "#texture"},
				"west": {"uv": [7.5, 7, 7.75, 7.25], "texture": "#texture"},
				"up": {"uv": [13.25, 8.75, 13.75, 8.5], "texture": "#texture"},
				"down": {"uv": [12.75, 8.5, 13.25, 8.75], "texture": "#texture"}
			}
		},
		{
			"name": "Voxels",
			"from": [6, 7.5, 9],
			"to": [7, 8, 9.5],
			"faces": {
				"north": {"uv": [7.75, 8.25, 7.25, 8.5], "texture": "#texture"},
				"east": {"uv": [7.75, 5.25, 7.5, 5.5], "texture": "#texture"},
				"south": {"uv": [7.75, 8.25, 8.25, 8.5], "texture": "#texture"},
				"west": {"uv": [7.5, 5.5, 7.75, 5.75], "texture": "#texture"},
				"up": {"uv": [15.25, 8.75, 15.75, 8.5], "texture": "#texture"},
				"down": {"uv": [14.75, 8.5, 15.25, 8.75], "texture": "#texture"}
			}
		},
		{
			"name": "Voxels",
			"from": [6, 8, 1],
			"to": [6.5, 8.5, 1.5],
			"faces": {
				"north": {"uv": [7.75, 4.5, 7.5, 4.75], "texture": "#texture"},
				"east": {"uv": [7.75, 3.75, 7.5, 4], "texture": "#texture"},
				"south": {"uv": [7.5, 4.25, 7.75, 4.5], "texture": "#texture"},
				"west": {"uv": [7.5, 4, 7.75, 4.25], "texture": "#texture"},
				"up": {"uv": [7.5, 5, 7.75, 4.75], "texture": "#texture"},
				"down": {"uv": [7.5, 5, 7.75, 5.25], "texture": "#texture"}
			}
		},
		{
			"name": "Voxels",
			"from": [6, 9, 1],
			"to": [6.5, 9.5, 1.5],
			"faces": {
				"north": {"uv": [7.75, 3, 7.5, 3.25], "texture": "#texture"},
				"east": {"uv": [7.75, 2.25, 7.5, 2.5], "texture": "#texture"},
				"south": {"uv": [7.5, 2.75, 7.75, 3], "texture": "#texture"},
				"west": {"uv": [7.5, 2.5, 7.75, 2.75], "texture": "#texture"},
				"up": {"uv": [7.5, 3.5, 7.75, 3.25], "texture": "#texture"},
				"down": {"uv": [7.5, 3.5, 7.75, 3.75], "texture": "#texture"}
			}
		},
		{
			"name": "Voxels",
			"from": [6, 9.5, 6],
			"to": [7, 10, 6.5],
			"faces": {
				"north": {"uv": [9.75, 8.25, 9.25, 8.5], "texture": "#texture"},
				"east": {"uv": [7.75, 0.75, 7.5, 1], "texture": "#texture"},
				"south": {"uv": [9.75, 8.25, 10.25, 8.5], "texture": "#texture"},
				"west": {"uv": [7.5, 1, 7.75, 1.25], "texture": "#texture"},
				"up": {"uv": [8.75, 8.5, 9.25, 8.25], "texture": "#texture"},
				"down": {"uv": [8.25, 8.25, 8.75, 8.5], "texture": "#texture"}
			}
		},
		{
			"name": "Voxels",
			"from": [6, 9.5, 9],
			"to": [7, 10, 9.5],
			"faces": {
				"north": {"uv": [11.75, 8.25, 11.25, 8.5], "texture": "#texture"},
				"east": {"uv": [8.5, 8, 8.25, 8.25], "texture": "#texture"},
				"south": {"uv": [11.75, 8.25, 12.25, 8.5], "texture": "#texture"},
				"west": {"uv": [8, 8, 8.25, 8.25], "texture": "#texture"},
				"up": {"uv": [10.75, 8.5, 11.25, 8.25], "texture": "#texture"},
				"down": {"uv": [10.25, 8.25, 10.75, 8.5], "texture": "#texture"}
			}
		},
		{
			"name": "Voxels",
			"from": [6.5, 8, 2],
			"to": [7, 8.5, 2.5],
			"faces": {
				"north": {"uv": [9.25, 8, 9, 8.25], "texture": "#texture"},
				"east": {"uv": [10, 8, 9.75, 8.25], "texture": "#texture"},
				"south": {"uv": [9.25, 8, 9.5, 8.25], "texture": "#texture"},
				"west": {"uv": [9.5, 8, 9.75, 8.25], "texture": "#texture"},
				"up": {"uv": [8.75, 8.25, 9, 8], "texture": "#texture"},
				"down": {"uv": [8.5, 8, 8.75, 8.25], "texture": "#texture"}
			}
		},
		{
			"name": "Voxels",
			"from": [6.5, 8, 6],
			"to": [7, 8.5, 6.5],
			"faces": {
				"north": {"uv": [10.75, 8, 10.5, 8.25], "texture": "#texture"},
				"east": {"uv": [11.5, 8, 11.25, 8.25], "texture": "#texture"},
				"south": {"uv": [10.75, 8, 11, 8.25], "texture": "#texture"},
				"west": {"uv": [11, 8, 11.25, 8.25], "texture": "#texture"},
				"up": {"uv": [10.25, 8.25, 10.5, 8], "texture": "#texture"},
				"down": {"uv": [10, 8, 10.25, 8.25], "texture": "#texture"}
			}
		},
		{
			"name": "Voxels",
			"from": [6.5, 9, 2],
			"to": [7, 9.5, 2.5],
			"faces": {
				"north": {"uv": [12.25, 8, 12, 8.25], "texture": "#texture"},
				"east": {"uv": [13, 8, 12.75, 8.25], "texture": "#texture"},
				"south": {"uv": [12.25, 8, 12.5, 8.25], "texture": "#texture"},
				"west": {"uv": [12.5, 8, 12.75, 8.25], "texture": "#texture"},
				"up": {"uv": [11.75, 8.25, 12, 8], "texture": "#texture"},
				"down": {"uv": [11.5, 8, 11.75, 8.25], "texture": "#texture"}
			}
		},
		{
			"name": "Voxels",
			"from": [6.5, 9, 6],
			"to": [7, 9.5, 6.5],
			"faces": {
				"north": {"uv": [13.75, 8, 13.5, 8.25], "texture": "#texture"},
				"east": {"uv": [14.5, 8, 14.25, 8.25], "texture": "#texture"},
				"south": {"uv": [13.75, 8, 14, 8.25], "texture": "#texture"},
				"west": {"uv": [14, 8, 14.25, 8.25], "texture": "#texture"},
				"up": {"uv": [13.25, 8.25, 13.5, 8], "texture": "#texture"},
				"down": {"uv": [13, 8, 13.25, 8.25], "texture": "#texture"}
			}
		},
		{
			"name": "Voxels",
			"from": [7, 8, 7.5],
			"to": [7.5, 9.5, 8],
			"faces": {
				"north": {"uv": [6.75, 7.75, 6.5, 8.5], "texture": "#texture"},
				"east": {"uv": [6.75, 7, 6.5, 7.75], "texture": "#texture"},
				"south": {"uv": [6.75, 7.75, 7, 8.5], "texture": "#texture"},
				"west": {"uv": [7, 7.75, 7.25, 8.5], "texture": "#texture"},
				"up": {"uv": [14.75, 8.25, 15, 8], "texture": "#texture"},
				"down": {"uv": [14.5, 8, 14.75, 8.25], "texture": "#texture"}
			}
		},
		{
			"name": "Voxels",
			"from": [7, 8.5, 7],
			"to": [7.5, 9, 7.5],
			"faces": {
				"north": {"uv": [8, 7.25, 7.75, 7.5], "texture": "#texture"},
				"east": {"uv": [8, 6.5, 7.75, 6.75], "texture": "#texture"},
				"south": {"uv": [7.75, 7, 8, 7.25], "texture": "#texture"},
				"west": {"uv": [7.75, 6.75, 8, 7], "texture": "#texture"},
				"up": {"uv": [7.75, 7.75, 8, 7.5], "texture": "#texture"},
				"down": {"uv": [7.75, 7.75, 8, 8], "texture": "#texture"}
			}
		},
		{
			"name": "Voxels",
			"from": [7, 8.5, 8],
			"to": [7.5, 9, 8.5],
			"faces": {
				"north": {"uv": [8, 5.75, 7.75, 6], "texture": "#texture"},
				"east": {"uv": [8, 5, 7.75, 5.25], "texture": "#texture"},
				"south": {"uv": [7.75, 5.5, 8, 5.75], "texture": "#texture"},
				"west": {"uv": [7.75, 5.25, 8, 5.5], "texture": "#texture"},
				"up": {"uv": [7.75, 6.25, 8, 6], "texture": "#texture"},
				"down": {"uv": [7.75, 6.25, 8, 6.5], "texture": "#texture"}
			}
		},
		{
			"name": "Voxels",
			"from": [7.5, 8.5, 7.5],
			"to": [8, 9, 8],
			"faces": {
				"north": {"uv": [8, 4.25, 7.75, 4.5], "texture": "#texture"},
				"east": {"uv": [8, 3.5, 7.75, 3.75], "texture": "#texture"},
				"south": {"uv": [7.75, 4, 8, 4.25], "texture": "#texture"},
				"west": {"uv": [7.75, 3.75, 8, 4], "texture": "#texture"},
				"up": {"uv": [7.75, 4.75, 8, 4.5], "texture": "#texture"},
				"down": {"uv": [7.75, 4.75, 8, 5], "texture": "#texture"}
			}
		}
	],
	"display": {
		"thirdperson_righthand": {
			"rotation": [-169, 5, -88],
			"translation": [0.6959, 15.304, 5.5756],
			"scale": [1.1043, 0.9, 0.6565]
		},
		"thirdperson_lefthand": {
			"rotation": [11, 5, -88],
			"translation": [-1.391, 15.304, 5.5756],
			"scale": [1.1043, 0.9, 0.6565]
		},
		"firstperson_righthand": {
			"rotation": [-31, -180, 92],
			"translation": [1.3913, 8.3478, 0],
			"scale": [0.6, 0.6, 0.6]
		},
		"firstperson_lefthand": {
			"rotation": [155, 2, 92],
			"translation": [1.3913, 8.3478, 0],
			"scale": [0.6, 0.6, 0.6]
		},
		"ground": {
			"rotation": [-27, -13, -74],
			"translation": [0, -0.694, 0],
			"scale": [0.9043, 0.8, 0.5913]
		},
		"gui": {
			"rotation": [70, 66, 0],
			"translation": [2.0868, 6.2606, 0],
			"scale": [0.8043, 0.7, 0.5608]
		},
		"fixed": {
			"rotation": [-89, -119, 0],
			"translation": [-3.478, 6.9565, -1],
			"scale": [0.9, 0.9, 0.726]
		}
	}
}