{
	"credit": "Made with Blockbench",
	"textures": {
		"main": "item/coal/10-1"
	},
	"elements": [
		{
			"name": "Fluid top-bottom",
			"from": [5.5, 1, 5.5],
			"to": [10.5, 6.75, 10.5],
			"faces": {
				"north": {"uv": [5.25, 2, 6.5, 3.25], "texture": "#main", "tintindex": 0},
				"east": {"uv": [5.25, 2, 6.5, 3.25], "texture": "#main", "tintindex": 0},
				"south": {"uv": [5.25, 2, 6.5, 3.25], "texture": "#main", "tintindex": 0},
				"west": {"uv": [5.25, 2, 6.5, 3.25], "texture": "#main", "tintindex": 0},
				"up": {"uv": [5.25, 2, 6.5, 3.25], "texture": "#main", "tintindex": 0},
				"down": {"uv": [5.25, 2, 6.5, 3.25], "texture": "#main", "tintindex": 0}
			}
		},
		{
			"name": "Fluid north-south",
			"from": [5.5, 3, 11.5],
			"to": [10.5, 6, 12.5],
			"faces": {
				"north": {"uv": [5.25, 2, 6.5, 3.25], "texture": "#main", "tintindex": 0},
				"east": {"uv": [5.25, 2, 5.5, 2.75], "texture": "#main", "tintindex": 0},
				"south": {"uv": [5.25, 2, 6.5, 2.75], "texture": "#main", "tintindex": 0},
				"west": {"uv": [6.25, 2, 6.5, 2.75], "texture": "#main", "tintindex": 0},
				"up": {"uv": [5.25, 2, 6.5, 2.25], "texture": "#main", "tintindex": 0},
				"down": {"uv": [5.25, 2.5, 6.5, 2.75], "texture": "#main", "tintindex": 0}
			}
		},
		{
			"name": "Fluid north-south",
			"from": [6.5, 4, 12.5],
			"to": [7, 4.5, 12.6],
			"faces": {
				"north": {"uv": [0, 0, 0.25, 0.25], "texture": "#main", "tintindex": 0},
				"east": {"uv": [0, 0, 0.25, 0.25], "texture": "#main", "tintindex": 0},
				"south": {"uv": [0, 0, 0.25, 0.25], "texture": "#main", "tintindex": 0},
				"west": {"uv": [0, 0, 0.25, 0.25], "texture": "#main", "tintindex": 0},
				"up": {"uv": [0, 0, 0.25, 0.25], "texture": "#main", "tintindex": 0},
				"down": {"uv": [0, 0, 0.25, 0.25], "texture": "#main", "tintindex": 0}
			}
		},
		{
			"name": "Fluid north-south",
			"from": [9, 4, 12.5],
			"to": [9.5, 4.5, 12.6],
			"faces": {
				"north": {"uv": [0, 0, 0.25, 0.25], "texture": "#main", "tintindex": 0},
				"east": {"uv": [0, 0, 0.25, 0.25], "texture": "#main", "tintindex": 0},
				"south": {"uv": [0, 0, 0.25, 0.25], "texture": "#main", "tintindex": 0},
				"west": {"uv": [0, 0, 0.25, 0.25], "texture": "#main", "tintindex": 0},
				"up": {"uv": [0, 0, 0.25, 0.25], "texture": "#main", "tintindex": 0},
				"down": {"uv": [0, 0, 0.25, 0.25], "texture": "#main", "tintindex": 0}
			}
		},
		{
			"name": "Fluid north-south",
			"from": [9.5, 3, 12.5],
			"to": [10.5, 3.5, 12.6],
			"faces": {
				"north": {"uv": [0, 4, 4, 8], "texture": "#main", "tintindex": 0},
				"east": {"uv": [0, 4, 4, 8], "texture": "#main", "tintindex": 0},
				"south": {"uv": [0, 4, 4, 8], "texture": "#main", "tintindex": 0},
				"west": {"uv": [0, 4, 4, 8], "texture": "#main", "tintindex": 0},
				"up": {"uv": [0, 4, 4, 8], "texture": "#main", "tintindex": 0},
				"down": {"uv": [0, 4, 4, 8], "texture": "#main", "tintindex": 0}
			}
		},
		{
			"name": "Fluid north-south",
			"from": [5.5, 3, 12.5],
			"to": [6.5, 3.5, 12.6],
			"faces": {
				"north": {"uv": [0, 4, 4, 8], "texture": "#main", "tintindex": 0},
				"east": {"uv": [0, 4, 4, 8], "texture": "#main", "tintindex": 0},
				"south": {"uv": [0, 4, 4, 8], "texture": "#main", "tintindex": 0},
				"west": {"uv": [0, 4, 4, 8], "texture": "#main", "tintindex": 0},
				"up": {"uv": [0, 4, 4, 8], "texture": "#main", "tintindex": 0},
				"down": {"uv": [0, 4, 4, 8], "texture": "#main", "tintindex": 0}
			}
		},
		{
			"name": "Fluid north-south",
			"from": [9, 4, 12.6],
			"to": [9.2, 4.2, 12.7],
			"faces": {
				"north": {"uv": [4, 4, 4.25, 4.25], "texture": "#main", "tintindex": 0},
				"east": {"uv": [4, 4, 4.25, 4.25], "texture": "#main", "tintindex": 0},
				"south": {"uv": [4, 4, 4.25, 4.25], "texture": "#main", "tintindex": 0},
				"west": {"uv": [4, 4, 4.25, 4.25], "texture": "#main", "tintindex": 0},
				"up": {"uv": [4, 4, 4.25, 4.25], "texture": "#main", "tintindex": 0},
				"down": {"uv": [4, 4, 4.25, 4.25], "texture": "#main", "tintindex": 0}
			}
		},
		{
			"name": "Fluid north-south",
			"from": [9.2, 4.2, 12.6],
			"to": [9.4, 4.4, 12.7],
			"faces": {
				"north": {"uv": [4, 4, 4.25, 4.25], "texture": "#main", "tintindex": 0},
				"east": {"uv": [4, 4, 4.25, 4.25], "texture": "#main", "tintindex": 0},
				"south": {"uv": [4, 4, 4.25, 4.25], "texture": "#main", "tintindex": 0},
				"west": {"uv": [4, 4, 4.25, 4.25], "texture": "#main", "tintindex": 0},
				"up": {"uv": [4, 4, 4.25, 4.25], "texture": "#main", "tintindex": 0},
				"down": {"uv": [4, 4, 4.25, 4.25], "texture": "#main", "tintindex": 0}
			}
		},
		{
			"name": "Fluid north-south",
			"from": [6.5, 4, 12.6],
			"to": [6.7, 4.2, 12.7],
			"faces": {
				"north": {"uv": [4, 4, 4.25, 4.25], "texture": "#main", "tintindex": 0},
				"east": {"uv": [4, 4, 4.25, 4.25], "texture": "#main", "tintindex": 0},
				"south": {"uv": [4, 4, 4.25, 4.25], "texture": "#main", "tintindex": 0},
				"west": {"uv": [4, 4, 4.25, 4.25], "texture": "#main", "tintindex": 0},
				"up": {"uv": [4, 4, 4.25, 4.25], "texture": "#main", "tintindex": 0},
				"down": {"uv": [4, 4, 4.25, 4.25], "texture": "#main", "tintindex": 0}
			}
		},
		{
			"name": "Fluid north-south",
			"from": [6.7, 4.2, 12.6],
			"to": [6.9, 4.4, 12.7],
			"faces": {
				"north": {"uv": [4, 4, 4.25, 4.25], "texture": "#main", "tintindex": 0},
				"east": {"uv": [4, 4, 4.25, 4.25], "texture": "#main", "tintindex": 0},
				"south": {"uv": [4, 4, 4.25, 4.25], "texture": "#main", "tintindex": 0},
				"west": {"uv": [4, 4, 4.25, 4.25], "texture": "#main", "tintindex": 0},
				"up": {"uv": [4, 4, 4.25, 4.25], "texture": "#main", "tintindex": 0},
				"down": {"uv": [4, 4, 4.25, 4.25], "texture": "#main", "tintindex": 0}
			}
		},
		{
			"name": "Fluid north-south",
			"from": [5.5, 3, 3.5],
			"to": [10.5, 6, 4.5],
			"faces": {
				"north": {"uv": [5.25, 2, 6.5, 2.75], "texture": "#main", "tintindex": 0},
				"east": {"uv": [5.25, 2, 5.5, 2.75], "texture": "#main", "tintindex": 0},
				"south": {"uv": [5.25, 2, 6.5, 3.25], "texture": "#main", "tintindex": 0},
				"west": {"uv": [6.25, 2, 6.5, 2.75], "texture": "#main", "tintindex": 0},
				"up": {"uv": [5.25, 2, 6.5, 2.25], "texture": "#main", "tintindex": 0},
				"down": {"uv": [5.25, 2.5, 6.5, 2.75], "texture": "#main", "tintindex": 0}
			}
		},
		{
			"name": "Fluid north-south",
			"from": [4.5, 3, 4.5],
			"to": [5.5, 6, 5.5],
			"faces": {
				"north": {"uv": [5.25, 2, 5.5, 2.75], "texture": "#main", "tintindex": 0},
				"east": {"uv": [5.25, 2, 5.5, 2.75], "texture": "#main", "tintindex": 0},
				"south": {"uv": [5.25, 2, 5.5, 2.75], "texture": "#main", "tintindex": 0},
				"west": {"uv": [5.25, 2, 5.5, 2.75], "texture": "#main", "tintindex": 0},
				"up": {"uv": [5.25, 2, 5.5, 2.25], "texture": "#main", "tintindex": 0},
				"down": {"uv": [5.25, 2.5, 5.5, 2.75], "texture": "#main", "tintindex": 0}
			}
		},
		{
			"name": "Fluid north-south",
			"from": [4.5, 3, 10.5],
			"to": [5.5, 6, 11.5],
			"faces": {
				"north": {"uv": [5.25, 2, 5.5, 2.75], "texture": "#main", "tintindex": 0},
				"east": {"uv": [5.25, 2, 5.5, 2.75], "texture": "#main", "tintindex": 0},
				"south": {"uv": [5.25, 2, 5.5, 2.75], "texture": "#main", "tintindex": 0},
				"west": {"uv": [5.25, 2, 5.5, 2.75], "texture": "#main", "tintindex": 0},
				"up": {"uv": [5.25, 2, 5.5, 2.25], "texture": "#main", "tintindex": 0},
				"down": {"uv": [5.25, 2.5, 5.5, 2.75], "texture": "#main", "tintindex": 0}
			}
		},
		{
			"name": "Fluid north-south",
			"from": [10.5, 3, 10.5],
			"to": [11.5, 6, 11.5],
			"faces": {
				"north": {"uv": [5.25, 2, 5.5, 2.75], "texture": "#main", "tintindex": 0},
				"east": {"uv": [5.25, 2, 5.5, 2.75], "texture": "#main", "tintindex": 0},
				"south": {"uv": [5.25, 2, 5.5, 2.75], "texture": "#main", "tintindex": 0},
				"west": {"uv": [5.25, 2, 5.5, 2.75], "texture": "#main", "tintindex": 0},
				"up": {"uv": [5.25, 2, 5.5, 2.25], "texture": "#main", "tintindex": 0},
				"down": {"uv": [5.25, 2.5, 5.5, 2.75], "texture": "#main", "tintindex": 0}
			}
		},
		{
			"name": "Fluid north-south",
			"from": [10.5, 3, 4.5],
			"to": [11.5, 6, 5.5],
			"faces": {
				"north": {"uv": [5, 2, 5.25, 2.75], "texture": "#main", "tintindex": 0},
				"east": {"uv": [5, 2, 5.25, 2.75], "texture": "#main", "tintindex": 0},
				"south": {"uv": [5, 2, 5.25, 2.75], "texture": "#main", "tintindex": 0},
				"west": {"uv": [5, 2, 5.25, 2.75], "texture": "#main", "tintindex": 0},
				"up": {"uv": [5, 2, 5.25, 2.25], "texture": "#main", "tintindex": 0},
				"down": {"uv": [5, 2.5, 5.25, 2.75], "texture": "#main", "tintindex": 0}
			}
		},
		{
			"name": "Fluid east-west",
			"from": [11.5, 3, 5.5],
			"to": [12.5, 6, 10.5],
			"faces": {
				"north": {"uv": [6.25, 2, 6.5, 2.75], "texture": "#main", "tintindex": 0},
				"east": {"uv": [5.25, 2, 6.5, 2.75], "texture": "#main", "tintindex": 0},
				"south": {"uv": [5.25, 2, 5.5, 2.75], "texture": "#main", "tintindex": 0},
				"west": {"uv": [5.25, 2, 6.5, 3.25], "rotation": 270, "texture": "#main", "tintindex": 0},
				"up": {"uv": [5.25, 2, 6.5, 2.25], "rotation": 270, "texture": "#main", "tintindex": 0},
				"down": {"uv": [5.25, 2.5, 6.5, 2.75], "rotation": 270, "texture": "#main", "tintindex": 0}
			}
		},
		{
			"name": "Fluid east-west",
			"from": [3.5, 3, 5.5],
			"to": [4.5, 6, 10.5],
			"faces": {
				"north": {"uv": [6.25, 2, 6.5, 2.75], "rotation": 270, "texture": "#main", "tintindex": 0},
				"east": {"uv": [5.25, 2, 6.5, 3.25], "rotation": 270, "texture": "#main", "tintindex": 0},
				"south": {"uv": [5.25, 2, 5.5, 2.75], "rotation": 270, "texture": "#main", "tintindex": 0},
				"west": {"uv": [5.25, 2, 6.5, 2.75], "texture": "#main", "tintindex": 0},
				"up": {"uv": [5.25, 2, 6.5, 2.25], "rotation": 270, "texture": "#main", "tintindex": 0},
				"down": {"uv": [5.25, 2.5, 6.5, 2.75], "rotation": 270, "texture": "#main", "tintindex": 0}
			}
		},
		{
			"name": "Bottom",
			"from": [5.5, 0, 5.5],
			"to": [10.5, 1, 10.5],
			"faces": {
				"north": {"uv": [5.25, 3, 6.5, 3.25], "texture": "#main"},
				"east": {"uv": [6.25, 2, 6.5, 3.25], "rotation": 270, "texture": "#main"},
				"south": {"uv": [5.25, 2, 6.5, 2.25], "texture": "#main"},
				"west": {"uv": [5.25, 2, 5.5, 3.25], "rotation": 90, "texture": "#main"},
				"up": {"uv": [5.25, 2, 6.5, 3.25], "texture": "#main"},
				"down": {"uv": [5.25, 2, 6.5, 3.25], "texture": "#main"}
			}
		},
		{
			"name": "Bottom north",
			"from": [5.5, 1, 4.5],
			"to": [10.5, 3, 5.5],
			"faces": {
				"north": {"uv": [5.25, 2.75, 6.5, 3.25], "texture": "#main"},
				"east": {"uv": [5.25, 2.75, 5.5, 3.25], "texture": "#main"},
				"south": {"uv": [6.25, 2.75, 6.5, 3.25], "texture": "#main"},
				"west": {"uv": [6.25, 2.75, 6.5, 3.25], "texture": "#main"},
				"up": {"uv": [5.25, 2.75, 6.5, 3.25], "texture": "#main"},
				"down": {"uv": [5.25, 3, 6.5, 3.25], "texture": "#main"}
			}
		},
		{
			"name": "Bottom east",
			"from": [10.5, 1, 5.5],
			"to": [11.5, 3, 10.5],
			"faces": {
				"north": {"uv": [6.25, 2.75, 6.5, 3.25], "texture": "#main"},
				"east": {"uv": [5.25, 2.75, 6.5, 3.25], "texture": "#main"},
				"south": {"uv": [5.25, 2.75, 5.5, 3.25], "texture": "#main"},
				"west": {"uv": [5.25, 2.75, 6.5, 3.25], "texture": "#main"},
				"up": {"uv": [5.25, 2.75, 6.5, 3.25], "texture": "#main"},
				"down": {"uv": [5.25, 3, 6.5, 3.25], "texture": "#main"}
			}
		},
		{
			"name": "Bottom south",
			"from": [5.5, 1, 10.5],
			"to": [10.5, 3, 11.5],
			"faces": {
				"north": {"uv": [5.25, 2.75, 6.5, 3.25], "texture": "#main"},
				"east": {"uv": [6.25, 2.75, 6.5, 3.25], "texture": "#main"},
				"south": {"uv": [5.25, 2.5, 6.5, 3], "texture": "#main"},
				"west": {"uv": [5.25, 2.75, 5.5, 3.25], "texture": "#main"},
				"up": {"uv": [5.25, 2.75, 6.5, 3.25], "texture": "#main"},
				"down": {"uv": [5.25, 3, 6.5, 3.25], "texture": "#main"}
			}
		},
		{
			"name": "Bottom west",
			"from": [4.5, 1, 5.5],
			"to": [5.5, 3, 10.5],
			"faces": {
				"north": {"uv": [5.25, 2.75, 5.5, 3.25], "texture": "#main"},
				"east": {"uv": [5.25, 2.75, 6.5, 3.25], "texture": "#main"},
				"south": {"uv": [6.25, 2.75, 6.5, 3.25], "texture": "#main"},
				"west": {"uv": [5.25, 2.75, 6.5, 3.25], "texture": "#main"},
				"up": {"uv": [5.25, 2.75, 6.5, 3.25], "texture": "#main"},
				"down": {"uv": [5.25, 3, 6.5, 3.25], "texture": "#main"}
			}
		},
		{
			"name": "Top north",
			"from": [5.5, 6, 10.5],
			"to": [10.5, 7, 11.5],
			"faces": {
				"north": {"uv": [5.25, 1.75, 6.5, 2], "texture": "#main"},
				"east": {"uv": [5.25, 1.75, 6.5, 2], "texture": "#main"},
				"south": {"uv": [5.25, 1.75, 6.5, 2], "texture": "#main"},
				"west": {"uv": [5.25, 1.75, 6.5, 2], "texture": "#main"},
				"up": {"uv": [5.25, 1.75, 6.5, 2], "texture": "#main"},
				"down": {"uv": [5.25, 1.75, 6.5, 2], "texture": "#main"}
			}
		},
		{
			"name": "Top east",
			"from": [10.5, 6, 5.5],
			"to": [11.5, 7, 10.5],
			"faces": {
				"north": {"uv": [5.25, 1.75, 6.5, 2], "texture": "#main"},
				"east": {"uv": [5.25, 1.75, 6.5, 2], "texture": "#main"},
				"south": {"uv": [5.25, 1.75, 6.5, 2], "texture": "#main"},
				"west": {"uv": [5.25, 1.75, 6.5, 2], "texture": "#main"},
				"up": {"uv": [5.25, 1.75, 6.5, 2], "texture": "#main"},
				"down": {"uv": [5.25, 1.75, 6.5, 2], "texture": "#main"}
			}
		},
		{
			"name": "Top south",
			"from": [5.5, 6, 4.5],
			"to": [10.5, 7, 5.5],
			"faces": {
				"north": {"uv": [5.25, 1.75, 6.5, 2], "texture": "#main"},
				"east": {"uv": [5.25, 1.75, 6.5, 2], "texture": "#main"},
				"south": {"uv": [5.25, 1.75, 6.5, 2], "texture": "#main"},
				"west": {"uv": [5.25, 1.75, 6.5, 2], "texture": "#main"},
				"up": {"uv": [5.25, 1.75, 6.5, 2], "texture": "#main"},
				"down": {"uv": [5.25, 1.75, 6.5, 2], "texture": "#main"}
			}
		},
		{
			"name": "Top west",
			"from": [4.5, 6, 5.5],
			"to": [5.5, 7, 10.5],
			"faces": {
				"north": {"uv": [5.25, 1.75, 6.5, 2], "texture": "#main"},
				"east": {"uv": [5.25, 1.75, 6.5, 2], "texture": "#main"},
				"south": {"uv": [5.25, 1.75, 6.5, 2], "texture": "#main"},
				"west": {"uv": [5.25, 1.75, 6.5, 2], "texture": "#main"},
				"up": {"uv": [5.25, 1.75, 6.5, 2], "texture": "#main"},
				"down": {"uv": [5.25, 1.75, 6.5, 2], "texture": "#main"}
			}
		},
		{
			"name": "Top north-west",
			"from": [5.5, 6, 5.5],
			"to": [6.5, 7, 6.5],
			"faces": {
				"north": {"uv": [5.25, 1.75, 5.75, 2], "texture": "#main"},
				"east": {"uv": [5.25, 1.75, 5.75, 2], "texture": "#main"},
				"south": {"uv": [5.25, 1.75, 5.75, 2], "texture": "#main"},
				"west": {"uv": [5.25, 1.75, 5.75, 2], "texture": "#main"},
				"up": {"uv": [5.25, 1.75, 5.75, 2], "texture": "#main"},
				"down": {"uv": [5.25, 1.75, 5.75, 2], "texture": "#main"}
			}
		},
		{
			"name": "Top north-east",
			"from": [9.5, 6, 5.5],
			"to": [10.5, 7, 6.5],
			"faces": {
				"north": {"uv": [5.5, 1.75, 5.75, 2], "texture": "#main"},
				"east": {"uv": [5.5, 1.75, 5.75, 2], "texture": "#main"},
				"south": {"uv": [5.5, 1.75, 5.75, 2], "texture": "#main"},
				"west": {"uv": [5.5, 1.75, 5.75, 2], "texture": "#main"},
				"up": {"uv": [5.5, 1.75, 5.75, 2], "texture": "#main"},
				"down": {"uv": [5.5, 1.75, 5.75, 2], "texture": "#main"}
			}
		},
		{
			"name": "Top south-east",
			"from": [9.5, 6, 9.5],
			"to": [10.5, 7, 10.5],
			"faces": {
				"north": {"uv": [6.5, 1.75, 6.75, 2], "texture": "#main"},
				"east": {"uv": [6.5, 1.75, 6.75, 2], "texture": "#main"},
				"south": {"uv": [6.5, 1.75, 6.75, 2], "texture": "#main"},
				"west": {"uv": [6.5, 1.75, 6.75, 2], "texture": "#main"},
				"up": {"uv": [6.5, 1.75, 6.75, 2], "texture": "#main"},
				"down": {"uv": [6.5, 1.75, 6.75, 2], "texture": "#main"}
			}
		},
		{
			"name": "Top south-west",
			"from": [5.5, 6, 9.5],
			"to": [6.5, 7, 10.5],
			"faces": {
				"north": {"uv": [5.25, 1.75, 5.75, 2], "texture": "#main"},
				"east": {"uv": [5.25, 1.75, 5.75, 2], "texture": "#main"},
				"south": {"uv": [5.25, 1.75, 5.75, 2], "texture": "#main"},
				"west": {"uv": [5.25, 1.75, 5.75, 2], "texture": "#main"},
				"up": {"uv": [5.25, 1.75, 5.75, 2], "texture": "#main"},
				"down": {"uv": [5.25, 1.75, 5.75, 2], "texture": "#main"}
			}
		},
		{
			"name": "Top north",
			"from": [6.5, 7, 5.5],
			"to": [9.5, 8, 6.5],
			"faces": {
				"north": {"uv": [6.5, 1.5, 6.75, 2.25], "rotation": 270, "texture": "#main"},
				"east": {"uv": [6.5, 1.5, 6.75, 1.75], "texture": "#main"},
				"south": {"uv": [6.5, 1.5, 6.75, 2.25], "texture": "#main"},
				"west": {"uv": [6.5, 1.75, 6.75, 2], "texture": "#main"},
				"up": {"uv": [6.5, 1.5, 6.75, 2.25], "rotation": 90, "texture": "#main"},
				"down": {"uv": [6.5, 1.5, 6.75, 2.25], "texture": "#main"}
			}
		},
		{
			"name": "Top east",
			"from": [9.5, 7, 6.5],
			"to": [10.5, 8, 9.5],
			"faces": {
				"north": {"uv": [6.5, 1.5, 6.75, 1.75], "texture": "#main"},
				"east": {"uv": [6.5, 1.5, 6.75, 2.25], "rotation": 90, "texture": "#main"},
				"south": {"uv": [6.5, 1.75, 6.75, 2], "texture": "#main"},
				"west": {"uv": [6.5, 1.5, 6.75, 2.25], "texture": "#main"},
				"up": {"uv": [6.5, 1.5, 6.75, 2.25], "texture": "#main"},
				"down": {"uv": [6.5, 1.5, 6.75, 2.25], "texture": "#main"}
			}
		},
		{
			"name": "Top south",
			"from": [6.5, 7, 9.5],
			"to": [9.5, 8, 10.5],
			"faces": {
				"north": {"uv": [6.5, 2, 6.75, 2.25], "texture": "#main"},
				"east": {"uv": [6.5, 1.5, 6.75, 1.75], "texture": "#main"},
				"south": {"uv": [6.5, 1.5, 6.75, 2.25], "rotation": 90, "texture": "#main"},
				"west": {"uv": [6.5, 1.5, 6.75, 1.75], "texture": "#main"},
				"up": {"uv": [6.5, 1.5, 6.75, 2.25], "rotation": 90, "texture": "#main"},
				"down": {"uv": [6.5, 1.5, 6.75, 2.25], "texture": "#main"}
			}
		},
		{
			"name": "Top west",
			"from": [5.5, 7, 6.5],
			"to": [6.5, 8, 9.5],
			"faces": {
				"north": {"uv": [6.5, 2, 6.75, 2.25], "texture": "#main"},
				"east": {"uv": [6.5, 1.5, 6.75, 1.75], "texture": "#main"},
				"south": {"uv": [6.5, 2, 6.75, 2.25], "texture": "#main"},
				"west": {"uv": [6.5, 1.5, 6.75, 1.75], "texture": "#main"},
				"up": {"uv": [6.5, 1.5, 6.75, 2.25], "texture": "#main"},
				"down": {"uv": [6.5, 1.5, 6.75, 2.25], "texture": "#main"}
			}
		},
		{
			"name": "Top north-west",
			"from": [6.5, 7, 6.5],
			"to": [8.5, 8, 8.5],
			"faces": {
				"north": {"uv": [5.75, 1.75, 6, 2.25], "texture": "#main"},
				"east": {"uv": [5.75, 1.75, 6, 2.25], "texture": "#main"},
				"south": {"uv": [5.75, 1.75, 6, 2.25], "texture": "#main"},
				"west": {"uv": [5.75, 1.75, 6, 2.25], "texture": "#main"},
				"up": {"uv": [5.75, 1.75, 6, 2.25], "texture": "#main"},
				"down": {"uv": [5.75, 1.75, 6, 2.25], "texture": "#main"}
			}
		},
		{
			"name": "Top north-east",
			"from": [8.5, 7, 6.5],
			"to": [9.5, 8, 8.5],
			"faces": {
				"north": {"uv": [6.5, 1.5, 6.75, 1.75], "texture": "#main"},
				"east": {"uv": [6.5, 1.5, 6.75, 1.75], "texture": "#main"},
				"south": {"uv": [6.5, 1.5, 6.75, 1.75], "texture": "#main"},
				"west": {"uv": [6.5, 1.5, 6.75, 1.75], "texture": "#main"},
				"up": {"uv": [6.5, 1.5, 6.75, 1.75], "texture": "#main"},
				"down": {"uv": [6.5, 1.5, 6.75, 1.75], "texture": "#main"}
			}
		},
		{
			"name": "Top south-east",
			"from": [7.5, 7, 8.5],
			"to": [9.5, 8, 9.5],
			"faces": {
				"north": {"uv": [6.25, 2, 6.5, 2.25], "texture": "#main"},
				"east": {"uv": [6.25, 2, 6.5, 2.25], "texture": "#main"},
				"south": {"uv": [6.25, 2, 6.5, 2.25], "texture": "#main"},
				"west": {"uv": [6.25, 2, 6.5, 2.25], "texture": "#main"},
				"up": {"uv": [6.25, 2, 6.5, 2.25], "texture": "#main"},
				"down": {"uv": [6.25, 2, 6.5, 2.25], "texture": "#main"}
			}
		},
		{
			"name": "Top south-west",
			"from": [6.5, 7, 8.5],
			"to": [7.5, 8, 9.5],
			"faces": {
				"north": {"uv": [5.75, 1.75, 6, 2.25], "texture": "#main"},
				"east": {"uv": [5.75, 1.75, 6, 2.25], "texture": "#main"},
				"south": {"uv": [5.75, 1.75, 6, 2.25], "texture": "#main"},
				"west": {"uv": [5.75, 1.75, 6, 2.25], "texture": "#main"},
				"up": {"uv": [5.75, 1.75, 6, 2.25], "texture": "#main"},
				"down": {"uv": [5.75, 1.75, 6, 2.25], "texture": "#main"}
			}
		},
		{
			"name": "Neck east",
			"from": [7.5, 8, 7.5],
			"to": [8.5, 10, 8.5],
			"faces": {
				"north": {"uv": [5.75, 1, 6, 1.5], "texture": "#main"},
				"east": {"uv": [5.75, 1, 6, 1.5], "texture": "#main"},
				"south": {"uv": [5.75, 1, 6, 1.5], "texture": "#main"},
				"west": {"uv": [5.75, 1, 6, 1.5], "texture": "#main"},
				"up": {"uv": [5.75, 1, 6, 1.25], "texture": "#main"},
				"down": {"uv": [5.75, 1, 6, 1.5], "texture": "#main"}
			}
		},
		{
			"name": "Neck east",
			"from": [8.5, 9, 7.5],
			"to": [9.5, 11, 8.5],
			"faces": {
				"north": {"uv": [6, 0.5, 6.25, 1], "texture": "#main"},
				"east": {"uv": [6, 0.5, 6.25, 1], "texture": "#main"},
				"south": {"uv": [6, 0.5, 6.25, 1], "texture": "#main"},
				"west": {"uv": [6, 0.5, 6.25, 1], "texture": "#main"},
				"up": {"uv": [6, 0.5, 6.25, 0.75], "texture": "#main"},
				"down": {"uv": [6, 0.5, 6.25, 1], "texture": "#main"}
			}
		},
		{
			"name": "Fluid top-bottom",
			"from": [5.5, 1, 5.5],
			"to": [10.5, 6.75, 10.5],
			"faces": {
				"north": {"uv": [13.25, 2, 14.5, 3.25], "texture": "#main", "tintindex": 0},
				"east": {"uv": [13.25, 2, 14.5, 3.25], "texture": "#main", "tintindex": 0},
				"south": {"uv": [13.25, 2, 14.5, 3.25], "texture": "#main", "tintindex": 0},
				"west": {"uv": [13.25, 2, 14.5, 3.25], "texture": "#main", "tintindex": 0},
				"up": {"uv": [13.25, 2, 14.5, 3.25], "texture": "#main", "tintindex": 0},
				"down": {"uv": [13.25, 2, 14.5, 3.25], "texture": "#main", "tintindex": 0}
			}
		},
		{
			"name": "Fluid north-south",
			"from": [5.5, 3, 11.5],
			"to": [10.5, 6, 12.5],
			"faces": {
				"north": {"uv": [13.25, 2, 14.5, 3.25], "texture": "#main", "tintindex": 0},
				"east": {"uv": [13.25, 2, 13.5, 2.75], "texture": "#main", "tintindex": 0},
				"south": {"uv": [13.25, 2, 14.5, 2.75], "texture": "#main", "tintindex": 0},
				"west": {"uv": [14.25, 2, 14.5, 2.75], "texture": "#main", "tintindex": 0},
				"up": {"uv": [13.25, 2, 14.5, 2.25], "texture": "#main", "tintindex": 0},
				"down": {"uv": [13.25, 2.5, 14.5, 2.75], "texture": "#main", "tintindex": 0}
			}
		},
		{
			"name": "Fluid north-south",
			"from": [6.5, 4, 12.5],
			"to": [7, 4.1, 12.6],
			"faces": {
				"north": {"uv": [8, 0, 8.25, 0.25], "texture": "#main", "tintindex": 0},
				"east": {"uv": [8, 0, 8.25, 0.25], "texture": "#main", "tintindex": 0},
				"south": {"uv": [8, 0, 8.25, 0.25], "texture": "#main", "tintindex": 0},
				"west": {"uv": [8, 0, 8.25, 0.25], "texture": "#main", "tintindex": 0},
				"up": {"uv": [8, 0, 8.25, 0.25], "texture": "#main", "tintindex": 0},
				"down": {"uv": [8, 0, 8.25, 0.25], "texture": "#main", "tintindex": 0}
			}
		},
		{
			"name": "Fluid north-south",
			"from": [9, 4, 12.5],
			"to": [9.5, 4.1, 12.6],
			"faces": {
				"north": {"uv": [8, 0, 8.25, 0.25], "texture": "#main", "tintindex": 0},
				"east": {"uv": [8, 0, 8.25, 0.25], "texture": "#main", "tintindex": 0},
				"south": {"uv": [8, 0, 8.25, 0.25], "texture": "#main", "tintindex": 0},
				"west": {"uv": [8, 0, 8.25, 0.25], "texture": "#main", "tintindex": 0},
				"up": {"uv": [8, 0, 8.25, 0.25], "texture": "#main", "tintindex": 0},
				"down": {"uv": [8, 0, 8.25, 0.25], "texture": "#main", "tintindex": 0}
			}
		},
		{
			"name": "Fluid north-south",
			"from": [9.5, 3, 12.5],
			"to": [10.5, 3.5, 12.6],
			"faces": {
				"north": {"uv": [8, 4, 12, 8], "texture": "#main", "tintindex": 0},
				"east": {"uv": [8, 4, 12, 8], "texture": "#main", "tintindex": 0},
				"south": {"uv": [8, 4, 12, 8], "texture": "#main", "tintindex": 0},
				"west": {"uv": [8, 4, 12, 8], "texture": "#main", "tintindex": 0},
				"up": {"uv": [8, 4, 12, 8], "texture": "#main", "tintindex": 0},
				"down": {"uv": [8, 4, 12, 8], "texture": "#main", "tintindex": 0}
			}
		},
		{
			"name": "Fluid north-south",
			"from": [5.5, 3, 12.5],
			"to": [6.5, 3.5, 12.6],
			"faces": {
				"north": {"uv": [8, 4, 12, 8], "texture": "#main", "tintindex": 0},
				"east": {"uv": [8, 4, 12, 8], "texture": "#main", "tintindex": 0},
				"south": {"uv": [8, 4, 12, 8], "texture": "#main", "tintindex": 0},
				"west": {"uv": [8, 4, 12, 8], "texture": "#main", "tintindex": 0},
				"up": {"uv": [8, 4, 12, 8], "texture": "#main", "tintindex": 0},
				"down": {"uv": [8, 4, 12, 8], "texture": "#main", "tintindex": 0}
			}
		},
		{
			"name": "Fluid north-south",
			"from": [5.5, 3, 3.5],
			"to": [10.5, 6, 4.5],
			"faces": {
				"north": {"uv": [13.25, 2, 14.5, 2.75], "texture": "#main", "tintindex": 0},
				"east": {"uv": [13.25, 2, 13.5, 2.75], "texture": "#main", "tintindex": 0},
				"south": {"uv": [13.25, 2, 14.5, 3.25], "texture": "#main", "tintindex": 0},
				"west": {"uv": [14.25, 2, 14.5, 2.75], "texture": "#main", "tintindex": 0},
				"up": {"uv": [13.25, 2, 14.5, 2.25], "texture": "#main", "tintindex": 0},
				"down": {"uv": [13.25, 2.5, 14.5, 2.75], "texture": "#main", "tintindex": 0}
			}
		},
		{
			"name": "Fluid north-south",
			"from": [4.5, 3, 4.5],
			"to": [5.5, 6, 5.5],
			"faces": {
				"north": {"uv": [13.25, 2, 13.5, 2.75], "texture": "#main", "tintindex": 0},
				"east": {"uv": [13.25, 2, 13.5, 2.75], "texture": "#main", "tintindex": 0},
				"south": {"uv": [13.25, 2, 13.5, 2.75], "texture": "#main", "tintindex": 0},
				"west": {"uv": [13.25, 2, 13.5, 2.75], "texture": "#main", "tintindex": 0},
				"up": {"uv": [13.25, 2, 13.5, 2.25], "texture": "#main", "tintindex": 0},
				"down": {"uv": [13.25, 2.5, 13.5, 2.75], "texture": "#main", "tintindex": 0}
			}
		},
		{
			"name": "Fluid north-south",
			"from": [4.5, 3, 10.5],
			"to": [5.5, 6, 11.5],
			"faces": {
				"north": {"uv": [13.25, 2, 13.5, 2.75], "texture": "#main", "tintindex": 0},
				"east": {"uv": [13.25, 2, 13.5, 2.75], "texture": "#main", "tintindex": 0},
				"south": {"uv": [13.25, 2, 13.5, 2.75], "texture": "#main", "tintindex": 0},
				"west": {"uv": [13.25, 2, 13.5, 2.75], "texture": "#main", "tintindex": 0},
				"up": {"uv": [13.25, 2, 13.5, 2.25], "texture": "#main", "tintindex": 0},
				"down": {"uv": [13.25, 2.5, 13.5, 2.75], "texture": "#main", "tintindex": 0}
			}
		},
		{
			"name": "Fluid north-south",
			"from": [10.5, 3, 10.5],
			"to": [11.5, 6, 11.5],
			"faces": {
				"north": {"uv": [13.25, 2, 13.5, 2.75], "texture": "#main", "tintindex": 0},
				"east": {"uv": [13.25, 2, 13.5, 2.75], "texture": "#main", "tintindex": 0},
				"south": {"uv": [13.25, 2, 13.5, 2.75], "texture": "#main", "tintindex": 0},
				"west": {"uv": [13.25, 2, 13.5, 2.75], "texture": "#main", "tintindex": 0},
				"up": {"uv": [13.25, 2, 13.5, 2.25], "texture": "#main", "tintindex": 0},
				"down": {"uv": [13.25, 2.5, 13.5, 2.75], "texture": "#main", "tintindex": 0}
			}
		},
		{
			"name": "Fluid north-south",
			"from": [10.5, 3, 4.5],
			"to": [11.5, 6, 5.5],
			"faces": {
				"north": {"uv": [13, 2, 13.25, 2.75], "texture": "#main", "tintindex": 0},
				"east": {"uv": [13, 2, 13.25, 2.75], "texture": "#main", "tintindex": 0},
				"south": {"uv": [13, 2, 13.25, 2.75], "texture": "#main", "tintindex": 0},
				"west": {"uv": [13, 2, 13.25, 2.75], "texture": "#main", "tintindex": 0},
				"up": {"uv": [13, 2, 13.25, 2.25], "texture": "#main", "tintindex": 0},
				"down": {"uv": [13, 2.5, 13.25, 2.75], "texture": "#main", "tintindex": 0}
			}
		},
		{
			"name": "Fluid east-west",
			"from": [11.5, 3, 5.5],
			"to": [12.5, 6, 10.5],
			"faces": {
				"north": {"uv": [14.25, 2, 14.5, 2.75], "texture": "#main", "tintindex": 0},
				"east": {"uv": [13.25, 2, 14.5, 2.75], "texture": "#main", "tintindex": 0},
				"south": {"uv": [13.25, 2, 13.5, 2.75], "texture": "#main", "tintindex": 0},
				"west": {"uv": [13.25, 2, 14.5, 3.25], "rotation": 270, "texture": "#main", "tintindex": 0},
				"up": {"uv": [13.25, 2, 14.5, 2.25], "rotation": 270, "texture": "#main", "tintindex": 0},
				"down": {"uv": [13.25, 2.5, 14.5, 2.75], "rotation": 270, "texture": "#main", "tintindex": 0}
			}
		},
		{
			"name": "Fluid east-west",
			"from": [3.5, 3, 5.5],
			"to": [4.5, 6, 10.5],
			"faces": {
				"north": {"uv": [14.25, 2, 14.5, 2.75], "rotation": 270, "texture": "#main", "tintindex": 0},
				"east": {"uv": [13.25, 2, 14.5, 3.25], "rotation": 270, "texture": "#main", "tintindex": 0},
				"south": {"uv": [13.25, 2, 13.5, 2.75], "rotation": 270, "texture": "#main", "tintindex": 0},
				"west": {"uv": [13.25, 2, 14.5, 2.75], "texture": "#main", "tintindex": 0},
				"up": {"uv": [13.25, 2, 14.5, 2.25], "rotation": 270, "texture": "#main", "tintindex": 0},
				"down": {"uv": [13.25, 2.5, 14.5, 2.75], "rotation": 270, "texture": "#main", "tintindex": 0}
			}
		},
		{
			"name": "Bottom",
			"from": [5.5, 0, 5.5],
			"to": [10.5, 1, 10.5],
			"faces": {
				"north": {"uv": [13.25, 3, 14.5, 3.25], "texture": "#main"},
				"east": {"uv": [14.25, 2, 14.5, 3.25], "rotation": 270, "texture": "#main"},
				"south": {"uv": [13.25, 2, 14.5, 2.25], "texture": "#main"},
				"west": {"uv": [13.25, 2, 13.5, 3.25], "rotation": 90, "texture": "#main"},
				"up": {"uv": [13.25, 2, 14.5, 3.25], "texture": "#main"},
				"down": {"uv": [13.25, 2, 14.5, 3.25], "texture": "#main"}
			}
		},
		{
			"name": "Bottom north",
			"from": [5.5, 1, 4.5],
			"to": [10.5, 3, 5.5],
			"faces": {
				"north": {"uv": [13.25, 2.75, 14.5, 3.25], "texture": "#main"},
				"east": {"uv": [13.25, 2.75, 13.5, 3.25], "texture": "#main"},
				"south": {"uv": [14.25, 2.75, 14.5, 3.25], "texture": "#main"},
				"west": {"uv": [14.25, 2.75, 14.5, 3.25], "texture": "#main"},
				"up": {"uv": [13.25, 2.75, 14.5, 3.25], "texture": "#main"},
				"down": {"uv": [13.25, 3, 14.5, 3.25], "texture": "#main"}
			}
		},
		{
			"name": "Bottom east",
			"from": [10.5, 1, 5.5],
			"to": [11.5, 3, 10.5],
			"faces": {
				"north": {"uv": [14.25, 2.75, 14.5, 3.25], "texture": "#main"},
				"east": {"uv": [13.25, 2.75, 14.5, 3.25], "texture": "#main"},
				"south": {"uv": [13.25, 2.75, 13.5, 3.25], "texture": "#main"},
				"west": {"uv": [13.25, 2.75, 14.5, 3.25], "texture": "#main"},
				"up": {"uv": [13.25, 2.75, 14.5, 3.25], "texture": "#main"},
				"down": {"uv": [13.25, 3, 14.5, 3.25], "texture": "#main"}
			}
		},
		{
			"name": "Bottom south",
			"from": [5.5, 1, 10.5],
			"to": [10.5, 3, 11.5],
			"faces": {
				"north": {"uv": [13.25, 2.75, 14.5, 3.25], "texture": "#main"},
				"east": {"uv": [14.25, 2.75, 14.5, 3.25], "texture": "#main"},
				"south": {"uv": [13.25, 2.5, 14.5, 3], "texture": "#main"},
				"west": {"uv": [13.25, 2.75, 13.5, 3.25], "texture": "#main"},
				"up": {"uv": [13.25, 2.75, 14.5, 3.25], "texture": "#main"},
				"down": {"uv": [13.25, 3, 14.5, 3.25], "texture": "#main"}
			}
		},
		{
			"name": "Bottom west",
			"from": [4.5, 1, 5.5],
			"to": [5.5, 3, 10.5],
			"faces": {
				"north": {"uv": [13.25, 2.75, 13.5, 3.25], "texture": "#main"},
				"east": {"uv": [13.25, 2.75, 14.5, 3.25], "texture": "#main"},
				"south": {"uv": [14.25, 2.75, 14.5, 3.25], "texture": "#main"},
				"west": {"uv": [13.25, 2.75, 14.5, 3.25], "texture": "#main"},
				"up": {"uv": [13.25, 2.75, 14.5, 3.25], "texture": "#main"},
				"down": {"uv": [13.25, 3, 14.5, 3.25], "texture": "#main"}
			}
		},
		{
			"name": "Top north",
			"from": [5.5, 6, 10.5],
			"to": [10.5, 7, 11.5],
			"faces": {
				"north": {"uv": [13.25, 1.75, 14.5, 2], "texture": "#main"},
				"east": {"uv": [13.25, 1.75, 14.5, 2], "texture": "#main"},
				"south": {"uv": [13.25, 1.75, 14.5, 2], "texture": "#main"},
				"west": {"uv": [13.25, 1.75, 14.5, 2], "texture": "#main"},
				"up": {"uv": [13.25, 1.75, 14.5, 2], "texture": "#main"},
				"down": {"uv": [13.25, 1.75, 14.5, 2], "texture": "#main"}
			}
		},
		{
			"name": "Top east",
			"from": [10.5, 6, 5.5],
			"to": [11.5, 7, 10.5],
			"faces": {
				"north": {"uv": [13.25, 1.75, 14.5, 2], "texture": "#main"},
				"east": {"uv": [13.25, 1.75, 14.5, 2], "texture": "#main"},
				"south": {"uv": [13.25, 1.75, 14.5, 2], "texture": "#main"},
				"west": {"uv": [13.25, 1.75, 14.5, 2], "texture": "#main"},
				"up": {"uv": [13.25, 1.75, 14.5, 2], "texture": "#main"},
				"down": {"uv": [13.25, 1.75, 14.5, 2], "texture": "#main"}
			}
		},
		{
			"name": "Top south",
			"from": [5.5, 6, 4.5],
			"to": [10.5, 7, 5.5],
			"faces": {
				"north": {"uv": [13.25, 1.75, 14.5, 2], "texture": "#main"},
				"east": {"uv": [13.25, 1.75, 14.5, 2], "texture": "#main"},
				"south": {"uv": [13.25, 1.75, 14.5, 2], "texture": "#main"},
				"west": {"uv": [13.25, 1.75, 14.5, 2], "texture": "#main"},
				"up": {"uv": [13.25, 1.75, 14.5, 2], "texture": "#main"},
				"down": {"uv": [13.25, 1.75, 14.5, 2], "texture": "#main"}
			}
		},
		{
			"name": "Top west",
			"from": [4.5, 6, 5.5],
			"to": [5.5, 7, 10.5],
			"faces": {
				"north": {"uv": [13.25, 1.75, 14.5, 2], "texture": "#main"},
				"east": {"uv": [13.25, 1.75, 14.5, 2], "texture": "#main"},
				"south": {"uv": [13.25, 1.75, 14.5, 2], "texture": "#main"},
				"west": {"uv": [13.25, 1.75, 14.5, 2], "texture": "#main"},
				"up": {"uv": [13.25, 1.75, 14.5, 2], "texture": "#main"},
				"down": {"uv": [13.25, 1.75, 14.5, 2], "texture": "#main"}
			}
		},
		{
			"name": "Top north-west",
			"from": [5.5, 6, 5.5],
			"to": [6.5, 7, 6.5],
			"faces": {
				"north": {"uv": [13.25, 1.75, 13.75, 2], "texture": "#main"},
				"east": {"uv": [13.25, 1.75, 13.75, 2], "texture": "#main"},
				"south": {"uv": [13.25, 1.75, 13.75, 2], "texture": "#main"},
				"west": {"uv": [13.25, 1.75, 13.75, 2], "texture": "#main"},
				"up": {"uv": [13.25, 1.75, 13.75, 2], "texture": "#main"},
				"down": {"uv": [13.25, 1.75, 13.75, 2], "texture": "#main"}
			}
		},
		{
			"name": "Top north-east",
			"from": [9.5, 6, 5.5],
			"to": [10.5, 7, 6.5],
			"faces": {
				"north": {"uv": [13.5, 1.75, 13.75, 2], "texture": "#main"},
				"east": {"uv": [13.5, 1.75, 13.75, 2], "texture": "#main"},
				"south": {"uv": [13.5, 1.75, 13.75, 2], "texture": "#main"},
				"west": {"uv": [13.5, 1.75, 13.75, 2], "texture": "#main"},
				"up": {"uv": [13.5, 1.75, 13.75, 2], "texture": "#main"},
				"down": {"uv": [13.5, 1.75, 13.75, 2], "texture": "#main"}
			}
		},
		{
			"name": "Top south-east",
			"from": [9.5, 6, 9.5],
			"to": [10.5, 7, 10.5],
			"faces": {
				"north": {"uv": [14.5, 1.75, 14.75, 2], "texture": "#main"},
				"east": {"uv": [14.5, 1.75, 14.75, 2], "texture": "#main"},
				"south": {"uv": [14.5, 1.75, 14.75, 2], "texture": "#main"},
				"west": {"uv": [14.5, 1.75, 14.75, 2], "texture": "#main"},
				"up": {"uv": [14.5, 1.75, 14.75, 2], "texture": "#main"},
				"down": {"uv": [14.5, 1.75, 14.75, 2], "texture": "#main"}
			}
		},
		{
			"name": "Top south-west",
			"from": [5.5, 6, 9.5],
			"to": [6.5, 7, 10.5],
			"faces": {
				"north": {"uv": [13.25, 1.75, 13.75, 2], "texture": "#main"},
				"east": {"uv": [13.25, 1.75, 13.75, 2], "texture": "#main"},
				"south": {"uv": [13.25, 1.75, 13.75, 2], "texture": "#main"},
				"west": {"uv": [13.25, 1.75, 13.75, 2], "texture": "#main"},
				"up": {"uv": [13.25, 1.75, 13.75, 2], "texture": "#main"},
				"down": {"uv": [13.25, 1.75, 13.75, 2], "texture": "#main"}
			}
		},
		{
			"name": "Top north",
			"from": [6.5, 7, 5.5],
			"to": [9.5, 8, 6.5],
			"faces": {
				"north": {"uv": [14.5, 1.5, 14.75, 2.25], "rotation": 270, "texture": "#main"},
				"east": {"uv": [14.5, 1.5, 14.75, 1.75], "texture": "#main"},
				"south": {"uv": [14.5, 1.5, 14.75, 2.25], "texture": "#main"},
				"west": {"uv": [14.5, 1.75, 14.75, 2], "texture": "#main"},
				"up": {"uv": [14.5, 1.5, 14.75, 2.25], "rotation": 90, "texture": "#main"},
				"down": {"uv": [14.5, 1.5, 14.75, 2.25], "texture": "#main"}
			}
		},
		{
			"name": "Top east",
			"from": [9.5, 7, 6.5],
			"to": [10.5, 8, 9.5],
			"faces": {
				"north": {"uv": [14.5, 1.5, 14.75, 1.75], "texture": "#main"},
				"east": {"uv": [14.5, 1.5, 14.75, 2.25], "rotation": 90, "texture": "#main"},
				"south": {"uv": [14.5, 1.75, 14.75, 2], "texture": "#main"},
				"west": {"uv": [14.5, 1.5, 14.75, 2.25], "texture": "#main"},
				"up": {"uv": [14.5, 1.5, 14.75, 2.25], "texture": "#main"},
				"down": {"uv": [14.5, 1.5, 14.75, 2.25], "texture": "#main"}
			}
		},
		{
			"name": "Top south",
			"from": [6.5, 7, 9.5],
			"to": [9.5, 8, 10.5],
			"faces": {
				"north": {"uv": [14.5, 2, 14.75, 2.25], "texture": "#main"},
				"east": {"uv": [14.5, 1.5, 14.75, 1.75], "texture": "#main"},
				"south": {"uv": [14.5, 1.5, 14.75, 2.25], "rotation": 90, "texture": "#main"},
				"west": {"uv": [14.5, 1.5, 14.75, 1.75], "texture": "#main"},
				"up": {"uv": [14.5, 1.5, 14.75, 2.25], "rotation": 90, "texture": "#main"},
				"down": {"uv": [14.5, 1.5, 14.75, 2.25], "texture": "#main"}
			}
		},
		{
			"name": "Top west",
			"from": [5.5, 7, 6.5],
			"to": [6.5, 8, 9.5],
			"faces": {
				"north": {"uv": [14.5, 2, 14.75, 2.25], "texture": "#main"},
				"east": {"uv": [14.5, 1.5, 14.75, 1.75], "texture": "#main"},
				"south": {"uv": [14.5, 2, 14.75, 2.25], "texture": "#main"},
				"west": {"uv": [14.5, 1.5, 14.75, 1.75], "texture": "#main"},
				"up": {"uv": [14.5, 1.5, 14.75, 2.25], "texture": "#main"},
				"down": {"uv": [14.5, 1.5, 14.75, 2.25], "texture": "#main"}
			}
		},
		{
			"name": "Top north-west",
			"from": [6.5, 7, 6.5],
			"to": [8.5, 8, 8.5],
			"faces": {
				"north": {"uv": [13.75, 1.75, 14, 2.25], "texture": "#main"},
				"east": {"uv": [13.75, 1.75, 14, 2.25], "texture": "#main"},
				"south": {"uv": [13.75, 1.75, 14, 2.25], "texture": "#main"},
				"west": {"uv": [13.75, 1.75, 14, 2.25], "texture": "#main"},
				"up": {"uv": [13.75, 1.75, 14, 2.25], "texture": "#main"},
				"down": {"uv": [13.75, 1.75, 14, 2.25], "texture": "#main"}
			}
		},
		{
			"name": "Top north-east",
			"from": [8.5, 7, 6.5],
			"to": [9.5, 8, 8.5],
			"faces": {
				"north": {"uv": [14.5, 1.5, 14.75, 1.75], "texture": "#main"},
				"east": {"uv": [14.5, 1.5, 14.75, 1.75], "texture": "#main"},
				"south": {"uv": [14.5, 1.5, 14.75, 1.75], "texture": "#main"},
				"west": {"uv": [14.5, 1.5, 14.75, 1.75], "texture": "#main"},
				"up": {"uv": [14.5, 1.5, 14.75, 1.75], "texture": "#main"},
				"down": {"uv": [14.5, 1.5, 14.75, 1.75], "texture": "#main"}
			}
		},
		{
			"name": "Top south-east",
			"from": [7.5, 7, 8.5],
			"to": [9.5, 8, 9.5],
			"faces": {
				"north": {"uv": [14.25, 2, 14.5, 2.25], "texture": "#main"},
				"east": {"uv": [14.25, 2, 14.5, 2.25], "texture": "#main"},
				"south": {"uv": [14.25, 2, 14.5, 2.25], "texture": "#main"},
				"west": {"uv": [14.25, 2, 14.5, 2.25], "texture": "#main"},
				"up": {"uv": [14.25, 2, 14.5, 2.25], "texture": "#main"},
				"down": {"uv": [14.25, 2, 14.5, 2.25], "texture": "#main"}
			}
		},
		{
			"name": "Top south-west",
			"from": [6.5, 7, 8.5],
			"to": [7.5, 8, 9.5],
			"faces": {
				"north": {"uv": [13.75, 1.75, 14, 2.25], "texture": "#main"},
				"east": {"uv": [13.75, 1.75, 14, 2.25], "texture": "#main"},
				"south": {"uv": [13.75, 1.75, 14, 2.25], "texture": "#main"},
				"west": {"uv": [13.75, 1.75, 14, 2.25], "texture": "#main"},
				"up": {"uv": [13.75, 1.75, 14, 2.25], "texture": "#main"},
				"down": {"uv": [13.75, 1.75, 14, 2.25], "texture": "#main"}
			}
		},
		{
			"name": "Neck east",
			"from": [7.5, 8, 7.5],
			"to": [8.5, 10, 8.5],
			"faces": {
				"north": {"uv": [13.75, 1, 14, 1.5], "texture": "#main"},
				"east": {"uv": [13.75, 1, 14, 1.5], "texture": "#main"},
				"south": {"uv": [13.75, 1, 14, 1.5], "texture": "#main"},
				"west": {"uv": [13.75, 1, 14, 1.5], "texture": "#main"},
				"up": {"uv": [13.75, 1, 14, 1.25], "texture": "#main"},
				"down": {"uv": [13.75, 1, 14, 1.5], "texture": "#main"}
			}
		},
		{
			"name": "Neck east",
			"from": [8.5, 9, 7.5],
			"to": [9.5, 11, 8.5],
			"faces": {
				"north": {"uv": [14, 0.5, 14.25, 1], "texture": "#main"},
				"east": {"uv": [14, 0.5, 14.25, 1], "texture": "#main"},
				"south": {"uv": [14, 0.5, 14.25, 1], "texture": "#main"},
				"west": {"uv": [14, 0.5, 14.25, 1], "texture": "#main"},
				"up": {"uv": [14, 0.5, 14.25, 0.75], "texture": "#main"},
				"down": {"uv": [14, 0.5, 14.25, 1], "texture": "#main"}
			}
		}
	],
	"display": {
		"thirdperson_righthand": {
			"rotation": [0, -180, 0],
			"translation": [0, 0, -1],
			"scale": [0.5, 0.5, 0.5]
		},
		"thirdperson_lefthand": {
			"rotation": [0, -180, 0],
			"translation": [0, 0, -1],
			"scale": [0.5, 0.5, 0.5]
		},
		"firstperson_righthand": {
			"translation": [-2.5, 4, 4],
			"scale": [0.4, 0.4, 0.4]
		},
		"firstperson_lefthand": {
			"rotation": [0, 90, 0],
			"translation": [-2.5, 4, 4],
			"scale": [0.4, 0.4, 0.4]
		},
		"ground": {
			"translation": [0, 3, 0],
			"scale": [0.5, 0.5, 0.5]
		},
		"gui": {
			"rotation": [10, -15, 0],
			"translation": [0, 3, 0]
		},
		"head": {
			"rotation": [0, -180, 0],
			"translation": [0, 9, 0],
			"scale": [2.6, 2.6, 2.6]
		},
		"fixed": {
			"rotation": [0, 180, 0],
			"translation": [0, 2, -2.75]
		}
	}
}