{
	"credit": "Made with Blockbench",
	"textures": {
		"voxels_atlas": "item/coal/13"
	},
	"elements": [
		{
			"name": "Voxels",
			"from": [1, -0.25, 7.75],
			"to": [14.75, 1.75, 8.25],
			"faces": {
				"north": {"uv": [3.4375, 11.9375, 1.71875, 12.1875], "texture": "#voxels_atlas"},
				"east": {"uv": [7.8125, 14.3125, 7.75, 14.5625], "texture": "#voxels_atlas"},
				"south": {"uv": [0, 11.9375, 1.71875, 12.1875], "texture": "#voxels_atlas"},
				"west": {"uv": [7.6875, 14.3125, 7.75, 14.5625], "texture": "#voxels_atlas"},
				"up": {"uv": [5.75, 9.90625, 7.46875, 9.84375], "texture": "#voxels_atlas"},
				"down": {"uv": [0, 9.75, 1.71875, 9.8125], "texture": "#voxels_atlas"}
			}
		},
		{
			"name": "Voxels",
			"from": [1, 0, 7.5],
			"to": [14.75, 0.75, 7.75],
			"faces": {
				"north": {"uv": [5.15625, 10.5625, 3.4375, 10.65625], "texture": "#voxels_atlas"},
				"east": {"uv": [7.96875, 13.9375, 7.9375, 14.03125], "texture": "#voxels_atlas"},
				"south": {"uv": [5.15625, 10.5625, 6.875, 10.65625], "texture": "#voxels_atlas"},
				"west": {"uv": [7.96875, 13.9375, 8, 14.03125], "texture": "#voxels_atlas"},
				"up": {"uv": [3.4375, 9.1875, 5.15625, 9.15625], "texture": "#voxels_atlas"},
				"down": {"uv": [5.15625, 9.15625, 6.875, 9.1875], "texture": "#voxels_atlas"}
			}
		},
		{
			"name": "Voxels",
			"from": [1, 0, 8.25],
			"to": [14.75, 0.75, 8.5],
			"faces": {
				"north": {"uv": [4.71875, 10.6875, 3, 10.78125], "texture": "#voxels_atlas"},
				"east": {"uv": [7.90625, 13.9375, 7.875, 14.03125], "texture": "#voxels_atlas"},
				"south": {"uv": [1.71875, 10.5625, 3.4375, 10.65625], "texture": "#voxels_atlas"},
				"west": {"uv": [7.90625, 13.9375, 7.9375, 14.03125], "texture": "#voxels_atlas"},
				"up": {"uv": [0, 9.1875, 1.71875, 9.15625], "texture": "#voxels_atlas"},
				"down": {"uv": [1.71875, 9.15625, 3.4375, 9.1875], "texture": "#voxels_atlas"}
			}
		},
		{
			"name": "Voxels",
			"from": [1, 0.75, 7.5],
			"to": [14.5, 2.25, 7.75],
			"faces": {
				"north": {"uv": [5.0625, 11.75, 3.375, 11.9375], "texture": "#voxels_atlas"},
				"east": {"uv": [7.84375, 14.59375, 7.8125, 14.78125], "texture": "#voxels_atlas"},
				"south": {"uv": [0, 11.75, 1.6875, 11.9375], "texture": "#voxels_atlas"},
				"west": {"uv": [7.84375, 14.59375, 7.875, 14.78125], "texture": "#voxels_atlas"},
				"up": {"uv": [5.09375, 9.15625, 6.78125, 9.125], "texture": "#voxels_atlas"},
				"down": {"uv": [0, 9.09375, 1.6875, 9.125], "texture": "#voxels_atlas"}
			}
		},
		{
			"name": "Voxels",
			"from": [1, 0.75, 8.25],
			"to": [14.5, 2.25, 8.5],
			"faces": {
				"north": {"uv": [3.375, 11.75, 1.6875, 11.9375], "texture": "#voxels_atlas"},
				"east": {"uv": [7.90625, 14.59375, 7.875, 14.78125], "texture": "#voxels_atlas"},
				"south": {"uv": [5.0625, 11.75, 6.75, 11.9375], "texture": "#voxels_atlas"},
				"west": {"uv": [7.90625, 14.59375, 7.9375, 14.78125], "texture": "#voxels_atlas"},
				"up": {"uv": [1.71875, 9.15625, 3.40625, 9.125], "texture": "#voxels_atlas"},
				"down": {"uv": [3.40625, 9.125, 5.09375, 9.15625], "texture": "#voxels_atlas"}
			}
		},
		{
			"name": "Voxels",
			"from": [1, 1, 8.5],
			"to": [14.75, 1.75, 8.75],
			"faces": {
				"north": {"uv": [6.4375, 10.6875, 4.71875, 10.78125], "texture": "#voxels_atlas"},
				"east": {"uv": [7.875, 13.9375, 7.84375, 14.03125], "texture": "#voxels_atlas"},
				"south": {"uv": [0, 10.5625, 1.71875, 10.65625], "texture": "#voxels_atlas"},
				"west": {"uv": [7.90625, 14.0625, 7.9375, 14.15625], "texture": "#voxels_atlas"},
				"up": {"uv": [5.15625, 9.25, 6.875, 9.21875], "texture": "#voxels_atlas"},
				"down": {"uv": [0, 9.1875, 1.71875, 9.21875], "texture": "#voxels_atlas"}
			}
		},
		{
			"name": "Voxels",
			"from": [1, 1.25, 7.25],
			"to": [14.75, 1.75, 7.5],
			"faces": {
				"north": {"uv": [5.15625, 9.75, 3.4375, 9.8125], "texture": "#voxels_atlas"},
				"east": {"uv": [7.6875, 13.15625, 7.65625, 13.21875], "texture": "#voxels_atlas"},
				"south": {"uv": [5.15625, 9.75, 6.875, 9.8125], "texture": "#voxels_atlas"},
				"west": {"uv": [7.59375, 13.03125, 7.625, 13.09375], "texture": "#voxels_atlas"},
				"up": {"uv": [1.71875, 9.25, 3.4375, 9.21875], "texture": "#voxels_atlas"},
				"down": {"uv": [3.4375, 9.21875, 5.15625, 9.25], "texture": "#voxels_atlas"}
			}
		},
		{
			"name": "Voxels",
			"from": [1, 1.25, 8.75],
			"to": [14.75, 1.75, 9],
			"faces": {
				"north": {"uv": [3.4375, 9.75, 1.71875, 9.8125], "texture": "#voxels_atlas"},
				"east": {"uv": [7.84375, 13.40625, 7.8125, 13.46875], "texture": "#voxels_atlas"},
				"south": {"uv": [0, 9.6875, 1.71875, 9.75], "texture": "#voxels_atlas"},
				"west": {"uv": [7.625, 13.15625, 7.65625, 13.21875], "texture": "#voxels_atlas"},
				"up": {"uv": [5.875, 9.28125, 7.59375, 9.25], "texture": "#voxels_atlas"},
				"down": {"uv": [0, 9.21875, 1.71875, 9.25], "texture": "#voxels_atlas"}
			}
		},
		{
			"name": "Voxels",
			"from": [1, 1.5, 7],
			"to": [14.75, 1.75, 7.25],
			"faces": {
				"north": {"uv": [3.4375, 9.1875, 1.71875, 9.21875], "texture": "#voxels_atlas"},
				"east": {"uv": [7.9375, 14.5625, 7.90625, 14.59375], "texture": "#voxels_atlas"},
				"south": {"uv": [5.75, 9.8125, 7.46875, 9.84375], "texture": "#voxels_atlas"},
				"west": {"uv": [7.78125, 14.5625, 7.8125, 14.59375], "texture": "#voxels_atlas"},
				"up": {"uv": [0, 9.15625, 1.71875, 9.125], "texture": "#voxels_atlas"},
				"down": {"uv": [3, 10.65625, 4.71875, 10.6875], "texture": "#voxels_atlas"}
			}
		},
		{
			"name": "Voxels",
			"from": [1, 1.5, 9],
			"to": [14.75, 1.75, 9.25],
			"faces": {
				"north": {"uv": [5.15625, 9.1875, 3.4375, 9.21875], "texture": "#voxels_atlas"},
				"east": {"uv": [8, 14.5625, 7.96875, 14.59375], "texture": "#voxels_atlas"},
				"south": {"uv": [5.15625, 9.1875, 6.875, 9.21875], "texture": "#voxels_atlas"},
				"west": {"uv": [7.9375, 14.5625, 7.96875, 14.59375], "texture": "#voxels_atlas"},
				"up": {"uv": [4.71875, 10.6875, 6.4375, 10.65625], "texture": "#voxels_atlas"},
				"down": {"uv": [5.875, 9.28125, 7.59375, 9.3125], "texture": "#voxels_atlas"}
			}
		},
		{
			"name": "Voxels",
			"from": [1, 1.75, 7],
			"to": [14.5, 2.25, 7.5],
			"faces": {
				"north": {"uv": [3.375, 9.625, 1.6875, 9.6875], "texture": "#voxels_atlas"},
				"east": {"uv": [7.5, 14.5625, 7.4375, 14.625], "texture": "#voxels_atlas"},
				"south": {"uv": [0, 9.625, 1.6875, 9.6875], "texture": "#voxels_atlas"},
				"west": {"uv": [7.9375, 15.03125, 8, 15.09375], "texture": "#voxels_atlas"},
				"up": {"uv": [3.375, 9.6875, 5.0625, 9.625], "texture": "#voxels_atlas"},
				"down": {"uv": [5.0625, 9.625, 6.75, 9.6875], "texture": "#voxels_atlas"}
			}
		},
		{
			"name": "Voxels",
			"from": [1, 1.75, 7.75],
			"to": [14.5, 2.25, 8.25],
			"faces": {
				"north": {"uv": [3.40625, 9.6875, 1.71875, 9.75], "texture": "#voxels_atlas"},
				"east": {"uv": [7.96875, 14.875, 7.90625, 14.9375], "texture": "#voxels_atlas"},
				"south": {"uv": [3.375, 9.5625, 5.0625, 9.625], "texture": "#voxels_atlas"},
				"west": {"uv": [7.375, 14.5625, 7.4375, 14.625], "texture": "#voxels_atlas"},
				"up": {"uv": [3.40625, 9.75, 5.09375, 9.6875], "texture": "#voxels_atlas"},
				"down": {"uv": [5.09375, 9.6875, 6.78125, 9.75], "texture": "#voxels_atlas"}
			}
		},
		{
			"name": "Voxels",
			"from": [1, 1.75, 8.5],
			"to": [14.5, 2.25, 9.25],
			"faces": {
				"north": {"uv": [3.375, 9.5625, 1.6875, 9.625], "texture": "#voxels_atlas"},
				"east": {"uv": [7.9375, 15.03125, 7.84375, 15.09375], "texture": "#voxels_atlas"},
				"south": {"uv": [0, 9.5625, 1.6875, 9.625], "texture": "#voxels_atlas"},
				"west": {"uv": [7.90625, 14.9375, 8, 15], "texture": "#voxels_atlas"},
				"up": {"uv": [1.6875, 10.5625, 3.375, 10.46875], "texture": "#voxels_atlas"},
				"down": {"uv": [0, 10.46875, 1.6875, 10.5625], "texture": "#voxels_atlas"}
			}
		},
		{
			"name": "Voxels",
			"from": [1.25, 0.75, 8.5],
			"to": [14.5, 1, 8.75],
			"faces": {
				"north": {"uv": [6.625, 8.9375, 4.96875, 8.96875], "texture": "#voxels_atlas"},
				"east": {"uv": [7.8125, 13.9375, 7.78125, 13.96875], "texture": "#voxels_atlas"},
				"south": {"uv": [0, 8.90625, 1.65625, 8.9375], "texture": "#voxels_atlas"},
				"west": {"uv": [7.75, 13.9375, 7.78125, 13.96875], "texture": "#voxels_atlas"},
				"up": {"uv": [3.3125, 8.96875, 4.96875, 8.9375], "texture": "#voxels_atlas"},
				"down": {"uv": [1.65625, 8.9375, 3.3125, 8.96875], "texture": "#voxels_atlas"}
			}
		},
		{
			"name": "Voxels",
			"from": [1.25, 1, 7.25],
			"to": [14.5, 1.25, 7.5],
			"faces": {
				"north": {"uv": [3.34375, 9.09375, 1.6875, 9.125], "texture": "#voxels_atlas"},
				"east": {"uv": [7.9375, 13.40625, 7.90625, 13.4375], "texture": "#voxels_atlas"},
				"south": {"uv": [3.34375, 9.09375, 5, 9.125], "texture": "#voxels_atlas"},
				"west": {"uv": [7.9375, 13.40625, 7.96875, 13.4375], "texture": "#voxels_atlas"},
				"up": {"uv": [0, 8.90625, 1.65625, 8.875], "texture": "#voxels_atlas"},
				"down": {"uv": [4.96875, 8.90625, 6.625, 8.9375], "texture": "#voxels_atlas"}
			}
		},
		{
			"name": "Voxels",
			"from": [1.25, 1, 8.75],
			"to": [14.5, 1.25, 9],
			"faces": {
				"north": {"uv": [6.625, 9.0625, 4.96875, 9.09375], "texture": "#voxels_atlas"},
				"east": {"uv": [7.90625, 14.875, 7.875, 14.90625], "texture": "#voxels_atlas"},
				"south": {"uv": [0, 9.03125, 1.65625, 9.0625], "texture": "#voxels_atlas"},
				"west": {"uv": [7.53125, 12.9375, 7.5625, 12.96875], "texture": "#voxels_atlas"},
				"up": {"uv": [3.3125, 9.09375, 4.96875, 9.0625], "texture": "#voxels_atlas"},
				"down": {"uv": [1.65625, 9.0625, 3.3125, 9.09375], "texture": "#voxels_atlas"}
			}
		},
		{
			"name": "Voxels",
			"from": [1.25, 1.25, 7],
			"to": [14.5, 1.5, 7.25],
			"faces": {
				"north": {"uv": [3.3125, 9, 1.65625, 9.03125], "texture": "#voxels_atlas"},
				"east": {"uv": [8, 15, 7.96875, 15.03125], "texture": "#voxels_atlas"},
				"south": {"uv": [3.3125, 9, 4.96875, 9.03125], "texture": "#voxels_atlas"},
				"west": {"uv": [7.84375, 14.875, 7.875, 14.90625], "texture": "#voxels_atlas"},
				"up": {"uv": [0, 9.03125, 1.65625, 9], "texture": "#voxels_atlas"},
				"down": {"uv": [4.96875, 9.03125, 6.625, 9.0625], "texture": "#voxels_atlas"}
			}
		},
		{
			"name": "Voxels",
			"from": [1.25, 1.25, 9],
			"to": [14.5, 1.5, 9.25],
			"faces": {
				"north": {"uv": [3.3125, 8.96875, 1.65625, 9], "texture": "#voxels_atlas"},
				"east": {"uv": [7.90625, 15, 7.875, 15.03125], "texture": "#voxels_atlas"},
				"south": {"uv": [3.3125, 8.96875, 4.96875, 9], "texture": "#voxels_atlas"},
				"west": {"uv": [7.90625, 15, 7.9375, 15.03125], "texture": "#voxels_atlas"},
				"up": {"uv": [0, 9, 1.65625, 8.96875], "texture": "#voxels_atlas"},
				"down": {"uv": [4.96875, 9, 6.625, 9.03125], "texture": "#voxels_atlas"}
			}
		},
		{
			"name": "Voxels",
			"from": [1.25, 1.5, 6.75],
			"to": [14.5, 2.25, 7],
			"faces": {
				"north": {"uv": [3.3125, 10.375, 1.65625, 10.46875], "texture": "#voxels_atlas"},
				"east": {"uv": [7.5, 13.125, 7.46875, 13.21875], "texture": "#voxels_atlas"},
				"south": {"uv": [0, 10.375, 1.65625, 10.46875], "texture": "#voxels_atlas"},
				"west": {"uv": [7.46875, 13.03125, 7.5, 13.125], "texture": "#voxels_atlas"},
				"up": {"uv": [0, 8.96875, 1.65625, 8.9375], "texture": "#voxels_atlas"},
				"down": {"uv": [4.96875, 8.96875, 6.625, 9], "texture": "#voxels_atlas"}
			}
		},
		{
			"name": "Voxels",
			"from": [1.25, 1.5, 9.25],
			"to": [14.5, 2.25, 9.5],
			"faces": {
				"north": {"uv": [6.6875, 10.46875, 5.03125, 10.5625], "texture": "#voxels_atlas"},
				"east": {"uv": [7.96875, 13.84375, 7.9375, 13.9375], "texture": "#voxels_atlas"},
				"south": {"uv": [3.375, 10.46875, 5.03125, 10.5625], "texture": "#voxels_atlas"},
				"west": {"uv": [7.4375, 13.125, 7.46875, 13.21875], "texture": "#voxels_atlas"},
				"up": {"uv": [3.3125, 8.9375, 4.96875, 8.90625], "texture": "#voxels_atlas"},
				"down": {"uv": [1.65625, 8.90625, 3.3125, 8.9375], "texture": "#voxels_atlas"}
			}
		},
		{
			"name": "Voxels",
			"from": [1.25, 1.75, 6.5],
			"to": [14.25, 3.25, 6.75],
			"faces": {
				"north": {"uv": [1.625, 11.5625, 0, 11.75], "texture": "#voxels_atlas"},
				"east": {"uv": [7.84375, 14.375, 7.8125, 14.5625], "texture": "#voxels_atlas"},
				"south": {"uv": [4.875, 11.5625, 6.5, 11.75], "texture": "#voxels_atlas"},
				"west": {"uv": [7.75, 14.59375, 7.78125, 14.78125], "texture": "#voxels_atlas"},
				"up": {"uv": [1.65625, 8.90625, 3.28125, 8.875], "texture": "#voxels_atlas"},
				"down": {"uv": [5.0625, 11.9375, 6.6875, 11.96875], "texture": "#voxels_atlas"}
			}
		},
		{
			"name": "Voxels",
			"from": [1.25, 1.75, 9.5],
			"to": [14.25, 3.25, 9.75],
			"faces": {
				"north": {"uv": [4.875, 11.5625, 3.25, 11.75], "texture": "#voxels_atlas"},
				"east": {"uv": [7.96875, 14.59375, 7.9375, 14.78125], "texture": "#voxels_atlas"},
				"south": {"uv": [1.625, 11.5625, 3.25, 11.75], "texture": "#voxels_atlas"},
				"west": {"uv": [7.96875, 14.59375, 8, 14.78125], "texture": "#voxels_atlas"},
				"up": {"uv": [0, 8.875, 1.625, 8.84375], "texture": "#voxels_atlas"},
				"down": {"uv": [1.625, 8.84375, 3.25, 8.875], "texture": "#voxels_atlas"}
			}
		},
		{
			"name": "Voxels",
			"from": [1.25, 2, 9.75],
			"to": [14.25, 3.25, 10],
			"faces": {
				"north": {"uv": [2.34375, 11.25, 0.71875, 11.40625], "texture": "#voxels_atlas"},
				"east": {"uv": [7.96875, 14.40625, 7.9375, 14.5625], "texture": "#voxels_atlas"},
				"south": {"uv": [0.71875, 11.40625, 2.34375, 11.5625], "texture": "#voxels_atlas"},
				"west": {"uv": [7.96875, 14.40625, 8, 14.5625], "texture": "#voxels_atlas"},
				"up": {"uv": [1.625, 8.8125, 3.25, 8.78125], "texture": "#voxels_atlas"},
				"down": {"uv": [4.90625, 8.875, 6.53125, 8.90625], "texture": "#voxels_atlas"}
			}
		},
		{
			"name": "Voxels",
			"from": [1.25, 2.25, 6.75],
			"to": [14.25, 3.25, 9.5],
			"faces": {
				"north": {"uv": [4.9375, 10.90625, 3.3125, 11.03125], "texture": "#voxels_atlas"},
				"east": {"uv": [7.71875, 14.875, 7.375, 15], "texture": "#voxels_atlas"},
				"south": {"uv": [4.9375, 10.90625, 6.5625, 11.03125], "texture": "#voxels_atlas"},
				"west": {"uv": [7.375, 14.75, 7.71875, 14.875], "texture": "#voxels_atlas"},
				"up": {"uv": [1.625, 12.9375, 3.25, 12.59375], "texture": "#voxels_atlas"},
				"down": {"uv": [0, 12.59375, 1.625, 12.9375], "texture": "#voxels_atlas"}
			}
		},
		{
			"name": "Voxels",
			"from": [1.25, 2.75, 6.25],
			"to": [14.25, 3.25, 6.5],
			"faces": {
				"north": {"uv": [4.875, 12.59375, 3.25, 12.65625], "texture": "#voxels_atlas"},
				"east": {"uv": [7.53125, 13.03125, 7.5, 13.09375], "texture": "#voxels_atlas"},
				"south": {"uv": [0.71875, 11.1875, 2.34375, 11.25], "texture": "#voxels_atlas"},
				"west": {"uv": [7.5, 12.96875, 7.53125, 13.03125], "texture": "#voxels_atlas"},
				"up": {"uv": [3.25, 8.8125, 4.875, 8.78125], "texture": "#voxels_atlas"},
				"down": {"uv": [3.28125, 8.875, 4.90625, 8.90625], "texture": "#voxels_atlas"}
			}
		},
		{
			"name": "Voxels",
			"from": [1.25, 2.75, 10],
			"to": [14.25, 3.25, 10.25],
			"faces": {
				"north": {"uv": [3.96875, 11.1875, 2.34375, 11.25], "texture": "#voxels_atlas"},
				"east": {"uv": [7.96875, 13.28125, 7.9375, 13.34375], "texture": "#voxels_atlas"},
				"south": {"uv": [4.875, 12.59375, 6.5, 12.65625], "texture": "#voxels_atlas"},
				"west": {"uv": [7.5, 13.09375, 7.53125, 13.15625], "texture": "#voxels_atlas"},
				"up": {"uv": [3.4375, 11.96875, 5.0625, 11.9375], "texture": "#voxels_atlas"},
				"down": {"uv": [0, 8.78125, 1.625, 8.8125], "texture": "#voxels_atlas"}
			}
		},
		{
			"name": "Voxels",
			"from": [1.25, 13, 6.75],
			"to": [14.25, 14.25, 9],
			"faces": {
				"north": {"uv": [3.96875, 11.25, 2.34375, 11.40625], "texture": "#voxels_atlas"},
				"east": {"uv": [7.65625, 15.09375, 7.375, 15.25], "texture": "#voxels_atlas"},
				"south": {"uv": [2.34375, 11.40625, 3.96875, 11.5625], "texture": "#voxels_atlas"},
				"west": {"uv": [7.65625, 15.09375, 7.9375, 15.25], "texture": "#voxels_atlas"},
				"up": {"uv": [3.25, 12.9375, 4.875, 12.65625], "texture": "#voxels_atlas"},
				"down": {"uv": [4.875, 12.65625, 6.5, 12.9375], "texture": "#voxels_atlas"}
			}
		},
		{
			"name": "Voxels",
			"from": [1.25, 13, 9],
			"to": [14.25, 13.75, 9.25],
			"faces": {
				"north": {"uv": [4.875, 10.28125, 3.25, 10.375], "texture": "#voxels_atlas"},
				"east": {"uv": [8, 13.65625, 7.96875, 13.75], "texture": "#voxels_atlas"},
				"south": {"uv": [4.9375, 10.375, 6.5625, 10.46875], "texture": "#voxels_atlas"},
				"west": {"uv": [7.9375, 13.5625, 7.96875, 13.65625], "texture": "#voxels_atlas"},
				"up": {"uv": [4.875, 8.84375, 6.5, 8.8125], "texture": "#voxels_atlas"},
				"down": {"uv": [3.25, 8.8125, 4.875, 8.84375], "texture": "#voxels_atlas"}
			}
		},
		{
			"name": "Voxels",
			"from": [1.25, 14.25, 7],
			"to": [14.25, 15, 8.75],
			"faces": {
				"north": {"uv": [3.25, 10.28125, 1.625, 10.375], "texture": "#voxels_atlas"},
				"east": {"uv": [8, 15.59375, 7.78125, 15.6875], "texture": "#voxels_atlas"},
				"south": {"uv": [4.875, 10.28125, 6.5, 10.375], "texture": "#voxels_atlas"},
				"west": {"uv": [7.78125, 15.71875, 8, 15.8125], "texture": "#voxels_atlas"},
				"up": {"uv": [5.0625, 12.1875, 6.6875, 11.96875], "texture": "#voxels_atlas"},
				"down": {"uv": [3.4375, 11.96875, 5.0625, 12.1875], "texture": "#voxels_atlas"}
			}
		},
		{
			"name": "Voxels",
			"from": [1.25, 14.25, 8.75],
			"to": [14.25, 14.5, 9],
			"faces": {
				"north": {"uv": [1.625, 8.8125, 0, 8.84375], "texture": "#voxels_atlas"},
				"east": {"uv": [7.96875, 15.25, 7.9375, 15.28125], "texture": "#voxels_atlas"},
				"south": {"uv": [1.625, 8.8125, 3.25, 8.84375], "texture": "#voxels_atlas"},
				"west": {"uv": [7.96875, 15.25, 8, 15.28125], "texture": "#voxels_atlas"},
				"up": {"uv": [4.875, 8.875, 6.5, 8.84375], "texture": "#voxels_atlas"},
				"down": {"uv": [3.25, 8.84375, 4.875, 8.875], "texture": "#voxels_atlas"}
			}
		},
		{
			"name": "Voxels",
			"from": [1.25, 15, 7.5],
			"to": [14.5, 15.25, 8.5],
			"faces": {
				"north": {"uv": [6.65625, 9.09375, 5, 9.125], "texture": "#voxels_atlas"},
				"east": {"uv": [7.75, 15.25, 7.625, 15.28125], "texture": "#voxels_atlas"},
				"south": {"uv": [0, 9.0625, 1.65625, 9.09375], "texture": "#voxels_atlas"},
				"west": {"uv": [7.78125, 15.6875, 7.90625, 15.71875], "texture": "#voxels_atlas"},
				"up": {"uv": [0, 11.03125, 1.65625, 10.90625], "texture": "#voxels_atlas"},
				"down": {"uv": [1.65625, 10.90625, 3.3125, 11.03125], "texture": "#voxels_atlas"}
			}
		},
		{
			"name": "Voxels",
			"from": [1.25, 15.25, 7.5],
			"to": [14.25, 16, 8.5],
			"faces": {
				"north": {"uv": [1.625, 10.28125, 0, 10.375], "texture": "#voxels_atlas"},
				"east": {"uv": [8, 15.46875, 7.875, 15.5625], "texture": "#voxels_atlas"},
				"south": {"uv": [3.3125, 10.375, 4.9375, 10.46875], "texture": "#voxels_atlas"},
				"west": {"uv": [7.875, 15.375, 8, 15.46875], "texture": "#voxels_atlas"},
				"up": {"uv": [1.625, 10.90625, 3.25, 10.78125], "texture": "#voxels_atlas"},
				"down": {"uv": [0, 10.78125, 1.625, 10.90625], "texture": "#voxels_atlas"}
			}
		},
		{
			"name": "Voxels",
			"from": [1.25, 16, 7.75],
			"to": [14.5, 16.25, 8.25],
			"faces": {
				"north": {"uv": [3.3125, 9.03125, 1.65625, 9.0625], "texture": "#voxels_atlas"},
				"east": {"uv": [7.96875, 15.6875, 7.90625, 15.71875], "texture": "#voxels_atlas"},
				"south": {"uv": [3.3125, 9.03125, 4.96875, 9.0625], "texture": "#voxels_atlas"},
				"west": {"uv": [7.90625, 15.5625, 7.96875, 15.59375], "texture": "#voxels_atlas"},
				"up": {"uv": [0, 9.5625, 1.65625, 9.5], "texture": "#voxels_atlas"},
				"down": {"uv": [5.0625, 9.5625, 6.71875, 9.625], "texture": "#voxels_atlas"}
			}
		},
		{
			"name": "Voxels",
			"from": [1.5, 2.25, 6.25],
			"to": [14, 2.75, 6.5],
			"faces": {
				"north": {"uv": [8, 9.5, 6.4375, 9.5625], "texture": "#voxels_atlas"},
				"east": {"uv": [7.71875, 14.5625, 7.6875, 14.625], "texture": "#voxels_atlas"},
				"south": {"uv": [5.53125, 11.1875, 7.09375, 11.25], "texture": "#voxels_atlas"},
				"west": {"uv": [7.8125, 14.3125, 7.84375, 14.375], "texture": "#voxels_atlas"},
				"up": {"uv": [4.6875, 8.65625, 6.25, 8.625], "texture": "#voxels_atlas"},
				"down": {"uv": [3.125, 8.625, 4.6875, 8.65625], "texture": "#voxels_atlas"}
			}
		},
		{
			"name": "Voxels",
			"from": [1.5, 2.25, 10],
			"to": [14, 2.75, 10.25],
			"faces": {
				"north": {"uv": [6, 12.9375, 4.4375, 13], "texture": "#voxels_atlas"},
				"east": {"uv": [7.65625, 14.5625, 7.625, 14.625], "texture": "#voxels_atlas"},
				"south": {"uv": [4.6875, 13.40625, 6.25, 13.46875], "texture": "#voxels_atlas"},
				"west": {"uv": [7.65625, 14.5625, 7.6875, 14.625], "texture": "#voxels_atlas"},
				"up": {"uv": [6.25, 8.625, 7.8125, 8.59375], "texture": "#voxels_atlas"},
				"down": {"uv": [4.6875, 8.59375, 6.25, 8.625], "texture": "#voxels_atlas"}
			}
		},
		{
			"name": "Voxels",
			"from": [1.5, 2.75, 6],
			"to": [14, 4, 6.25],
			"faces": {
				"north": {"uv": [5.53125, 11.40625, 3.96875, 11.5625], "texture": "#voxels_atlas"},
				"east": {"uv": [7.96875, 14.15625, 7.9375, 14.3125], "texture": "#voxels_atlas"},
				"south": {"uv": [3.96875, 11.25, 5.53125, 11.40625], "texture": "#voxels_atlas"},
				"west": {"uv": [7.9375, 15.09375, 7.96875, 15.25], "texture": "#voxels_atlas"},
				"up": {"uv": [1.5625, 13.4375, 3.125, 13.40625], "texture": "#voxels_atlas"},
				"down": {"uv": [4.5625, 13.9375, 6.125, 13.96875], "texture": "#voxels_atlas"}
			}
		},
		{
			"name": "Voxels",
			"from": [1.5, 2.75, 10.25],
			"to": [14, 4, 10.5],
			"faces": {
				"north": {"uv": [7.09375, 11.40625, 5.53125, 11.5625], "texture": "#voxels_atlas"},
				"east": {"uv": [7.9375, 14.15625, 7.90625, 14.3125], "texture": "#voxels_atlas"},
				"south": {"uv": [5.53125, 11.25, 7.09375, 11.40625], "texture": "#voxels_atlas"},
				"west": {"uv": [7.875, 14.15625, 7.90625, 14.3125], "texture": "#voxels_atlas"},
				"up": {"uv": [0, 8.53125, 1.5625, 8.5], "texture": "#voxels_atlas"},
				"down": {"uv": [1.5625, 8.5, 3.125, 8.53125], "texture": "#voxels_atlas"}
			}
		},
		{
			"name": "Voxels",
			"from": [1.5, 3, 5.75],
			"to": [14, 4, 6],
			"faces": {
				"north": {"uv": [1.5625, 10.65625, 0, 10.78125], "texture": "#voxels_atlas"},
				"east": {"uv": [8, 14.1875, 7.96875, 14.3125], "texture": "#voxels_atlas"},
				"south": {"uv": [6.375, 10.78125, 7.9375, 10.90625], "texture": "#voxels_atlas"},
				"west": {"uv": [7.8125, 14.03125, 7.84375, 14.15625], "texture": "#voxels_atlas"},
				"up": {"uv": [4.6875, 8.5625, 6.25, 8.53125], "texture": "#voxels_atlas"},
				"down": {"uv": [6.25, 8.53125, 7.8125, 8.5625], "texture": "#voxels_atlas"}
			}
		},
		{
			"name": "Voxels",
			"from": [1.5, 3.25, 6.25],
			"to": [14, 4, 10.25],
			"faces": {
				"north": {"uv": [3.125, 10.09375, 1.5625, 10.1875], "texture": "#voxels_atlas"},
				"east": {"uv": [7.875, 15.375, 7.375, 15.46875], "texture": "#voxels_atlas"},
				"south": {"uv": [6.3125, 10.1875, 7.875, 10.28125], "texture": "#voxels_atlas"},
				"west": {"uv": [7.375, 15.46875, 7.875, 15.5625], "texture": "#voxels_atlas"},
				"up": {"uv": [3.125, 13.9375, 4.6875, 13.4375], "texture": "#voxels_atlas"},
				"down": {"uv": [1.5625, 13.4375, 3.125, 13.9375], "texture": "#voxels_atlas"}
			}
		},
		{
			"name": "Voxels",
			"from": [1.5, 3.5, 5.5],
			"to": [14, 4, 5.75],
			"faces": {
				"north": {"uv": [7.84375, 9.4375, 6.28125, 9.5], "texture": "#voxels_atlas"},
				"east": {"uv": [7.625, 14.5625, 7.59375, 14.625], "texture": "#voxels_atlas"},
				"south": {"uv": [1.5625, 9.375, 3.125, 9.4375], "texture": "#voxels_atlas"},
				"west": {"uv": [7.6875, 12.96875, 7.71875, 13.03125], "texture": "#voxels_atlas"},
				"up": {"uv": [0, 8.625, 1.5625, 8.59375], "texture": "#voxels_atlas"},
				"down": {"uv": [1.5625, 8.6875, 3.125, 8.71875], "texture": "#voxels_atlas"}
			}
		},
		{
			"name": "Voxels",
			"from": [1.5, 3.5, 10.5],
			"to": [14, 4, 10.75],
			"faces": {
				"north": {"uv": [5.53125, 11.1875, 3.96875, 11.25], "texture": "#voxels_atlas"},
				"east": {"uv": [7.5625, 12.96875, 7.53125, 13.03125], "texture": "#voxels_atlas"},
				"south": {"uv": [4.71875, 9.4375, 6.28125, 9.5], "texture": "#voxels_atlas"},
				"west": {"uv": [7.71875, 13.15625, 7.75, 13.21875], "texture": "#voxels_atlas"},
				"up": {"uv": [4.6875, 8.6875, 6.25, 8.65625], "texture": "#voxels_atlas"},
				"down": {"uv": [1.5625, 8.65625, 3.125, 8.6875], "texture": "#voxels_atlas"}
			}
		},
		{
			"name": "Voxels",
			"from": [1.5, 10.5, 5.5],
			"to": [14, 10.75, 10.25],
			"faces": {
				"north": {"uv": [4.5625, 13.9375, 3, 13.96875], "texture": "#voxels_atlas"},
				"east": {"uv": [7.96875, 13.25, 7.375, 13.28125], "texture": "#voxels_atlas"},
				"south": {"uv": [3.125, 13.40625, 4.6875, 13.4375], "texture": "#voxels_atlas"},
				"west": {"uv": [7.375, 13.21875, 7.96875, 13.25], "texture": "#voxels_atlas"},
				"up": {"uv": [3, 14.5625, 4.5625, 13.96875], "texture": "#voxels_atlas"},
				"down": {"uv": [4.5625, 13.96875, 6.125, 14.5625], "texture": "#voxels_atlas"}
			}
		},
		{
			"name": "Voxels",
			"from": [1.5, 10.75, 5.75],
			"to": [14, 11.25, 10],
			"faces": {
				"north": {"uv": [4.6875, 9.375, 3.125, 9.4375], "texture": "#voxels_atlas"},
				"east": {"uv": [7.90625, 13.34375, 7.375, 13.40625], "texture": "#voxels_atlas"},
				"south": {"uv": [6.25, 13.40625, 7.8125, 13.46875], "texture": "#voxels_atlas"},
				"west": {"uv": [7.375, 13.28125, 7.90625, 13.34375], "texture": "#voxels_atlas"},
				"up": {"uv": [6.125, 14.5625, 7.6875, 14.03125], "texture": "#voxels_atlas"},
				"down": {"uv": [0, 13.40625, 1.5625, 13.9375], "texture": "#voxels_atlas"}
			}
		},
		{
			"name": "Voxels",
			"from": [1.5, 10.75, 10],
			"to": [14, 11, 10.25],
			"faces": {
				"north": {"uv": [3.125, 8.53125, 1.5625, 8.5625], "texture": "#voxels_atlas"},
				"east": {"uv": [7.875, 15, 7.84375, 15.03125], "texture": "#voxels_atlas"},
				"south": {"uv": [3.125, 8.59375, 4.6875, 8.625], "texture": "#voxels_atlas"},
				"west": {"uv": [7.9375, 15, 7.96875, 15.03125], "texture": "#voxels_atlas"},
				"up": {"uv": [0, 8.6875, 1.5625, 8.65625], "texture": "#voxels_atlas"},
				"down": {"uv": [0, 8.625, 1.5625, 8.65625], "texture": "#voxels_atlas"}
			}
		},
		{
			"name": "Voxels",
			"from": [1.5, 11.25, 6],
			"to": [14, 12, 9.75],
			"faces": {
				"north": {"uv": [1.5625, 10.09375, 0, 10.1875], "texture": "#voxels_atlas"},
				"east": {"uv": [7.84375, 15, 7.375, 15.09375], "texture": "#voxels_atlas"},
				"south": {"uv": [6.125, 13.9375, 7.6875, 14.03125], "texture": "#voxels_atlas"},
				"west": {"uv": [7.375, 15.28125, 7.84375, 15.375], "texture": "#voxels_atlas"},
				"up": {"uv": [4.6875, 13.9375, 6.25, 13.46875], "texture": "#voxels_atlas"},
				"down": {"uv": [6.25, 13.46875, 7.8125, 13.9375], "texture": "#voxels_atlas"}
			}
		},
		{
			"name": "Voxels",
			"from": [1.5, 11.25, 9.75],
			"to": [14, 11.75, 10],
			"faces": {
				"north": {"uv": [4.71875, 9.4375, 3.15625, 9.5], "texture": "#voxels_atlas"},
				"east": {"uv": [7.875, 13.40625, 7.84375, 13.46875], "texture": "#voxels_atlas"},
				"south": {"uv": [0, 9.375, 1.5625, 9.4375], "texture": "#voxels_atlas"},
				"west": {"uv": [7.90625, 13.34375, 7.9375, 13.40625], "texture": "#voxels_atlas"},
				"up": {"uv": [6.25, 8.65625, 7.8125, 8.625], "texture": "#voxels_atlas"},
				"down": {"uv": [0, 8.5625, 1.5625, 8.59375], "texture": "#voxels_atlas"}
			}
		},
		{
			"name": "Voxels",
			"from": [1.5, 12, 6.25],
			"to": [14, 13, 9.5],
			"faces": {
				"north": {"uv": [4.8125, 10.78125, 3.25, 10.90625], "texture": "#voxels_atlas"},
				"east": {"uv": [7.78125, 15.5625, 7.375, 15.6875], "texture": "#voxels_atlas"},
				"south": {"uv": [4.8125, 10.78125, 6.375, 10.90625], "texture": "#voxels_atlas"},
				"west": {"uv": [7.375, 15.6875, 7.78125, 15.8125], "texture": "#voxels_atlas"},
				"up": {"uv": [2.875, 13.40625, 4.4375, 13], "texture": "#voxels_atlas"},
				"down": {"uv": [4.4375, 13, 6, 13.40625], "texture": "#voxels_atlas"}
			}
		},
		{
			"name": "Voxels",
			"from": [1.5, 12, 9.5],
			"to": [14, 12.25, 9.75],
			"faces": {
				"north": {"uv": [4.6875, 8.6875, 3.125, 8.71875], "texture": "#voxels_atlas"},
				"east": {"uv": [8, 15.5625, 7.96875, 15.59375], "texture": "#voxels_atlas"},
				"south": {"uv": [0, 8.6875, 1.5625, 8.71875], "texture": "#voxels_atlas"},
				"west": {"uv": [7.96875, 15.6875, 8, 15.71875], "texture": "#voxels_atlas"},
				"up": {"uv": [0, 8.5625, 1.5625, 8.53125], "texture": "#voxels_atlas"},
				"down": {"uv": [3.125, 8.53125, 4.6875, 8.5625], "texture": "#voxels_atlas"}
			}
		},
		{
			"name": "Voxels",
			"from": [1.5, 12.5, 9.5],
			"to": [14, 13, 9.75],
			"faces": {
				"north": {"uv": [4.4375, 12.9375, 2.875, 13], "texture": "#voxels_atlas"},
				"east": {"uv": [7.59375, 14.5625, 7.5625, 14.625], "texture": "#voxels_atlas"},
				"south": {"uv": [1.59375, 9.4375, 3.15625, 9.5], "texture": "#voxels_atlas"},
				"west": {"uv": [7.53125, 14.5625, 7.5625, 14.625], "texture": "#voxels_atlas"},
				"up": {"uv": [3.125, 8.6875, 4.6875, 8.65625], "texture": "#voxels_atlas"},
				"down": {"uv": [6.4375, 10.65625, 8, 10.6875], "texture": "#voxels_atlas"}
			}
		},
		{
			"name": "Voxels",
			"from": [1.5, 13, 6.5],
			"to": [14, 14.25, 6.75],
			"faces": {
				"north": {"uv": [3.125, 11.03125, 1.5625, 11.1875], "texture": "#voxels_atlas"},
				"east": {"uv": [7.875, 14.15625, 7.84375, 14.3125], "texture": "#voxels_atlas"},
				"south": {"uv": [0, 11.03125, 1.5625, 11.1875], "texture": "#voxels_atlas"},
				"west": {"uv": [7.96875, 15.09375, 8, 15.25], "texture": "#voxels_atlas"},
				"up": {"uv": [6.25, 8.71875, 7.8125, 8.6875], "texture": "#voxels_atlas"},
				"down": {"uv": [4.6875, 8.6875, 6.25, 8.71875], "texture": "#voxels_atlas"}
			}
		},
		{
			"name": "Voxels",
			"from": [1.5, 13, 9.25],
			"to": [14, 13.75, 9.5],
			"faces": {
				"north": {"uv": [8, 10.6875, 6.4375, 10.78125], "texture": "#voxels_atlas"},
				"east": {"uv": [7.90625, 14.3125, 7.875, 14.40625], "texture": "#voxels_atlas"},
				"south": {"uv": [3.1875, 10.1875, 4.75, 10.28125], "texture": "#voxels_atlas"},
				"west": {"uv": [7.90625, 14.3125, 7.9375, 14.40625], "texture": "#voxels_atlas"},
				"up": {"uv": [1.5625, 8.625, 3.125, 8.59375], "texture": "#voxels_atlas"},
				"down": {"uv": [1.5625, 8.625, 3.125, 8.65625], "texture": "#voxels_atlas"}
			}
		},
		{
			"name": "Voxels",
			"from": [1.5, 13.75, 9],
			"to": [14, 14.5, 9.25],
			"faces": {
				"north": {"uv": [4.6875, 10.09375, 3.125, 10.1875], "texture": "#voxels_atlas"},
				"east": {"uv": [7.40625, 13.125, 7.375, 13.21875], "texture": "#voxels_atlas"},
				"south": {"uv": [4.75, 10.1875, 6.3125, 10.28125], "texture": "#voxels_atlas"},
				"west": {"uv": [7.90625, 14.78125, 7.9375, 14.875], "texture": "#voxels_atlas"},
				"up": {"uv": [6.375, 8.75, 7.9375, 8.71875], "texture": "#voxels_atlas"},
				"down": {"uv": [6.25, 8.65625, 7.8125, 8.6875], "texture": "#voxels_atlas"}
			}
		},
		{
			"name": "Voxels",
			"from": [1.5, 14.25, 6.75],
			"to": [14.25, 15, 7],
			"faces": {
				"north": {"uv": [1.59375, 10.1875, 0, 10.28125], "texture": "#voxels_atlas"},
				"east": {"uv": [7.90625, 13.4375, 7.875, 13.53125], "texture": "#voxels_atlas"},
				"south": {"uv": [1.59375, 10.1875, 3.1875, 10.28125], "texture": "#voxels_atlas"},
				"west": {"uv": [7.96875, 13.4375, 8, 13.53125], "texture": "#voxels_atlas"},
				"up": {"uv": [3.1875, 8.75, 4.78125, 8.71875], "texture": "#voxels_atlas"},
				"down": {"uv": [4.78125, 8.71875, 6.375, 8.75], "texture": "#voxels_atlas"}
			}
		},
		{
			"name": "Voxels",
			"from": [1.5, 14.5, 8.75],
			"to": [14.25, 15, 9],
			"faces": {
				"north": {"uv": [3.25, 9.5, 1.65625, 9.5625], "texture": "#voxels_atlas"},
				"east": {"uv": [7.6875, 13.03125, 7.65625, 13.09375], "texture": "#voxels_atlas"},
				"south": {"uv": [0, 9.4375, 1.59375, 9.5], "texture": "#voxels_atlas"},
				"west": {"uv": [7.5625, 13.09375, 7.59375, 13.15625], "texture": "#voxels_atlas"},
				"up": {"uv": [4.78125, 8.78125, 6.375, 8.75], "texture": "#voxels_atlas"},
				"down": {"uv": [6.375, 8.75, 7.96875, 8.78125], "texture": "#voxels_atlas"}
			}
		},
		{
			"name": "Voxels",
			"from": [1.5, 15, 7],
			"to": [14.25, 15.25, 7.5],
			"faces": {
				"north": {"uv": [3.1875, 8.71875, 1.59375, 8.75], "texture": "#voxels_atlas"},
				"east": {"uv": [7.8125, 15.25, 7.75, 15.28125], "texture": "#voxels_atlas"},
				"south": {"uv": [0, 8.71875, 1.59375, 8.75], "texture": "#voxels_atlas"},
				"west": {"uv": [7.84375, 15.25, 7.90625, 15.28125], "texture": "#voxels_atlas"},
				"up": {"uv": [4.84375, 9.5625, 6.4375, 9.5], "texture": "#voxels_atlas"},
				"down": {"uv": [3.25, 9.5, 4.84375, 9.5625], "texture": "#voxels_atlas"}
			}
		},
		{
			"name": "Voxels",
			"from": [1.5, 15, 8.5],
			"to": [14.25, 15.25, 8.75],
			"faces": {
				"north": {"uv": [1.59375, 8.75, 0, 8.78125], "texture": "#voxels_atlas"},
				"east": {"uv": [7.78125, 14.5625, 7.75, 14.59375], "texture": "#voxels_atlas"},
				"south": {"uv": [4.875, 8.78125, 6.46875, 8.8125], "texture": "#voxels_atlas"},
				"west": {"uv": [7.875, 14.5625, 7.90625, 14.59375], "texture": "#voxels_atlas"},
				"up": {"uv": [1.59375, 8.78125, 3.1875, 8.75], "texture": "#voxels_atlas"},
				"down": {"uv": [3.1875, 8.75, 4.78125, 8.78125], "texture": "#voxels_atlas"}
			}
		},
		{
			"name": "Voxels",
			"from": [1.5, 15.25, 7.25],
			"to": [14, 15.5, 7.5],
			"faces": {
				"north": {"uv": [6.25, 8.5625, 4.6875, 8.59375], "texture": "#voxels_atlas"},
				"east": {"uv": [8, 13.25, 7.96875, 13.28125], "texture": "#voxels_atlas"},
				"south": {"uv": [6.25, 8.5625, 7.8125, 8.59375], "texture": "#voxels_atlas"},
				"west": {"uv": [7.71875, 14.5625, 7.75, 14.59375], "texture": "#voxels_atlas"},
				"up": {"uv": [3.125, 8.59375, 4.6875, 8.5625], "texture": "#voxels_atlas"},
				"down": {"uv": [1.5625, 8.5625, 3.125, 8.59375], "texture": "#voxels_atlas"}
			}
		},
		{
			"name": "Voxels",
			"from": [1.75, 3, 10.5],
			"to": [13.75, 3.5, 10.75],
			"faces": {
				"north": {"uv": [7.6875, 9.375, 6.1875, 9.4375], "texture": "#voxels_atlas"},
				"east": {"uv": [7.59375, 13.03125, 7.5625, 13.09375], "texture": "#voxels_atlas"},
				"south": {"uv": [5.875, 15.25, 7.375, 15.3125], "texture": "#voxels_atlas"},
				"west": {"uv": [7.5625, 12.96875, 7.59375, 13.03125], "texture": "#voxels_atlas"},
				"up": {"uv": [0, 8.46875, 1.5, 8.4375], "texture": "#voxels_atlas"},
				"down": {"uv": [6, 8.46875, 7.5, 8.5], "texture": "#voxels_atlas"}
			}
		},
		{
			"name": "Voxels",
			"from": [1.75, 3.25, 5.5],
			"to": [13.75, 3.5, 5.75],
			"faces": {
				"north": {"uv": [4.5, 8.40625, 3, 8.4375], "texture": "#voxels_atlas"},
				"east": {"uv": [7.875, 13.1875, 7.84375, 13.21875], "texture": "#voxels_atlas"},
				"south": {"uv": [4.5, 8.40625, 6, 8.4375], "texture": "#voxels_atlas"},
				"west": {"uv": [7.96875, 13.40625, 8, 13.4375], "texture": "#voxels_atlas"},
				"up": {"uv": [1.5, 8.4375, 3, 8.40625], "texture": "#voxels_atlas"},
				"down": {"uv": [0, 8.40625, 1.5, 8.4375], "texture": "#voxels_atlas"}
			}
		},
		{
			"name": "Voxels",
			"from": [1.75, 3.5, 5.25],
			"to": [13.75, 4.75, 5.5],
			"faces": {
				"north": {"uv": [8, 11.59375, 6.5, 11.75], "texture": "#voxels_atlas"},
				"east": {"uv": [7.84375, 14.15625, 7.8125, 14.3125], "texture": "#voxels_atlas"},
				"south": {"uv": [6.5, 12.625, 8, 12.78125], "texture": "#voxels_atlas"},
				"west": {"uv": [7.84375, 14.40625, 7.875, 14.5625], "texture": "#voxels_atlas"},
				"up": {"uv": [0, 8.5, 1.5, 8.46875], "texture": "#voxels_atlas"},
				"down": {"uv": [1.5, 8.375, 3, 8.40625], "texture": "#voxels_atlas"}
			}
		},
		{
			"name": "Voxels",
			"from": [1.75, 3.5, 10.75],
			"to": [13.75, 4.75, 11],
			"faces": {
				"north": {"uv": [8, 12.78125, 6.5, 12.9375], "texture": "#voxels_atlas"},
				"east": {"uv": [7.90625, 14.40625, 7.875, 14.5625], "texture": "#voxels_atlas"},
				"south": {"uv": [6.125, 11.03125, 7.625, 11.1875], "texture": "#voxels_atlas"},
				"west": {"uv": [7.90625, 14.40625, 7.9375, 14.5625], "texture": "#voxels_atlas"},
				"up": {"uv": [6, 8.46875, 7.5, 8.4375], "texture": "#voxels_atlas"},
				"down": {"uv": [6, 8.40625, 7.5, 8.4375], "texture": "#voxels_atlas"}
			}
		},
		{
			"name": "Voxels",
			"from": [1.75, 4, 5.5],
			"to": [13.75, 4.75, 10.75],
			"faces": {
				"north": {"uv": [1.5, 10, 0, 10.09375], "texture": "#voxels_atlas"},
				"east": {"uv": [7.34375, 11.9375, 6.6875, 12.03125], "texture": "#voxels_atlas"},
				"south": {"uv": [6.1875, 10.09375, 7.6875, 10.1875], "texture": "#voxels_atlas"},
				"west": {"uv": [7.09375, 11.28125, 7.75, 11.375], "texture": "#voxels_atlas"},
				"up": {"uv": [1.5, 15.25, 3, 14.59375], "texture": "#voxels_atlas"},
				"down": {"uv": [3, 14.59375, 4.5, 15.25], "texture": "#voxels_atlas"}
			}
		},
		{
			"name": "Voxels",
			"from": [1.75, 7.75, 5],
			"to": [13.75, 8.5, 11],
			"faces": {
				"north": {"uv": [6.1875, 10.09375, 4.6875, 10.1875], "texture": "#voxels_atlas"},
				"east": {"uv": [7.84375, 11.46875, 7.09375, 11.5625], "texture": "#voxels_atlas"},
				"south": {"uv": [6.5, 10.28125, 8, 10.375], "texture": "#voxels_atlas"},
				"west": {"uv": [7.09375, 11.375, 7.84375, 11.46875], "texture": "#voxels_atlas"},
				"up": {"uv": [0, 16, 1.5, 15.25], "texture": "#voxels_atlas"},
				"down": {"uv": [1.5, 15.25, 3, 16], "texture": "#voxels_atlas"}
			}
		},
		{
			"name": "Voxels",
			"from": [1.75, 8.5, 5.25],
			"to": [13.75, 9.75, 10.75],
			"faces": {
				"north": {"uv": [4.625, 11.03125, 3.125, 11.1875], "texture": "#voxels_atlas"},
				"east": {"uv": [7.4375, 11.78125, 6.75, 11.9375], "texture": "#voxels_atlas"},
				"south": {"uv": [4.625, 11.03125, 6.125, 11.1875], "texture": "#voxels_atlas"},
				"west": {"uv": [6.6875, 12.03125, 7.375, 12.1875], "texture": "#voxels_atlas"},
				"up": {"uv": [0, 15.25, 1.5, 14.5625], "texture": "#voxels_atlas"},
				"down": {"uv": [5.875, 15.3125, 7.375, 16], "texture": "#voxels_atlas"}
			}
		},
		{
			"name": "Voxels",
			"from": [1.75, 8.5, 10.75],
			"to": [13.75, 9.25, 11],
			"faces": {
				"north": {"uv": [7.5, 10, 6, 10.09375], "texture": "#voxels_atlas"},
				"east": {"uv": [7.84375, 13.9375, 7.8125, 14.03125], "texture": "#voxels_atlas"},
				"south": {"uv": [4.5, 10, 6, 10.09375], "texture": "#voxels_atlas"},
				"west": {"uv": [7.96875, 14.3125, 8, 14.40625], "texture": "#voxels_atlas"},
				"up": {"uv": [6.46875, 8.8125, 7.96875, 8.78125], "texture": "#voxels_atlas"},
				"down": {"uv": [3.125, 8.5, 4.625, 8.53125], "texture": "#voxels_atlas"}
			}
		},
		{
			"name": "Voxels",
			"from": [1.75, 9.75, 5.5],
			"to": [13.75, 10.5, 10.5],
			"faces": {
				"north": {"uv": [3, 10, 1.5, 10.09375], "texture": "#voxels_atlas"},
				"east": {"uv": [8, 15.90625, 7.375, 16], "texture": "#voxels_atlas"},
				"south": {"uv": [3, 10, 4.5, 10.09375], "texture": "#voxels_atlas"},
				"west": {"uv": [7.375, 15.8125, 8, 15.90625], "texture": "#voxels_atlas"},
				"up": {"uv": [1.5, 14.5625, 3, 13.9375], "texture": "#voxels_atlas"},
				"down": {"uv": [0, 13.9375, 1.5, 14.5625], "texture": "#voxels_atlas"}
			}
		},
		{
			"name": "Voxels",
			"from": [1.75, 10.5, 5.25],
			"to": [13.75, 10.75, 5.5],
			"faces": {
				"north": {"uv": [4.5, 14.5625, 3, 14.59375], "texture": "#voxels_atlas"},
				"east": {"uv": [7.9375, 15.25, 7.90625, 15.28125], "texture": "#voxels_atlas"},
				"south": {"uv": [0, 8.34375, 1.5, 8.375], "texture": "#voxels_atlas"},
				"west": {"uv": [7.8125, 15.25, 7.84375, 15.28125], "texture": "#voxels_atlas"},
				"up": {"uv": [6.5, 12.625, 8, 12.59375], "texture": "#voxels_atlas"},
				"down": {"uv": [6.5, 11.5625, 8, 11.59375], "texture": "#voxels_atlas"}
			}
		},
		{
			"name": "Voxels",
			"from": [1.75, 10.5, 10.25],
			"to": [13.75, 11, 10.5],
			"faces": {
				"north": {"uv": [3, 9.3125, 1.5, 9.375], "texture": "#voxels_atlas"},
				"east": {"uv": [8, 13.34375, 7.96875, 13.40625], "texture": "#voxels_atlas"},
				"south": {"uv": [4.6875, 9.375, 6.1875, 9.4375], "texture": "#voxels_atlas"},
				"west": {"uv": [7.96875, 14.875, 8, 14.9375], "texture": "#voxels_atlas"},
				"up": {"uv": [4.5, 8.40625, 6, 8.375], "texture": "#voxels_atlas"},
				"down": {"uv": [6, 8.375, 7.5, 8.40625], "texture": "#voxels_atlas"}
			}
		},
		{
			"name": "Voxels",
			"from": [1.75, 10.75, 5.5],
			"to": [13.75, 11.25, 5.75],
			"faces": {
				"north": {"uv": [3, 9.25, 1.5, 9.3125], "texture": "#voxels_atlas"},
				"east": {"uv": [7.53125, 13.15625, 7.5, 13.21875], "texture": "#voxels_atlas"},
				"south": {"uv": [4.5, 9.3125, 6, 9.375], "texture": "#voxels_atlas"},
				"west": {"uv": [7.96875, 13.28125, 8, 13.34375], "texture": "#voxels_atlas"},
				"up": {"uv": [1.5, 14.59375, 3, 14.5625], "texture": "#voxels_atlas"},
				"down": {"uv": [4.5, 8.4375, 6, 8.46875], "texture": "#voxels_atlas"}
			}
		},
		{
			"name": "Voxels",
			"from": [1.75, 11, 10],
			"to": [13.75, 11.75, 10.25],
			"faces": {
				"north": {"uv": [6, 9.90625, 4.5, 10], "texture": "#voxels_atlas"},
				"east": {"uv": [7.40625, 12.9375, 7.375, 13.03125], "texture": "#voxels_atlas"},
				"south": {"uv": [3, 9.90625, 4.5, 10], "texture": "#voxels_atlas"},
				"west": {"uv": [7.375, 13.03125, 7.40625, 13.125], "texture": "#voxels_atlas"},
				"up": {"uv": [1.5, 8.375, 3, 8.34375], "texture": "#voxels_atlas"},
				"down": {"uv": [0, 8.375, 1.5, 8.40625], "texture": "#voxels_atlas"}
			}
		},
		{
			"name": "Voxels",
			"from": [1.75, 11.25, 5.75],
			"to": [13.75, 12, 6],
			"faces": {
				"north": {"uv": [1.5, 9.90625, 0, 10], "texture": "#voxels_atlas"},
				"east": {"uv": [7.4375, 13.03125, 7.40625, 13.125], "texture": "#voxels_atlas"},
				"south": {"uv": [1.5, 9.90625, 3, 10], "texture": "#voxels_atlas"},
				"west": {"uv": [7.40625, 13.125, 7.4375, 13.21875], "texture": "#voxels_atlas"},
				"up": {"uv": [6.5, 8.84375, 8, 8.8125], "texture": "#voxels_atlas"},
				"down": {"uv": [6.5, 8.84375, 8, 8.875], "texture": "#voxels_atlas"}
			}
		},
		{
			"name": "Voxels",
			"from": [1.75, 11.75, 9.75],
			"to": [13.75, 12.25, 10],
			"faces": {
				"north": {"uv": [1.5, 9.3125, 0, 9.375], "texture": "#voxels_atlas"},
				"east": {"uv": [7.5625, 13.03125, 7.53125, 13.09375], "texture": "#voxels_atlas"},
				"south": {"uv": [3, 9.3125, 4.5, 9.375], "texture": "#voxels_atlas"},
				"west": {"uv": [7.53125, 13.09375, 7.5625, 13.15625], "texture": "#voxels_atlas"},
				"up": {"uv": [6.125, 8.53125, 7.625, 8.5], "texture": "#voxels_atlas"},
				"down": {"uv": [4.625, 8.5, 6.125, 8.53125], "texture": "#voxels_atlas"}
			}
		},
		{
			"name": "Voxels",
			"from": [1.75, 12, 6],
			"to": [13.75, 12.5, 6.25],
			"faces": {
				"north": {"uv": [7.5, 9.3125, 6, 9.375], "texture": "#voxels_atlas"},
				"east": {"uv": [7.9375, 13.28125, 7.90625, 13.34375], "texture": "#voxels_atlas"},
				"south": {"uv": [0, 9.25, 1.5, 9.3125], "texture": "#voxels_atlas"},
				"west": {"uv": [7.9375, 13.34375, 7.96875, 13.40625], "texture": "#voxels_atlas"},
				"up": {"uv": [4.5, 8.5, 6, 8.46875], "texture": "#voxels_atlas"},
				"down": {"uv": [3, 8.46875, 4.5, 8.5], "texture": "#voxels_atlas"}
			}
		},
		{
			"name": "Voxels",
			"from": [1.75, 12.25, 9.5],
			"to": [13.75, 12.5, 9.75],
			"faces": {
				"north": {"uv": [4.5, 8.4375, 3, 8.46875], "texture": "#voxels_atlas"},
				"east": {"uv": [7.78125, 13.15625, 7.75, 13.1875], "texture": "#voxels_atlas"},
				"south": {"uv": [1.5, 8.46875, 3, 8.5], "texture": "#voxels_atlas"},
				"west": {"uv": [7.78125, 13.15625, 7.8125, 13.1875], "texture": "#voxels_atlas"},
				"up": {"uv": [3, 8.40625, 4.5, 8.375], "texture": "#voxels_atlas"},
				"down": {"uv": [1.5, 8.4375, 3, 8.46875], "texture": "#voxels_atlas"}
			}
		},
		{
			"name": "Voxels",
			"from": [2, 4, 5],
			"to": [13.5, 7.75, 5.25],
			"faces": {
				"north": {"uv": [1.4375, 12.9375, 0, 13.40625], "texture": "#voxels_atlas"},
				"east": {"uv": [7.84375, 13.46875, 7.8125, 13.9375], "texture": "#voxels_atlas"},
				"south": {"uv": [1.4375, 12.9375, 2.875, 13.40625], "texture": "#voxels_atlas"},
				"west": {"uv": [7.84375, 13.46875, 7.875, 13.9375], "texture": "#voxels_atlas"},
				"up": {"uv": [5.875, 8.375, 7.3125, 8.34375], "texture": "#voxels_atlas"},
				"down": {"uv": [4.4375, 8.34375, 5.875, 8.375], "texture": "#voxels_atlas"}
			}
		},
		{
			"name": "Voxels",
			"from": [2, 4, 11],
			"to": [13.5, 9.25, 11.25],
			"faces": {
				"north": {"uv": [7.375, 14.59375, 5.9375, 15.25], "texture": "#voxels_atlas"},
				"east": {"uv": [0.03125, 7.625, 0, 8.28125], "texture": "#voxels_atlas"},
				"south": {"uv": [4.5, 14.59375, 5.9375, 15.25], "texture": "#voxels_atlas"},
				"west": {"uv": [0, 6.96875, 0.03125, 7.625], "texture": "#voxels_atlas"},
				"up": {"uv": [1.4375, 8.34375, 2.875, 8.3125], "texture": "#voxels_atlas"},
				"down": {"uv": [0, 8.3125, 1.4375, 8.34375], "texture": "#voxels_atlas"}
			}
		},
		{
			"name": "Voxels",
			"from": [2, 4.5, 4.75],
			"to": [13.25, 4.75, 5],
			"faces": {
				"north": {"uv": [7.15625, 8.3125, 5.75, 8.34375], "texture": "#voxels_atlas"},
				"east": {"uv": [7.84375, 14.5625, 7.8125, 14.59375], "texture": "#voxels_atlas"},
				"south": {"uv": [1.40625, 8.28125, 2.8125, 8.3125], "texture": "#voxels_atlas"},
				"west": {"uv": [7.84375, 14.5625, 7.875, 14.59375], "texture": "#voxels_atlas"},
				"up": {"uv": [0, 8.3125, 1.40625, 8.28125], "texture": "#voxels_atlas"},
				"down": {"uv": [2.8125, 8.28125, 4.21875, 8.3125], "texture": "#voxels_atlas"}
			}
		},
		{
			"name": "Voxels",
			"from": [2, 4.75, 5.25],
			"to": [13.5, 7.75, 11],
			"faces": {
				"north": {"uv": [4.25, 12.21875, 2.8125, 12.59375], "texture": "#voxels_atlas"},
				"east": {"uv": [7.71875, 12.21875, 7, 12.59375], "texture": "#voxels_atlas"},
				"south": {"uv": [1.375, 12.21875, 2.8125, 12.59375], "texture": "#voxels_atlas"},
				"west": {"uv": [0, 11.1875, 0.71875, 11.5625], "texture": "#voxels_atlas"},
				"up": {"uv": [4.4375, 16, 5.875, 15.28125], "texture": "#voxels_atlas"},
				"down": {"uv": [3, 15.28125, 4.4375, 16], "texture": "#voxels_atlas"}
			}
		},
		{
			"name": "Voxels",
			"from": [2, 7.75, 4.75],
			"to": [13.5, 8.5, 5],
			"faces": {
				"north": {"uv": [7.4375, 9.90625, 6, 10], "texture": "#voxels_atlas"},
				"east": {"uv": [8, 14.0625, 7.96875, 14.15625], "texture": "#voxels_atlas"},
				"south": {"uv": [0, 9.8125, 1.4375, 9.90625], "texture": "#voxels_atlas"},
				"west": {"uv": [7.9375, 14.0625, 7.96875, 14.15625], "texture": "#voxels_atlas"},
				"up": {"uv": [4.3125, 8.34375, 5.75, 8.3125], "texture": "#voxels_atlas"},
				"down": {"uv": [1.375, 12.1875, 2.8125, 12.21875], "texture": "#voxels_atlas"}
			}
		},
		{
			"name": "Voxels",
			"from": [2, 8.5, 5],
			"to": [13.5, 9.5, 5.25],
			"faces": {
				"north": {"uv": [8, 10.90625, 6.5625, 11.03125], "texture": "#voxels_atlas"},
				"east": {"uv": [7.90625, 14.03125, 7.875, 14.15625], "texture": "#voxels_atlas"},
				"south": {"uv": [1.5625, 10.65625, 3, 10.78125], "texture": "#voxels_atlas"},
				"west": {"uv": [7.84375, 14.03125, 7.875, 14.15625], "texture": "#voxels_atlas"},
				"up": {"uv": [4.4375, 15.28125, 5.875, 15.25], "texture": "#voxels_atlas"},
				"down": {"uv": [3, 15.25, 4.4375, 15.28125], "texture": "#voxels_atlas"}
			}
		},
		{
			"name": "Voxels",
			"from": [2, 9.25, 10.75],
			"to": [13.5, 9.75, 11],
			"faces": {
				"north": {"uv": [4.4375, 9.25, 3, 9.3125], "texture": "#voxels_atlas"},
				"east": {"uv": [7.625, 13.09375, 7.59375, 13.15625], "texture": "#voxels_atlas"},
				"south": {"uv": [4.4375, 9.25, 5.875, 9.3125], "texture": "#voxels_atlas"},
				"west": {"uv": [7.5, 14.5625, 7.53125, 14.625], "texture": "#voxels_atlas"},
				"up": {"uv": [5.9375, 14.59375, 7.375, 14.5625], "texture": "#voxels_atlas"},
				"down": {"uv": [4.5, 14.5625, 5.9375, 14.59375], "texture": "#voxels_atlas"}
			}
		},
		{
			"name": "Voxels",
			"from": [2, 9.5, 5],
			"to": [12, 9.75, 5.25],
			"faces": {
				"north": {"uv": [7.9375, 10.46875, 6.6875, 10.5], "texture": "#voxels_atlas"},
				"east": {"uv": [7.90625, 13.40625, 7.875, 13.4375], "texture": "#voxels_atlas"},
				"south": {"uv": [6.75, 9.65625, 8, 9.6875], "texture": "#voxels_atlas"},
				"west": {"uv": [7.96875, 13.53125, 8, 13.5625], "texture": "#voxels_atlas"},
				"up": {"uv": [6.6875, 10.53125, 7.9375, 10.5], "texture": "#voxels_atlas"},
				"down": {"uv": [6.6875, 10.53125, 7.9375, 10.5625], "texture": "#voxels_atlas"}
			}
		},
		{
			"name": "Voxels",
			"from": [2, 9.75, 5.25],
			"to": [13.5, 10.5, 5.5],
			"faces": {
				"north": {"uv": [2.875, 9.8125, 1.4375, 9.90625], "texture": "#voxels_atlas"},
				"east": {"uv": [7.96875, 13.75, 7.9375, 13.84375], "texture": "#voxels_atlas"},
				"south": {"uv": [6.5625, 10.375, 8, 10.46875], "texture": "#voxels_atlas"},
				"west": {"uv": [7.96875, 13.84375, 8, 13.9375], "texture": "#voxels_atlas"},
				"up": {"uv": [3, 8.375, 4.4375, 8.34375], "texture": "#voxels_atlas"},
				"down": {"uv": [2.875, 8.3125, 4.3125, 8.34375], "texture": "#voxels_atlas"}
			}
		},
		{
			"name": "Voxels",
			"from": [2, 9.75, 10.5],
			"to": [13.5, 10.5, 10.75],
			"faces": {
				"north": {"uv": [5.75, 9.8125, 4.3125, 9.90625], "texture": "#voxels_atlas"},
				"east": {"uv": [7.96875, 13.65625, 7.9375, 13.75], "texture": "#voxels_atlas"},
				"south": {"uv": [2.875, 9.8125, 4.3125, 9.90625], "texture": "#voxels_atlas"},
				"west": {"uv": [7.96875, 13.75, 8, 13.84375], "texture": "#voxels_atlas"},
				"up": {"uv": [2.8125, 12.21875, 4.25, 12.1875], "texture": "#voxels_atlas"},
				"down": {"uv": [6.53125, 8.875, 7.96875, 8.90625], "texture": "#voxels_atlas"}
			}
		},
		{
			"name": "Voxels",
			"from": [2.25, 4.5, 11.25],
			"to": [13.25, 7.75, 11.5],
			"faces": {
				"north": {"uv": [1.375, 12.1875, 0, 12.59375], "texture": "#voxels_atlas"},
				"east": {"uv": [7.90625, 13.53125, 7.875, 13.9375], "texture": "#voxels_atlas"},
				"south": {"uv": [6, 13, 7.375, 13.40625], "texture": "#voxels_atlas"},
				"west": {"uv": [7.90625, 13.53125, 7.9375, 13.9375], "texture": "#voxels_atlas"},
				"up": {"uv": [6, 12.96875, 7.375, 12.9375], "texture": "#voxels_atlas"},
				"down": {"uv": [6, 12.96875, 7.375, 13], "texture": "#voxels_atlas"}
			}
		},
		{
			"name": "Voxels",
			"from": [2.25, 4.75, 4.75],
			"to": [13.25, 7.75, 5],
			"faces": {
				"north": {"uv": [7, 12.21875, 5.625, 12.59375], "texture": "#voxels_atlas"},
				"east": {"uv": [7.71875, 13.9375, 7.6875, 14.3125], "texture": "#voxels_atlas"},
				"south": {"uv": [4.25, 12.21875, 5.625, 12.59375], "texture": "#voxels_atlas"},
				"west": {"uv": [7.71875, 13.9375, 7.75, 14.3125], "texture": "#voxels_atlas"},
				"up": {"uv": [5.625, 12.21875, 7, 12.1875], "texture": "#voxels_atlas"},
				"down": {"uv": [4.25, 12.1875, 5.625, 12.21875], "texture": "#voxels_atlas"}
			}
		},
		{
			"name": "Voxels",
			"from": [12.5, 9.5, 5],
			"to": [13.5, 9.75, 5.25],
			"faces": {
				"north": {"uv": [7.5, 15.25, 7.375, 15.28125], "texture": "#voxels_atlas"},
				"east": {"uv": [7.9375, 14.03125, 7.90625, 14.0625], "texture": "#voxels_atlas"},
				"south": {"uv": [7.78125, 15.5625, 7.90625, 15.59375], "texture": "#voxels_atlas"},
				"west": {"uv": [7.96875, 14.15625, 8, 14.1875], "texture": "#voxels_atlas"},
				"up": {"uv": [7.5, 15.28125, 7.625, 15.25], "texture": "#voxels_atlas"},
				"down": {"uv": [7.71875, 14.875, 7.84375, 14.90625], "texture": "#voxels_atlas"}
			}
		},
		{
			"name": "Voxels",
			"from": [14, 3, 6],
			"to": [14.25, 3.25, 6.25],
			"faces": {
				"north": {"uv": [7.96875, 13.53125, 7.9375, 13.5625], "texture": "#voxels_atlas"},
				"east": {"uv": [7.84375, 13.15625, 7.8125, 13.1875], "texture": "#voxels_atlas"},
				"south": {"uv": [7.84375, 13.15625, 7.875, 13.1875], "texture": "#voxels_atlas"},
				"west": {"uv": [7.71875, 13, 7.75, 13.03125], "texture": "#voxels_atlas"},
				"up": {"uv": [7.96875, 14.0625, 8, 14.03125], "texture": "#voxels_atlas"},
				"down": {"uv": [7.9375, 14.03125, 7.96875, 14.0625], "texture": "#voxels_atlas"}
			}
		},
		{
			"name": "Voxels",
			"from": [14, 12.5, 6.5],
			"to": [14.25, 13, 9.25],
			"faces": {
				"north": {"uv": [7.59375, 13.15625, 7.5625, 13.21875], "texture": "#voxels_atlas"},
				"east": {"uv": [7.71875, 14.625, 7.375, 14.6875], "texture": "#voxels_atlas"},
				"south": {"uv": [7.625, 13.09375, 7.65625, 13.15625], "texture": "#voxels_atlas"},
				"west": {"uv": [7.375, 14.6875, 7.71875, 14.75], "texture": "#voxels_atlas"},
				"up": {"uv": [7.78125, 14.3125, 7.8125, 13.96875], "texture": "#voxels_atlas"},
				"down": {"uv": [7.75, 13.96875, 7.78125, 14.3125], "texture": "#voxels_atlas"}
			}
		},
		{
			"name": "Voxels",
			"from": [14, 14.25, 9],
			"to": [14.25, 14.5, 9.25],
			"faces": {
				"north": {"uv": [7.65625, 12.9375, 7.625, 12.96875], "texture": "#voxels_atlas"},
				"east": {"uv": [7.75, 13.125, 7.71875, 13.15625], "texture": "#voxels_atlas"},
				"south": {"uv": [7.65625, 12.9375, 7.6875, 12.96875], "texture": "#voxels_atlas"},
				"west": {"uv": [7.6875, 12.9375, 7.71875, 12.96875], "texture": "#voxels_atlas"},
				"up": {"uv": [7.5, 12.96875, 7.53125, 12.9375], "texture": "#voxels_atlas"},
				"down": {"uv": [7.96875, 13.21875, 8, 13.25], "texture": "#voxels_atlas"}
			}
		},
		{
			"name": "Voxels",
			"from": [14.25, 2, 9.5],
			"to": [14.5, 2.25, 9.75],
			"faces": {
				"north": {"uv": [7.75, 12.9375, 7.71875, 12.96875], "texture": "#voxels_atlas"},
				"east": {"uv": [7.9375, 13.1875, 7.90625, 13.21875], "texture": "#voxels_atlas"},
				"south": {"uv": [7.8125, 13.1875, 7.84375, 13.21875], "texture": "#voxels_atlas"},
				"west": {"uv": [7.875, 13.1875, 7.90625, 13.21875], "texture": "#voxels_atlas"},
				"up": {"uv": [7.71875, 13, 7.75, 12.96875], "texture": "#voxels_atlas"},
				"down": {"uv": [7.71875, 13.03125, 7.75, 13.0625], "texture": "#voxels_atlas"}
			}
		},
		{
			"name": "Voxels",
			"from": [14.25, 14.25, 7.25],
			"to": [14.5, 15, 8.75],
			"faces": {
				"north": {"uv": [7.9375, 13.4375, 7.90625, 13.53125], "texture": "#voxels_atlas"},
				"east": {"uv": [7.90625, 14.78125, 7.71875, 14.875], "texture": "#voxels_atlas"},
				"south": {"uv": [7.9375, 13.4375, 7.96875, 13.53125], "texture": "#voxels_atlas"},
				"west": {"uv": [7.71875, 14.90625, 7.90625, 15], "texture": "#voxels_atlas"},
				"up": {"uv": [7.78125, 14.78125, 7.8125, 14.59375], "texture": "#voxels_atlas"},
				"down": {"uv": [7.71875, 14.59375, 7.75, 14.78125], "texture": "#voxels_atlas"}
			}
		},
		{
			"name": "Voxels",
			"from": [14.25, 15.25, 7.75],
			"to": [14.5, 16, 8.25],
			"faces": {
				"north": {"uv": [7.4375, 12.9375, 7.40625, 13.03125], "texture": "#voxels_atlas"},
				"east": {"uv": [7.90625, 15.28125, 7.84375, 15.375], "texture": "#voxels_atlas"},
				"south": {"uv": [7.4375, 13.03125, 7.46875, 13.125], "texture": "#voxels_atlas"},
				"west": {"uv": [7.90625, 15.28125, 7.96875, 15.375], "texture": "#voxels_atlas"},
				"up": {"uv": [7.59375, 13.03125, 7.625, 12.96875], "texture": "#voxels_atlas"},
				"down": {"uv": [7.59375, 13.15625, 7.625, 13.21875], "texture": "#voxels_atlas"}
			}
		},
		{
			"name": "Voxels",
			"from": [14.25, 15.5, 7.5],
			"to": [14.5, 16, 7.75],
			"faces": {
				"north": {"uv": [7.65625, 13.03125, 7.625, 13.09375], "texture": "#voxels_atlas"},
				"east": {"uv": [7.6875, 12.96875, 7.65625, 13.03125], "texture": "#voxels_atlas"},
				"south": {"uv": [7.625, 12.96875, 7.65625, 13.03125], "texture": "#voxels_atlas"},
				"west": {"uv": [7.65625, 13.09375, 7.6875, 13.15625], "texture": "#voxels_atlas"},
				"up": {"uv": [7.59375, 12.96875, 7.625, 12.9375], "texture": "#voxels_atlas"},
				"down": {"uv": [7.5625, 12.9375, 7.59375, 12.96875], "texture": "#voxels_atlas"}
			}
		},
		{
			"name": "Voxels",
			"from": [14.25, 15.5, 8.25],
			"to": [14.5, 16, 8.5],
			"faces": {
				"north": {"uv": [7.71875, 13.15625, 7.6875, 13.21875], "texture": "#voxels_atlas"},
				"east": {"uv": [7.71875, 13.03125, 7.6875, 13.09375], "texture": "#voxels_atlas"},
				"south": {"uv": [7.53125, 13.15625, 7.5625, 13.21875], "texture": "#voxels_atlas"},
				"west": {"uv": [7.6875, 13.09375, 7.71875, 13.15625], "texture": "#voxels_atlas"},
				"up": {"uv": [7.71875, 13.09375, 7.75, 13.0625], "texture": "#voxels_atlas"},
				"down": {"uv": [7.71875, 13.09375, 7.75, 13.125], "texture": "#voxels_atlas"}
			}
		},
		{
			"name": "Voxels",
			"from": [14.5, 1, 7.5],
			"to": [14.75, 1.75, 7.75],
			"faces": {
				"north": {"uv": [7.46875, 12.9375, 7.4375, 13.03125], "texture": "#voxels_atlas"},
				"east": {"uv": [7.96875, 14.78125, 7.9375, 14.875], "texture": "#voxels_atlas"},
				"south": {"uv": [7.46875, 12.9375, 7.5, 13.03125], "texture": "#voxels_atlas"},
				"west": {"uv": [7.96875, 15.28125, 8, 15.375], "texture": "#voxels_atlas"},
				"up": {"uv": [7.78125, 13.21875, 7.8125, 13.1875], "texture": "#voxels_atlas"},
				"down": {"uv": [7.75, 13.1875, 7.78125, 13.21875], "texture": "#voxels_atlas"}
			}
		},
		{
			"name": "Voxels",
			"from": [14.5, 1, 8.25],
			"to": [14.75, 1.75, 8.5],
			"faces": {
				"north": {"uv": [8, 14.78125, 7.96875, 14.875], "texture": "#voxels_atlas"},
				"east": {"uv": [8, 13.5625, 7.96875, 13.65625], "texture": "#voxels_atlas"},
				"south": {"uv": [7.84375, 14.3125, 7.875, 14.40625], "texture": "#voxels_atlas"},
				"west": {"uv": [7.9375, 14.3125, 7.96875, 14.40625], "texture": "#voxels_atlas"},
				"up": {"uv": [7.96875, 13.21875, 8, 13.1875], "texture": "#voxels_atlas"},
				"down": {"uv": [7.9375, 13.1875, 7.96875, 13.21875], "texture": "#voxels_atlas"}
			}
		}
	],
	"display": {
		"thirdperson_righthand": {
			"rotation": [0, 90, 0],
			"translation": [0, -1.5, 0],
			"scale": [0.5, 0.5, 0.5]
		},
		"thirdperson_lefthand": {
			"rotation": [0, 90, 0],
			"translation": [0, -1.5, 0],
			"scale": [0.5, 0.5, 0.5]
		},
		"firstperson_righthand": {
			"rotation": [0, 117, -14],
			"translation": [0, 2.7825, 0],
			"scale": [0.5, 0.5, 0.5]
		},
		"firstperson_lefthand": {
			"rotation": [0, 117, -14],
			"translation": [0, 3.4782, 0],
			"scale": [0.5, 0.5, 0.5]
		},
		"ground": {
			"rotation": [90, 0, 0],
			"translation": [0, 4.1739, 0]
		},
		"gui": {
			"rotation": [0, 180, 0],
			"scale": [0.75, 0.75, 0.75]
		},
		"head": {
			"scale": [0.0001, 0.0001, 0.0001]
		}
	}
}