{
	"credit": "Made with Blockbench",
	"textures": {
		"voxels_atlas": "item/coal/14"
	},
	"elements": [
		{
			"name": "Voxels",
			"from": [1, -0.25, 7.75],
			"to": [14.75, 1.75, 8.25],
			"faces": {
				"north": {"uv": [6.59375, 12.8125, 4.875, 13.0625], "texture": "#voxels_atlas"},
				"east": {"uv": [7.75, 14.3125, 7.6875, 14.5625], "texture": "#voxels_atlas"},
				"south": {"uv": [5.625, 12.46875, 7.34375, 12.71875], "texture": "#voxels_atlas"},
				"west": {"uv": [7.75, 14.3125, 7.8125, 14.5625], "texture": "#voxels_atlas"},
				"up": {"uv": [0, 9.78125, 1.71875, 9.71875], "texture": "#voxels_atlas"},
				"down": {"uv": [0, 9.78125, 1.71875, 9.84375], "texture": "#voxels_atlas"}
			}
		},
		{
			"name": "Voxels",
			"from": [1, 0, 7.5],
			"to": [14.75, 0.75, 7.75],
			"faces": {
				"north": {"uv": [6.875, 10.6875, 5.15625, 10.78125], "texture": "#voxels_atlas"},
				"east": {"uv": [7.75, 13.46875, 7.71875, 13.5625], "texture": "#voxels_atlas"},
				"south": {"uv": [0, 10.59375, 1.71875, 10.6875], "texture": "#voxels_atlas"},
				"west": {"uv": [7.8125, 13.75, 7.84375, 13.84375], "texture": "#voxels_atlas"},
				"up": {"uv": [5.75, 9.875, 7.46875, 9.84375], "texture": "#voxels_atlas"},
				"down": {"uv": [0, 9.25, 1.71875, 9.28125], "texture": "#voxels_atlas"}
			}
		},
		{
			"name": "Voxels",
			"from": [1, 0, 8.25],
			"to": [14.75, 0.75, 8.5],
			"faces": {
				"north": {"uv": [5.15625, 10.6875, 3.4375, 10.78125], "texture": "#voxels_atlas"},
				"east": {"uv": [7.78125, 13.75, 7.75, 13.84375], "texture": "#voxels_atlas"},
				"south": {"uv": [4.875, 12.71875, 6.59375, 12.8125], "texture": "#voxels_atlas"},
				"west": {"uv": [7.78125, 13.75, 7.8125, 13.84375], "texture": "#voxels_atlas"},
				"up": {"uv": [1.4375, 9.3125, 3.15625, 9.28125], "texture": "#voxels_atlas"},
				"down": {"uv": [1.4375, 9.3125, 3.15625, 9.34375], "texture": "#voxels_atlas"}
			}
		},
		{
			"name": "Voxels",
			"from": [1, 0.75, 7.5],
			"to": [14.5, 2.25, 7.75],
			"faces": {
				"north": {"uv": [1.6875, 11.90625, 0, 12.09375], "texture": "#voxels_atlas"},
				"east": {"uv": [7.96875, 14.375, 7.9375, 14.5625], "texture": "#voxels_atlas"},
				"south": {"uv": [1.6875, 11.90625, 3.375, 12.09375], "texture": "#voxels_atlas"},
				"west": {"uv": [7.90625, 14.375, 7.9375, 14.5625], "texture": "#voxels_atlas"},
				"up": {"uv": [3.25, 12.125, 4.9375, 12.09375], "texture": "#voxels_atlas"},
				"down": {"uv": [0, 9.15625, 1.6875, 9.1875], "texture": "#voxels_atlas"}
			}
		},
		{
			"name": "Voxels",
			"from": [1, 0.75, 8.25],
			"to": [14.5, 2.25, 8.5],
			"faces": {
				"north": {"uv": [6.625, 12.125, 4.9375, 12.3125], "texture": "#voxels_atlas"},
				"east": {"uv": [8, 14.375, 7.96875, 14.5625], "texture": "#voxels_atlas"},
				"south": {"uv": [3.25, 12.125, 4.9375, 12.3125], "texture": "#voxels_atlas"},
				"west": {"uv": [7.75, 14.125, 7.78125, 14.3125], "texture": "#voxels_atlas"},
				"up": {"uv": [5.15625, 9.21875, 6.84375, 9.1875], "texture": "#voxels_atlas"},
				"down": {"uv": [4.9375, 12.09375, 6.625, 12.125], "texture": "#voxels_atlas"}
			}
		},
		{
			"name": "Voxels",
			"from": [1, 1, 8.5],
			"to": [14.75, 1.75, 8.75],
			"faces": {
				"north": {"uv": [1.71875, 10.6875, 0, 10.78125], "texture": "#voxels_atlas"},
				"east": {"uv": [7.6875, 13.5625, 7.65625, 13.65625], "texture": "#voxels_atlas"},
				"south": {"uv": [1.71875, 10.6875, 3.4375, 10.78125], "texture": "#voxels_atlas"},
				"west": {"uv": [7.65625, 13.46875, 7.6875, 13.5625], "texture": "#voxels_atlas"},
				"up": {"uv": [3.4375, 9.25, 5.15625, 9.21875], "texture": "#voxels_atlas"},
				"down": {"uv": [1.71875, 9.21875, 3.4375, 9.25], "texture": "#voxels_atlas"}
			}
		},
		{
			"name": "Voxels",
			"from": [1, 1.25, 7.25],
			"to": [14.75, 1.75, 7.5],
			"faces": {
				"north": {"uv": [5.15625, 9.78125, 3.4375, 9.84375], "texture": "#voxels_atlas"},
				"east": {"uv": [7.90625, 13.53125, 7.875, 13.59375], "texture": "#voxels_atlas"},
				"south": {"uv": [5.15625, 9.78125, 6.875, 9.84375], "texture": "#voxels_atlas"},
				"west": {"uv": [7.875, 13.46875, 7.90625, 13.53125], "texture": "#voxels_atlas"},
				"up": {"uv": [3.15625, 9.34375, 4.875, 9.3125], "texture": "#voxels_atlas"},
				"down": {"uv": [5.15625, 9.21875, 6.875, 9.25], "texture": "#voxels_atlas"}
			}
		},
		{
			"name": "Voxels",
			"from": [1, 1.25, 8.75],
			"to": [14.75, 1.75, 9],
			"faces": {
				"north": {"uv": [3.4375, 9.78125, 1.71875, 9.84375], "texture": "#voxels_atlas"},
				"east": {"uv": [7.84375, 13.59375, 7.8125, 13.65625], "texture": "#voxels_atlas"},
				"south": {"uv": [5.75, 9.875, 7.46875, 9.9375], "texture": "#voxels_atlas"},
				"west": {"uv": [7.875, 14.3125, 7.90625, 14.375], "texture": "#voxels_atlas"},
				"up": {"uv": [4.875, 9.3125, 6.59375, 9.28125], "texture": "#voxels_atlas"},
				"down": {"uv": [3.15625, 9.28125, 4.875, 9.3125], "texture": "#voxels_atlas"}
			}
		},
		{
			"name": "Voxels",
			"from": [1, 1.5, 7],
			"to": [14.75, 1.75, 7.25],
			"faces": {
				"north": {"uv": [6.875, 9.25, 5.15625, 9.28125], "texture": "#voxels_atlas"},
				"east": {"uv": [7.6875, 13.25, 7.65625, 13.28125], "texture": "#voxels_atlas"},
				"south": {"uv": [0, 9.21875, 1.71875, 9.25], "texture": "#voxels_atlas"},
				"west": {"uv": [7.625, 13.34375, 7.65625, 13.375], "texture": "#voxels_atlas"},
				"up": {"uv": [3.4375, 9.28125, 5.15625, 9.25], "texture": "#voxels_atlas"},
				"down": {"uv": [1.71875, 9.25, 3.4375, 9.28125], "texture": "#voxels_atlas"}
			}
		},
		{
			"name": "Voxels",
			"from": [1, 1.5, 9],
			"to": [14.75, 1.75, 9.25],
			"faces": {
				"north": {"uv": [1.71875, 9.1875, 0, 9.21875], "texture": "#voxels_atlas"},
				"east": {"uv": [8, 14.71875, 7.96875, 14.75], "texture": "#voxels_atlas"},
				"south": {"uv": [1.71875, 9.1875, 3.4375, 9.21875], "texture": "#voxels_atlas"},
				"west": {"uv": [7.96875, 14.125, 8, 14.15625], "texture": "#voxels_atlas"},
				"up": {"uv": [4.875, 9.34375, 6.59375, 9.3125], "texture": "#voxels_atlas"},
				"down": {"uv": [3.4375, 9.1875, 5.15625, 9.21875], "texture": "#voxels_atlas"}
			}
		},
		{
			"name": "Voxels",
			"from": [1, 1.75, 7],
			"to": [14.5, 2.25, 7.5],
			"faces": {
				"north": {"uv": [5.0625, 9.59375, 3.375, 9.65625], "texture": "#voxels_atlas"},
				"east": {"uv": [7.78125, 14.5625, 7.71875, 14.625], "texture": "#voxels_atlas"},
				"south": {"uv": [1.6875, 9.59375, 3.375, 9.65625], "texture": "#voxels_atlas"},
				"west": {"uv": [7.84375, 14.84375, 7.90625, 14.90625], "texture": "#voxels_atlas"},
				"up": {"uv": [1.71875, 9.78125, 3.40625, 9.71875], "texture": "#voxels_atlas"},
				"down": {"uv": [3.40625, 9.71875, 5.09375, 9.78125], "texture": "#voxels_atlas"}
			}
		},
		{
			"name": "Voxels",
			"from": [1, 1.75, 7.75],
			"to": [14.5, 2.25, 8.25],
			"faces": {
				"north": {"uv": [3.375, 9.65625, 1.6875, 9.71875], "texture": "#voxels_atlas"},
				"east": {"uv": [7.96875, 14.84375, 7.90625, 14.90625], "texture": "#voxels_atlas"},
				"south": {"uv": [3.375, 9.65625, 5.0625, 9.71875], "texture": "#voxels_atlas"},
				"west": {"uv": [7.90625, 14.75, 7.96875, 14.8125], "texture": "#voxels_atlas"},
				"up": {"uv": [5.0625, 9.71875, 6.75, 9.65625], "texture": "#voxels_atlas"},
				"down": {"uv": [0, 9.59375, 1.6875, 9.65625], "texture": "#voxels_atlas"}
			}
		},
		{
			"name": "Voxels",
			"from": [1, 1.75, 8.5],
			"to": [14.5, 2.25, 9.25],
			"faces": {
				"north": {"uv": [6.78125, 9.71875, 5.09375, 9.78125], "texture": "#voxels_atlas"},
				"east": {"uv": [8, 15.5, 7.90625, 15.5625], "texture": "#voxels_atlas"},
				"south": {"uv": [0, 9.65625, 1.6875, 9.71875], "texture": "#voxels_atlas"},
				"west": {"uv": [7.90625, 15.40625, 8, 15.46875], "texture": "#voxels_atlas"},
				"up": {"uv": [3.40625, 10.6875, 5.09375, 10.59375], "texture": "#voxels_atlas"},
				"down": {"uv": [1.71875, 10.59375, 3.40625, 10.6875], "texture": "#voxels_atlas"}
			}
		},
		{
			"name": "Voxels",
			"from": [1.25, 0.75, 8.5],
			"to": [14.5, 1, 8.75],
			"faces": {
				"north": {"uv": [3.3125, 9, 1.65625, 9.03125], "texture": "#voxels_atlas"},
				"east": {"uv": [7.65625, 13.21875, 7.625, 13.25], "texture": "#voxels_atlas"},
				"south": {"uv": [0, 9, 1.65625, 9.03125], "texture": "#voxels_atlas"},
				"west": {"uv": [7.9375, 14.125, 7.96875, 14.15625], "texture": "#voxels_atlas"},
				"up": {"uv": [3.3125, 9.03125, 4.96875, 9], "texture": "#voxels_atlas"},
				"down": {"uv": [4.96875, 9, 6.625, 9.03125], "texture": "#voxels_atlas"}
			}
		},
		{
			"name": "Voxels",
			"from": [1.25, 1, 7.25],
			"to": [14.5, 1.25, 7.5],
			"faces": {
				"north": {"uv": [6.625, 9.0625, 4.96875, 9.09375], "texture": "#voxels_atlas"},
				"east": {"uv": [7.9375, 13.96875, 7.90625, 14], "texture": "#voxels_atlas"},
				"south": {"uv": [3.3125, 9.0625, 4.96875, 9.09375], "texture": "#voxels_atlas"},
				"west": {"uv": [7.625, 13.1875, 7.65625, 13.21875], "texture": "#voxels_atlas"},
				"up": {"uv": [1.65625, 9.0625, 3.3125, 9.03125], "texture": "#voxels_atlas"},
				"down": {"uv": [3.3125, 9.03125, 4.96875, 9.0625], "texture": "#voxels_atlas"}
			}
		},
		{
			"name": "Voxels",
			"from": [1.25, 1, 8.75],
			"to": [14.5, 1.25, 9],
			"faces": {
				"north": {"uv": [6.625, 9.09375, 4.96875, 9.125], "texture": "#voxels_atlas"},
				"east": {"uv": [8, 13.40625, 7.96875, 13.4375], "texture": "#voxels_atlas"},
				"south": {"uv": [4.96875, 9.125, 6.625, 9.15625], "texture": "#voxels_atlas"},
				"west": {"uv": [7.96875, 15.46875, 8, 15.5], "texture": "#voxels_atlas"},
				"up": {"uv": [0, 9.09375, 1.65625, 9.0625], "texture": "#voxels_atlas"},
				"down": {"uv": [1.65625, 9.0625, 3.3125, 9.09375], "texture": "#voxels_atlas"}
			}
		},
		{
			"name": "Voxels",
			"from": [1.25, 1.25, 7],
			"to": [14.5, 1.5, 7.25],
			"faces": {
				"north": {"uv": [5, 9.15625, 3.34375, 9.1875], "texture": "#voxels_atlas"},
				"east": {"uv": [7.875, 13.375, 7.84375, 13.40625], "texture": "#voxels_atlas"},
				"south": {"uv": [0, 9.03125, 1.65625, 9.0625], "texture": "#voxels_atlas"},
				"west": {"uv": [7.625, 13.375, 7.65625, 13.40625], "texture": "#voxels_atlas"},
				"up": {"uv": [5, 9.1875, 6.65625, 9.15625], "texture": "#voxels_atlas"},
				"down": {"uv": [0, 9.125, 1.65625, 9.15625], "texture": "#voxels_atlas"}
			}
		},
		{
			"name": "Voxels",
			"from": [1.25, 1.25, 9],
			"to": [14.5, 1.5, 9.25],
			"faces": {
				"north": {"uv": [1.65625, 8.96875, 0, 9], "texture": "#voxels_atlas"},
				"east": {"uv": [7.9375, 13.375, 7.90625, 13.40625], "texture": "#voxels_atlas"},
				"south": {"uv": [3.3125, 8.96875, 4.96875, 9], "texture": "#voxels_atlas"},
				"west": {"uv": [7.875, 13.375, 7.90625, 13.40625], "texture": "#voxels_atlas"},
				"up": {"uv": [1.65625, 9, 3.3125, 8.96875], "texture": "#voxels_atlas"},
				"down": {"uv": [1.5, 11.03125, 3.15625, 11.0625], "texture": "#voxels_atlas"}
			}
		},
		{
			"name": "Voxels",
			"from": [1.25, 1.5, 6.75],
			"to": [14.5, 2.25, 7],
			"faces": {
				"north": {"uv": [6.75, 10.59375, 5.09375, 10.6875], "texture": "#voxels_atlas"},
				"east": {"uv": [7.625, 13.65625, 7.59375, 13.75], "texture": "#voxels_atlas"},
				"south": {"uv": [0, 10.5, 1.65625, 10.59375], "texture": "#voxels_atlas"},
				"west": {"uv": [7.59375, 13.5625, 7.625, 13.65625], "texture": "#voxels_atlas"},
				"up": {"uv": [0, 9.125, 1.65625, 9.09375], "texture": "#voxels_atlas"},
				"down": {"uv": [1.65625, 9.125, 3.3125, 9.15625], "texture": "#voxels_atlas"}
			}
		},
		{
			"name": "Voxels",
			"from": [1.25, 1.5, 9.25],
			"to": [14.5, 2.25, 9.5],
			"faces": {
				"north": {"uv": [3.3125, 10.5, 1.65625, 10.59375], "texture": "#voxels_atlas"},
				"east": {"uv": [8, 15.0625, 7.96875, 15.15625], "texture": "#voxels_atlas"},
				"south": {"uv": [3.3125, 10.5, 4.96875, 10.59375], "texture": "#voxels_atlas"},
				"west": {"uv": [7.59375, 13.75, 7.625, 13.84375], "texture": "#voxels_atlas"},
				"up": {"uv": [3.3125, 9.125, 4.96875, 9.09375], "texture": "#voxels_atlas"},
				"down": {"uv": [1.65625, 9.09375, 3.3125, 9.125], "texture": "#voxels_atlas"}
			}
		},
		{
			"name": "Voxels",
			"from": [1.25, 1.75, 6.5],
			"to": [14.25, 3.25, 6.75],
			"faces": {
				"north": {"uv": [3.25, 11.71875, 1.625, 11.90625], "texture": "#voxels_atlas"},
				"east": {"uv": [7.9375, 14.125, 7.90625, 14.3125], "texture": "#voxels_atlas"},
				"south": {"uv": [3.375, 11.90625, 5, 12.09375], "texture": "#voxels_atlas"},
				"west": {"uv": [7.8125, 14.375, 7.84375, 14.5625], "texture": "#voxels_atlas"},
				"up": {"uv": [4.875, 8.96875, 6.5, 8.9375], "texture": "#voxels_atlas"},
				"down": {"uv": [0, 8.9375, 1.625, 8.96875], "texture": "#voxels_atlas"}
			}
		},
		{
			"name": "Voxels",
			"from": [1.25, 1.75, 9.5],
			"to": [14.25, 3.25, 9.75],
			"faces": {
				"north": {"uv": [1.625, 11.71875, 0, 11.90625], "texture": "#voxels_atlas"},
				"east": {"uv": [7.8125, 14.125, 7.78125, 14.3125], "texture": "#voxels_atlas"},
				"south": {"uv": [5, 11.90625, 6.625, 12.09375], "texture": "#voxels_atlas"},
				"west": {"uv": [7.875, 14.125, 7.90625, 14.3125], "texture": "#voxels_atlas"},
				"up": {"uv": [3.25, 8.90625, 4.875, 8.875], "texture": "#voxels_atlas"},
				"down": {"uv": [3.25, 8.90625, 4.875, 8.9375], "texture": "#voxels_atlas"}
			}
		},
		{
			"name": "Voxels",
			"from": [1.25, 2, 9.75],
			"to": [14.25, 3.25, 10],
			"faces": {
				"north": {"uv": [7.875, 11.75, 6.25, 11.90625], "texture": "#voxels_atlas"},
				"east": {"uv": [7.9375, 14.5625, 7.90625, 14.71875], "texture": "#voxels_atlas"},
				"south": {"uv": [5.625, 12.3125, 7.25, 12.46875], "texture": "#voxels_atlas"},
				"west": {"uv": [7.9375, 14.5625, 7.96875, 14.71875], "texture": "#voxels_atlas"},
				"up": {"uv": [6.25, 11.75, 7.875, 11.71875], "texture": "#voxels_atlas"},
				"down": {"uv": [4.8125, 11.03125, 6.4375, 11.0625], "texture": "#voxels_atlas"}
			}
		},
		{
			"name": "Voxels",
			"from": [1.25, 2.25, 6.75],
			"to": [14.25, 3.25, 9.5],
			"faces": {
				"north": {"uv": [4.875, 10.90625, 3.25, 11.03125], "texture": "#voxels_atlas"},
				"east": {"uv": [7.71875, 14.5625, 7.375, 14.6875], "texture": "#voxels_atlas"},
				"south": {"uv": [1.625, 10.90625, 3.25, 11.03125], "texture": "#voxels_atlas"},
				"west": {"uv": [7.375, 14.6875, 7.71875, 14.8125], "texture": "#voxels_atlas"},
				"up": {"uv": [0, 13.0625, 1.625, 12.71875], "texture": "#voxels_atlas"},
				"down": {"uv": [4.5, 13.125, 6.125, 13.46875], "texture": "#voxels_atlas"}
			}
		},
		{
			"name": "Voxels",
			"from": [1.25, 2.75, 6.25],
			"to": [14.25, 3.25, 6.5],
			"faces": {
				"north": {"uv": [6.125, 13.0625, 4.5, 13.125], "texture": "#voxels_atlas"},
				"east": {"uv": [7.96875, 13.40625, 7.9375, 13.46875], "texture": "#voxels_atlas"},
				"south": {"uv": [1.4375, 11.34375, 3.0625, 11.40625], "texture": "#voxels_atlas"},
				"west": {"uv": [7.90625, 13.40625, 7.9375, 13.46875], "texture": "#voxels_atlas"},
				"up": {"uv": [4.96875, 9, 6.59375, 8.96875], "texture": "#voxels_atlas"},
				"down": {"uv": [0, 8.84375, 1.625, 8.875], "texture": "#voxels_atlas"}
			}
		},
		{
			"name": "Voxels",
			"from": [1.25, 2.75, 10],
			"to": [14.25, 3.25, 10.25],
			"faces": {
				"north": {"uv": [3.25, 12.71875, 1.625, 12.78125], "texture": "#voxels_atlas"},
				"east": {"uv": [8, 14.75, 7.96875, 14.8125], "texture": "#voxels_atlas"},
				"south": {"uv": [3.25, 12.71875, 4.875, 12.78125], "texture": "#voxels_atlas"},
				"west": {"uv": [7.96875, 14.84375, 8, 14.90625], "texture": "#voxels_atlas"},
				"up": {"uv": [4.875, 8.9375, 6.5, 8.90625], "texture": "#voxels_atlas"},
				"down": {"uv": [1.625, 8.9375, 3.25, 8.96875], "texture": "#voxels_atlas"}
			}
		},
		{
			"name": "Voxels",
			"from": [1.25, 13, 6.75],
			"to": [14.25, 14.25, 9],
			"faces": {
				"north": {"uv": [3.0625, 11.5625, 1.4375, 11.71875], "texture": "#voxels_atlas"},
				"east": {"uv": [7.9375, 14.90625, 7.65625, 15.0625], "texture": "#voxels_atlas"},
				"south": {"uv": [1.4375, 11.40625, 3.0625, 11.5625], "texture": "#voxels_atlas"},
				"west": {"uv": [7.375, 14.90625, 7.65625, 15.0625], "texture": "#voxels_atlas"},
				"up": {"uv": [1.625, 13.0625, 3.25, 12.78125], "texture": "#voxels_atlas"},
				"down": {"uv": [3.25, 12.78125, 4.875, 13.0625], "texture": "#voxels_atlas"}
			}
		},
		{
			"name": "Voxels",
			"from": [1.25, 13, 9],
			"to": [14.25, 13.75, 9.25],
			"faces": {
				"north": {"uv": [6.5, 10.40625, 4.875, 10.5], "texture": "#voxels_atlas"},
				"east": {"uv": [7.78125, 13.46875, 7.75, 13.5625], "texture": "#voxels_atlas"},
				"south": {"uv": [1.625, 10.40625, 3.25, 10.5], "texture": "#voxels_atlas"},
				"west": {"uv": [7.78125, 13.65625, 7.8125, 13.75], "texture": "#voxels_atlas"},
				"up": {"uv": [1.625, 8.90625, 3.25, 8.875], "texture": "#voxels_atlas"},
				"down": {"uv": [0, 8.875, 1.625, 8.90625], "texture": "#voxels_atlas"}
			}
		},
		{
			"name": "Voxels",
			"from": [1.25, 14.25, 7],
			"to": [14.25, 15, 8.75],
			"faces": {
				"north": {"uv": [1.625, 10.40625, 0, 10.5], "texture": "#voxels_atlas"},
				"east": {"uv": [8, 15.59375, 7.78125, 15.6875], "texture": "#voxels_atlas"},
				"south": {"uv": [3.25, 10.40625, 4.875, 10.5], "texture": "#voxels_atlas"},
				"west": {"uv": [7.78125, 15.71875, 8, 15.8125], "texture": "#voxels_atlas"},
				"up": {"uv": [0, 12.3125, 1.625, 12.09375], "texture": "#voxels_atlas"},
				"down": {"uv": [1.625, 12.09375, 3.25, 12.3125], "texture": "#voxels_atlas"}
			}
		},
		{
			"name": "Voxels",
			"from": [1.25, 14.25, 8.75],
			"to": [14.25, 14.5, 9],
			"faces": {
				"north": {"uv": [4.875, 8.9375, 3.25, 8.96875], "texture": "#voxels_atlas"},
				"east": {"uv": [7.9375, 15.25, 7.90625, 15.28125], "texture": "#voxels_atlas"},
				"south": {"uv": [4.875, 8.875, 6.5, 8.90625], "texture": "#voxels_atlas"},
				"west": {"uv": [7.875, 15.25, 7.90625, 15.28125], "texture": "#voxels_atlas"},
				"up": {"uv": [0, 8.9375, 1.625, 8.90625], "texture": "#voxels_atlas"},
				"down": {"uv": [1.625, 8.90625, 3.25, 8.9375], "texture": "#voxels_atlas"}
			}
		},
		{
			"name": "Voxels",
			"from": [1.25, 15, 7.5],
			"to": [14.5, 15.25, 8.5],
			"faces": {
				"north": {"uv": [4.8125, 11.03125, 3.15625, 11.0625], "texture": "#voxels_atlas"},
				"east": {"uv": [7.5, 15.25, 7.375, 15.28125], "texture": "#voxels_atlas"},
				"south": {"uv": [1.6875, 9.15625, 3.34375, 9.1875], "texture": "#voxels_atlas"},
				"west": {"uv": [7.78125, 15.5625, 7.90625, 15.59375], "texture": "#voxels_atlas"},
				"up": {"uv": [3.15625, 11.1875, 4.8125, 11.0625], "texture": "#voxels_atlas"},
				"down": {"uv": [1.5, 11.0625, 3.15625, 11.1875], "texture": "#voxels_atlas"}
			}
		},
		{
			"name": "Voxels",
			"from": [1.25, 15.25, 7.5],
			"to": [14.25, 16, 8.5],
			"faces": {
				"north": {"uv": [6.59375, 10.5, 4.96875, 10.59375], "texture": "#voxels_atlas"},
				"east": {"uv": [8, 15.28125, 7.875, 15.375], "texture": "#voxels_atlas"},
				"south": {"uv": [0, 10.3125, 1.625, 10.40625], "texture": "#voxels_atlas"},
				"west": {"uv": [7.875, 15.15625, 8, 15.25], "texture": "#voxels_atlas"},
				"up": {"uv": [4.8125, 11.1875, 6.4375, 11.0625], "texture": "#voxels_atlas"},
				"down": {"uv": [0, 10.90625, 1.625, 11.03125], "texture": "#voxels_atlas"}
			}
		},
		{
			"name": "Voxels",
			"from": [1.25, 16, 7.75],
			"to": [14.5, 16.25, 8.25],
			"faces": {
				"north": {"uv": [4.96875, 9.125, 3.3125, 9.15625], "texture": "#voxels_atlas"},
				"east": {"uv": [7.96875, 15.375, 7.90625, 15.40625], "texture": "#voxels_atlas"},
				"south": {"uv": [4.96875, 9.03125, 6.625, 9.0625], "texture": "#voxels_atlas"},
				"west": {"uv": [7.90625, 15.46875, 7.96875, 15.5], "texture": "#voxels_atlas"},
				"up": {"uv": [5.0625, 9.65625, 6.71875, 9.59375], "texture": "#voxels_atlas"},
				"down": {"uv": [0, 9.53125, 1.65625, 9.59375], "texture": "#voxels_atlas"}
			}
		},
		{
			"name": "Voxels",
			"from": [1.5, 2.25, 6.25],
			"to": [14, 2.75, 6.5],
			"faces": {
				"north": {"uv": [7.84375, 9.46875, 6.28125, 9.53125], "texture": "#voxels_atlas"},
				"east": {"uv": [7.875, 13.59375, 7.84375, 13.65625], "texture": "#voxels_atlas"},
				"south": {"uv": [1.59375, 9.46875, 3.15625, 9.53125], "texture": "#voxels_atlas"},
				"west": {"uv": [7.8125, 13.46875, 7.84375, 13.53125], "texture": "#voxels_atlas"},
				"up": {"uv": [3.125, 8.65625, 4.6875, 8.625], "texture": "#voxels_atlas"},
				"down": {"uv": [1.5625, 8.625, 3.125, 8.65625], "texture": "#voxels_atlas"}
			}
		},
		{
			"name": "Voxels",
			"from": [1.5, 2.25, 10],
			"to": [14, 2.75, 10.25],
			"faces": {
				"north": {"uv": [8, 9.53125, 6.4375, 9.59375], "texture": "#voxels_atlas"},
				"east": {"uv": [7.84375, 14.3125, 7.8125, 14.375], "texture": "#voxels_atlas"},
				"south": {"uv": [6.1875, 11.34375, 7.75, 11.40625], "texture": "#voxels_atlas"},
				"west": {"uv": [7.8125, 14.5625, 7.84375, 14.625], "texture": "#voxels_atlas"},
				"up": {"uv": [6.25, 8.65625, 7.8125, 8.625], "texture": "#voxels_atlas"},
				"down": {"uv": [4.6875, 8.625, 6.25, 8.65625], "texture": "#voxels_atlas"}
			}
		},
		{
			"name": "Voxels",
			"from": [1.5, 2.75, 6],
			"to": [14, 4, 6.25],
			"faces": {
				"north": {"uv": [6.1875, 11.40625, 4.625, 11.5625], "texture": "#voxels_atlas"},
				"east": {"uv": [7.96875, 14.15625, 7.9375, 14.3125], "texture": "#voxels_atlas"},
				"south": {"uv": [6.1875, 11.5625, 7.75, 11.71875], "texture": "#voxels_atlas"},
				"west": {"uv": [7.96875, 14.90625, 8, 15.0625], "texture": "#voxels_atlas"},
				"up": {"uv": [3.125, 13.5, 4.6875, 13.46875], "texture": "#voxels_atlas"},
				"down": {"uv": [1.5625, 13.46875, 3.125, 13.5], "texture": "#voxels_atlas"}
			}
		},
		{
			"name": "Voxels",
			"from": [1.5, 2.75, 10.25],
			"to": [14, 4, 10.5],
			"faces": {
				"north": {"uv": [7.75, 11.40625, 6.1875, 11.5625], "texture": "#voxels_atlas"},
				"east": {"uv": [7.84375, 13.96875, 7.8125, 14.125], "texture": "#voxels_atlas"},
				"south": {"uv": [3.0625, 11.5625, 4.625, 11.71875], "texture": "#voxels_atlas"},
				"west": {"uv": [7.96875, 14.15625, 8, 14.3125], "texture": "#voxels_atlas"},
				"up": {"uv": [1.59375, 8.8125, 3.15625, 8.78125], "texture": "#voxels_atlas"},
				"down": {"uv": [6.4375, 11.03125, 8, 11.0625], "texture": "#voxels_atlas"}
			}
		},
		{
			"name": "Voxels",
			"from": [1.5, 3, 5.75],
			"to": [14, 4, 6],
			"faces": {
				"north": {"uv": [8, 10.90625, 6.4375, 11.03125], "texture": "#voxels_atlas"},
				"east": {"uv": [7.59375, 13.46875, 7.5625, 13.59375], "texture": "#voxels_atlas"},
				"south": {"uv": [4.875, 10.90625, 6.4375, 11.03125], "texture": "#voxels_atlas"},
				"west": {"uv": [7.5625, 13.59375, 7.59375, 13.71875], "texture": "#voxels_atlas"},
				"up": {"uv": [4.71875, 8.8125, 6.28125, 8.78125], "texture": "#voxels_atlas"},
				"down": {"uv": [3.15625, 8.78125, 4.71875, 8.8125], "texture": "#voxels_atlas"}
			}
		},
		{
			"name": "Voxels",
			"from": [1.5, 3.25, 6.25],
			"to": [14, 4, 10.25],
			"faces": {
				"north": {"uv": [6.375, 10.3125, 4.8125, 10.40625], "texture": "#voxels_atlas"},
				"east": {"uv": [7.875, 15.28125, 7.375, 15.375], "texture": "#voxels_atlas"},
				"south": {"uv": [6.125, 13.96875, 7.6875, 14.0625], "texture": "#voxels_atlas"},
				"west": {"uv": [7.375, 15.15625, 7.875, 15.25], "texture": "#voxels_atlas"},
				"up": {"uv": [0, 13.96875, 1.5625, 13.46875], "texture": "#voxels_atlas"},
				"down": {"uv": [6.125, 14.0625, 7.6875, 14.5625], "texture": "#voxels_atlas"}
			}
		},
		{
			"name": "Voxels",
			"from": [1.5, 3.5, 5.5],
			"to": [14, 4, 5.75],
			"faces": {
				"north": {"uv": [4.71875, 9.46875, 3.15625, 9.53125], "texture": "#voxels_atlas"},
				"east": {"uv": [7.9375, 13.84375, 7.90625, 13.90625], "texture": "#voxels_atlas"},
				"south": {"uv": [4.71875, 9.46875, 6.28125, 9.53125], "texture": "#voxels_atlas"},
				"west": {"uv": [7.96875, 13.90625, 8, 13.96875], "texture": "#voxels_atlas"},
				"up": {"uv": [0, 8.78125, 1.5625, 8.75], "texture": "#voxels_atlas"},
				"down": {"uv": [6.28125, 8.78125, 7.84375, 8.8125], "texture": "#voxels_atlas"}
			}
		},
		{
			"name": "Voxels",
			"from": [1.5, 3.5, 10.5],
			"to": [14, 4, 10.75],
			"faces": {
				"north": {"uv": [6.1875, 11.34375, 4.625, 11.40625], "texture": "#voxels_atlas"},
				"east": {"uv": [8, 13.84375, 7.96875, 13.90625], "texture": "#voxels_atlas"},
				"south": {"uv": [3.0625, 11.34375, 4.625, 11.40625], "texture": "#voxels_atlas"},
				"west": {"uv": [7.9375, 13.84375, 7.96875, 13.90625], "texture": "#voxels_atlas"},
				"up": {"uv": [3.125, 8.78125, 4.6875, 8.75], "texture": "#voxels_atlas"},
				"down": {"uv": [1.5625, 8.75, 3.125, 8.78125], "texture": "#voxels_atlas"}
			}
		},
		{
			"name": "Voxels",
			"from": [1.5, 10.5, 5.75],
			"to": [14, 11.25, 10],
			"faces": {
				"north": {"uv": [1.5625, 10.125, 0, 10.21875], "texture": "#voxels_atlas"},
				"east": {"uv": [7.90625, 15.46875, 7.375, 15.5625], "texture": "#voxels_atlas"},
				"south": {"uv": [6.25, 10.21875, 7.8125, 10.3125], "texture": "#voxels_atlas"},
				"west": {"uv": [7.375, 15.375, 7.90625, 15.46875], "texture": "#voxels_atlas"},
				"up": {"uv": [3, 14.5625, 4.5625, 14.03125], "texture": "#voxels_atlas"},
				"down": {"uv": [4.5625, 14.03125, 6.125, 14.5625], "texture": "#voxels_atlas"}
			}
		},
		{
			"name": "Voxels",
			"from": [1.5, 10.5, 10],
			"to": [14, 11, 10.25],
			"faces": {
				"north": {"uv": [6.125, 13.96875, 4.5625, 14.03125], "texture": "#voxels_atlas"},
				"east": {"uv": [7.96875, 13.59375, 7.9375, 13.65625], "texture": "#voxels_atlas"},
				"south": {"uv": [3, 13.96875, 4.5625, 14.03125], "texture": "#voxels_atlas"},
				"west": {"uv": [7.90625, 13.59375, 7.9375, 13.65625], "texture": "#voxels_atlas"},
				"up": {"uv": [6.25, 8.78125, 7.8125, 8.75], "texture": "#voxels_atlas"},
				"down": {"uv": [4.6875, 8.75, 6.25, 8.78125], "texture": "#voxels_atlas"}
			}
		},
		{
			"name": "Voxels",
			"from": [1.5, 11.25, 6],
			"to": [14, 12, 9.75],
			"faces": {
				"north": {"uv": [4.6875, 10.21875, 3.125, 10.3125], "texture": "#voxels_atlas"},
				"east": {"uv": [7.84375, 15.0625, 7.375, 15.15625], "texture": "#voxels_atlas"},
				"south": {"uv": [4.6875, 10.21875, 6.25, 10.3125], "texture": "#voxels_atlas"},
				"west": {"uv": [7.375, 14.8125, 7.84375, 14.90625], "texture": "#voxels_atlas"},
				"up": {"uv": [1.5625, 13.96875, 3.125, 13.5], "texture": "#voxels_atlas"},
				"down": {"uv": [3.125, 13.5, 4.6875, 13.96875], "texture": "#voxels_atlas"}
			}
		},
		{
			"name": "Voxels",
			"from": [1.5, 11.25, 9.75],
			"to": [14, 11.75, 10],
			"faces": {
				"north": {"uv": [1.5625, 9.40625, 0, 9.46875], "texture": "#voxels_atlas"},
				"east": {"uv": [7.9375, 13.53125, 7.90625, 13.59375], "texture": "#voxels_atlas"},
				"south": {"uv": [1.5625, 9.40625, 3.125, 9.46875], "texture": "#voxels_atlas"},
				"west": {"uv": [7.84375, 13.46875, 7.875, 13.53125], "texture": "#voxels_atlas"},
				"up": {"uv": [1.5625, 8.75, 3.125, 8.71875], "texture": "#voxels_atlas"},
				"down": {"uv": [0, 8.71875, 1.5625, 8.75], "texture": "#voxels_atlas"}
			}
		},
		{
			"name": "Voxels",
			"from": [1.5, 12, 6.25],
			"to": [14, 13, 9.5],
			"faces": {
				"north": {"uv": [1.5625, 10.78125, 0, 10.90625], "texture": "#voxels_atlas"},
				"east": {"uv": [7.78125, 15.5625, 7.375, 15.6875], "texture": "#voxels_atlas"},
				"south": {"uv": [6.4375, 11.0625, 8, 11.1875], "texture": "#voxels_atlas"},
				"west": {"uv": [7.375, 15.6875, 7.78125, 15.8125], "texture": "#voxels_atlas"},
				"up": {"uv": [1.5625, 13.46875, 3.125, 13.0625], "texture": "#voxels_atlas"},
				"down": {"uv": [0, 13.0625, 1.5625, 13.46875], "texture": "#voxels_atlas"}
			}
		},
		{
			"name": "Voxels",
			"from": [1.5, 12, 9.5],
			"to": [14, 12.25, 9.75],
			"faces": {
				"north": {"uv": [7.8125, 8.71875, 6.25, 8.75], "texture": "#voxels_atlas"},
				"east": {"uv": [8, 15.375, 7.96875, 15.40625], "texture": "#voxels_atlas"},
				"south": {"uv": [0, 8.6875, 1.5625, 8.71875], "texture": "#voxels_atlas"},
				"west": {"uv": [7.78125, 13.46875, 7.8125, 13.5], "texture": "#voxels_atlas"},
				"up": {"uv": [4.6875, 8.75, 6.25, 8.71875], "texture": "#voxels_atlas"},
				"down": {"uv": [3.125, 8.71875, 4.6875, 8.75], "texture": "#voxels_atlas"}
			}
		},
		{
			"name": "Voxels",
			"from": [1.5, 13, 6.5],
			"to": [14, 14.25, 6.75],
			"faces": {
				"north": {"uv": [4.625, 11.40625, 3.0625, 11.5625], "texture": "#voxels_atlas"},
				"east": {"uv": [7.96875, 14.90625, 7.9375, 15.0625], "texture": "#voxels_atlas"},
				"south": {"uv": [4.625, 11.5625, 6.1875, 11.71875], "texture": "#voxels_atlas"},
				"west": {"uv": [7.78125, 13.96875, 7.8125, 14.125], "texture": "#voxels_atlas"},
				"up": {"uv": [3.125, 8.71875, 4.6875, 8.6875], "texture": "#voxels_atlas"},
				"down": {"uv": [1.5625, 8.6875, 3.125, 8.71875], "texture": "#voxels_atlas"}
			}
		},
		{
			"name": "Voxels",
			"from": [1.5, 13, 9.25],
			"to": [14, 13.75, 9.5],
			"faces": {
				"north": {"uv": [3.125, 10.125, 1.5625, 10.21875], "texture": "#voxels_atlas"},
				"east": {"uv": [8, 13.75, 7.96875, 13.84375], "texture": "#voxels_atlas"},
				"south": {"uv": [1.5625, 10.21875, 3.125, 10.3125], "texture": "#voxels_atlas"},
				"west": {"uv": [7.90625, 13.75, 7.9375, 13.84375], "texture": "#voxels_atlas"},
				"up": {"uv": [6.25, 8.71875, 7.8125, 8.6875], "texture": "#voxels_atlas"},
				"down": {"uv": [4.6875, 8.6875, 6.25, 8.71875], "texture": "#voxels_atlas"}
			}
		},
		{
			"name": "Voxels",
			"from": [1.5, 13.75, 9],
			"to": [14, 14.5, 9.25],
			"faces": {
				"north": {"uv": [7.9375, 10.3125, 6.375, 10.40625], "texture": "#voxels_atlas"},
				"east": {"uv": [7.71875, 13.5625, 7.6875, 13.65625], "texture": "#voxels_atlas"},
				"south": {"uv": [0, 10.21875, 1.5625, 10.3125], "texture": "#voxels_atlas"},
				"west": {"uv": [7.6875, 13.65625, 7.71875, 13.75], "texture": "#voxels_atlas"},
				"up": {"uv": [1.5625, 8.6875, 3.125, 8.65625], "texture": "#voxels_atlas"},
				"down": {"uv": [0, 8.65625, 1.5625, 8.6875], "texture": "#voxels_atlas"}
			}
		},
		{
			"name": "Voxels",
			"from": [1.5, 14.25, 6.75],
			"to": [14.25, 15, 7],
			"faces": {
				"north": {"uv": [4.8125, 10.3125, 3.21875, 10.40625], "texture": "#voxels_atlas"},
				"east": {"uv": [7.75, 13.5625, 7.71875, 13.65625], "texture": "#voxels_atlas"},
				"south": {"uv": [1.625, 10.3125, 3.21875, 10.40625], "texture": "#voxels_atlas"},
				"west": {"uv": [7.6875, 13.46875, 7.71875, 13.5625], "texture": "#voxels_atlas"},
				"up": {"uv": [3.1875, 8.84375, 4.78125, 8.8125], "texture": "#voxels_atlas"},
				"down": {"uv": [4.78125, 8.8125, 6.375, 8.84375], "texture": "#voxels_atlas"}
			}
		},
		{
			"name": "Voxels",
			"from": [1.5, 14.5, 8.75],
			"to": [14.25, 15, 9],
			"faces": {
				"north": {"uv": [6.4375, 9.53125, 4.84375, 9.59375], "texture": "#voxels_atlas"},
				"east": {"uv": [7.9375, 14.3125, 7.90625, 14.375], "texture": "#voxels_atlas"},
				"south": {"uv": [1.65625, 9.53125, 3.25, 9.59375], "texture": "#voxels_atlas"},
				"west": {"uv": [7.90625, 13.90625, 7.9375, 13.96875], "texture": "#voxels_atlas"},
				"up": {"uv": [1.625, 8.875, 3.21875, 8.84375], "texture": "#voxels_atlas"},
				"down": {"uv": [3.21875, 8.84375, 4.8125, 8.875], "texture": "#voxels_atlas"}
			}
		},
		{
			"name": "Voxels",
			"from": [1.5, 15, 7],
			"to": [14.25, 15.25, 7.5],
			"faces": {
				"north": {"uv": [7.96875, 8.8125, 6.375, 8.84375], "texture": "#voxels_atlas"},
				"east": {"uv": [7.96875, 15.6875, 7.90625, 15.71875], "texture": "#voxels_atlas"},
				"south": {"uv": [0, 8.78125, 1.59375, 8.8125], "texture": "#voxels_atlas"},
				"west": {"uv": [7.90625, 15.5625, 7.96875, 15.59375], "texture": "#voxels_atlas"},
				"up": {"uv": [3.25, 9.59375, 4.84375, 9.53125], "texture": "#voxels_atlas"},
				"down": {"uv": [0, 9.46875, 1.59375, 9.53125], "texture": "#voxels_atlas"}
			}
		},
		{
			"name": "Voxels",
			"from": [1.5, 15, 8.5],
			"to": [14.25, 15.25, 8.75],
			"faces": {
				"north": {"uv": [1.59375, 8.8125, 0, 8.84375], "texture": "#voxels_atlas"},
				"east": {"uv": [8, 13.4375, 7.96875, 13.46875], "texture": "#voxels_atlas"},
				"south": {"uv": [1.59375, 8.8125, 3.1875, 8.84375], "texture": "#voxels_atlas"},
				"west": {"uv": [7.625, 13.25, 7.65625, 13.28125], "texture": "#voxels_atlas"},
				"up": {"uv": [6.40625, 8.875, 8, 8.84375], "texture": "#voxels_atlas"},
				"down": {"uv": [4.8125, 8.84375, 6.40625, 8.875], "texture": "#voxels_atlas"}
			}
		},
		{
			"name": "Voxels",
			"from": [1.5, 15.25, 7.25],
			"to": [14, 15.5, 7.5],
			"faces": {
				"north": {"uv": [7.8125, 8.65625, 6.25, 8.6875], "texture": "#voxels_atlas"},
				"east": {"uv": [7.96875, 13.96875, 7.9375, 14], "texture": "#voxels_atlas"},
				"south": {"uv": [0, 8.625, 1.5625, 8.65625], "texture": "#voxels_atlas"},
				"west": {"uv": [7.96875, 13.96875, 8, 14], "texture": "#voxels_atlas"},
				"up": {"uv": [4.6875, 8.6875, 6.25, 8.65625], "texture": "#voxels_atlas"},
				"down": {"uv": [3.125, 8.65625, 4.6875, 8.6875], "texture": "#voxels_atlas"}
			}
		},
		{
			"name": "Voxels",
			"from": [1.75, 3, 10.5],
			"to": [13.75, 3.5, 10.75],
			"faces": {
				"north": {"uv": [6, 9.34375, 4.5, 9.40625], "texture": "#voxels_atlas"},
				"east": {"uv": [8, 14.3125, 7.96875, 14.375], "texture": "#voxels_atlas"},
				"south": {"uv": [5.875, 15.25, 7.375, 15.3125], "texture": "#voxels_atlas"},
				"west": {"uv": [7.9375, 13.90625, 7.96875, 13.96875], "texture": "#voxels_atlas"},
				"up": {"uv": [6, 8.5625, 7.5, 8.53125], "texture": "#voxels_atlas"},
				"down": {"uv": [1.5, 8.53125, 3, 8.5625], "texture": "#voxels_atlas"}
			}
		},
		{
			"name": "Voxels",
			"from": [1.75, 3.25, 5.5],
			"to": [13.75, 3.5, 5.75],
			"faces": {
				"north": {"uv": [7.5, 8.5, 6, 8.53125], "texture": "#voxels_atlas"},
				"east": {"uv": [7.96875, 15.25, 7.9375, 15.28125], "texture": "#voxels_atlas"},
				"south": {"uv": [4.5, 8.5, 6, 8.53125], "texture": "#voxels_atlas"},
				"west": {"uv": [7.65625, 13.28125, 7.6875, 13.3125], "texture": "#voxels_atlas"},
				"up": {"uv": [0, 8.5, 1.5, 8.46875], "texture": "#voxels_atlas"},
				"down": {"uv": [6.5, 8.90625, 8, 8.9375], "texture": "#voxels_atlas"}
			}
		},
		{
			"name": "Voxels",
			"from": [1.75, 3.5, 5.25],
			"to": [13.75, 4.75, 5.5],
			"faces": {
				"north": {"uv": [4.5, 11.1875, 3, 11.34375], "texture": "#voxels_atlas"},
				"east": {"uv": [7.875, 13.96875, 7.84375, 14.125], "texture": "#voxels_atlas"},
				"south": {"uv": [0, 11.1875, 1.5, 11.34375], "texture": "#voxels_atlas"},
				"west": {"uv": [7.875, 13.96875, 7.90625, 14.125], "texture": "#voxels_atlas"},
				"up": {"uv": [1.5, 8.53125, 3, 8.5], "texture": "#voxels_atlas"},
				"down": {"uv": [3, 8.5, 4.5, 8.53125], "texture": "#voxels_atlas"}
			}
		},
		{
			"name": "Voxels",
			"from": [1.75, 3.5, 10.75],
			"to": [13.75, 4.75, 11],
			"faces": {
				"north": {"uv": [1.5, 11.03125, 0, 11.1875], "texture": "#voxels_atlas"},
				"east": {"uv": [8, 14.5625, 7.96875, 14.71875], "texture": "#voxels_atlas"},
				"south": {"uv": [1.5, 11.1875, 3, 11.34375], "texture": "#voxels_atlas"},
				"west": {"uv": [7.75, 13.96875, 7.78125, 14.125], "texture": "#voxels_atlas"},
				"up": {"uv": [6, 8.59375, 7.5, 8.5625], "texture": "#voxels_atlas"},
				"down": {"uv": [0, 8.5, 1.5, 8.53125], "texture": "#voxels_atlas"}
			}
		},
		{
			"name": "Voxels",
			"from": [1.75, 4, 5.5],
			"to": [13.75, 4.75, 10.75],
			"faces": {
				"north": {"uv": [3, 9.9375, 1.5, 10.03125], "texture": "#voxels_atlas"},
				"east": {"uv": [7.9375, 12.875, 7.28125, 12.96875], "texture": "#voxels_atlas"},
				"south": {"uv": [3, 10.03125, 4.5, 10.125], "texture": "#voxels_atlas"},
				"west": {"uv": [7.28125, 12.96875, 7.9375, 13.0625], "texture": "#voxels_atlas"},
				"up": {"uv": [1.5, 15.25, 3, 14.59375], "texture": "#voxels_atlas"},
				"down": {"uv": [3, 14.59375, 4.5, 15.25], "texture": "#voxels_atlas"}
			}
		},
		{
			"name": "Voxels",
			"from": [1.75, 7.75, 5],
			"to": [13.75, 8.5, 11],
			"faces": {
				"north": {"uv": [6, 9.9375, 4.5, 10.03125], "texture": "#voxels_atlas"},
				"east": {"uv": [7.375, 12.125, 6.625, 12.21875], "texture": "#voxels_atlas"},
				"south": {"uv": [3, 9.9375, 4.5, 10.03125], "texture": "#voxels_atlas"},
				"west": {"uv": [6.625, 12.21875, 7.375, 12.3125], "texture": "#voxels_atlas"},
				"up": {"uv": [1.5, 16, 3, 15.25], "texture": "#voxels_atlas"},
				"down": {"uv": [0, 15.25, 1.5, 16], "texture": "#voxels_atlas"}
			}
		},
		{
			"name": "Voxels",
			"from": [1.75, 8.5, 5.25],
			"to": [13.75, 9.75, 10.75],
			"faces": {
				"north": {"uv": [6, 11.1875, 4.5, 11.34375], "texture": "#voxels_atlas"},
				"east": {"uv": [7.28125, 12.75, 6.59375, 12.90625], "texture": "#voxels_atlas"},
				"south": {"uv": [6, 11.1875, 7.5, 11.34375], "texture": "#voxels_atlas"},
				"west": {"uv": [6.59375, 12.90625, 7.28125, 13.0625], "texture": "#voxels_atlas"},
				"up": {"uv": [5.875, 16, 7.375, 15.3125], "texture": "#voxels_atlas"},
				"down": {"uv": [0, 14.5625, 1.5, 15.25], "texture": "#voxels_atlas"}
			}
		},
		{
			"name": "Voxels",
			"from": [1.75, 8.5, 10.75],
			"to": [13.75, 9.25, 11],
			"faces": {
				"north": {"uv": [6, 10.03125, 4.5, 10.125], "texture": "#voxels_atlas"},
				"east": {"uv": [8, 15.8125, 7.96875, 15.90625], "texture": "#voxels_atlas"},
				"south": {"uv": [6, 10.03125, 7.5, 10.125], "texture": "#voxels_atlas"},
				"west": {"uv": [7.96875, 15.90625, 8, 16], "texture": "#voxels_atlas"},
				"up": {"uv": [3, 8.5625, 4.5, 8.53125], "texture": "#voxels_atlas"},
				"down": {"uv": [4.5, 8.53125, 6, 8.5625], "texture": "#voxels_atlas"}
			}
		},
		{
			"name": "Voxels",
			"from": [1.75, 9.75, 5.5],
			"to": [13.75, 11.25, 5.75],
			"faces": {
				"north": {"uv": [4.75, 11.71875, 3.25, 11.90625], "texture": "#voxels_atlas"},
				"east": {"uv": [7.90625, 14.375, 7.875, 14.5625], "texture": "#voxels_atlas"},
				"south": {"uv": [4.75, 11.71875, 6.25, 11.90625], "texture": "#voxels_atlas"},
				"west": {"uv": [7.84375, 14.375, 7.875, 14.5625], "texture": "#voxels_atlas"},
				"up": {"uv": [4.5, 8.625, 6, 8.59375], "texture": "#voxels_atlas"},
				"down": {"uv": [1.5, 14.5625, 3, 14.59375], "texture": "#voxels_atlas"}
			}
		},
		{
			"name": "Voxels",
			"from": [1.75, 9.75, 5.75],
			"to": [13.75, 10.5, 10.5],
			"faces": {
				"north": {"uv": [6.125, 10.125, 4.625, 10.21875], "texture": "#voxels_atlas"},
				"east": {"uv": [7.96875, 15.90625, 7.375, 16], "texture": "#voxels_atlas"},
				"south": {"uv": [6.125, 10.125, 7.625, 10.21875], "texture": "#voxels_atlas"},
				"west": {"uv": [7.375, 15.8125, 7.96875, 15.90625], "texture": "#voxels_atlas"},
				"up": {"uv": [1.5, 14.5625, 3, 13.96875], "texture": "#voxels_atlas"},
				"down": {"uv": [0, 13.96875, 1.5, 14.5625], "texture": "#voxels_atlas"}
			}
		},
		{
			"name": "Voxels",
			"from": [1.75, 10.5, 10.25],
			"to": [13.75, 11, 10.5],
			"faces": {
				"north": {"uv": [4.625, 9.40625, 3.125, 9.46875], "texture": "#voxels_atlas"},
				"east": {"uv": [7.96875, 13.53125, 7.9375, 13.59375], "texture": "#voxels_atlas"},
				"south": {"uv": [4.625, 9.40625, 6.125, 9.46875], "texture": "#voxels_atlas"},
				"west": {"uv": [7.9375, 13.46875, 7.96875, 13.53125], "texture": "#voxels_atlas"},
				"up": {"uv": [1.5, 8.59375, 3, 8.5625], "texture": "#voxels_atlas"},
				"down": {"uv": [4.5, 8.5625, 6, 8.59375], "texture": "#voxels_atlas"}
			}
		},
		{
			"name": "Voxels",
			"from": [1.75, 11, 10],
			"to": [13.75, 11.75, 10.25],
			"faces": {
				"north": {"uv": [1.5, 9.9375, 0, 10.03125], "texture": "#voxels_atlas"},
				"east": {"uv": [7.65625, 13.75, 7.625, 13.84375], "texture": "#voxels_atlas"},
				"south": {"uv": [6.5, 10.40625, 8, 10.5], "texture": "#voxels_atlas"},
				"west": {"uv": [7.59375, 13.46875, 7.625, 13.5625], "texture": "#voxels_atlas"},
				"up": {"uv": [6.5, 8.96875, 8, 8.9375], "texture": "#voxels_atlas"},
				"down": {"uv": [3, 14.5625, 4.5, 14.59375], "texture": "#voxels_atlas"}
			}
		},
		{
			"name": "Voxels",
			"from": [1.75, 11.25, 5.75],
			"to": [13.75, 12, 6],
			"faces": {
				"north": {"uv": [7.5, 9.9375, 6, 10.03125], "texture": "#voxels_atlas"},
				"east": {"uv": [7.65625, 13.5625, 7.625, 13.65625], "texture": "#voxels_atlas"},
				"south": {"uv": [1.5, 10.03125, 3, 10.125], "texture": "#voxels_atlas"},
				"west": {"uv": [7.625, 13.65625, 7.65625, 13.75], "texture": "#voxels_atlas"},
				"up": {"uv": [0, 8.5625, 1.5, 8.53125], "texture": "#voxels_atlas"},
				"down": {"uv": [3, 8.59375, 4.5, 8.625], "texture": "#voxels_atlas"}
			}
		},
		{
			"name": "Voxels",
			"from": [1.75, 11.75, 9.75],
			"to": [13.75, 12.25, 10],
			"faces": {
				"north": {"uv": [7.625, 9.40625, 6.125, 9.46875], "texture": "#voxels_atlas"},
				"east": {"uv": [7.90625, 13.40625, 7.875, 13.46875], "texture": "#voxels_atlas"},
				"south": {"uv": [0, 9.34375, 1.5, 9.40625], "texture": "#voxels_atlas"},
				"west": {"uv": [7.78125, 14.5625, 7.8125, 14.625], "texture": "#voxels_atlas"},
				"up": {"uv": [0, 8.59375, 1.5, 8.5625], "texture": "#voxels_atlas"},
				"down": {"uv": [0, 8.59375, 1.5, 8.625], "texture": "#voxels_atlas"}
			}
		},
		{
			"name": "Voxels",
			"from": [1.75, 12, 6],
			"to": [13.75, 12.5, 6.25],
			"faces": {
				"north": {"uv": [4.5, 9.34375, 3, 9.40625], "texture": "#voxels_atlas"},
				"east": {"uv": [7.96875, 14.3125, 7.9375, 14.375], "texture": "#voxels_atlas"},
				"south": {"uv": [1.5, 9.34375, 3, 9.40625], "texture": "#voxels_atlas"},
				"west": {"uv": [7.84375, 13.40625, 7.875, 13.46875], "texture": "#voxels_atlas"},
				"up": {"uv": [3, 8.59375, 4.5, 8.5625], "texture": "#voxels_atlas"},
				"down": {"uv": [6, 8.59375, 7.5, 8.625], "texture": "#voxels_atlas"}
			}
		},
		{
			"name": "Voxels",
			"from": [1.75, 12.25, 9.5],
			"to": [13.75, 13, 9.75],
			"faces": {
				"north": {"uv": [1.5, 10.03125, 0, 10.125], "texture": "#voxels_atlas"},
				"east": {"uv": [7.6875, 13.75, 7.65625, 13.84375], "texture": "#voxels_atlas"},
				"south": {"uv": [3.125, 10.125, 4.625, 10.21875], "texture": "#voxels_atlas"},
				"west": {"uv": [7.625, 13.46875, 7.65625, 13.5625], "texture": "#voxels_atlas"},
				"up": {"uv": [1.5, 8.625, 3, 8.59375], "texture": "#voxels_atlas"},
				"down": {"uv": [6.5, 8.875, 8, 8.90625], "texture": "#voxels_atlas"}
			}
		},
		{
			"name": "Voxels",
			"from": [2, 4, 5],
			"to": [13.5, 7.75, 5.25],
			"faces": {
				"north": {"uv": [6.125, 13.5, 4.6875, 13.96875], "texture": "#voxels_atlas"},
				"east": {"uv": [0.03125, 6.65625, 0, 7.125], "texture": "#voxels_atlas"},
				"south": {"uv": [6.125, 13.5, 7.5625, 13.96875], "texture": "#voxels_atlas"},
				"west": {"uv": [0, 6.1875, 0.03125, 6.65625], "texture": "#voxels_atlas"},
				"up": {"uv": [4.5, 14.59375, 5.9375, 14.5625], "texture": "#voxels_atlas"},
				"down": {"uv": [4.6875, 13.46875, 6.125, 13.5], "texture": "#voxels_atlas"}
			}
		},
		{
			"name": "Voxels",
			"from": [2, 4, 11],
			"to": [13.5, 9.25, 11.25],
			"faces": {
				"north": {"uv": [7.375, 14.59375, 5.9375, 15.25], "texture": "#voxels_atlas"},
				"east": {"uv": [0.03125, 7.78125, 0, 8.4375], "texture": "#voxels_atlas"},
				"south": {"uv": [4.5, 14.59375, 5.9375, 15.25], "texture": "#voxels_atlas"},
				"west": {"uv": [0, 7.125, 0.03125, 7.78125], "texture": "#voxels_atlas"},
				"up": {"uv": [1.4375, 8.46875, 2.875, 8.4375], "texture": "#voxels_atlas"},
				"down": {"uv": [6.125, 13.46875, 7.5625, 13.5], "texture": "#voxels_atlas"}
			}
		},
		{
			"name": "Voxels",
			"from": [2, 4.75, 5.25],
			"to": [13.5, 7.75, 11],
			"faces": {
				"north": {"uv": [5.625, 12.34375, 4.1875, 12.71875], "texture": "#voxels_atlas"},
				"east": {"uv": [1.4375, 11.34375, 0.71875, 11.71875], "texture": "#voxels_atlas"},
				"south": {"uv": [2.75, 12.34375, 4.1875, 12.71875], "texture": "#voxels_atlas"},
				"west": {"uv": [0, 11.34375, 0.71875, 11.71875], "texture": "#voxels_atlas"},
				"up": {"uv": [4.4375, 16, 5.875, 15.28125], "texture": "#voxels_atlas"},
				"down": {"uv": [3, 15.28125, 4.4375, 16], "texture": "#voxels_atlas"}
			}
		},
		{
			"name": "Voxels",
			"from": [2, 7.75, 4.75],
			"to": [13.5, 8.5, 5],
			"faces": {
				"north": {"uv": [4.3125, 9.84375, 2.875, 9.9375], "texture": "#voxels_atlas"},
				"east": {"uv": [7.75, 13.75, 7.71875, 13.84375], "texture": "#voxels_atlas"},
				"south": {"uv": [4.3125, 9.84375, 5.75, 9.9375], "texture": "#voxels_atlas"},
				"west": {"uv": [7.6875, 13.75, 7.71875, 13.84375], "texture": "#voxels_atlas"},
				"up": {"uv": [4.4375, 15.28125, 5.875, 15.25], "texture": "#voxels_atlas"},
				"down": {"uv": [3, 15.25, 4.4375, 15.28125], "texture": "#voxels_atlas"}
			}
		},
		{
			"name": "Voxels",
			"from": [2, 8.5, 5],
			"to": [13.5, 9.5, 5.25],
			"faces": {
				"north": {"uv": [3, 10.78125, 1.5625, 10.90625], "texture": "#voxels_atlas"},
				"east": {"uv": [8, 14, 7.96875, 14.125], "texture": "#voxels_atlas"},
				"south": {"uv": [3, 10.78125, 4.4375, 10.90625], "texture": "#voxels_atlas"},
				"west": {"uv": [7.5625, 13.71875, 7.59375, 13.84375], "texture": "#voxels_atlas"},
				"up": {"uv": [5.9375, 14.59375, 7.375, 14.5625], "texture": "#voxels_atlas"},
				"down": {"uv": [4.375, 8.46875, 5.8125, 8.5], "texture": "#voxels_atlas"}
			}
		},
		{
			"name": "Voxels",
			"from": [2, 9.25, 10.75],
			"to": [13.5, 9.75, 11],
			"faces": {
				"north": {"uv": [1.4375, 9.28125, 0, 9.34375], "texture": "#voxels_atlas"},
				"east": {"uv": [7.90625, 14.5625, 7.875, 14.625], "texture": "#voxels_atlas"},
				"south": {"uv": [6, 9.34375, 7.4375, 9.40625], "texture": "#voxels_atlas"},
				"west": {"uv": [7.84375, 14.5625, 7.875, 14.625], "texture": "#voxels_atlas"},
				"up": {"uv": [5.8125, 8.5, 7.25, 8.46875], "texture": "#voxels_atlas"},
				"down": {"uv": [1.5, 8.46875, 2.9375, 8.5], "texture": "#voxels_atlas"}
			}
		},
		{
			"name": "Voxels",
			"from": [2, 9.5, 5],
			"to": [12, 9.75, 5.25],
			"faces": {
				"north": {"uv": [8, 10.65625, 6.75, 10.6875], "texture": "#voxels_atlas"},
				"east": {"uv": [7.96875, 14.71875, 7.9375, 14.75], "texture": "#voxels_atlas"},
				"south": {"uv": [6.625, 11.9375, 7.875, 11.96875], "texture": "#voxels_atlas"},
				"west": {"uv": [7.96875, 15.25, 8, 15.28125], "texture": "#voxels_atlas"},
				"up": {"uv": [6.75, 10.65625, 8, 10.625], "texture": "#voxels_atlas"},
				"down": {"uv": [6.625, 11.90625, 7.875, 11.9375], "texture": "#voxels_atlas"}
			}
		},
		{
			"name": "Voxels",
			"from": [2, 9.75, 5.25],
			"to": [13.5, 10.75, 5.5],
			"faces": {
				"north": {"uv": [5.875, 10.78125, 4.4375, 10.90625], "texture": "#voxels_atlas"},
				"east": {"uv": [7.96875, 14, 7.9375, 14.125], "texture": "#voxels_atlas"},
				"south": {"uv": [5.875, 10.78125, 7.3125, 10.90625], "texture": "#voxels_atlas"},
				"west": {"uv": [7.90625, 14, 7.9375, 14.125], "texture": "#voxels_atlas"},
				"up": {"uv": [0, 8.46875, 1.4375, 8.4375], "texture": "#voxels_atlas"},
				"down": {"uv": [2.9375, 8.46875, 4.375, 8.5], "texture": "#voxels_atlas"}
			}
		},
		{
			"name": "Voxels",
			"from": [2, 9.75, 10.5],
			"to": [13.5, 10.5, 10.75],
			"faces": {
				"north": {"uv": [1.4375, 9.84375, 0, 9.9375], "texture": "#voxels_atlas"},
				"east": {"uv": [7.90625, 13.75, 7.875, 13.84375], "texture": "#voxels_atlas"},
				"south": {"uv": [1.4375, 9.84375, 2.875, 9.9375], "texture": "#voxels_atlas"},
				"west": {"uv": [7.84375, 13.75, 7.875, 13.84375], "texture": "#voxels_atlas"},
				"up": {"uv": [2.75, 12.34375, 4.1875, 12.3125], "texture": "#voxels_atlas"},
				"down": {"uv": [4.1875, 12.3125, 5.625, 12.34375], "texture": "#voxels_atlas"}
			}
		},
		{
			"name": "Voxels",
			"from": [2.25, 4.5, 4.75],
			"to": [13.25, 7.75, 5],
			"faces": {
				"north": {"uv": [2.75, 12.3125, 1.375, 12.71875], "texture": "#voxels_atlas"},
				"east": {"uv": [7.5625, 13.0625, 7.53125, 13.46875], "texture": "#voxels_atlas"},
				"south": {"uv": [6.125, 13.0625, 7.5, 13.46875], "texture": "#voxels_atlas"},
				"west": {"uv": [7.5, 13.0625, 7.53125, 13.46875], "texture": "#voxels_atlas"},
				"up": {"uv": [6.625, 12, 8, 11.96875], "texture": "#voxels_atlas"},
				"down": {"uv": [6.625, 12, 8, 12.03125], "texture": "#voxels_atlas"}
			}
		},
		{
			"name": "Voxels",
			"from": [2.25, 4.5, 11.25],
			"to": [13.25, 7.75, 11.5],
			"faces": {
				"north": {"uv": [1.375, 12.3125, 0, 12.71875], "texture": "#voxels_atlas"},
				"east": {"uv": [7.625, 13.0625, 7.59375, 13.46875], "texture": "#voxels_atlas"},
				"south": {"uv": [3.125, 13.0625, 4.5, 13.46875], "texture": "#voxels_atlas"},
				"west": {"uv": [7.5625, 13.0625, 7.59375, 13.46875], "texture": "#voxels_atlas"},
				"up": {"uv": [6.625, 12.0625, 8, 12.03125], "texture": "#voxels_atlas"},
				"down": {"uv": [6.625, 12.0625, 8, 12.09375], "texture": "#voxels_atlas"}
			}
		},
		{
			"name": "Voxels",
			"from": [12.5, 9.5, 5],
			"to": [13.5, 9.75, 5.25],
			"faces": {
				"north": {"uv": [7.875, 15.25, 7.75, 15.28125], "texture": "#voxels_atlas"},
				"east": {"uv": [7.65625, 13.0625, 7.625, 13.09375], "texture": "#voxels_atlas"},
				"south": {"uv": [7.78125, 15.6875, 7.90625, 15.71875], "texture": "#voxels_atlas"},
				"west": {"uv": [7.625, 13.15625, 7.65625, 13.1875], "texture": "#voxels_atlas"},
				"up": {"uv": [7.625, 15.28125, 7.75, 15.25], "texture": "#voxels_atlas"},
				"down": {"uv": [7.5, 15.25, 7.625, 15.28125], "texture": "#voxels_atlas"}
			}
		},
		{
			"name": "Voxels",
			"from": [13.75, 12.5, 9.5],
			"to": [14, 13, 9.75],
			"faces": {
				"north": {"uv": [7.8125, 13.5, 7.78125, 13.5625], "texture": "#voxels_atlas"},
				"east": {"uv": [7.875, 14.3125, 7.84375, 14.375], "texture": "#voxels_atlas"},
				"south": {"uv": [7.8125, 13.53125, 7.84375, 13.59375], "texture": "#voxels_atlas"},
				"west": {"uv": [7.875, 13.59375, 7.90625, 13.65625], "texture": "#voxels_atlas"},
				"up": {"uv": [7.6875, 13.40625, 7.71875, 13.375], "texture": "#voxels_atlas"},
				"down": {"uv": [7.65625, 13.375, 7.6875, 13.40625], "texture": "#voxels_atlas"}
			}
		},
		{
			"name": "Voxels",
			"from": [14, 3, 6],
			"to": [14.25, 3.25, 6.25],
			"faces": {
				"north": {"uv": [7.6875, 13.3125, 7.65625, 13.34375], "texture": "#voxels_atlas"},
				"east": {"uv": [8, 15.5625, 7.96875, 15.59375], "texture": "#voxels_atlas"},
				"south": {"uv": [7.71875, 13.375, 7.75, 13.40625], "texture": "#voxels_atlas"},
				"west": {"uv": [7.96875, 15.6875, 8, 15.71875], "texture": "#voxels_atlas"},
				"up": {"uv": [7.65625, 13.375, 7.6875, 13.34375], "texture": "#voxels_atlas"},
				"down": {"uv": [7.8125, 13.375, 7.84375, 13.40625], "texture": "#voxels_atlas"}
			}
		},
		{
			"name": "Voxels",
			"from": [14, 12.5, 6.5],
			"to": [14.25, 13, 9.25],
			"faces": {
				"north": {"uv": [8, 13.59375, 7.96875, 13.65625], "texture": "#voxels_atlas"},
				"east": {"uv": [7.90625, 13.84375, 7.5625, 13.90625], "texture": "#voxels_atlas"},
				"south": {"uv": [7.84375, 13.53125, 7.875, 13.59375], "texture": "#voxels_atlas"},
				"west": {"uv": [7.5625, 13.90625, 7.90625, 13.96875], "texture": "#voxels_atlas"},
				"up": {"uv": [7.71875, 14.3125, 7.75, 13.96875], "texture": "#voxels_atlas"},
				"down": {"uv": [7.6875, 13.96875, 7.71875, 14.3125], "texture": "#voxels_atlas"}
			}
		},
		{
			"name": "Voxels",
			"from": [14.25, 2, 9.5],
			"to": [14.5, 2.25, 9.75],
			"faces": {
				"north": {"uv": [7.9375, 14.8125, 7.90625, 14.84375], "texture": "#voxels_atlas"},
				"east": {"uv": [7.9375, 14.71875, 7.90625, 14.75], "texture": "#voxels_atlas"},
				"south": {"uv": [7.9375, 14.8125, 7.96875, 14.84375], "texture": "#voxels_atlas"},
				"west": {"uv": [7.96875, 14.8125, 8, 14.84375], "texture": "#voxels_atlas"},
				"up": {"uv": [7.875, 14.84375, 7.90625, 14.8125], "texture": "#voxels_atlas"},
				"down": {"uv": [7.84375, 14.8125, 7.875, 14.84375], "texture": "#voxels_atlas"}
			}
		},
		{
			"name": "Voxels",
			"from": [14.25, 14.25, 7.25],
			"to": [14.5, 15, 8.75],
			"faces": {
				"north": {"uv": [7.6875, 13.65625, 7.65625, 13.75], "texture": "#voxels_atlas"},
				"east": {"uv": [7.90625, 14.625, 7.71875, 14.71875], "texture": "#voxels_atlas"},
				"south": {"uv": [7.71875, 13.65625, 7.75, 13.75], "texture": "#voxels_atlas"},
				"west": {"uv": [7.71875, 14.71875, 7.90625, 14.8125], "texture": "#voxels_atlas"},
				"up": {"uv": [7.84375, 14.3125, 7.875, 14.125], "texture": "#voxels_atlas"},
				"down": {"uv": [7.8125, 14.125, 7.84375, 14.3125], "texture": "#voxels_atlas"}
			}
		},
		{
			"name": "Voxels",
			"from": [14.25, 15.25, 7.75],
			"to": [14.5, 16, 8.25],
			"faces": {
				"north": {"uv": [7.78125, 13.65625, 7.75, 13.75], "texture": "#voxels_atlas"},
				"east": {"uv": [7.96875, 15.0625, 7.90625, 15.15625], "texture": "#voxels_atlas"},
				"south": {"uv": [7.75, 13.5625, 7.78125, 13.65625], "texture": "#voxels_atlas"},
				"west": {"uv": [7.84375, 15.0625, 7.90625, 15.15625], "texture": "#voxels_atlas"},
				"up": {"uv": [7.90625, 13.53125, 7.9375, 13.46875], "texture": "#voxels_atlas"},
				"down": {"uv": [7.96875, 13.53125, 8, 13.59375], "texture": "#voxels_atlas"}
			}
		},
		{
			"name": "Voxels",
			"from": [14.25, 15.5, 7.5],
			"to": [14.5, 16, 7.75],
			"faces": {
				"north": {"uv": [7.65625, 13.40625, 7.625, 13.46875], "texture": "#voxels_atlas"},
				"east": {"uv": [7.75, 13.40625, 7.71875, 13.46875], "texture": "#voxels_atlas"},
				"south": {"uv": [7.65625, 13.40625, 7.6875, 13.46875], "texture": "#voxels_atlas"},
				"west": {"uv": [7.6875, 13.40625, 7.71875, 13.46875], "texture": "#voxels_atlas"},
				"up": {"uv": [7.625, 13.3125, 7.65625, 13.28125], "texture": "#voxels_atlas"},
				"down": {"uv": [7.625, 13.3125, 7.65625, 13.34375], "texture": "#voxels_atlas"}
			}
		},
		{
			"name": "Voxels",
			"from": [14.25, 15.5, 8.25],
			"to": [14.5, 16, 8.5],
			"faces": {
				"north": {"uv": [7.78125, 13.40625, 7.75, 13.46875], "texture": "#voxels_atlas"},
				"east": {"uv": [8, 13.46875, 7.96875, 13.53125], "texture": "#voxels_atlas"},
				"south": {"uv": [7.78125, 13.40625, 7.8125, 13.46875], "texture": "#voxels_atlas"},
				"west": {"uv": [7.8125, 13.40625, 7.84375, 13.46875], "texture": "#voxels_atlas"},
				"up": {"uv": [7.625, 13.125, 7.65625, 13.09375], "texture": "#voxels_atlas"},
				"down": {"uv": [7.625, 13.125, 7.65625, 13.15625], "texture": "#voxels_atlas"}
			}
		},
		{
			"name": "Voxels",
			"from": [14.5, 1, 7.5],
			"to": [14.75, 1.75, 7.75],
			"faces": {
				"north": {"uv": [7.84375, 13.65625, 7.8125, 13.75], "texture": "#voxels_atlas"},
				"east": {"uv": [7.9375, 13.65625, 7.90625, 13.75], "texture": "#voxels_atlas"},
				"south": {"uv": [7.84375, 13.65625, 7.875, 13.75], "texture": "#voxels_atlas"},
				"west": {"uv": [7.875, 13.65625, 7.90625, 13.75], "texture": "#voxels_atlas"},
				"up": {"uv": [7.78125, 13.40625, 7.8125, 13.375], "texture": "#voxels_atlas"},
				"down": {"uv": [7.75, 13.375, 7.78125, 13.40625], "texture": "#voxels_atlas"}
			}
		},
		{
			"name": "Voxels",
			"from": [14.5, 1, 8.25],
			"to": [14.75, 1.75, 8.5],
			"faces": {
				"north": {"uv": [7.96875, 13.65625, 7.9375, 13.75], "texture": "#voxels_atlas"},
				"east": {"uv": [7.96875, 13.75, 7.9375, 13.84375], "texture": "#voxels_atlas"},
				"south": {"uv": [7.96875, 13.65625, 8, 13.75], "texture": "#voxels_atlas"},
				"west": {"uv": [7.78125, 13.5625, 7.8125, 13.65625], "texture": "#voxels_atlas"},
				"up": {"uv": [7.96875, 13.40625, 8, 13.375], "texture": "#voxels_atlas"},
				"down": {"uv": [7.9375, 13.375, 7.96875, 13.40625], "texture": "#voxels_atlas"}
			}
		}
	],
	"display": {
		"thirdperson_righthand": {
			"rotation": [0, 90, 0],
			"translation": [0, -1.5, 0],
			"scale": [0.5, 0.5, 0.5]
		},
		"thirdperson_lefthand": {
			"rotation": [0, 90, 0],
			"translation": [0, -1.5, 0],
			"scale": [0.5, 0.5, 0.5]
		},
		"firstperson_righthand": {
			"rotation": [0, 117, -14],
			"translation": [0, 2.7825, 0],
			"scale": [0.5, 0.5, 0.5]
		},
		"firstperson_lefthand": {
			"rotation": [0, 117, -14],
			"translation": [0, 3.4782, 0],
			"scale": [0.5, 0.5, 0.5]
		},
		"ground": {
			"rotation": [90, 0, 0],
			"translation": [0, 4.1739, 0]
		},
		"gui": {
			"rotation": [0, 180, 0],
			"scale": [0.75, 0.75, 0.75]
		},
		"head": {
			"scale": [0.0001, 0.0001, 0.0001]
		}
	}
}