{
	"credit": "Made with Blockbench",
	"textures": {
		"0": "item/brick/971",
		"particle": "item/brick/971"
	},
	"elements": [
		{
			"from": [0, 0, 9],
			"to": [16, 8.5, 9.5],
			"faces": {
				"north": {"uv": [1.65737, 1.01992, 7.13944, 15.04382], "rotation": 90, "texture": "#0"},
				"east": {"uv": [1.65737, 14.47012, 6.50199, 15.04382], "rotation": 90, "texture": "#0"},
				"south": {"uv": [1.65737, 1.01992, 7.26693, 15.04382], "rotation": 270, "texture": "#0"},
				"west": {"uv": [2.16733, 14.27888, 7.01195, 15.10757], "rotation": 90, "texture": "#0"},
				"up": {"uv": [1.65737, 14.40637, 6.50199, 15.04382], "rotation": 90, "texture": "#0"},
				"down": {"uv": [1.65737, 14.66135, 6.50199, 15.04382], "rotation": 90, "texture": "#0"}
			}
		}
	],
	"display": {
		"thirdperson_righthand": {
			"translation": [0, 2, 0],
			"scale": [0.3, 0.3, 0.3]
		},
		"thirdperson_lefthand": {
			"translation": [0, 2, 0],
			"scale": [0.3, 0.3, 0.3]
		},
		"firstperson_righthand": {
			"rotation": [0, -180, 0],
			"translation": [0, 4, 0],
			"scale": [0.6, 0.6, 0.6]
		},
		"ground": {
			"translation": [0, 1.5, 0],
			"scale": [0.5, 0.5, 0.5]
		},
		"gui": {
			"rotation": [0, -180, -90],
			"translation": [-3.5, 0, 0]
		},
		"fixed": {
			"translation": [0, 3.5, -1.5]
		}
	}
}