{
	"credit": "Made with Blockbench",
	"textures": {
		"0": "item/brick/980",
		"particle": "item/brick/980"
	},
	"elements": [
		{
			"from": [1, 1, 9],
			"to": [8, 6, 10],
			"faces": {
				"north": {"uv": [4, 5, 11, 9.66667], "texture": "#0"},
				"east": {"uv": [4, 5, 5, 6], "texture": "#0"},
				"south": {"uv": [4, 5, 11, 10], "texture": "#0"},
				"west": {"uv": [4, 5, 5, 6], "texture": "#0"},
				"up": {"uv": [4, 5, 5, 6], "texture": "#0"},
				"down": {"uv": [4, 5, 5, 6], "texture": "#0"}
			}
		},
		{
			"from": [0, 2, 9],
			"to": [9, 5, 10],
			"faces": {
				"north": {"uv": [3, 6, 12, 9], "texture": "#0"},
				"east": {"uv": [4, 5, 5, 6], "texture": "#0"},
				"south": {"uv": [3, 6, 12, 9], "texture": "#0"},
				"west": {"uv": [4, 5, 5, 6], "texture": "#0"},
				"up": {"uv": [4, 5, 5, 6], "texture": "#0"},
				"down": {"uv": [4, 5, 5, 6], "texture": "#0"}
			}
		},
		{
			"from": [2, 0, 9],
			"to": [7, 7, 10],
			"faces": {
				"north": {"uv": [5, 4, 10, 11], "texture": "#0"},
				"east": {"uv": [5, 4, 6, 5], "texture": "#0"},
				"south": {"uv": [5, 4, 10, 11], "texture": "#0"},
				"west": {"uv": [5, 4, 6, 5], "texture": "#0"},
				"up": {"uv": [5, 4, 6, 5], "texture": "#0"},
				"down": {"uv": [5, 4, 6, 5], "texture": "#0"}
			}
		}
	],
	"display": {
		"thirdperson_righthand": {
			"translation": [0, 1.5, 0],
			"scale": [0.2, 0.2, 0.2]
		},
		"thirdperson_lefthand": {
			"translation": [0, 2, 0],
			"scale": [0.2, 0.2, 0.2]
		},
		"firstperson_righthand": {
			"rotation": [0, -180, 0],
			"translation": [0, 4, 0],
			"scale": [0.6, 0.6, 0.6]
		},
		"ground": {
			"translation": [0, 1.5, 0],
			"scale": [0.5, 0.5, 0.5]
		},
		"gui": {
			"rotation": [0, -180, 0],
			"translation": [-3, 3.5, 0]
		},
		"fixed": {
			"translation": [3.5, 3.5, -1.5]
		}
	}
}