{
	"credit": "Made with Blockbench",
	"textures": {
		"1": "item/colour/20",
		"2": "item/colour/4",
		"3": "item/colour/stone/2",
		"particle": "item/colour/stone/1",
		"block": "item/colour/stone/1"
	},
	"elements": [
		{
			"name": "Reel",
			"from": [6, 3, 7],
			"to": [8, 5, 9],
			"faces": {
				"north": {"uv": [12.288, 3.2, 14.07975, 4.99175], "texture": "#1"},
				"east": {"uv": [12.288, 3.2, 14.07975, 4.99175], "texture": "#1"},
				"south": {"uv": [12.288, 3.2, 14.07975, 4.99175], "texture": "#1"},
				"west": {"uv": [12.288, 3.2, 14.07975, 4.99175], "texture": "#1"},
				"up": {"uv": [12.288, 3.2, 14.07975, 4.99175], "texture": "#1"},
				"down": {"uv": [12.288, 3.2, 14.07975, 4.99175], "texture": "#1"}
			}
		},
		{
			"name": "Reel",
			"from": [8, 3, 7.25],
			"to": [9, 5, 8.75],
			"faces": {
				"north": {"uv": [9.6, 0.256, 11.392, 2.048], "texture": "#1"},
				"east": {"uv": [9.6, 0.256, 11.392, 2.048], "texture": "#1"},
				"south": {"uv": [9.6, 0.256, 11.392, 2.048], "texture": "#1"},
				"west": {"uv": [9.6, 0.256, 11.392, 2.048], "texture": "#1"},
				"up": {"uv": [9.6, 0.256, 11.392, 2.048], "texture": "#1"},
				"down": {"uv": [9.6, 0.256, 11.392, 2.048], "texture": "#1"}
			}
		},
		{
			"name": "Reel",
			"from": [6, 2, 7.25],
			"to": [8, 3, 8.75],
			"faces": {
				"north": {"uv": [9.6, 0.256, 11.392, 2.048], "texture": "#1"},
				"east": {"uv": [9.6, 0.256, 11.392, 2.048], "texture": "#1"},
				"south": {"uv": [9.6, 0.256, 11.392, 2.048], "texture": "#1"},
				"west": {"uv": [9.6, 0.256, 11.392, 2.048], "texture": "#1"},
				"up": {"uv": [9.6, 0.256, 11.392, 2.048], "texture": "#1"},
				"down": {"uv": [9.6, 0.256, 11.392, 2.048], "texture": "#1"}
			}
		},
		{
			"name": "Fishing line",
			"from": [14, 6, 7.75],
			"to": [14.5, 12, 8.25],
			"faces": {
				"north": {"uv": [0, 0, 16, 16], "texture": "#block"},
				"east": {"uv": [0, 0, 16, 16], "texture": "#block"},
				"south": {"uv": [0, 0, 16, 16], "texture": "#block"},
				"west": {"uv": [0, 0, 16, 16], "texture": "#block"},
				"up": {"uv": [0, 0, 16, 16], "texture": "#block"},
				"down": {"uv": [0, 0, 16, 16], "texture": "#block"}
			}
		},
		{
			"name": "Fishing line",
			"from": [13.5, 4, 7.75],
			"to": [14, 6, 8.25],
			"faces": {
				"north": {"uv": [0, 0, 16, 16], "texture": "#block"},
				"east": {"uv": [0, 0, 16, 16], "texture": "#block"},
				"south": {"uv": [0, 0, 16, 16], "texture": "#block"},
				"west": {"uv": [0, 0, 16, 16], "texture": "#block"},
				"up": {"uv": [0, 0, 16, 16], "texture": "#block"},
				"down": {"uv": [0, 0, 16, 16], "texture": "#block"}
			}
		},
		{
			"name": "Fishing line",
			"from": [13, 3, 7.75],
			"to": [13.5, 4, 8.25],
			"faces": {
				"north": {"uv": [8.576, 3.072, 9.856, 4.864], "texture": "#1"},
				"east": {"uv": [8.576, 3.072, 9.856, 4.864], "texture": "#1"},
				"south": {"uv": [8.576, 3.072, 9.856, 4.864], "texture": "#1"},
				"west": {"uv": [8.576, 3.072, 9.856, 4.864], "texture": "#1"},
				"up": {"uv": [8.576, 3.072, 9.856, 4.864], "texture": "#1"},
				"down": {"uv": [8.576, 3.072, 9.856, 4.864], "texture": "#1"}
			}
		},
		{
			"name": "Fishing hook",
			"from": [13, 2, 7.75],
			"to": [13.5, 3, 8.25],
			"faces": {
				"north": {"uv": [8.576, 3.072, 9.856, 4.864], "texture": "#1"},
				"east": {"uv": [8.576, 3.072, 9.856, 4.864], "texture": "#1"},
				"south": {"uv": [8.576, 3.072, 9.856, 4.864], "texture": "#1"},
				"west": {"uv": [8.576, 3.072, 9.856, 4.864], "texture": "#1"},
				"up": {"uv": [8.576, 3.072, 9.856, 4.864], "texture": "#1"},
				"down": {"uv": [8.576, 3.072, 9.856, 4.864], "texture": "#1"}
			}
		},
		{
			"name": "Fishing hook",
			"from": [12, 1.5, 7.5],
			"to": [13, 2, 8],
			"faces": {
				"north": {"uv": [8.576, 3.072, 9.856, 4.864], "texture": "#1"},
				"east": {"uv": [8.576, 3.072, 9.856, 4.864], "texture": "#1"},
				"south": {"uv": [8.576, 3.072, 9.856, 4.864], "texture": "#1"},
				"west": {"uv": [8.576, 3.072, 9.856, 4.864], "texture": "#1"},
				"up": {"uv": [8.576, 3.072, 9.856, 4.864], "texture": "#1"},
				"down": {"uv": [8.576, 3.072, 9.856, 4.864], "texture": "#1"}
			}
		},
		{
			"name": "Fishing hook",
			"from": [11.5, 2, 7.5],
			"to": [12, 3, 8],
			"faces": {
				"north": {"uv": [8.576, 3.072, 9.856, 4.864], "texture": "#1"},
				"east": {"uv": [8.576, 3.072, 9.856, 4.864], "texture": "#1"},
				"south": {"uv": [8.576, 3.072, 9.856, 4.864], "texture": "#1"},
				"west": {"uv": [8.576, 3.072, 9.856, 4.864], "texture": "#1"},
				"up": {"uv": [8.576, 3.072, 9.856, 4.864], "texture": "#1"},
				"down": {"uv": [8.576, 3.072, 9.856, 4.864], "texture": "#1"}
			}
		},
		{
			"name": "Stick top to bottom middle",
			"from": [14, 13, 7.75],
			"to": [15, 14, 8.25],
			"faces": {
				"north": {"uv": [0, 5.376, 1.92, 7.296], "texture": "#1"},
				"east": {"uv": [0, 5.376, 1.92, 7.296], "texture": "#1"},
				"south": {"uv": [0, 5.376, 1.92, 7.296], "texture": "#1"},
				"west": {"uv": [0, 5.376, 1.92, 7.296], "texture": "#1"},
				"up": {"uv": [0, 5.376, 1.92, 7.296], "texture": "#1"},
				"down": {"uv": [0, 5.376, 1.92, 7.296], "texture": "#1"}
			}
		},
		{
			"name": "Stick top to bottom middle",
			"from": [13, 12, 7.25],
			"to": [14, 13, 8.75],
			"faces": {
				"north": {"uv": [0, 0, 16, 16], "texture": "#3"},
				"east": {"uv": [0, 0, 16, 16], "texture": "#3"},
				"south": {"uv": [0, 0, 16, 16], "texture": "#3"},
				"west": {"uv": [0, 0, 16, 16], "texture": "#3"},
				"up": {"uv": [0, 0, 16, 16], "texture": "#3"},
				"down": {"uv": [0, 0, 16, 16], "texture": "#3"}
			}
		},
		{
			"name": "Stick top to bottom middle",
			"from": [12, 11, 7.25],
			"to": [13, 12, 8.75],
			"faces": {
				"north": {"uv": [0, 0, 16, 16], "texture": "#3"},
				"east": {"uv": [0, 0, 16, 16], "texture": "#3"},
				"south": {"uv": [0, 0, 16, 16], "texture": "#3"},
				"west": {"uv": [0, 0, 16, 16], "texture": "#3"},
				"up": {"uv": [0, 0, 16, 16], "texture": "#3"},
				"down": {"uv": [0, 0, 16, 16], "texture": "#3"}
			}
		},
		{
			"name": "Stick top to bottom middle",
			"from": [11, 10, 7.25],
			"to": [12, 11, 8.75],
			"faces": {
				"north": {"uv": [0, 0, 16, 16], "texture": "#3"},
				"east": {"uv": [0, 0, 16, 16], "texture": "#3"},
				"south": {"uv": [0, 0, 16, 16], "texture": "#3"},
				"west": {"uv": [0, 0, 16, 16], "texture": "#3"},
				"up": {"uv": [0, 0, 16, 16], "texture": "#3"},
				"down": {"uv": [0, 0, 16, 16], "texture": "#3"}
			}
		},
		{
			"name": "Stick top to bottom middle",
			"from": [10, 9, 7.25],
			"to": [11, 10, 8.75],
			"faces": {
				"north": {"uv": [0, 0, 16, 16], "texture": "#3"},
				"east": {"uv": [0, 0, 16, 16], "texture": "#3"},
				"south": {"uv": [0, 0, 16, 16], "texture": "#3"},
				"west": {"uv": [0, 0, 16, 16], "texture": "#3"},
				"up": {"uv": [0, 0, 16, 16], "texture": "#3"},
				"down": {"uv": [0, 0, 16, 16], "texture": "#3"}
			}
		},
		{
			"name": "Stick top to bottom middle",
			"from": [9, 8, 7.25],
			"to": [10, 9, 8.75],
			"faces": {
				"north": {"uv": [0, 0, 16, 16], "texture": "#3"},
				"east": {"uv": [0, 0, 16, 16], "texture": "#3"},
				"south": {"uv": [0, 0, 16, 16], "texture": "#3"},
				"west": {"uv": [0, 0, 16, 16], "texture": "#3"},
				"up": {"uv": [0, 0, 16, 16], "texture": "#3"},
				"down": {"uv": [0, 0, 16, 16], "texture": "#3"}
			}
		},
		{
			"name": "Stick top to bottom middle",
			"from": [8, 7, 7.25],
			"to": [9, 8, 8.75],
			"faces": {
				"north": {"uv": [0, 0, 16, 16], "texture": "#3"},
				"east": {"uv": [0, 0, 16, 16], "texture": "#3"},
				"south": {"uv": [0, 0, 16, 16], "texture": "#3"},
				"west": {"uv": [0, 0, 16, 16], "texture": "#3"},
				"up": {"uv": [0, 0, 16, 16], "texture": "#3"},
				"down": {"uv": [0, 0, 16, 16], "texture": "#3"}
			}
		},
		{
			"name": "Stick top to bottom middle",
			"from": [7, 6, 7.25],
			"to": [8, 7, 8.75],
			"faces": {
				"north": {"uv": [0, 0, 16, 16], "texture": "#3"},
				"east": {"uv": [0, 0, 16, 16], "texture": "#3"},
				"south": {"uv": [0, 0, 16, 16], "texture": "#3"},
				"west": {"uv": [0, 0, 16, 16], "texture": "#3"},
				"up": {"uv": [0, 0, 16, 16], "texture": "#3"},
				"down": {"uv": [0, 0, 16, 16], "texture": "#3"}
			}
		},
		{
			"name": "Stick top to bottom middle",
			"from": [6, 5, 7.25],
			"to": [7, 6, 8.75],
			"faces": {
				"north": {"uv": [0, 0, 16, 16], "texture": "#3"},
				"east": {"uv": [0, 0, 16, 16], "texture": "#3"},
				"south": {"uv": [0, 0, 16, 16], "texture": "#3"},
				"west": {"uv": [0, 0, 16, 16], "texture": "#3"},
				"up": {"uv": [0, 0, 16, 16], "texture": "#3"},
				"down": {"uv": [0, 0, 16, 16], "texture": "#3"}
			}
		},
		{
			"name": "Stick top to bottom middle",
			"from": [5, 4, 7.25],
			"to": [6, 5, 8.75],
			"faces": {
				"north": {"uv": [0, 0, 16, 16], "texture": "#3"},
				"east": {"uv": [0, 0, 16, 16], "texture": "#3"},
				"south": {"uv": [0, 0, 16, 16], "texture": "#3"},
				"west": {"uv": [0, 0, 16, 16], "texture": "#3"},
				"up": {"uv": [0, 0, 16, 16], "texture": "#3"},
				"down": {"uv": [0, 0, 16, 16], "texture": "#3"}
			}
		},
		{
			"name": "Stick top to bottom middle",
			"from": [4, 3, 7.25],
			"to": [5, 4, 8.75],
			"faces": {
				"north": {"uv": [0.896, 8.32, 2.944, 10.368], "texture": "#1"},
				"east": {"uv": [0.896, 8.32, 2.944, 10.368], "texture": "#1"},
				"south": {"uv": [0.896, 8.32, 2.944, 10.368], "texture": "#1"},
				"west": {"uv": [0.896, 8.32, 2.944, 10.368], "texture": "#1"},
				"up": {"uv": [0.896, 8.32, 2.944, 10.368], "texture": "#1"},
				"down": {"uv": [0.896, 8.32, 2.944, 10.368], "texture": "#1"}
			}
		},
		{
			"name": "Stick top to bottom middle",
			"from": [3, 2, 7.25],
			"to": [4, 3, 8.75],
			"faces": {
				"north": {"uv": [0.896, 8.32, 2.944, 10.368], "texture": "#1"},
				"east": {"uv": [0.896, 8.32, 2.944, 10.368], "texture": "#1"},
				"south": {"uv": [0.896, 8.32, 2.944, 10.368], "texture": "#1"},
				"west": {"uv": [0.896, 8.32, 2.944, 10.368], "texture": "#1"},
				"up": {"uv": [0.896, 8.32, 2.944, 10.368], "texture": "#1"},
				"down": {"uv": [0.896, 8.32, 2.944, 10.368], "texture": "#1"}
			}
		},
		{
			"name": "Stick top to bottom middle",
			"from": [2, 1, 7.75],
			"to": [3, 2, 8.25],
			"faces": {
				"north": {"uv": [14.336, 3.2, 16, 4.864], "texture": "#3"},
				"east": {"uv": [14.336, 3.2, 16, 4.864], "texture": "#3"},
				"south": {"uv": [14.336, 3.2, 16, 4.864], "texture": "#3"},
				"west": {"uv": [14.336, 3.2, 16, 4.864], "texture": "#3"},
				"up": {"uv": [14.336, 3.2, 16, 4.864], "texture": "#3"},
				"down": {"uv": [14.336, 3.2, 16, 4.864], "texture": "#3"}
			}
		},
		{
			"name": "Stick top to bottom top",
			"from": [13, 13, 7.5],
			"to": [14, 14, 8.5],
			"faces": {
				"north": {"uv": [0, 5.376, 1.92, 7.296], "texture": "#1"},
				"east": {"uv": [0, 5.376, 1.92, 7.296], "texture": "#1"},
				"south": {"uv": [0, 5.376, 1.92, 7.296], "texture": "#1"},
				"west": {"uv": [0, 5.376, 1.92, 7.296], "texture": "#1"},
				"up": {"uv": [0, 5.376, 1.92, 7.296], "texture": "#1"},
				"down": {"uv": [0, 5.376, 1.92, 7.296], "texture": "#1"}
			}
		},
		{
			"name": "Stick top to bottom top",
			"from": [12, 12, 7.5],
			"to": [13, 13, 8.5],
			"faces": {
				"north": {"uv": [0, 5.376, 1.92, 7.296], "texture": "#1"},
				"east": {"uv": [0, 5.376, 1.92, 7.296], "texture": "#1"},
				"south": {"uv": [0, 5.376, 1.92, 7.296], "texture": "#1"},
				"west": {"uv": [0, 5.376, 1.92, 7.296], "texture": "#1"},
				"up": {"uv": [0, 5.376, 1.92, 7.296], "texture": "#1"},
				"down": {"uv": [0, 5.376, 1.92, 7.296], "texture": "#1"}
			}
		},
		{
			"name": "Stick top to bottom top",
			"from": [11, 11, 7.5],
			"to": [12, 12, 8.5],
			"faces": {
				"north": {"uv": [0, 5.376, 1.92, 7.296], "texture": "#1"},
				"east": {"uv": [0, 5.376, 1.92, 7.296], "texture": "#1"},
				"south": {"uv": [0, 5.376, 1.92, 7.296], "texture": "#1"},
				"west": {"uv": [0, 5.376, 1.92, 7.296], "texture": "#1"},
				"up": {"uv": [0, 5.376, 1.92, 7.296], "texture": "#1"},
				"down": {"uv": [0, 5.376, 1.92, 7.296], "texture": "#1"}
			}
		},
		{
			"name": "Stick top to bottom top",
			"from": [10, 10, 7.5],
			"to": [11, 11, 8.5],
			"faces": {
				"north": {"uv": [0, 5.376, 1.92, 7.296], "texture": "#1"},
				"east": {"uv": [0, 5.376, 1.92, 7.296], "texture": "#1"},
				"south": {"uv": [0, 5.376, 1.92, 7.296], "texture": "#1"},
				"west": {"uv": [0, 5.376, 1.92, 7.296], "texture": "#1"},
				"up": {"uv": [0, 5.376, 1.92, 7.296], "texture": "#1"},
				"down": {"uv": [0, 5.376, 1.92, 7.296], "texture": "#1"}
			}
		},
		{
			"name": "Stick top to bottom top",
			"from": [9, 9, 7.5],
			"to": [10, 10, 8.5],
			"faces": {
				"north": {"uv": [0, 5.376, 1.92, 7.296], "texture": "#1"},
				"east": {"uv": [0, 5.376, 1.92, 7.296], "texture": "#1"},
				"south": {"uv": [0, 5.376, 1.92, 7.296], "texture": "#1"},
				"west": {"uv": [0, 5.376, 1.92, 7.296], "texture": "#1"},
				"up": {"uv": [0, 5.376, 1.92, 7.296], "texture": "#1"},
				"down": {"uv": [0, 5.376, 1.92, 7.296], "texture": "#1"}
			}
		},
		{
			"name": "Stick top to bottom top",
			"from": [8, 8, 7.5],
			"to": [9, 9, 8.5],
			"faces": {
				"north": {"uv": [0, 5.376, 1.92, 7.296], "texture": "#1"},
				"east": {"uv": [0, 5.376, 1.92, 7.296], "texture": "#1"},
				"south": {"uv": [0, 5.376, 1.92, 7.296], "texture": "#1"},
				"west": {"uv": [0, 5.376, 1.92, 7.296], "texture": "#1"},
				"up": {"uv": [0, 5.376, 1.92, 7.296], "texture": "#1"},
				"down": {"uv": [0, 5.376, 1.92, 7.296], "texture": "#1"}
			}
		},
		{
			"name": "Stick top to bottom top",
			"from": [7, 7, 7.5],
			"to": [8, 8, 8.5],
			"faces": {
				"north": {"uv": [0, 5.376, 1.92, 7.296], "texture": "#1"},
				"east": {"uv": [0, 5.376, 1.92, 7.296], "texture": "#1"},
				"south": {"uv": [0, 5.376, 1.92, 7.296], "texture": "#1"},
				"west": {"uv": [0, 5.376, 1.92, 7.296], "texture": "#1"},
				"up": {"uv": [0, 5.376, 1.92, 7.296], "texture": "#1"},
				"down": {"uv": [0, 5.376, 1.92, 7.296], "texture": "#1"}
			}
		},
		{
			"name": "Stick top to bottom top",
			"from": [6, 6, 7.5],
			"to": [7, 7, 8.5],
			"faces": {
				"north": {"uv": [0, 5.376, 1.92, 7.296], "texture": "#1"},
				"east": {"uv": [0, 5.376, 1.92, 7.296], "texture": "#1"},
				"south": {"uv": [0, 5.376, 1.92, 7.296], "texture": "#1"},
				"west": {"uv": [0, 5.376, 1.92, 7.296], "texture": "#1"},
				"up": {"uv": [0, 5.376, 1.92, 7.296], "texture": "#1"},
				"down": {"uv": [0, 5.376, 1.92, 7.296], "texture": "#1"}
			}
		},
		{
			"name": "Stick top to bottom top",
			"from": [5, 5, 7.5],
			"to": [6, 6, 8.5],
			"faces": {
				"north": {"uv": [0, 5.376, 1.92, 7.296], "texture": "#1"},
				"east": {"uv": [0, 5.376, 1.92, 7.296], "texture": "#1"},
				"south": {"uv": [0, 5.376, 1.92, 7.296], "texture": "#1"},
				"west": {"uv": [0, 5.376, 1.92, 7.296], "texture": "#1"},
				"up": {"uv": [0, 5.376, 1.92, 7.296], "texture": "#1"},
				"down": {"uv": [0, 5.376, 1.92, 7.296], "texture": "#1"}
			}
		},
		{
			"name": "Stick top to bottom top",
			"from": [4, 4, 7.5],
			"to": [5, 5, 8.5],
			"faces": {
				"north": {"uv": [0, 0, 8, 8], "texture": "#2"},
				"east": {"uv": [0, 0, 8, 8], "texture": "#2"},
				"south": {"uv": [0, 0, 8, 8], "texture": "#2"},
				"west": {"uv": [0, 0, 8, 8], "texture": "#2"},
				"up": {"uv": [0, 0, 8, 8], "texture": "#2"},
				"down": {"uv": [0, 0, 8, 8], "texture": "#2"}
			}
		},
		{
			"name": "Stick top to bottom top",
			"from": [3, 3, 7.5],
			"to": [4, 4, 8.5],
			"faces": {
				"north": {"uv": [0, 0, 8, 8], "texture": "#2"},
				"east": {"uv": [0, 0, 8, 8], "texture": "#2"},
				"south": {"uv": [0, 0, 8, 8], "texture": "#2"},
				"west": {"uv": [0, 0, 8, 8], "texture": "#2"},
				"up": {"uv": [0, 0, 8, 8], "texture": "#2"},
				"down": {"uv": [0, 0, 8, 8], "texture": "#2"}
			}
		},
		{
			"name": "Stick top to bottom top",
			"from": [2, 2, 7.5],
			"to": [3, 3, 8.5],
			"faces": {
				"north": {"uv": [0, 0, 8, 8], "texture": "#2"},
				"east": {"uv": [0, 0, 8, 8], "texture": "#2"},
				"south": {"uv": [0, 0, 8, 8], "texture": "#2"},
				"west": {"uv": [0, 0, 8, 8], "texture": "#2"},
				"up": {"uv": [0, 0, 8, 8], "texture": "#2"},
				"down": {"uv": [0, 0, 8, 8], "texture": "#2"}
			}
		},
		{
			"name": "Stick top to bottom bottom",
			"from": [14, 12, 7.5],
			"to": [15, 13, 8.5],
			"faces": {
				"north": {"uv": [0, 5.376, 1.92, 7.296], "texture": "#1"},
				"east": {"uv": [0, 5.376, 1.92, 7.296], "texture": "#1"},
				"south": {"uv": [0, 5.376, 1.92, 7.296], "texture": "#1"},
				"west": {"uv": [0, 5.376, 1.92, 7.296], "texture": "#1"},
				"up": {"uv": [0, 5.376, 1.92, 7.296], "texture": "#1"},
				"down": {"uv": [0, 5.376, 1.92, 7.296], "texture": "#1"}
			}
		},
		{
			"name": "Stick top to bottom bottom",
			"from": [13, 11, 7.5],
			"to": [14, 12, 8.5],
			"faces": {
				"north": {"uv": [0, 5.376, 1.92, 7.296], "texture": "#1"},
				"east": {"uv": [0, 5.376, 1.92, 7.296], "texture": "#1"},
				"south": {"uv": [0, 5.376, 1.92, 7.296], "texture": "#1"},
				"west": {"uv": [0, 5.376, 1.92, 7.296], "texture": "#1"},
				"up": {"uv": [0, 5.376, 1.92, 7.296], "texture": "#1"},
				"down": {"uv": [0, 5.376, 1.92, 7.296], "texture": "#1"}
			}
		},
		{
			"name": "Stick top to bottom bottom",
			"from": [12, 10, 7.5],
			"to": [13, 11, 8.5],
			"faces": {
				"north": {"uv": [0, 5.376, 1.92, 7.296], "texture": "#1"},
				"east": {"uv": [0, 5.376, 1.92, 7.296], "texture": "#1"},
				"south": {"uv": [0, 5.376, 1.92, 7.296], "texture": "#1"},
				"west": {"uv": [0, 5.376, 1.92, 7.296], "texture": "#1"},
				"up": {"uv": [0, 5.376, 1.92, 7.296], "texture": "#1"},
				"down": {"uv": [0, 5.376, 1.92, 7.296], "texture": "#1"}
			}
		},
		{
			"name": "Stick top to bottom bottom",
			"from": [11, 9, 7.5],
			"to": [12, 10, 8.5],
			"faces": {
				"north": {"uv": [0, 5.376, 1.92, 7.296], "texture": "#1"},
				"east": {"uv": [0, 5.376, 1.92, 7.296], "texture": "#1"},
				"south": {"uv": [0, 5.376, 1.92, 7.296], "texture": "#1"},
				"west": {"uv": [0, 5.376, 1.92, 7.296], "texture": "#1"},
				"up": {"uv": [0, 5.376, 1.92, 7.296], "texture": "#1"},
				"down": {"uv": [0, 5.376, 1.92, 7.296], "texture": "#1"}
			}
		},
		{
			"name": "Stick top to bottom bottom",
			"from": [10, 8, 7.5],
			"to": [11, 9, 8.5],
			"faces": {
				"north": {"uv": [0, 5.376, 1.92, 7.296], "texture": "#1"},
				"east": {"uv": [0, 5.376, 1.92, 7.296], "texture": "#1"},
				"south": {"uv": [0, 5.376, 1.92, 7.296], "texture": "#1"},
				"west": {"uv": [0, 5.376, 1.92, 7.296], "texture": "#1"},
				"up": {"uv": [0, 5.376, 1.92, 7.296], "texture": "#1"},
				"down": {"uv": [0, 5.376, 1.92, 7.296], "texture": "#1"}
			}
		},
		{
			"name": "Stick top to bottom bottom",
			"from": [9, 7, 7.5],
			"to": [10, 8, 8.5],
			"faces": {
				"north": {"uv": [0, 5.376, 1.92, 7.296], "texture": "#1"},
				"east": {"uv": [0, 5.376, 1.92, 7.296], "texture": "#1"},
				"south": {"uv": [0, 5.376, 1.92, 7.296], "texture": "#1"},
				"west": {"uv": [0, 5.376, 1.92, 7.296], "texture": "#1"},
				"up": {"uv": [0, 5.376, 1.92, 7.296], "texture": "#1"},
				"down": {"uv": [0, 5.376, 1.92, 7.296], "texture": "#1"}
			}
		},
		{
			"name": "Stick top to bottom bottom",
			"from": [8, 6, 7.5],
			"to": [9, 7, 8.5],
			"faces": {
				"north": {"uv": [0, 5.376, 1.92, 7.296], "texture": "#1"},
				"east": {"uv": [0, 5.376, 1.92, 7.296], "texture": "#1"},
				"south": {"uv": [0, 5.376, 1.92, 7.296], "texture": "#1"},
				"west": {"uv": [0, 5.376, 1.92, 7.296], "texture": "#1"},
				"up": {"uv": [0, 5.376, 1.92, 7.296], "texture": "#1"},
				"down": {"uv": [0, 5.376, 1.92, 7.296], "texture": "#1"}
			}
		},
		{
			"name": "Stick top to bottom bottom",
			"from": [7, 5, 7.5],
			"to": [8, 6, 8.5],
			"faces": {
				"north": {"uv": [0, 5.376, 1.92, 7.296], "texture": "#1"},
				"east": {"uv": [0, 5.376, 1.92, 7.296], "texture": "#1"},
				"south": {"uv": [0, 5.376, 1.92, 7.296], "texture": "#1"},
				"west": {"uv": [0, 5.376, 1.92, 7.296], "texture": "#1"},
				"up": {"uv": [0, 5.376, 1.92, 7.296], "texture": "#1"},
				"down": {"uv": [0, 5.376, 1.92, 7.296], "texture": "#1"}
			}
		},
		{
			"name": "Stick top to bottom bottom",
			"from": [5, 3, 7.5],
			"to": [6, 4, 8.5],
			"faces": {
				"north": {"uv": [0, 0, 8, 8], "texture": "#2"},
				"east": {"uv": [0, 0, 8, 8], "texture": "#2"},
				"south": {"uv": [0, 0, 8, 8], "texture": "#2"},
				"west": {"uv": [0, 0, 8, 8], "texture": "#2"},
				"up": {"uv": [0, 0, 8, 8], "texture": "#2"},
				"down": {"uv": [0, 0, 8, 8], "texture": "#2"}
			}
		},
		{
			"name": "Stick top to bottom bottom",
			"from": [4, 2, 7.5],
			"to": [5, 3, 8.5],
			"faces": {
				"north": {"uv": [0, 0, 8, 8], "texture": "#2"},
				"east": {"uv": [0, 0, 8, 8], "texture": "#2"},
				"south": {"uv": [0, 0, 8, 8], "texture": "#2"},
				"west": {"uv": [0, 0, 8, 8], "texture": "#2"},
				"up": {"uv": [0, 0, 8, 8], "texture": "#2"},
				"down": {"uv": [0, 0, 8, 8], "texture": "#2"}
			}
		},
		{
			"name": "Stick top to bottom bottom",
			"from": [3, 1, 7.5],
			"to": [4, 2, 8.5],
			"faces": {
				"north": {"uv": [0, 0, 8, 8], "texture": "#2"},
				"east": {"uv": [0, 0, 8, 8], "texture": "#2"},
				"south": {"uv": [0, 0, 8, 8], "texture": "#2"},
				"west": {"uv": [0, 0, 8, 8], "texture": "#2"},
				"up": {"uv": [0, 0, 8, 8], "texture": "#2"},
				"down": {"uv": [0, 0, 8, 8], "texture": "#2"}
			}
		}
	],
	"overrides": [
		{
			"predicate": {
				"cast": 1
			},
			"model": "item/fishing_rod_cast"
		}
	],
	"display": {
		"thirdperson_righthand": {
			"rotation": [0, 90, 50],
			"translation": [0, 4, 2],
			"scale": [0.85, 0.85, 0.85]
		},
		"thirdperson_lefthand": {
			"rotation": [0, -90, -50],
			"translation": [0, 4, 2],
			"scale": [0.85, 0.85, 0.85]
		},
		"firstperson_righthand": {
			"rotation": [0, 90, 25],
			"translation": [1.13, 3.5, 1.13],
			"scale": [0.68, 0.68, 0.68]
		},
		"firstperson_lefthand": {
			"rotation": [0, -90, -25],
			"translation": [1.13, 3.5, 1.13],
			"scale": [0.68, 0.68, 0.68]
		},
		"ground": {
			"translation": [0, 3, 0],
			"scale": [0.5, 0.5, 0.5]
		},
		"gui": {
			"rotation": [10, 10, 10]
		},
		"head": {
			"rotation": [0, 180, 0],
			"translation": [0, 13, 7]
		},
		"fixed": {
			"rotation": [-20, 0, 0],
			"translation": [0, 0, -2.25],
			"scale": [1.02, 1.02, 1.02]
		}
	}
}