{
	"credit": "Made with Blockbench",
	"textures": {
		"1": "item/boat/10",
		"2": "item/boat/boat_side_back",
		"particle": "item/boat/10"
	},
	"elements": [
		{
			"name": "Bottom",
			"from": [4.5, 6, 5.5],
			"to": [5.5, 7, 10.5],
			"faces": {
				"north": {"uv": [3, 4, 8, 6], "texture": "#2"},
				"east": {"uv": [3, 4, 8, 6], "texture": "#2"},
				"south": {"uv": [3, 4, 8, 6], "texture": "#2"},
				"west": {"uv": [3, 4, 8, 6], "texture": "#2"},
				"up": {"uv": [3, 4, 8, 6], "texture": "#2"},
				"down": {"uv": [3, 4, 8, 6], "texture": "#2"}
			}
		},
		{
			"name": "Bottom",
			"from": [10.5, 6, 5.5],
			"to": [11.5, 7, 10.5],
			"faces": {
				"north": {"uv": [3, 4, 8, 6], "texture": "#2"},
				"east": {"uv": [3, 4, 8, 6], "texture": "#2"},
				"south": {"uv": [3, 4, 8, 6], "texture": "#2"},
				"west": {"uv": [3, 4, 8, 6], "texture": "#2"},
				"up": {"uv": [3, 4, 8, 6], "texture": "#2"},
				"down": {"uv": [3, 4, 8, 6], "texture": "#2"}
			}
		},
		{
			"name": "Bottom",
			"from": [5.5, 6, 10.5],
			"to": [10.5, 7, 11.5],
			"faces": {
				"north": {"uv": [3, 4, 8, 6], "texture": "#2"},
				"east": {"uv": [3, 4, 8, 6], "texture": "#2"},
				"south": {"uv": [3, 4, 8, 6], "texture": "#2"},
				"west": {"uv": [3, 4, 8, 6], "texture": "#2"},
				"up": {"uv": [3, 4, 8, 6], "texture": "#2"},
				"down": {"uv": [3, 4, 8, 6], "texture": "#2"}
			}
		},
		{
			"name": "Bottom",
			"from": [5.5, 6, 4.5],
			"to": [10.5, 7, 5.5],
			"faces": {
				"north": {"uv": [3, 4, 8, 6], "texture": "#2"},
				"east": {"uv": [3, 4, 8, 6], "texture": "#2"},
				"south": {"uv": [3, 4, 8, 6], "texture": "#2"},
				"west": {"uv": [3, 4, 8, 6], "texture": "#2"},
				"up": {"uv": [3, 4, 8, 6], "texture": "#2"},
				"down": {"uv": [3, 4, 8, 6], "texture": "#2"}
			}
		},
		{
			"name": "Bottom",
			"from": [5.5, 6.25, 5.5],
			"to": [10.5, 6.75, 10.5],
			"faces": {
				"north": {"uv": [5, 3, 10, 8], "texture": "#1"},
				"east": {"uv": [5, 3, 10, 8], "texture": "#1"},
				"south": {"uv": [5, 3, 10, 8], "texture": "#1"},
				"west": {"uv": [5, 3, 10, 8], "texture": "#1"},
				"up": {"uv": [5, 3, 10, 8], "texture": "#1"},
				"down": {"uv": [5, 3, 10, 8], "texture": "#1"}
			}
		},
		{
			"name": "North-west",
			"from": [4.5, 2, 4.5],
			"to": [5.5, 7, 5.5],
			"faces": {
				"north": {"uv": [4, 3, 4, 8], "texture": "#2"},
				"east": {"uv": [4, 3, 4, 8], "texture": "#2"},
				"south": {"uv": [4, 3, 4, 8], "texture": "#2"},
				"west": {"uv": [4, 3, 4, 8], "texture": "#2"},
				"up": {"uv": [4, 3, 5, 4], "texture": "#2"},
				"down": {"uv": [4, 3, 4, 8], "texture": "#2"}
			}
		},
		{
			"name": "North-east",
			"from": [10.5, 2, 4.5],
			"to": [11.5, 7, 5.5],
			"faces": {
				"north": {"uv": [4, 3, 4, 8], "texture": "#2"},
				"east": {"uv": [4, 3, 4, 8], "texture": "#2"},
				"south": {"uv": [4, 3, 4, 8], "texture": "#2"},
				"west": {"uv": [4, 3, 4, 8], "texture": "#2"},
				"up": {"uv": [4, 3, 5, 4], "texture": "#2"},
				"down": {"uv": [4, 3, 4, 8], "texture": "#2"}
			}
		},
		{
			"name": "South-east",
			"from": [10.5, 2, 10.5],
			"to": [11.5, 7, 11.5],
			"faces": {
				"north": {"uv": [4, 3, 4, 8], "texture": "#2"},
				"east": {"uv": [4, 3, 4, 8], "texture": "#2"},
				"south": {"uv": [4, 3, 4, 8], "texture": "#2"},
				"west": {"uv": [4, 3, 4, 8], "texture": "#2"},
				"up": {"uv": [4, 3, 5, 4], "texture": "#2"},
				"down": {"uv": [4, 3, 4, 8], "texture": "#2"}
			}
		},
		{
			"name": "South-west",
			"from": [4.5, 2, 10.5],
			"to": [5.5, 7, 11.5],
			"faces": {
				"north": {"uv": [4, 3, 4, 8], "texture": "#2"},
				"east": {"uv": [4, 3, 4, 8], "texture": "#2"},
				"south": {"uv": [4, 3, 4, 8], "texture": "#2"},
				"west": {"uv": [4, 3, 4, 8], "texture": "#2"},
				"up": {"uv": [4, 3, 5, 4], "texture": "#2"},
				"down": {"uv": [4, 3, 4, 8], "texture": "#2"}
			}
		}
	],
	"display": {
		"thirdperson_righthand": {
			"rotation": [1, 1, 0],
			"translation": [0, 1.5, 2.5],
			"scale": [0.625, 0.625, 0.625]
		},
		"thirdperson_lefthand": {
			"rotation": [-22, -0.5, 0],
			"translation": [-4, -5, -5.5],
			"scale": [0.625, 0.625, 0.625]
		},
		"firstperson_righthand": {
			"translation": [-2.5, 4, 4],
			"scale": [0.4, 0.4, 0.4]
		},
		"firstperson_lefthand": {
			"rotation": [0, 90, 0],
			"translation": [-2.5, 4, 4],
			"scale": [0.4, 0.4, 0.4]
		},
		"ground": {
			"translation": [0, 3, 0],
			"scale": [0.5, 0.5, 0.5]
		},
		"gui": {
			"rotation": [15, 15, 0],
			"translation": [0, 1.25, 0]
		},
		"head": {
			"rotation": [23, -180, 1],
			"translation": [0, -3, -2]
		},
		"fixed": {
			"rotation": [-20, 180, 0],
			"translation": [0, 1, -2.75],
			"scale": [1.125, 1.125, 1.125]
		}
	}
}