{
	"credit": "Made with Blockbench",
	"textures": {
		"0": "item/diamond_helmet/3",
		"particle": "item/diamond_helmet/3"
	},
	"elements": [
		{
			"from": [0, 0, 9],
			"to": [16, 16, 9],
			"faces": {
				"north": {"uv": [0, 0, 16, 16], "texture": "#0"},
				"east": {"uv": [0, 0, 0, 16], "texture": "#0"},
				"south": {"uv": [0, 0, 0.30877, 1.06667], "texture": "#0"},
				"west": {"uv": [0, 0, 0, 16], "texture": "#0"},
				"up": {"uv": [0, 0, 16, 0], "texture": "#0"},
				"down": {"uv": [0, -0.02807, 16, 0], "texture": "#0"}
			}
		}
	],
	"display": {
		"firstperson_righthand": {
			"rotation": [0, -180, 0],
			"translation": [0, 4, 0],
			"scale": [0.6, 0.6, 0.6]
		},
		"ground": {
			"translation": [0, 1.5, 0]
		},
		"gui": {
			"rotation": [0, -180, 0]
		},
		"fixed": {
			"translation": [0, 0, -1.5]
		}
	}
}