{
	"credit": "Made with Blockbench",
	"textures": {
		"0": "item/boat/1-1",
		"particle": "item/boat/1-1"
	},
	"elements": [
		{
			"from": [5, 1, 3],
			"to": [11, 1.3, 10],
			"faces": {
				"north": {"uv": [11.72495, 14.17682, 12.31955, 15.63628], "texture": "#0"},
				"east": {"uv": [11.72495, 14.17682, 12.31955, 15.63628], "texture": "#0"},
				"south": {"uv": [11.72495, 14.17682, 12.31955, 15.63628], "texture": "#0"},
				"west": {"uv": [11.72495, 14.17682, 12.31955, 15.63628], "texture": "#0"},
				"up": {"uv": [11.72495, 14.17682, 12.31955, 15.63628], "texture": "#0"},
				"down": {"uv": [11.72495, 14.17682, 12.31955, 15.63628], "texture": "#0"}
			}
		},
		{
			"from": [5, 1, 0],
			"to": [11, 13, 2],
			"faces": {
				"north": {"uv": [10.65619, 3.83497, 11.25078, 5.29443], "texture": "#0"},
				"east": {"uv": [10.65619, 3.83497, 11.25078, 5.29443], "texture": "#0"},
				"south": {"uv": [10.65619, 3.83497, 11.25078, 5.29443], "texture": "#0"},
				"west": {"uv": [10.65619, 3.83497, 11.25078, 5.29443], "texture": "#0"},
				"up": {"uv": [10.65619, 3.83497, 11.25078, 5.29443], "texture": "#0"},
				"down": {"uv": [10.65619, 3.83497, 11.25078, 5.29443], "texture": "#0"}
			}
		},
		{
			"from": [4, 10, 2],
			"to": [12, 13, 11],
			"faces": {
				"north": {"uv": [10.65619, 3.83497, 11.25078, 5.29443], "texture": "#0"},
				"east": {"uv": [10.65619, 3.83497, 11.25078, 5.29443], "texture": "#0"},
				"south": {"uv": [10.65619, 3.83497, 11.25078, 5.29443], "texture": "#0"},
				"west": {"uv": [10.65619, 3.83497, 11.25078, 5.29443], "texture": "#0"},
				"up": {"uv": [10.65619, 3.83497, 11.25078, 5.29443], "texture": "#0"},
				"down": {"uv": [10.65619, 3.83497, 11.25078, 5.29443], "texture": "#0"}
			}
		},
		{
			"from": [4, 0, 0],
			"to": [12, 1, 11],
			"faces": {
				"north": {"uv": [10.65619, 3.83497, 11.25078, 5.29443], "texture": "#0"},
				"east": {"uv": [10.65619, 3.83497, 11.25078, 5.29443], "texture": "#0"},
				"south": {"uv": [10.65619, 3.83497, 11.25078, 5.29443], "texture": "#0"},
				"west": {"uv": [10.65619, 3.83497, 11.25078, 5.29443], "texture": "#0"},
				"up": {"uv": [10.65619, 3.83497, 11.25078, 5.29443], "texture": "#0"},
				"down": {"uv": [10.65619, 3.83497, 11.25078, 5.29443], "texture": "#0"}
			}
		},
		{
			"from": [10.5, 3.3, 6.5],
			"to": [11, 5.3, 7.5],
			"faces": {
				"north": {"uv": [3.96071, 7.32417, 4.5553, 8.78362], "texture": "#0"},
				"east": {"uv": [3.96071, 7.32417, 4.5553, 8.78362], "texture": "#0"},
				"south": {"uv": [3.96071, 7.32417, 4.5553, 8.78362], "texture": "#0"},
				"west": {"uv": [3.96071, 7.32417, 4.5553, 8.78362], "texture": "#0"},
				"up": {"uv": [3.96071, 7.32417, 4.5553, 8.78362], "texture": "#0"},
				"down": {"uv": [3.96071, 7.32417, 4.5553, 8.78362], "texture": "#0"}
			}
		},
		{
			"from": [10, 4.7, 6.5],
			"to": [10.5, 5.3, 7.5],
			"faces": {
				"north": {"uv": [3.96071, 7.32417, 4.5553, 8.78362], "texture": "#0"},
				"east": {"uv": [3.96071, 7.32417, 4.5553, 8.78362], "texture": "#0"},
				"south": {"uv": [3.96071, 7.32417, 4.5553, 8.78362], "texture": "#0"},
				"west": {"uv": [3.96071, 7.32417, 4.5553, 8.78362], "texture": "#0"},
				"up": {"uv": [3.96071, 7.32417, 4.5553, 8.78362], "texture": "#0"},
				"down": {"uv": [3.96071, 7.32417, 4.5553, 8.78362], "texture": "#0"}
			}
		},
		{
			"from": [10, 3.3, 6.5],
			"to": [10.5, 3.9, 7.5],
			"faces": {
				"north": {"uv": [3.96071, 7.32417, 4.5553, 8.78362], "texture": "#0"},
				"east": {"uv": [3.96071, 7.32417, 4.5553, 8.78362], "texture": "#0"},
				"south": {"uv": [3.96071, 7.32417, 4.5553, 8.78362], "texture": "#0"},
				"west": {"uv": [3.96071, 7.32417, 4.5553, 8.78362], "texture": "#0"},
				"up": {"uv": [3.96071, 7.32417, 4.5553, 8.78362], "texture": "#0"},
				"down": {"uv": [3.96071, 7.32417, 4.5553, 8.78362], "texture": "#0"}
			}
		},
		{
			"from": [6, 1.3, 8],
			"to": [10, 6.3, 9],
			"faces": {
				"north": {"uv": [3.96071, 7.32417, 4.5553, 8.78362], "texture": "#0"},
				"east": {"uv": [3.96071, 7.32417, 4.5553, 8.78362], "texture": "#0"},
				"south": {"uv": [3.96071, 7.32417, 4.5553, 8.78362], "texture": "#0"},
				"west": {"uv": [3.96071, 7.32417, 4.5553, 8.78362], "texture": "#0"},
				"up": {"uv": [3.96071, 7.32417, 4.5553, 8.78362], "texture": "#0"},
				"down": {"uv": [3.96071, 7.32417, 4.5553, 8.78362], "texture": "#0"}
			}
		},
		{
			"from": [6, 1.3, 5],
			"to": [10, 6.3, 6],
			"faces": {
				"north": {"uv": [3.96071, 7.32417, 4.5553, 8.78362], "texture": "#0"},
				"east": {"uv": [3.96071, 7.32417, 4.5553, 8.78362], "texture": "#0"},
				"south": {"uv": [3.96071, 7.32417, 4.5553, 8.78362], "texture": "#0"},
				"west": {"uv": [3.96071, 7.32417, 4.5553, 8.78362], "texture": "#0"},
				"up": {"uv": [3.96071, 7.32417, 4.5553, 8.78362], "texture": "#0"},
				"down": {"uv": [3.96071, 7.32417, 4.5553, 8.78362], "texture": "#0"}
			}
		},
		{
			"from": [9, 1.3, 6],
			"to": [10, 6.3, 8],
			"faces": {
				"north": {"uv": [3.96071, 7.32417, 4.5553, 8.78362], "texture": "#0"},
				"east": {"uv": [3.96071, 7.32417, 4.5553, 8.78362], "texture": "#0"},
				"south": {"uv": [3.96071, 7.32417, 4.5553, 8.78362], "texture": "#0"},
				"west": {"uv": [3.96071, 7.32417, 4.5553, 8.78362], "texture": "#0"},
				"up": {"uv": [3.96071, 7.32417, 4.5553, 8.78362], "texture": "#0"},
				"down": {"uv": [3.96071, 7.32417, 4.5553, 8.78362], "texture": "#0"}
			}
		},
		{
			"from": [6, 1.3, 6],
			"to": [7, 6.3, 8],
			"faces": {
				"north": {"uv": [3.96071, 7.32417, 4.5553, 8.78362], "texture": "#0"},
				"east": {"uv": [3.96071, 7.32417, 4.5553, 8.78362], "texture": "#0"},
				"south": {"uv": [3.96071, 7.32417, 4.5553, 8.78362], "texture": "#0"},
				"west": {"uv": [3.96071, 7.32417, 4.5553, 8.78362], "texture": "#0"},
				"up": {"uv": [3.96071, 7.32417, 4.5553, 8.78362], "texture": "#0"},
				"down": {"uv": [3.96071, 7.32417, 4.5553, 8.78362], "texture": "#0"}
			}
		}
	],
	"display": {
		"thirdperson_righthand": {
			"rotation": [60, 180, 0],
			"translation": [0, 2.5, -2],
			"scale": [0.5, 0.5, 0.5]
		},
		"thirdperson_lefthand": {
			"scale": [0.5, 0.5, 0.5]
		},
		"ground": {
			"translation": [0, 2, 0],
			"scale": [0.4, 0.4, 0.4]
		},
		"gui": {
			"rotation": [31, 45, 0],
			"translation": [0.75, 0, 0],
			"scale": [0.8, 0.8, 0.8]
		},
		"head": {
			"rotation": [1, -180, 0],
			"translation": [0, 2, -3.5],
			"scale": [1.2, 1.2, 1.2]
		},
		"fixed": {
			"rotation": [0, 90, 0],
			"translation": [2.5, 0.75, 0],
			"scale": [0.7, 0.7, 0.7]
		}
	},
	"groups": [
		{
			"name": "17",
			"origin": [8, 8, 8],
			"color": 0,
			"children": [
				{
					"name": "coffemaker",
					"origin": [8, 8, 8],
					"color": 0,
					"children": [0, 1, 2, 3]
				},
				{
					"name": "group",
					"origin": [8, 8, 8],
					"color": 0,
					"children": [4, 5, 6]
				}, 7, 8, 9, 10]
		}
	]
}