{
	"credit": "Made with Blockbench",
	"textures": {
		"particle": "item/boat/31",
		"block": "item/boat/31"
	},
	"elements": [
		{
			"name": "Bottom left to top right",
			"from": [3, 0, 7.25],
			"to": [4, 1, 8.75],
			"faces": {
				"north": {"uv": [4, 5, 5, 6.125], "texture": "#block"},
				"east": {"uv": [4, 5, 5, 6.125], "texture": "#block"},
				"south": {"uv": [4, 5, 5, 6.125], "texture": "#block"},
				"west": {"uv": [4, 5, 5, 6.125], "texture": "#block"},
				"up": {"uv": [4, 5, 5, 6.125], "texture": "#block"},
				"down": {"uv": [4, 5, 5, 6.125], "texture": "#block"}
			}
		},
		{
			"name": "Bottom left to top right",
			"from": [4, 0, 7.5],
			"to": [7, 1, 8.5],
			"faces": {
				"north": {"uv": [4, 5, 5, 6.125], "texture": "#block"},
				"east": {"uv": [4, 5, 5, 6.125], "texture": "#block"},
				"south": {"uv": [4, 5, 5, 6.125], "texture": "#block"},
				"west": {"uv": [4, 5, 5, 6.125], "texture": "#block"},
				"up": {"uv": [4, 5, 5, 6.125], "texture": "#block"},
				"down": {"uv": [4, 5, 5, 6.125], "texture": "#block"}
			}
		},
		{
			"name": "Bottom left to top right",
			"from": [2, 1, 7.25],
			"to": [3, 2, 8.75],
			"faces": {
				"north": {"uv": [4, 5, 5, 6.125], "texture": "#block"},
				"east": {"uv": [4, 5, 5, 6.125], "texture": "#block"},
				"south": {"uv": [4, 5, 5, 6.125], "texture": "#block"},
				"west": {"uv": [4, 5, 5, 6.125], "texture": "#block"},
				"up": {"uv": [4, 5, 5, 6.125], "texture": "#block"},
				"down": {"uv": [4, 5, 5, 6.125], "texture": "#block"}
			}
		},
		{
			"name": "Bottom left to top right",
			"from": [3, 1, 7],
			"to": [6, 2, 9],
			"faces": {
				"north": {"uv": [11.25, 8.25, 14.23, 9.23], "texture": "#block"},
				"east": {"uv": [11.25, 8.25, 14.23, 9.23], "texture": "#block"},
				"south": {"uv": [11.25, 8.25, 14.23, 9.23], "texture": "#block"},
				"west": {"uv": [11.25, 8.25, 14.23, 9.23], "texture": "#block"},
				"up": {"uv": [11.25, 8.25, 14.23, 9.23], "texture": "#block"},
				"down": {"uv": [11.25, 8.25, 14.23, 9.23], "texture": "#block"}
			}
		},
		{
			"name": "Bottom left to top right",
			"from": [6, 1, 7.25],
			"to": [7, 2, 8.75],
			"faces": {
				"north": {"uv": [11.25, 8.25, 12.23, 9.23], "texture": "#block"},
				"east": {"uv": [11.25, 8.25, 12.23, 9.23], "texture": "#block"},
				"south": {"uv": [11.25, 8.25, 12.23, 9.23], "texture": "#block"},
				"west": {"uv": [11.25, 8.25, 12.23, 9.23], "texture": "#block"},
				"up": {"uv": [11.25, 8.25, 12.23, 9.23], "texture": "#block"},
				"down": {"uv": [11.25, 8.25, 12.23, 9.23], "texture": "#block"}
			}
		},
		{
			"name": "Bottom left to top right",
			"from": [7, 1, 7.5],
			"to": [8, 2, 8.5],
			"faces": {
				"north": {"uv": [4, 5, 5, 6.125], "texture": "#block"},
				"east": {"uv": [4, 5, 5, 6.125], "texture": "#block"},
				"south": {"uv": [4, 5, 5, 6.125], "texture": "#block"},
				"west": {"uv": [4, 5, 5, 6.125], "texture": "#block"},
				"up": {"uv": [4, 5, 5, 6.125], "texture": "#block"},
				"down": {"uv": [4, 5, 5, 6.125], "texture": "#block"}
			}
		},
		{
			"name": "Bottom left to top right",
			"from": [3, 2, 6.75],
			"to": [5, 3, 9.25],
			"faces": {
				"north": {"uv": [11.25, 8.25, 13.23, 9.23], "texture": "#block"},
				"east": {"uv": [11.25, 8.25, 13.23, 9.23], "texture": "#block"},
				"south": {"uv": [11.25, 8.25, 13.23, 9.23], "texture": "#block"},
				"west": {"uv": [11.25, 8.25, 13.23, 9.23], "texture": "#block"},
				"up": {"uv": [11.25, 8.25, 13.23, 9.23], "texture": "#block"},
				"down": {"uv": [11.25, 8.25, 13.23, 9.23], "texture": "#block"}
			}
		},
		{
			"name": "Bottom left to top right",
			"from": [5, 2, 7],
			"to": [8, 3, 9],
			"faces": {
				"north": {"uv": [11.25, 8.25, 14.23, 9.23], "texture": "#block"},
				"east": {"uv": [11.25, 8.25, 14.23, 9.23], "texture": "#block"},
				"south": {"uv": [11.25, 8.25, 14.23, 9.23], "texture": "#block"},
				"west": {"uv": [11.25, 8.25, 14.23, 9.23], "texture": "#block"},
				"up": {"uv": [11.25, 8.25, 14.23, 9.23], "texture": "#block"},
				"down": {"uv": [11.25, 8.25, 14.23, 9.23], "texture": "#block"}
			}
		},
		{
			"name": "Bottom left to top right",
			"from": [8, 2, 7.5],
			"to": [9, 3, 8.5],
			"faces": {
				"north": {"uv": [5, 4, 5.875, 5], "texture": "#block"},
				"east": {"uv": [5, 4, 5.875, 5], "texture": "#block"},
				"south": {"uv": [5, 4, 5.875, 5], "texture": "#block"},
				"west": {"uv": [5, 4, 5.875, 5], "texture": "#block"},
				"up": {"uv": [5, 4, 5.875, 5], "texture": "#block"},
				"down": {"uv": [5, 4, 5.875, 5], "texture": "#block"}
			}
		},
		{
			"name": "Bottom left to top right",
			"from": [2, 2, 7],
			"to": [3, 3, 9],
			"faces": {
				"north": {"uv": [3, 5, 3.98, 5.98], "texture": "#block"},
				"east": {"uv": [3, 5, 3.98, 5.98], "texture": "#block"},
				"south": {"uv": [3, 5, 3.98, 5.98], "texture": "#block"},
				"west": {"uv": [3, 5, 3.98, 5.98], "texture": "#block"},
				"up": {"uv": [3, 5, 3.98, 5.98], "texture": "#block"},
				"down": {"uv": [3, 5, 3.98, 5.98], "texture": "#block"}
			}
		},
		{
			"name": "Bottom left to top right",
			"from": [1, 3, 6.75],
			"to": [2, 6, 9.25],
			"faces": {
				"north": {"uv": [4, 5, 5, 6.125], "texture": "#block"},
				"east": {"uv": [4, 5, 5, 6.125], "texture": "#block"},
				"south": {"uv": [4, 5, 5, 6.125], "texture": "#block"},
				"west": {"uv": [4, 5, 5, 6.125], "texture": "#block"},
				"up": {"uv": [4, 5, 5, 6.125], "texture": "#block"},
				"down": {"uv": [4, 5, 5, 6.125], "texture": "#block"}
			}
		},
		{
			"name": "Bottom left to top right",
			"from": [2, 3, 6.25],
			"to": [3, 6, 9.75],
			"faces": {
				"north": {"uv": [11.25, 8.25, 12.23, 11.23], "texture": "#block"},
				"east": {"uv": [11.25, 8.25, 12.23, 11.23], "texture": "#block"},
				"south": {"uv": [11.25, 8.25, 12.23, 11.23], "texture": "#block"},
				"west": {"uv": [11.25, 8.25, 12.23, 11.23], "texture": "#block"},
				"up": {"uv": [11.25, 8.25, 12.23, 11.23], "texture": "#block"},
				"down": {"uv": [11.25, 8.25, 12.23, 11.23], "texture": "#block"}
			}
		},
		{
			"name": "Bottom left to top right",
			"from": [3, 3, 6.5],
			"to": [4, 6, 9.5],
			"faces": {
				"north": {"uv": [11.25, 8.25, 12.23, 11.23], "texture": "#block"},
				"east": {"uv": [11.25, 8.25, 12.23, 11.23], "texture": "#block"},
				"south": {"uv": [11.25, 8.25, 12.23, 11.23], "texture": "#block"},
				"west": {"uv": [11.25, 8.25, 12.23, 11.23], "texture": "#block"},
				"up": {"uv": [11.25, 8.25, 12.23, 11.23], "texture": "#block"},
				"down": {"uv": [11.25, 8.25, 12.23, 11.23], "texture": "#block"}
			}
		},
		{
			"name": "Bottom left to top right",
			"from": [4, 3, 6.5],
			"to": [5, 6, 9.5],
			"faces": {
				"north": {"uv": [11.25, 8.25, 12.23, 11.23], "texture": "#block"},
				"east": {"uv": [11.25, 8.25, 12.23, 11.23], "texture": "#block"},
				"south": {"uv": [11.25, 8.25, 12.23, 11.23], "texture": "#block"},
				"west": {"uv": [11.25, 8.25, 12.23, 11.23], "texture": "#block"},
				"up": {"uv": [11.25, 8.25, 12.23, 11.23], "texture": "#block"},
				"down": {"uv": [11.25, 8.25, 12.23, 11.23], "texture": "#block"}
			}
		},
		{
			"name": "Bottom left to top right",
			"from": [5, 3, 6.5],
			"to": [6, 6, 9.5],
			"faces": {
				"north": {"uv": [11.25, 8.25, 12.23, 11.23], "texture": "#block"},
				"east": {"uv": [11.25, 8.25, 12.23, 11.23], "texture": "#block"},
				"south": {"uv": [11.25, 8.25, 12.23, 11.23], "texture": "#block"},
				"west": {"uv": [11.25, 8.25, 12.23, 11.23], "texture": "#block"},
				"up": {"uv": [11.25, 8.25, 12.23, 11.23], "texture": "#block"},
				"down": {"uv": [11.25, 8.25, 12.23, 11.23], "texture": "#block"}
			}
		},
		{
			"name": "Bottom left to top right",
			"from": [6, 3, 6.75],
			"to": [7, 4, 9.25],
			"faces": {
				"north": {"uv": [11.25, 8.25, 12.23, 9.23], "texture": "#block"},
				"east": {"uv": [11.25, 8.25, 12.23, 9.23], "texture": "#block"},
				"south": {"uv": [11.25, 8.25, 12.23, 9.23], "texture": "#block"},
				"west": {"uv": [11.25, 8.25, 12.23, 9.23], "texture": "#block"},
				"up": {"uv": [11.25, 8.25, 12.23, 9.23], "texture": "#block"},
				"down": {"uv": [11.25, 8.25, 12.23, 9.23], "texture": "#block"}
			}
		},
		{
			"name": "Bottom left to top right",
			"from": [7, 3, 7],
			"to": [8, 4, 9],
			"faces": {
				"north": {"uv": [11.25, 8.25, 12.23, 9.23], "texture": "#block"},
				"east": {"uv": [11.25, 8.25, 12.23, 9.23], "texture": "#block"},
				"south": {"uv": [11.25, 8.25, 12.23, 9.23], "texture": "#block"},
				"west": {"uv": [11.25, 8.25, 12.23, 9.23], "texture": "#block"},
				"up": {"uv": [11.25, 8.25, 12.23, 9.23], "texture": "#block"},
				"down": {"uv": [11.25, 8.25, 12.23, 9.23], "texture": "#block"}
			}
		},
		{
			"name": "Bottom left to top right",
			"from": [8, 3, 7.25],
			"to": [9, 4, 8.75],
			"faces": {
				"north": {"uv": [11.25, 8.25, 12.23, 9.23], "texture": "#block"},
				"east": {"uv": [11.25, 8.25, 12.23, 9.23], "texture": "#block"},
				"south": {"uv": [11.25, 8.25, 12.23, 9.23], "texture": "#block"},
				"west": {"uv": [11.25, 8.25, 12.23, 9.23], "texture": "#block"},
				"up": {"uv": [11.25, 8.25, 12.23, 9.23], "texture": "#block"},
				"down": {"uv": [11.25, 8.25, 12.23, 9.23], "texture": "#block"}
			}
		},
		{
			"name": "Bottom left to top right",
			"from": [9, 3, 7.5],
			"to": [10, 4, 8.5],
			"faces": {
				"north": {"uv": [5, 4, 5.875, 5], "texture": "#block"},
				"east": {"uv": [5, 4, 5.875, 5], "texture": "#block"},
				"south": {"uv": [5, 4, 5.875, 5], "texture": "#block"},
				"west": {"uv": [5, 4, 5.875, 5], "texture": "#block"},
				"up": {"uv": [5, 4, 5.875, 5], "texture": "#block"},
				"down": {"uv": [5, 4, 5.875, 5], "texture": "#block"}
			}
		},
		{
			"name": "Bottom left to top right",
			"from": [6, 4, 6.5],
			"to": [7, 5, 9.5],
			"faces": {
				"north": {"uv": [11.25, 8.25, 12.23, 9.23], "texture": "#block"},
				"east": {"uv": [11.25, 8.25, 12.23, 9.23], "texture": "#block"},
				"south": {"uv": [11.25, 8.25, 12.23, 9.23], "texture": "#block"},
				"west": {"uv": [11.25, 8.25, 12.23, 9.23], "texture": "#block"},
				"up": {"uv": [11.25, 8.25, 12.23, 9.23], "texture": "#block"},
				"down": {"uv": [11.25, 8.25, 12.23, 9.23], "texture": "#block"}
			}
		},
		{
			"name": "Bottom left to top right",
			"from": [7, 4, 7],
			"to": [10, 5, 9],
			"faces": {
				"north": {"uv": [12.625, 11, 13.625, 12], "texture": "#block"},
				"east": {"uv": [12.625, 11, 13.625, 12], "texture": "#block"},
				"south": {"uv": [12.625, 11, 13.625, 12], "texture": "#block"},
				"west": {"uv": [12.625, 11, 13.625, 12], "texture": "#block"},
				"up": {"uv": [12.625, 11, 13.625, 12], "texture": "#block"},
				"down": {"uv": [12.625, 11, 13.625, 12], "texture": "#block"}
			}
		},
		{
			"name": "Bottom left to top right",
			"from": [10, 4, 7.5],
			"to": [11, 5, 8.5],
			"faces": {
				"north": {"uv": [5, 4, 5.875, 5], "texture": "#block"},
				"east": {"uv": [5, 4, 5.875, 5], "texture": "#block"},
				"south": {"uv": [5, 4, 5.875, 5], "texture": "#block"},
				"west": {"uv": [5, 4, 5.875, 5], "texture": "#block"},
				"up": {"uv": [5, 4, 5.875, 5], "texture": "#block"},
				"down": {"uv": [5, 4, 5.875, 5], "texture": "#block"}
			}
		},
		{
			"name": "Bottom left to top right",
			"from": [6, 5, 6.25],
			"to": [7, 6, 9.75],
			"faces": {
				"north": {"uv": [11.25, 8.25, 12.23, 9.23], "texture": "#block"},
				"east": {"uv": [11.25, 8.25, 12.23, 9.23], "texture": "#block"},
				"south": {"uv": [11.25, 8.25, 12.23, 9.23], "texture": "#block"},
				"west": {"uv": [11.25, 8.25, 12.23, 9.23], "texture": "#block"},
				"up": {"uv": [11.25, 8.25, 12.23, 9.23], "texture": "#block"},
				"down": {"uv": [11.25, 8.25, 12.23, 9.23], "texture": "#block"}
			}
		},
		{
			"name": "Bottom left to top right",
			"from": [7, 5, 6.5],
			"to": [8, 6, 9.5],
			"faces": {
				"north": {"uv": [11.75, 12.5, 12.75, 13.5], "texture": "#block"},
				"east": {"uv": [11.75, 12.5, 12.75, 13.5], "texture": "#block"},
				"south": {"uv": [11.75, 12.5, 12.75, 13.5], "texture": "#block"},
				"west": {"uv": [11.75, 12.5, 12.75, 13.5], "texture": "#block"},
				"up": {"uv": [11.75, 12.5, 12.75, 13.5], "texture": "#block"},
				"down": {"uv": [11.75, 12.5, 12.75, 13.5], "texture": "#block"}
			}
		},
		{
			"name": "Bottom left to top right",
			"from": [8, 5, 7],
			"to": [11, 6, 9],
			"faces": {
				"north": {"uv": [10.5, 8.625, 13.48, 9.605], "texture": "#block"},
				"east": {"uv": [10.5, 8.625, 13.48, 9.605], "texture": "#block"},
				"south": {"uv": [10.5, 8.625, 13.48, 9.605], "texture": "#block"},
				"west": {"uv": [10.5, 8.625, 13.48, 9.605], "texture": "#block"},
				"up": {"uv": [10.5, 8.625, 13.48, 9.605], "texture": "#block"},
				"down": {"uv": [10.5, 8.625, 13.48, 9.605], "texture": "#block"}
			}
		},
		{
			"name": "Bottom left to top right",
			"from": [11, 5, 7.5],
			"to": [12, 6, 8.5],
			"faces": {
				"north": {"uv": [5, 4, 5.875, 5], "texture": "#block"},
				"east": {"uv": [5, 4, 5.875, 5], "texture": "#block"},
				"south": {"uv": [5, 4, 5.875, 5], "texture": "#block"},
				"west": {"uv": [5, 4, 5.875, 5], "texture": "#block"},
				"up": {"uv": [5, 4, 5.875, 5], "texture": "#block"},
				"down": {"uv": [5, 4, 5.875, 5], "texture": "#block"}
			}
		},
		{
			"name": "Bottom left to top right",
			"from": [2, 6, 6.75],
			"to": [3, 8, 9.25],
			"faces": {
				"north": {"uv": [4, 5, 5, 6.125], "texture": "#block"},
				"east": {"uv": [4, 5, 5, 6.125], "texture": "#block"},
				"south": {"uv": [4, 5, 5, 6.125], "texture": "#block"},
				"west": {"uv": [4, 5, 5, 6.125], "texture": "#block"},
				"up": {"uv": [4, 5, 5, 6.125], "texture": "#block"},
				"down": {"uv": [4, 5, 5, 6.125], "texture": "#block"}
			}
		},
		{
			"name": "Bottom left to top right",
			"from": [3, 6, 6.5],
			"to": [4, 7, 9.5],
			"faces": {
				"north": {"uv": [11.25, 8.25, 12.23, 9.23], "texture": "#block"},
				"east": {"uv": [11.25, 8.25, 12.23, 9.23], "texture": "#block"},
				"south": {"uv": [11.25, 8.25, 12.23, 9.23], "texture": "#block"},
				"west": {"uv": [11.25, 8.25, 12.23, 9.23], "texture": "#block"},
				"up": {"uv": [11.25, 8.25, 12.23, 9.23], "texture": "#block"},
				"down": {"uv": [11.25, 8.25, 12.23, 9.23], "texture": "#block"}
			}
		},
		{
			"name": "Bottom left to top right",
			"from": [4, 6, 6.25],
			"to": [6, 7, 9.75],
			"faces": {
				"north": {"uv": [11.25, 8.25, 13.23, 9.23], "texture": "#block"},
				"east": {"uv": [11.25, 8.25, 13.23, 9.23], "texture": "#block"},
				"south": {"uv": [11.25, 8.25, 13.23, 9.23], "texture": "#block"},
				"west": {"uv": [11.25, 8.25, 13.23, 9.23], "texture": "#block"},
				"up": {"uv": [11.25, 8.25, 13.23, 9.23], "texture": "#block"},
				"down": {"uv": [11.25, 8.25, 13.23, 9.23], "texture": "#block"}
			}
		},
		{
			"name": "Bottom left to top right",
			"from": [6, 6, 7],
			"to": [7, 7, 9],
			"faces": {
				"north": {"uv": [11.75, 12.5, 12.75, 13.5], "texture": "#block"},
				"east": {"uv": [11.75, 12.5, 12.75, 13.5], "texture": "#block"},
				"south": {"uv": [11.75, 12.5, 12.75, 13.5], "texture": "#block"},
				"west": {"uv": [11.75, 12.5, 12.75, 13.5], "texture": "#block"},
				"up": {"uv": [11.75, 12.5, 12.75, 13.5], "texture": "#block"},
				"down": {"uv": [11.75, 12.5, 12.75, 13.5], "texture": "#block"}
			}
		},
		{
			"name": "Bottom left to top right",
			"from": [7, 6, 6.5],
			"to": [9, 7, 9.5],
			"faces": {
				"north": {"uv": [11.25, 8.25, 13.23, 9.23], "texture": "#block"},
				"east": {"uv": [11.25, 8.25, 13.23, 9.23], "texture": "#block"},
				"south": {"uv": [11.25, 8.25, 13.23, 9.23], "texture": "#block"},
				"west": {"uv": [11.25, 8.25, 13.23, 9.23], "texture": "#block"},
				"up": {"uv": [11.25, 8.25, 13.23, 9.23], "texture": "#block"},
				"down": {"uv": [11.25, 8.25, 13.23, 9.23], "texture": "#block"}
			}
		},
		{
			"name": "Bottom left to top right",
			"from": [9, 6, 6.75],
			"to": [10, 7, 9.25],
			"faces": {
				"north": {"uv": [9.01, 9.01, 9.99, 9.99], "texture": "#block"},
				"east": {"uv": [9.01, 9.01, 9.99, 9.99], "texture": "#block"},
				"south": {"uv": [9.01, 9.01, 9.99, 9.99], "texture": "#block"},
				"west": {"uv": [9.01, 9.01, 9.99, 9.99], "texture": "#block"},
				"up": {"uv": [9.01, 9.01, 9.99, 9.99], "texture": "#block"},
				"down": {"uv": [9.01, 9.01, 9.99, 9.99], "texture": "#block"}
			}
		},
		{
			"name": "Bottom left to top right",
			"from": [10, 6, 7],
			"to": [11, 7, 9],
			"faces": {
				"north": {"uv": [10.01, 9.01, 10.99, 9.99], "texture": "#block"},
				"east": {"uv": [10.01, 9.01, 10.99, 9.99], "texture": "#block"},
				"south": {"uv": [10.01, 9.01, 10.99, 9.99], "texture": "#block"},
				"west": {"uv": [10.01, 9.01, 10.99, 9.99], "texture": "#block"},
				"up": {"uv": [10.01, 9.01, 10.99, 9.99], "texture": "#block"},
				"down": {"uv": [10.01, 9.01, 10.99, 9.99], "texture": "#block"}
			}
		},
		{
			"name": "Bottom left to top right",
			"from": [11, 6, 7.25],
			"to": [12, 7, 8.75],
			"faces": {
				"north": {"uv": [11.75, 12.5, 12.75, 13.5], "texture": "#block"},
				"east": {"uv": [11.75, 12.5, 12.75, 13.5], "texture": "#block"},
				"south": {"uv": [11.75, 12.5, 12.75, 13.5], "texture": "#block"},
				"west": {"uv": [11.75, 12.5, 12.75, 13.5], "texture": "#block"},
				"up": {"uv": [11.75, 12.5, 12.75, 13.5], "texture": "#block"},
				"down": {"uv": [11.75, 12.5, 12.75, 13.5], "texture": "#block"}
			}
		},
		{
			"name": "Bottom left to top right",
			"from": [12, 6, 7.5],
			"to": [13, 7, 8.5],
			"faces": {
				"north": {"uv": [5, 4, 5.875, 5], "texture": "#block"},
				"east": {"uv": [5, 4, 5.875, 5], "texture": "#block"},
				"south": {"uv": [5, 4, 5.875, 5], "texture": "#block"},
				"west": {"uv": [5, 4, 5.875, 5], "texture": "#block"},
				"up": {"uv": [5, 4, 5.875, 5], "texture": "#block"},
				"down": {"uv": [5, 4, 5.875, 5], "texture": "#block"}
			}
		},
		{
			"name": "Bottom left to top right",
			"from": [3, 7, 6.25],
			"to": [4, 8, 9.75],
			"faces": {
				"north": {"uv": [3.01, 8.01, 3.99, 8.99], "rotation": 180, "texture": "#block"},
				"east": {"uv": [3.01, 8.01, 3.99, 8.99], "texture": "#block"},
				"south": {"uv": [3.01, 8.01, 3.99, 8.99], "texture": "#block"},
				"west": {"uv": [3.01, 8.01, 3.99, 8.99], "texture": "#block"},
				"up": {"uv": [3.01, 8.01, 3.99, 8.99], "texture": "#block"},
				"down": {"uv": [3.01, 8.01, 3.99, 8.99], "texture": "#block"}
			}
		},
		{
			"name": "Bottom left to top right",
			"from": [4, 7, 7],
			"to": [6, 8, 9],
			"faces": {
				"north": {"uv": [11.75, 12.5, 12.75, 13.5], "texture": "#block"},
				"east": {"uv": [11.75, 12.5, 12.75, 13.5], "texture": "#block"},
				"south": {"uv": [11.75, 12.5, 12.75, 13.5], "texture": "#block"},
				"west": {"uv": [11.75, 12.5, 12.75, 13.5], "texture": "#block"},
				"up": {"uv": [11.75, 12.5, 12.75, 13.5], "texture": "#block"},
				"down": {"uv": [11.75, 12.5, 12.75, 13.5], "texture": "#block"}
			}
		},
		{
			"name": "Bottom left to top right",
			"from": [6, 7, 6.5],
			"to": [10, 8, 9.5],
			"faces": {
				"north": {"uv": [10.875, 7.875, 13.75, 9], "texture": "#block"},
				"east": {"uv": [10.875, 7.875, 13.75, 9], "texture": "#block"},
				"south": {"uv": [10.875, 7.875, 13.75, 9], "texture": "#block"},
				"west": {"uv": [10.875, 7.875, 13.75, 9], "texture": "#block"},
				"up": {"uv": [10.875, 7.875, 13.75, 9], "texture": "#block"},
				"down": {"uv": [10.875, 7.875, 13.75, 9], "texture": "#block"}
			}
		},
		{
			"name": "Bottom left to top right",
			"from": [10, 7, 6.75],
			"to": [11, 8, 9.25],
			"faces": {
				"north": {"uv": [11.75, 12.5, 12.75, 13.5], "texture": "#block"},
				"east": {"uv": [11.75, 12.5, 12.75, 13.5], "texture": "#block"},
				"south": {"uv": [11.75, 12.5, 12.75, 13.5], "texture": "#block"},
				"west": {"uv": [11.75, 12.5, 12.75, 13.5], "texture": "#block"},
				"up": {"uv": [11.75, 12.5, 12.75, 13.5], "texture": "#block"},
				"down": {"uv": [11.75, 12.5, 12.75, 13.5], "texture": "#block"}
			}
		},
		{
			"name": "Bottom left to top right",
			"from": [11, 7, 7],
			"to": [13, 8, 9],
			"faces": {
				"north": {"uv": [11.01, 8.01, 12.99, 8.99], "rotation": 180, "texture": "#block"},
				"east": {"uv": [12.01, 8.01, 12.99, 8.99], "texture": "#block"},
				"south": {"uv": [11.01, 8.01, 12.99, 8.99], "texture": "#block"},
				"west": {"uv": [11.01, 8.01, 11.99, 8.99], "texture": "#block"},
				"up": {"uv": [11.01, 8.01, 12.99, 8.99], "texture": "#block"},
				"down": {"uv": [11.01, 8.01, 12.99, 8.99], "texture": "#block"}
			}
		},
		{
			"name": "Bottom left to top right",
			"from": [13, 7, 7.5],
			"to": [14, 8, 8.5],
			"faces": {
				"north": {"uv": [5, 4, 5.875, 5], "texture": "#block"},
				"east": {"uv": [5, 4, 5.875, 5], "texture": "#block"},
				"south": {"uv": [5, 4, 5.875, 5], "texture": "#block"},
				"west": {"uv": [5, 4, 5.875, 5], "texture": "#block"},
				"up": {"uv": [5, 4, 5.875, 5], "texture": "#block"},
				"down": {"uv": [5, 4, 5.875, 5], "texture": "#block"}
			}
		},
		{
			"name": "Bottom left to top right",
			"from": [3, 8, 6.75],
			"to": [4, 9, 9.25],
			"faces": {
				"north": {"uv": [3.01, 7.01, 3.99, 7.99], "texture": "#block"},
				"east": {"uv": [3.01, 7.01, 3.99, 7.99], "texture": "#block"},
				"south": {"uv": [3.01, 7.01, 3.99, 7.99], "texture": "#block"},
				"west": {"uv": [3.01, 7.01, 3.99, 7.99], "texture": "#block"},
				"up": {"uv": [3.01, 7.01, 3.99, 7.99], "texture": "#block"},
				"down": {"uv": [3.01, 7.01, 3.99, 7.99], "texture": "#block"}
			}
		},
		{
			"name": "Bottom left to top right",
			"from": [4, 8, 6.25],
			"to": [5, 9, 9.75],
			"faces": {
				"north": {"uv": [4.01, 7.01, 4.99, 7.99], "texture": "#block"},
				"east": {"uv": [4.01, 7.01, 4.99, 7.99], "texture": "#block"},
				"south": {"uv": [4.01, 7.01, 4.99, 7.99], "texture": "#block"},
				"west": {"uv": [4.01, 7.01, 4.99, 7.99], "texture": "#block"},
				"up": {"uv": [4.01, 7.01, 4.99, 7.99], "texture": "#block"},
				"down": {"uv": [4.01, 7.01, 4.99, 7.99], "texture": "#block"}
			}
		},
		{
			"name": "Bottom left to top right",
			"from": [5, 8, 6.5],
			"to": [9, 9, 9.5],
			"faces": {
				"north": {"uv": [11.25, 8.25, 13.75, 9.125], "texture": "#block"},
				"east": {"uv": [11.25, 8.25, 13.75, 9.125], "texture": "#block"},
				"south": {"uv": [11.25, 8.25, 13.75, 9.125], "texture": "#block"},
				"west": {"uv": [11.25, 8.25, 13.75, 9.125], "texture": "#block"},
				"up": {"uv": [11.25, 8.25, 13.75, 9.125], "texture": "#block"},
				"down": {"uv": [11.25, 8.25, 13.75, 9.125], "texture": "#block"}
			}
		},
		{
			"name": "Bottom left to top right",
			"from": [9, 8, 6.25],
			"to": [10, 9, 9.75],
			"faces": {
				"north": {"uv": [11.875, 12.375, 12.855, 13.355], "texture": "#block"},
				"east": {"uv": [11.875, 12.375, 12.855, 13.355], "texture": "#block"},
				"south": {"uv": [11.875, 12.375, 12.855, 13.355], "texture": "#block"},
				"west": {"uv": [11.875, 12.375, 12.855, 13.355], "texture": "#block"},
				"up": {"uv": [11.875, 12.375, 12.855, 13.355], "texture": "#block"},
				"down": {"uv": [11.875, 12.375, 12.855, 13.355], "texture": "#block"}
			}
		},
		{
			"name": "Bottom left to top right",
			"from": [10, 8, 6.5],
			"to": [11, 9, 9.5],
			"faces": {
				"north": {"uv": [10.375, 8.375, 11.375, 9.375], "texture": "#block"},
				"east": {"uv": [10.375, 8.375, 11.375, 9.375], "texture": "#block"},
				"south": {"uv": [10.375, 8.375, 11.375, 9.375], "texture": "#block"},
				"west": {"uv": [10.375, 8.375, 11.375, 9.375], "texture": "#block"},
				"up": {"uv": [10.375, 8.375, 11.375, 9.375], "texture": "#block"},
				"down": {"uv": [10.375, 8.375, 11.375, 9.375], "texture": "#block"}
			}
		},
		{
			"name": "Bottom left to top right",
			"from": [11, 8, 6.75],
			"to": [12, 9, 9.25],
			"faces": {
				"north": {"uv": [11.25, 8.25, 12.23, 9.23], "texture": "#block"},
				"east": {"uv": [11.25, 8.25, 12.23, 9.23], "texture": "#block"},
				"south": {"uv": [11.25, 8.25, 12.23, 9.23], "texture": "#block"},
				"west": {"uv": [11.25, 8.25, 12.23, 9.23], "texture": "#block"},
				"up": {"uv": [11.25, 8.25, 12.23, 9.23], "texture": "#block"},
				"down": {"uv": [11.25, 8.25, 12.23, 9.23], "texture": "#block"}
			}
		},
		{
			"name": "Bottom left to top right",
			"from": [12, 8, 7],
			"to": [13, 9, 9],
			"faces": {
				"north": {"uv": [11.25, 8.25, 12.23, 9.23], "texture": "#block"},
				"east": {"uv": [11.25, 8.25, 12.23, 9.23], "texture": "#block"},
				"south": {"uv": [11.25, 8.25, 12.23, 9.23], "texture": "#block"},
				"west": {"uv": [11.25, 8.25, 12.23, 9.23], "texture": "#block"},
				"up": {"uv": [11.25, 8.25, 12.23, 9.23], "texture": "#block"},
				"down": {"uv": [11.25, 8.25, 12.23, 9.23], "texture": "#block"}
			}
		},
		{
			"name": "Bottom left to top right",
			"from": [13, 8, 7.25],
			"to": [14, 9, 8.75],
			"faces": {
				"north": {"uv": [13.01, 7.01, 13.99, 7.99], "texture": "#block"},
				"east": {"uv": [13.01, 7.01, 13.99, 7.99], "texture": "#block"},
				"south": {"uv": [13.01, 7.01, 13.99, 7.99], "texture": "#block"},
				"west": {"uv": [13.01, 7.01, 13.99, 7.99], "texture": "#block"},
				"up": {"uv": [13.01, 7.01, 13.99, 7.99], "texture": "#block"},
				"down": {"uv": [13.01, 7.01, 13.99, 7.99], "texture": "#block"}
			}
		},
		{
			"name": "Bottom left to top right",
			"from": [14, 8, 7.5],
			"to": [15, 9, 8.5],
			"faces": {
				"north": {"uv": [5, 4, 5.875, 5], "texture": "#block"},
				"east": {"uv": [5, 4, 5.875, 5], "texture": "#block"},
				"south": {"uv": [5, 4, 5.875, 5], "texture": "#block"},
				"west": {"uv": [5, 4, 5.875, 5], "texture": "#block"},
				"up": {"uv": [5, 4, 5.875, 5], "texture": "#block"},
				"down": {"uv": [5, 4, 5.875, 5], "texture": "#block"}
			}
		},
		{
			"name": "Bottom left to top right",
			"from": [4, 9, 6.75],
			"to": [5, 10, 9.25],
			"faces": {
				"north": {"uv": [5, 4, 5.875, 5], "texture": "#block"},
				"east": {"uv": [5, 4, 5.875, 5], "texture": "#block"},
				"south": {"uv": [5, 4, 5.875, 5], "texture": "#block"},
				"west": {"uv": [5, 4, 5.875, 5], "texture": "#block"},
				"up": {"uv": [5, 4, 5.875, 5], "texture": "#block"},
				"down": {"uv": [5, 4, 5.875, 5], "texture": "#block"}
			}
		},
		{
			"name": "Bottom left to top right",
			"from": [5, 9, 6.25],
			"to": [6, 10, 9.75],
			"faces": {
				"north": {"uv": [5.01, 6.01, 5.99, 6.99], "texture": "#block"},
				"east": {"uv": [5.01, 6.01, 5.99, 6.99], "texture": "#block"},
				"south": {"uv": [5.01, 6.01, 5.99, 6.99], "texture": "#block"},
				"west": {"uv": [5.01, 6.01, 5.99, 6.99], "texture": "#block"},
				"up": {"uv": [5.01, 6.01, 5.99, 6.99], "texture": "#block"},
				"down": {"uv": [5.01, 6.01, 5.99, 6.99], "texture": "#block"}
			}
		},
		{
			"name": "Bottom left to top right",
			"from": [6, 9, 6.5],
			"to": [7, 10, 9.5],
			"faces": {
				"north": {"uv": [11, 7.75, 11.98, 8.73], "texture": "#block"},
				"east": {"uv": [11, 7.75, 11.98, 8.73], "texture": "#block"},
				"south": {"uv": [11, 7.75, 11.98, 8.73], "texture": "#block"},
				"west": {"uv": [11, 7.75, 11.98, 8.73], "texture": "#block"},
				"up": {"uv": [11, 7.75, 11.98, 8.73], "texture": "#block"},
				"down": {"uv": [11, 7.75, 11.98, 8.73], "texture": "#block"}
			}
		},
		{
			"name": "Bottom left to top right",
			"from": [7, 9, 6.25],
			"to": [9, 10, 9.75],
			"faces": {
				"north": {"uv": [7.01, 6.01, 8.99, 6.99], "rotation": 180, "texture": "#block"},
				"east": {"uv": [8.01, 6.01, 8.99, 6.99], "texture": "#block"},
				"south": {"uv": [7.01, 6.01, 8.99, 6.99], "texture": "#block"},
				"west": {"uv": [7.01, 6.01, 7.99, 6.99], "texture": "#block"},
				"up": {"uv": [7.01, 6.01, 8.99, 6.99], "texture": "#block"},
				"down": {"uv": [7.01, 6.01, 8.99, 6.99], "texture": "#block"}
			}
		},
		{
			"name": "Bottom left to top right",
			"from": [9, 9, 7],
			"to": [10, 10, 9],
			"faces": {
				"north": {"uv": [11.375, 10.25, 12.375, 11], "texture": "#block"},
				"east": {"uv": [11.375, 10.25, 12.375, 11], "texture": "#block"},
				"south": {"uv": [11.375, 10.25, 12.375, 11], "texture": "#block"},
				"west": {"uv": [11.375, 10.25, 12.375, 11], "texture": "#block"},
				"up": {"uv": [11.375, 10.25, 12.375, 11], "texture": "#block"},
				"down": {"uv": [11.375, 10.25, 12.375, 11], "texture": "#block"}
			}
		},
		{
			"name": "Bottom left to top right",
			"from": [10, 9, 6.5],
			"to": [12, 10, 9.5],
			"faces": {
				"north": {"uv": [11.25, 8.25, 13.23, 9.23], "texture": "#block"},
				"east": {"uv": [11.25, 8.25, 13.23, 9.23], "texture": "#block"},
				"south": {"uv": [11.25, 8.25, 13.23, 9.23], "texture": "#block"},
				"west": {"uv": [11.25, 8.25, 13.23, 9.23], "texture": "#block"},
				"up": {"uv": [11.25, 8.25, 13.23, 9.23], "texture": "#block"},
				"down": {"uv": [11.25, 8.25, 13.23, 9.23], "texture": "#block"}
			}
		},
		{
			"name": "Bottom left to top right",
			"from": [12, 9, 6.75],
			"to": [13, 11, 9.25],
			"faces": {
				"north": {"uv": [11.25, 8.25, 12.23, 10.23], "texture": "#block"},
				"east": {"uv": [11.25, 8.25, 12.23, 10.23], "texture": "#block"},
				"south": {"uv": [11.25, 8.25, 12.23, 10.23], "texture": "#block"},
				"west": {"uv": [11.25, 8.25, 12.23, 10.23], "texture": "#block"},
				"up": {"uv": [11.25, 8.25, 12.23, 10.23], "texture": "#block"},
				"down": {"uv": [11.25, 8.25, 12.23, 10.23], "texture": "#block"}
			}
		},
		{
			"name": "Bottom left to top right",
			"from": [13, 9, 7],
			"to": [14, 11, 9],
			"faces": {
				"north": {"uv": [11.25, 8.25, 12.23, 10.23], "texture": "#block"},
				"east": {"uv": [11.25, 8.25, 12.23, 10.23], "texture": "#block"},
				"south": {"uv": [11.25, 8.25, 12.23, 10.23], "texture": "#block"},
				"west": {"uv": [11.25, 8.25, 12.23, 10.23], "texture": "#block"},
				"up": {"uv": [11.25, 8.25, 12.23, 10.23], "texture": "#block"},
				"down": {"uv": [11.25, 8.25, 12.23, 10.23], "texture": "#block"}
			}
		},
		{
			"name": "Bottom left to top right",
			"from": [14, 9, 7.5],
			"to": [15, 11, 8.5],
			"faces": {
				"north": {"uv": [5, 4, 5.875, 5], "texture": "#block"},
				"east": {"uv": [5, 4, 5.875, 5], "texture": "#block"},
				"south": {"uv": [5, 4, 5.875, 5], "texture": "#block"},
				"west": {"uv": [5, 4, 5.875, 5], "texture": "#block"},
				"up": {"uv": [5, 4, 5.875, 5], "texture": "#block"},
				"down": {"uv": [5, 4, 5.875, 5], "texture": "#block"}
			}
		},
		{
			"name": "Bottom left to top right",
			"from": [5, 10, 6.75],
			"to": [6, 11, 9.25],
			"faces": {
				"north": {"uv": [5, 4, 5.875, 5], "texture": "#block"},
				"east": {"uv": [5, 4, 5.875, 5], "texture": "#block"},
				"south": {"uv": [5, 4, 5.875, 5], "texture": "#block"},
				"west": {"uv": [5, 4, 5.875, 5], "texture": "#block"},
				"up": {"uv": [5, 4, 5.875, 5], "texture": "#block"},
				"down": {"uv": [5, 4, 5.875, 5], "texture": "#block"}
			}
		},
		{
			"name": "Bottom left to top right",
			"from": [6, 10, 6.25],
			"to": [7, 11, 9.75],
			"faces": {
				"north": {"uv": [11.25, 8.25, 12.23, 9.23], "texture": "#block"},
				"east": {"uv": [11.25, 8.25, 12.23, 9.23], "texture": "#block"},
				"south": {"uv": [11.25, 8.25, 12.23, 9.23], "texture": "#block"},
				"west": {"uv": [11.25, 8.25, 12.23, 9.23], "texture": "#block"},
				"up": {"uv": [11.25, 8.25, 12.23, 9.23], "texture": "#block"},
				"down": {"uv": [11.25, 8.25, 12.23, 9.23], "texture": "#block"}
			}
		},
		{
			"name": "Bottom left to top right",
			"from": [7, 10, 7],
			"to": [9, 11, 9],
			"faces": {
				"north": {"uv": [9.875, 5, 11.855, 5.98], "texture": "#block"},
				"east": {"uv": [9.875, 5, 11.855, 5.98], "texture": "#block"},
				"south": {"uv": [9.875, 5, 11.855, 5.98], "texture": "#block"},
				"west": {"uv": [9.875, 5, 11.855, 5.98], "texture": "#block"},
				"up": {"uv": [9.875, 5, 11.855, 5.98], "texture": "#block"},
				"down": {"uv": [9.875, 5, 11.855, 5.98], "texture": "#block"}
			}
		},
		{
			"name": "Bottom left to top right",
			"from": [9, 10, 6.5],
			"to": [12, 11, 9.5],
			"faces": {
				"north": {"uv": [10.625, 8.125, 13.605, 9.105], "texture": "#block"},
				"east": {"uv": [10.625, 8.125, 13.605, 9.105], "texture": "#block"},
				"south": {"uv": [10.625, 8.125, 13.605, 9.105], "texture": "#block"},
				"west": {"uv": [10.625, 8.125, 13.605, 9.105], "texture": "#block"},
				"up": {"uv": [10.625, 8.125, 13.605, 9.105], "texture": "#block"},
				"down": {"uv": [10.625, 8.125, 13.605, 9.105], "texture": "#block"}
			}
		},
		{
			"name": "Bottom left to top right",
			"from": [6, 11, 6.75],
			"to": [7, 12, 9.25],
			"faces": {
				"north": {"uv": [5, 4, 5.875, 5], "texture": "#block"},
				"east": {"uv": [5, 4, 5.875, 5], "texture": "#block"},
				"south": {"uv": [5, 4, 5.875, 5], "texture": "#block"},
				"west": {"uv": [5, 4, 5.875, 5], "texture": "#block"},
				"up": {"uv": [5, 4, 5.875, 5], "texture": "#block"},
				"down": {"uv": [5, 4, 5.875, 5], "texture": "#block"}
			}
		},
		{
			"name": "Bottom left to top right",
			"from": [7, 11, 6.25],
			"to": [8, 12, 9.75],
			"faces": {
				"north": {"uv": [11.25, 8.25, 12.23, 9.23], "texture": "#block"},
				"east": {"uv": [11.25, 8.25, 12.23, 9.23], "texture": "#block"},
				"south": {"uv": [11.25, 8.25, 12.23, 9.23], "texture": "#block"},
				"west": {"uv": [11.25, 8.25, 12.23, 9.23], "texture": "#block"},
				"up": {"uv": [11.25, 8.25, 12.23, 9.23], "texture": "#block"},
				"down": {"uv": [11.25, 8.25, 12.23, 9.23], "texture": "#block"}
			}
		},
		{
			"name": "Bottom left to top right",
			"from": [8, 11, 6.5],
			"to": [12, 12, 9.5],
			"faces": {
				"north": {"uv": [11.25, 8.25, 13.5, 9.25], "texture": "#block"},
				"east": {"uv": [11.25, 8.25, 13.5, 9.25], "texture": "#block"},
				"south": {"uv": [11.25, 8.25, 13.5, 9.25], "texture": "#block"},
				"west": {"uv": [11.25, 8.25, 13.5, 9.25], "texture": "#block"},
				"up": {"uv": [11.25, 8.25, 13.5, 9.25], "texture": "#block"},
				"down": {"uv": [11.25, 8.25, 13.5, 9.25], "texture": "#block"}
			}
		},
		{
			"name": "Bottom left to top right",
			"from": [12, 11, 7],
			"to": [13, 12, 9],
			"faces": {
				"north": {"uv": [5, 4, 5.875, 5], "texture": "#block"},
				"east": {"uv": [5, 4, 5.875, 5], "texture": "#block"},
				"south": {"uv": [5, 4, 5.875, 5], "texture": "#block"},
				"west": {"uv": [5, 4, 5.875, 5], "texture": "#block"},
				"up": {"uv": [5, 4, 5.875, 5], "texture": "#block"},
				"down": {"uv": [5, 4, 5.875, 5], "texture": "#block"}
			}
		},
		{
			"name": "Bottom left to top right",
			"from": [13, 11, 7.25],
			"to": [14, 12, 8.75],
			"faces": {
				"north": {"uv": [5, 4, 5.875, 5], "texture": "#block"},
				"east": {"uv": [5, 4, 5.875, 5], "texture": "#block"},
				"south": {"uv": [5, 4, 5.875, 5], "texture": "#block"},
				"west": {"uv": [5, 4, 5.875, 5], "texture": "#block"},
				"up": {"uv": [5, 4, 5.875, 5], "texture": "#block"},
				"down": {"uv": [5, 4, 5.875, 5], "texture": "#block"}
			}
		},
		{
			"name": "Bottom left to top right",
			"from": [7, 12, 6.75],
			"to": [9, 13, 9.25],
			"faces": {
				"north": {"uv": [5, 4, 5.875, 5], "texture": "#block"},
				"east": {"uv": [5, 4, 5.875, 5], "texture": "#block"},
				"south": {"uv": [5, 4, 5.875, 5], "texture": "#block"},
				"west": {"uv": [5, 4, 5.875, 5], "texture": "#block"},
				"up": {"uv": [5, 4, 5.875, 5], "texture": "#block"},
				"down": {"uv": [5, 4, 5.875, 5], "texture": "#block"}
			}
		},
		{
			"name": "Bottom left to top right",
			"from": [9, 12, 6.25],
			"to": [11, 13, 9.75],
			"faces": {
				"north": {"uv": [11.25, 8.25, 13.23, 9.23], "texture": "#block"},
				"east": {"uv": [11.25, 8.25, 13.23, 9.23], "texture": "#block"},
				"south": {"uv": [11.25, 8.25, 13.23, 9.23], "texture": "#block"},
				"west": {"uv": [11.25, 8.25, 13.23, 9.23], "texture": "#block"},
				"up": {"uv": [11.25, 8.25, 13.23, 9.23], "texture": "#block"},
				"down": {"uv": [11.25, 8.25, 13.23, 9.23], "texture": "#block"}
			}
		},
		{
			"name": "Bottom left to top right",
			"from": [11, 12, 6.75],
			"to": [12, 13, 9.25],
			"faces": {
				"north": {"uv": [5, 4, 5.875, 5], "texture": "#block"},
				"east": {"uv": [5, 4, 5.875, 5], "texture": "#block"},
				"south": {"uv": [5, 4, 5.875, 5], "texture": "#block"},
				"west": {"uv": [5, 4, 5.875, 5], "texture": "#block"},
				"up": {"uv": [5, 4, 5.875, 5], "texture": "#block"},
				"down": {"uv": [5, 4, 5.875, 5], "texture": "#block"}
			}
		},
		{
			"name": "Bottom left to top right",
			"from": [12, 12, 7],
			"to": [13, 13, 9],
			"faces": {
				"north": {"uv": [12.01, 3.01, 12.99, 3.99], "texture": "#block"},
				"east": {"uv": [12.01, 3.01, 12.99, 3.99], "texture": "#block"},
				"south": {"uv": [12.01, 3.01, 12.99, 3.99], "texture": "#block"},
				"west": {"uv": [12.01, 3.01, 12.99, 3.99], "texture": "#block"},
				"up": {"uv": [12.01, 3.01, 12.99, 3.99], "texture": "#block"},
				"down": {"uv": [12.01, 3.01, 12.99, 3.99], "texture": "#block"}
			}
		},
		{
			"name": "Bottom left to top right",
			"from": [9, 13, 6.75],
			"to": [11, 14, 9.25],
			"faces": {
				"north": {"uv": [10.5, 12.25, 12.48, 13.23], "texture": "#block"},
				"east": {"uv": [10.5, 12.25, 12.48, 13.23], "texture": "#block"},
				"south": {"uv": [10.5, 12.25, 12.48, 13.23], "texture": "#block"},
				"west": {"uv": [10.5, 12.25, 12.48, 13.23], "texture": "#block"},
				"up": {"uv": [10.5, 12.25, 12.48, 13.23], "texture": "#block"},
				"down": {"uv": [10.5, 12.25, 12.48, 13.23], "texture": "#block"}
			}
		}
	],
	"display": {
		"thirdperson_righthand": {
			"translation": [0, 2.75, 1.5],
			"scale": [0.3, 0.3, 0.3]
		},
		"thirdperson_lefthand": {
			"rotation": [0, 180, 0],
			"translation": [0, 2.75, 1.5],
			"scale": [0.3, 0.3, 0.3]
		},
		"firstperson_righthand": {
			"rotation": [0, -90, 25],
			"translation": [1.39, 3, 1.13],
			"scale": [0.68, 0.68, 0.68]
		},
		"firstperson_lefthand": {
			"rotation": [0, 90, -25],
			"translation": [1.39, 3, 1.13],
			"scale": [0.68, 0.68, 0.68]
		},
		"ground": {
			"translation": [0, 3, 0],
			"scale": [0.5, 0.5, 0.5]
		},
		"gui": {
			"rotation": [15, 15, 0],
			"translation": [0, 0.5, 0]
		},
		"head": {
			"rotation": [-2.5, -178, 2.5],
			"translation": [-0.5, -15, 6],
			"scale": [1.5, 1.5, 1.5]
		},
		"fixed": {
			"rotation": [-20, 180, 0],
			"translation": [0, 0, -2.75],
			"scale": [1.02, 1.02, 1.02]
		}
	}
}